CODIGO_ISIN;CODIGO_EMISSOR;NOME_EMISSOR;CNPJ_EMISSOR;STATUS_CNPJ;TIPO_ATIVO;CODIGO_ESPECIE;CLASSE_ISIN;CODIGO_CFI;DESCRICAO;SITUACAO_ISIN;FLAG_ISIN_ATIVO;ACAO_INFORMACAO;DATA_EMISSAO;DATA_EXPIRACAO;DATA_GERACAO;FLAG_DV_ISIN_OK
BR2ANCACNPC6;2ANC;AGROPECUÁRIA DUAS ÂNCORAS S/A;03140944000152;OK;ACN;PC;PN;EPNNPR;ACOES NOMINATIVAS;A;True;N;;;2026-10-05;True
BR2WAVACNOR8;2WAV;2W ENERGIA S.A.;08773135000100;OK;ACN;OR;ON;ESVUFR;ACOES NOMINATIVAS;A;True;N;;;2026-10-05;True
BR4GROACNPR3;4GRO;BCN AGROPASTORIL S/A;03503802000102;OK;ACN;PR;PN;EPNNPR;ACOES NOMINATIVAS;A;True;N;;;2026-10-05;True
BR4GTUACNPR6;4GTU;AGROTAU-AGROPECUÁRIA RIO TAUA S/A;04260725000170;OK;ACN;PR;PN;EPNNPR;ACOES NOMINATIVAS;A;True;N;;;2026-10-05;True
BRA2GRACNOR8;A2GR;ARGO II TRANSMISSAO ENERGIA SA;24691572000122;OK;ACN;OR;ON;ESVUFR;ACOES NOMINATIVAS ACOES ORDINARIAS;A;True;N;;;2026-10-05;True
BRA5SJACNPB4;A5SJ;AGROPECUÁRIA SÃO JOÃO DO LIBERDADE S/A;03142437000158;OK;ACN;PB;PN;EPNNPR;ACOES NOMINATIVAS ACOES NOMINATIVAS - PB;A;True;N;;;2026-10-05;True
BRA6OPACNOR7;A6OP;ACESSOPAR INVESTIMENTOS E PARTICIPAÇÕES S.A.;20430599000100;OK;ACN;OR;ON;ESVUFR;ACOES NOMINATIVAS EVENTO MÉLIUZ AGE 24/4;A;True;N;;;2026-10-05;True
BRA8ARACNPR5;A8AR;AGROPECUARIA ARICA S/A;02466001000151;OK;ACN;PR;PN;EPNNPR;ACOES NOMINATIVAS;A;True;N;;;2026-10-05;True
BRA8BAACNPA5;A8BA;AGROPEC DO BANDEIRA S/A;11539053000100;OK;ACN;PA;PN;EPNNPR;ACOES NOMINATIVAS;A;True;N;;;2026-10-05;True
BRA8BGACNPB0;A8BG;BACABEIRA AGROINDUSTRIAL S/A;83374561000188;OK;ACN;PB;PN;EPNNPR;ACOES NOMINATIVAS;A;True;N;;;2026-10-05;True
BRA8BLACNPR6;A8BL;AGROPEC TAMBORIL VITORIA S/A - TAVISA;08674160000128;OK;ACN;PR;PN;EPNNPR;ACOES NOMINATIVAS;A;True;N;;;2026-10-05;True
BRA8BNACNPA8;A8BN;BENEVIDES ÁGUAS S/A EX - CERVEJARIA BRASIL NORTE S/A;15887193000111;OK;ACN;PA;PN;EPNNPR;ACOES NOMINATIVAS;A;True;N;;;2026-10-05;True
BRA8CPACNPC7;A8CP;ALMEIDA PRADO COMERCIAL E PECUÁRIA S/A;04806543000151;OK;ACN;PC;PN;EPNNPR;ACOES NOMINATIVAS;A;True;N;;;2026-10-05;True
BRA8CPACNPD5;A8CP;ALMEIDA PRADO COMERCIAL E PECUÁRIA S/A;04806543000151;OK;ACN;PD;PN;EPNNPR;ACOES NOMINATIVAS;A;True;N;;;2026-10-05;True
BRA8GLACNPA1;A8GL;AGROINDL IRMAOS ALMEIDA S/A - AGRIMASA;08983322000100;OK;ACN;PA;PN;EPNNPR;ACOES NOMINATIVAS;A;True;N;;;2026-10-05;True
BRA8GNACNPD1;A8GN;AGROPECUÁRIA GUANABARA S/A;03141496000101;OK;ACN;PD;PN;EPNNPR;ACOES NOMINATIVAS;A;True;N;;;2026-10-05;True
BRA8GPACNPC8;A8GP;AGROPECUÁRIA GRÃO PARÁ S/A;05426630000146;OK;ACN;PC;PN;EPNNPR;ACOES NOMINATIVAS;A;True;N;;;2026-10-05;True
BRA8GQACNPR4;A8GQ;AGROPEC QUIXADA S/A - AQUISA;08121329000112;OK;ACN;PR;PN;EPNNPR;ACOES NOMINATIVAS ACOES PREFERENCIAIS;A;True;N;;;2026-10-05;True
BRA8ICACNPA6;A8IC;ALIMENTICIO INTERNACIONAL DE CACAU S/A - INTERCACAU;04133906000135;OK;ACN;PA;PN;EPNNPR;ACOES NOMINATIVAS;A;True;N;;;2026-10-05;True
BRA8MVACNPR2;A8MV;MV AGROPECUÁRIA S/A;15269814000101;OK;ACN;PR;PN;EPNNPR;ACOES NOMINATIVAS;A;True;N;;;2026-10-05;True
BRA8R4ACNPB2;A8R4;ARAGUAIA S/A-AGROPECUÁRIA;05426960000131;OK;ACN;PB;PN;EPNNPR;ACOES NOMINATIVAS;A;True;N;;;2026-10-05;True
BRA8SAACNPA9;A8SA;AGROPEC SANTA TEREZA S/A;09030081000147;OK;ACN;PA;PN;EPNNPR;ACOES NOMINATIVAS;A;True;N;;;2026-10-05;True
BRA8SOACNPR4;A8SO;AGROPECUARIA SALES OLIVEIRA S/A;04870838000197;OK;ACN;PR;PN;EPNNPR;ACOES NOMINATIVAS;A;True;N;;;2026-10-05;True
BRA8THACNPR6;A8TH;AGROPECUÁRIA THOMEU S/A;15091259000162;OK;ACN;PR;PN;EPNNPR;ACOES NOMINATIVAS;A;True;N;;;2026-10-05;True
BRA8VCACNPB7;A8VC;AVICULTURA E BOVINOCULTURA S/A - AVIBOSA;09462441000180;OK;ACN;PB;PN;EPNNPR;ACOES NOMINATIVAS;A;True;N;;;2026-10-05;True
BRA8VJACNPB2;A8VJ;AGROPECUÁRIA VALE DO JURUENA S/A;04788030000165;OK;ACN;PB;PN;EPNNPR;ACOES NOMINATIVAS;A;True;N;;;2026-10-05;True
BRA8VJACNPC0;A8VJ;AGROPECUÁRIA VALE DO JURUENA S/A;04788030000165;OK;ACN;PC;PN;EPNNPR;ACOES NOMINATIVAS;A;True;N;;;2026-10-05;True
BRA8VRACNPA7;A8VR;VITORIA REGIA AGRICOLA PECUARIA S/A;04191938000197;OK;ACN;PA;PN;EPNNPR;ACOES NOMINATIVAS;A;True;N;;;2026-10-05;True
BRA8VRACNPC3;A8VR;VITORIA REGIA AGRICOLA PECUARIA S/A;04191938000197;OK;ACN;PC;PN;EPNNPR;ACOES NOMINATIVAS;A;True;N;;;2026-10-05;True
BRA9ABACNPA3;A9AB;AGROPAST ASA BRANCA S/A;12899258000150;OK;ACN;PA;PN;EPNNPR;ACOES NOMINATIVAS;A;True;N;;;2026-10-05;True
BRA9CDACNPR9;A9CD;AGROPECUARIA COLORADO S/A;00969717000146;OK;ACN;PR;PN;EPNNPR;ACOES NOMINATIVAS;A;True;N;;;2026-10-05;True
BRA9GTACNPB0;A9GT;COMPANHIA AGROPECUARIA DO TRIANGULO;08876310000186;OK;ACN;PB;PN;EPNNPR;ACOES NOMINATIVAS ACOES NOMINATIVAS - PR;A;True;N;;;2026-10-05;True
BRA9GXACNPA4;A9GX;AGROPEIXE S/A;02275894000158;OK;ACN;PA;PN;EPNNPR;ACOES NOMINATIVAS ACOES NOMINATIVAS - PR;A;True;N;;;2026-10-05;True
BRA9MCACNPB4;A9MC;AGRO MECANIZAÇÃO S/A;34738393000157;OK;ACN;PB;PN;EPNNPR;ACOES NOMINATIVAS;A;True;N;;;2026-10-05;True
BRA9RSACNPR5;A9RS;AGROPECUÁRIA RUY SECCO S/A;04366647000192;OK;ACN;PR;PN;EPNNPR;ACOES NOMINATIVAS;A;True;N;;;2026-10-05;True
BRA9VAACNPA1;A9VA;AGROPASTORIL VITÓRIA DO ARAGUAIA S/A;47461678000135;OK;ACN;PA;PN;EPNNPR;ACOES NOMINATIVAS;A;True;N;;;2026-10-05;True
BRA9XXACNPR3;A9XX;AXXOR INDUSTRIA MECANICA S/A;02863035000180;OK;ACN;PR;PN;EPNNPR;ACOES NOMINATIVAS ACOES PREFERENCIAIS;A;True;N;;;2026-10-05;True
BRAALRACNOR6;AALR;ALLIANÇA SAÚDE E PARTICIPAÇÕES S.A.;42771949000135;OK;ACN;OR;ON;ESVUFR;ACOES NOMINATIVAS ACOES ORDINARIAS;A;True;A;;;2026-10-05;True
BRAAPTACNOR3;AAPT;ALIPAR ALIMENTOS PARTICIPACOES SA;33826637000190;OK;ACN;OR;ON;ESVUFR;ACOES NOMINATIVAS ACOES ORDINARIAS;A;True;A;;;2026-10-05;True
BRAAPTACNPR0;AAPT;ALIPAR ALIMENTOS PARTICIPACOES SA;33826637000190;OK;ACN;PR;PN;EPNNPR;ACOES NOMINATIVAS ACOES PREFERENCIAIS;A;True;A;;;2026-10-05;True
BRAATAACNOR5;AATA;AMATA SA;07909776000178;OK;ACN;OR;ON;ESVUFR;ACOES NOMINATIVAS ACOES ORDINARIAS;A;True;N;;;2026-10-05;True
BRABAIACNPA9;ABAI;AREIAS BELAS AGRIC IRRIGADA SA ABAISA;24080871000120;OK;ACN;PA;PN;EPNNPR;ACOES NOMINATIVAS ACOES PREFERENCIAIS CLASSE A;A;True;A;;;2026-10-05;True
BRABCBACNOR7;ABCB;BCO ABC BRASIL SA;28195667000106;OK;ACN;OR;ON;ESVUFR;ACOES NOMINATIVAS ACOES ORDINARIAS;A;True;A;;;2026-10-05;True
BRABCBACNPR4;ABCB;BCO ABC BRASIL SA;28195667000106;OK;ACN;PR;PN;EPNNPR;ACOES NOMINATIVAS ACOES PREFERENCIAIS;A;True;A;;;2026-10-05;True
BRABCMACNOR4;ABCM;ABACOMM BRASIL CONSULTORIA CORPORATIVA VENDAS S.A;05567775000167;OK;ACN;OR;ON;ESVUFR;ACOES NOMINATIVAS ACOES ORDINARIAS;A;True;A;;;2026-10-05;True
BRABCMACNPA7;ABCM;ABACOMM BRASIL CONSULTORIA CORPORATIVA VENDAS S.A;05567775000167;OK;ACN;PA;PN;EPNNPR;ACOES NOMINATIVAS ACOES PREFERENCIAIS CLASSE A;A;True;A;;;2026-10-05;True
BRABCOACNOR0;ABCO;ABICO CIA INVEST ARABE BRASILEIRA;42470443000196;OK;ACN;OR;ON;ESVUFR;ACOES NOMINATIVAS ACOES ORDINARIAS;A;True;A;;;2026-10-05;True
BRABCSACNOR1;ABCS;ABC ATACADO BRASILEIRO CONSTRUCAO SA;38542718000182;OK;ACN;OR;ON;ESVUFR;ACOES NOMINATIVAS ACOES ORDINARIAS;A;True;A;;;2026-10-05;True
BRABCXACNOR1;ABCX;ABC XTAL MICROELETRONICA SA;42275727000121;OK;ACN;OR;ON;ESVUFR;ACOES NOMINATIVAS ACOES ORDINARIAS;A;True;A;;;2026-10-05;True
BRABCXACNPA4;ABCX;ABC XTAL MICROELETRONICA SA;42275727000121;OK;ACN;PA;PN;EPNNPR;ACOES NOMINATIVAS ACOES PREFERENCIAIS CLASSE A;A;True;A;;;2026-10-05;True
BRABERACNPA2;ABER;AGROPECUARIA BEIRA RIO SA;;VAZIO;ACN;PA;PN;EPNNPR;ACOES NOMINATIVAS ACOES PREFERENCIAIS CLASSE A;A;True;A;;;2026-10-05;True
BRABEVACNOR1;ABEV;AMBEV S.A;07526557000100;OK;ACN;OR;ON;ESVUFR;ACOES NOMINATIVAS ACOES ORDINARIAS;A;True;A;;;2026-10-05;True
BRABMDACNOR2;ABMD;BMD LEASING SA ARREND MERCANTIL;;VAZIO;ACN;OR;ON;ESVUFR;ACOES NOMINATIVAS ACOES ORDINARIAS;A;True;A;;;2026-10-05;True
BRABNRACNOR0;ABNR;BCO ABN AMRO REAL SA;33066408000115;OK;ACN;OR;ON;ESVUFR;ACOES NOMINATIVAS ACOES ORDINARIAS;A;True;A;;;2026-10-05;True
BRABPTACNOR1;ABPT;ABC DADOS INFORMATICA SA;21649280000133;OK;ACN;OR;ON;ESVUFR;ACOES NOMINATIVAS ACOES ORDINARIAS;A;True;A;;;2026-10-05;True
BRABPTACNPR8;ABPT;ABC DADOS INFORMATICA SA;21649280000133;OK;ACN;PR;PN;EPNNPR;ACOES NOMINATIVAS ACOES PREFERENCIAIS;A;True;A;;;2026-10-05;True
BRABRLACNOR4;ABRL;ABRIL COMUNICACOES SA;44597052000162;OK;ACN;OR;ON;ESVUFR;ACOES NOMINATIVAS ACOES ORDINARIAS;A;True;A;;;2026-10-05;True
BRABRLACNPA7;ABRL;ABRIL COMUNICACOES SA;44597052000162;OK;ACN;PA;PN;EPNNPR;ACOES NOMINATIVAS ACOES PREFERENCIAIS CLASSE A;A;True;A;;;2026-10-05;True
BRABRLACNPB5;ABRL;ABRIL COMUNICACOES SA;44597052000162;OK;ACN;PB;PN;EPNNPR;ACOES NOMINATIVAS ACOES PREFERENCIAIS CLASSE B;A;True;A;;;2026-10-05;True
BRABSTACNPA8;ABST;AGROPECUARIA BOA SORTE SA;04880829000187;OK;ACN;PA;PN;EPNNPR;ACOES NOMINATIVAS ACOES PREFERENCIAIS CLASSE A;A;True;A;;;2026-10-05;True
BRABVTACNPR6;ABVT;AGROPECUARIA BOA VISTA SA;13951272000119;OK;ACN;PR;PN;EPNNPR;ACOES NOMINATIVAS ACOES PREFERENCIAIS;A;True;A;;;2026-10-05;True
BRABYAACNOR3;ABYA;ABYARA PLANEJAMENTO IMOBILIARIO SA;07794351000160;OK;ACN;OR;ON;ESVUFR;ACOES NOMINATIVAS ACOES ORDINARIAS;A;True;A;;;2026-10-05;True
BRACAYACNPR8;ACAY;CURTUME ACAY SA;;VAZIO;ACN;PR;PN;EPNNPR;ACOES NOMINATIVAS ACOES PREFERENCIAIS;A;True;A;;;2026-10-05;True
BRACCAACNOR7;ACCA;AC CAFE SA;16674969000188;OK;ACN;OR;ON;ESVUFR;ACOES NOMINATIVAS ACOES ORDINARIAS;A;True;A;;;2026-10-05;True
BRACCCACNPA6;ACCC;COMPANHIA AGRICOLA ACARA-COACARA;34814509000190;OK;ACN;PA;PN;ESVUFR;ACOES NOMINATIVAS ACOES PREFERENCIAIS CLASSE A;A;True;N;;;2026-10-05;True
BRACECACNOR9;ACEC;ACECO TI S.A;43209436000106;OK;ACN;OR;ON;ESVUFR;ACOES NOMINATIVAS ACOES ORDINARIAS;A;True;A;;;2026-10-05;True
BRACESACNOR5;ACES;ARCELORMITTAL INOX BRASIL SA;33390170000189;OK;ACN;OR;ON;ESVUFR;ACOES NOMINATIVAS ACOES ORDINARIAS;A;True;A;;;2026-10-05;True
BRACESACNPR2;ACES;ARCELORMITTAL INOX BRASIL SA;33390170000189;OK;ACN;PR;PN;EPNNPR;ACOES NOMINATIVAS ACOES PREFERENCIAIS;A;True;A;;;2026-10-05;True
BRACGUACNOR6;ACGU;ACUCAR GUARANI SA;47080619000117;OK;ACN;OR;ON;ESVUFR;ACOES NOMINATIVAS ACOES ORDINARIAS;A;True;A;;;2026-10-05;True
BRACMLACNPR0;ACML;AGROPECUARIA CAMILA S.A.;02298704000118;OK;ACN;PR;PN;EPNNPR;ACOES NOMINATIVAS;A;True;N;;;2026-10-05;True
BRACMNACNOR9;ACMN;GERDAU ACOMINAS SA;17227422000105;OK;ACN;OR;ON;ESVUFR;ACOES NOMINATIVAS ACOES ORDINARIAS;A;True;A;;;2026-10-05;True
BRACMNACNPR6;ACMN;GERDAU ACOMINAS SA;17227422000105;OK;ACN;PR;PN;EPNNPR;ACOES NOMINATIVAS ACOES PREFERENCIAIS;A;True;A;;;2026-10-05;True
BRACMRACNPB1;ACMR;ACUMULADORES MOURA SA;09811654000170;OK;ACN;PB;PN;EPNNPR;ACOES NOMINATIVAS ACOES PREFERENCIAIS CLASSE B;A;True;A;;;2026-10-05;True
BRACOVACNPR5;ACOV;AÇO VERDE DO BRASIL S.A;07636657000199;OK;ACN;PR;PN;EPNNPR;ACOES NOMINATIVAS ACOES PREFERENCIAIS;A;True;N;;;2026-10-05;True
BRACPAACNPR6;ACPA;AGROPECUARIA PALMITAL S.A.;00727026000136;OK;ACN;PR;PN;EPNNPR;ACOES NOMINATIVAS ACOES PREFERENCIAIS;A;True;A;;;2026-10-05;True
BRACPEACNOR1;ACPE;AÇU PETROLEO S.A;21778678000170;OK;ACN;OR;ON;ESVUFR;ACOES NOMINATIVAS;A;True;N;;;2026-10-05;True
BRACRIACNOR8;ACRI;ACRINOR ACRILONITRILA NORDESTE SA;13546353000133;OK;ACN;OR;ON;ESVUFR;ACOES NOMINATIVAS ACOES ORDINARIAS;A;True;A;;;2026-10-05;True
BRACRIACNPR5;ACRI;ACRINOR ACRILONITRILA NORDESTE SA;13546353000133;OK;ACN;PR;PN;EPNNPR;ACOES NOMINATIVAS ACOES PREFERENCIAIS;A;True;A;;;2026-10-05;True
BRACRYACNPB6;ACRY;ACARY HOTELARIA SA;09557372000198;OK;ACN;PB;PN;EPNNPR;ACOES NOMINATIVAS ACOES PREFERENCIAIS CLASSE B;A;True;A;;;2026-10-05;True
BRACSAACNOR3;ACSA;ALCOR SA IND CONFECCOES;05514194000167;OK;ACN;OR;ON;ESVUFR;ACOES NOMINATIVAS ACOES ORDINARIAS;A;True;A;;;2026-10-05;True
BRACSHACNOR8;ACSH;ANCAR EMPREENDIMENTOS COMERCIAIS SA (EX ANCAR SHOPPING SA);40430571000180;OK;ACN;OR;ON;ESVUFR;ACOES NOMINATIVAS ACOES ORDINARIAS;A;True;A;;;2026-10-05;True
BRACTOACNOR2;ACTO;ACTORI PARTICIPACOES SA;02808627000107;OK;ACN;OR;ON;ESVUFR;ACOES NOMINATIVAS ACOES ORDINARIAS;A;True;A;;;2026-10-05;True
BRACTOACNPA5;ACTO;ACTORI PARTICIPACOES SA;02808627000107;OK;ACN;PA;PN;EPNNPR;ACOES NOMINATIVAS ACOES PREFERENCIAIS CLASSE A - E:2000;A;True;A;;;2026-10-05;True
BRACVDACNPA4;ACVD;ARCOVERDE AGRICOLA PECUARIA SA;12785705000140;OK;ACN;PA;PN;EPNNPR;ACOES NOMINATIVAS ACOES PREFERENCIAIS CLASSE A;A;True;A;;;2026-10-05;True
BRADHMACNOR9;ADHM;ADVANCED DIGITAL HEALTH MEDICINA PREVENTIVA SA;10345009000198;OK;ACN;OR;ON;ESVUFR;ACOES NOMINATIVAS ACOES ORDINARIAS;A;True;A;;;2026-10-05;True
BRADLAACNPA9;ADLA;AGROPECUARIA SANTA ADELIA SA;04595104000147;OK;ACN;PA;PN;EPNNPR;ACOES NOMINATIVAS ACOES PREFERENCIAIS CLASSE A;A;True;A;;;2026-10-05;True
BRADSAACNOR1;ADSA;ALDISA AGROPECUARIA DOIS IRMAOS SA;00148825000158;OK;ACN;OR;ON;ESVUFR;ACOES NOMINATIVAS ACOES ORDINARIAS;A;True;A;;;2026-10-05;True
BRADSAACNPA4;ADSA;ALDISA AGROPECUARIA DOIS IRMAOS SA;00148825000158;OK;ACN;PA;PN;EPNNPR;ACOES NOMINATIVAS ACOES PREFERENCIAIS CLASSE A;A;True;A;;;2026-10-05;True
BRADSAACNPR8;ADSA;ALDISA AGROPECUARIA DOIS IRMAOS SA;00148825000158;OK;ACN;PR;PN;EPNNPR;ACOES NOMINATIVAS ACOES PREFERENCIAIS;A;True;A;;;2026-10-05;True
BRADVIACNOR8;ADVI;ADUBOS VIANNA SA IND COM;17157215000113;OK;ACN;OR;ON;ESVUFR;ACOES NOMINATIVAS ACOES ORDINARIAS;A;True;A;;;2026-10-05;True
BRADVIACNPR5;ADVI;ADUBOS VIANNA SA IND COM;17157215000113;OK;ACN;PR;PN;EPNNPR;ACOES NOMINATIVAS ACOES PREFERENCIAIS;A;True;A;;;2026-10-05;True
BRAEDUACNOR9;AEDU;ANHANGUERA EDUCACIONAL PARTICIPACOES SA;04310392000146;OK;ACN;OR;ON;ESVUFR;ACOES NOMINATIVAS ACOES ORDINARIAS;A;True;A;;;2026-10-05;True
BRAEEPACNOR7;AEEP;ARGO ENERGIA EMPREENDIMENTOS PARTICIPACOES SA;24624551000194;OK;ACN;OR;ON;ESVUFR;ACOES NOMINATIVAS ACOES ORDINARIAS;A;True;A;;;2026-10-05;True
BRAELPACNOR2;AELP;AES ELPA SA;01917705000130;OK;ACN;OR;ON;ESVUFR;ACOES NOMINATIVAS ACOES ORDINARIAS;A;True;A;;;2026-10-05;True
BRAERIACNOR4;AERI;AERIS INDÚSTRIA E COMÉRCIO DE EQUIPAMENTOS PARA GERAÇÃO DE ENERGIA S.A.;12528708000107;OK;ACN;OR;ON;ESVUFR;ACOES NOMINATIVAS;A;True;N;;;2026-10-05;True
BRAESAACNPA2;AESA;AGROPECUARIA EQUATORIAL SA AESA;07798325000100;OK;ACN;PA;PN;EPNNPR;ACOES NOMINATIVAS ACOES PREFERENCIAIS CLASSE A;A;True;A;;;2026-10-05;True
BRAESCACNOR5;AESC;AES COMMUNICATIONS RIO JANEIRO SA;02720349000123;OK;ACN;OR;ON;ESVUFR;ACOES NOMINATIVAS ACOES ORDINARIAS;A;True;A;;;2026-10-05;True
BRAESLACNOR6;AESL;RGE SUL DISTRIBUIDORA ENERGIA SA;02016440000162;OK;ACN;OR;ON;ESVUFR;ACOES NOMINATIVAS ACOES ORDINARIAS;A;True;A;;;2026-10-05;True
BRAESLACNPR3;AESL;RGE SUL DISTRIBUIDORA ENERGIA SA;02016440000162;OK;ACN;PR;PN;EPNNPR;ACOES NOMINATIVAS ACOES PREFERENCIAIS;A;True;A;;;2026-10-05;True
BRAESOACNOR0;AESO;AES BRASIL OPERAÇÕES S.A.;00194724000113;OK;ACN;OR;ON;ESVUFR;ACOES NOMINATIVAS;A;True;N;;;2026-10-05;True
BRAETAACNOR7;AETA;AETATIS SECURITIZADORA SA;02808481000191;OK;ACN;OR;ON;ESVUFR;ACOES NOMINATIVAS ACOES ORDINARIAS;A;True;A;;;2026-10-05;True
BRAFFRACNOR7;AFFR;HOB EVENTOS, TREINAMENTOS E PUBLICAÇÕES LTDA.;11472921000173;OK;ACN;OR;ON;ESVUFR;ACOES NOMINATIVAS ACOES ORDINARIAS;A;True;A;;;2026-10-05;True
BRAFGRACNPB6;AFGR;AVARANDADO FORTE AGROPECUARIA SA AFAGRO;07216906000197;OK;ACN;PB;PN;EPNNPR;ACOES NOMINATIVAS ACOES PREFERENCIAIS CLASSE B;A;True;A;;;2026-10-05;True
BRAFIOACNOR8;AFIO;AGROPECUARIA FIO OURO SA;02893891000188;OK;ACN;OR;ON;ESVUFR;ACOES NOMINATIVAS ACOES ORDINARIAS;A;True;A;;;2026-10-05;True
BRAFIOACNPA1;AFIO;AGROPECUARIA FIO OURO SA;02893891000188;OK;ACN;PA;PN;EPNNPR;ACOES NOMINATIVAS ACOES PREFERENCIAIS CLASSE A;A;True;A;;;2026-10-05;True
BRAFIOACNPB9;AFIO;AGROPECUARIA FIO OURO SA;02893891000188;OK;ACN;PB;PN;EPNNPR;ACOES NOMINATIVAS ACOES PREFERENCIAIS CLASSE B;A;True;A;;;2026-10-05;True
BRAFLTACNOR1;AFLT;AFLUENTE TRANSMISSAO ENERGIA ELETRICA SA;10338320000100;OK;ACN;OR;ON;ESVUFR;ACOES NOMINATIVAS ACOES ORDINARIAS;A;True;A;;;2026-10-05;True
BRAFLUACNOR9;AFLU;AFLUENTE GERACAO ENERGIA ELETRICA SA;07620094000140;OK;ACN;OR;ON;ESVUFR;ACOES NOMINATIVAS ACOES ORDINARIAS;A;True;A;;;2026-10-05;True
BRAFLUACNPA2;AFLU;AFLUENTE GERACAO ENERGIA ELETRICA SA;07620094000140;OK;ACN;PA;PN;EPNNPR;ACOES NOMINATIVAS ACOES PREFERENCIAIS CLASSE A;A;True;A;;;2026-10-05;True
BRAFLUACNPB0;AFLU;AFLUENTE GERACAO ENERGIA ELETRICA SA;07620094000140;OK;ACN;PB;PN;EPNNPR;ACOES NOMINATIVAS ACOES PREFERENCIAIS CLASSE B;A;True;A;;;2026-10-05;True
BRAFPSACNPB5;AFPS;AVARANDADO FORTE AGROPECUARIA PI SA AFAPISA;09055120000160;OK;ACN;PB;PN;EPNNPR;ACOES NOMINATIVAS ACOES PREFERENCIAIS CLASSE B;A;True;A;;;2026-10-05;True
BRAFRDACNOR2;AFRD;ALFRED SA COM VESTUARIO;92689173000187;OK;ACN;OR;ON;ESVUFR;ACOES NOMINATIVAS ACOES ORDINARIAS;A;True;A;;;2026-10-05;True
BRAFRDACNPR9;AFRD;ALFRED SA COM VESTUARIO;92689173000187;OK;ACN;PR;PN;EPNNPR;ACOES NOMINATIVAS ACOES PREFERENCIAIS;A;True;A;;;2026-10-05;True
BRAFSTACNPB7;AFST;AGROPECUARIA FRANCISCO SANTOS SA FRASA;07776198000149;OK;ACN;PB;PN;EPNNPR;ACOES NOMINATIVAS ACOES PREFERENCIAIS CLASSE B;A;True;A;;;2026-10-05;True
BRAG18ACNPB7;AG18;AGROPECUARIA RIO DEZOITO S/A;46991329000162;OK;ACN;PB;PN;EPNNPR;ACOES NOMINATIVAS;A;True;N;;;2026-10-05;True
BRAG8BACNPC4;AG8B;AGROPEC IMOBILIARIA S/A;21444765000190;OK;ACN;PC;PN;EPNNPR;ACOES NOMINATIVAS;A;True;N;;;2026-10-05;True
BRAGBAACNPA3;AGBA;AGROBALSAS EMPREENDIMENTOS INDS AGROPECUARIOS SA;07066491000112;OK;ACN;PA;PN;EPNNPR;ACOES NOMINATIVAS ACOES PREFERENCIAIS CLASSE A;A;True;A;;;2026-10-05;True
BRAGBCACNPB7;AGBC;AGROPECUARIA BACURI SA;05428321000105;OK;ACN;PB;PN;EPNNPR;ACOES NOMINATIVAS ACOES PREFERENCIAIS CLASSE B;A;True;A;;;2026-10-05;True
BRAGBEACNPB3;AGBE;CIA AGRICOLA BARRA BE;12935755000167;OK;ACN;PB;PN;EPNNPR;ACOES NOMINATIVAS ACOES PREFERENCIAIS CLASSE B;A;True;A;;;2026-10-05;True
BRAGBFACNPA2;AGBF;AGROBUFALO SA;04255592000143;OK;ACN;PA;PN;EPNNPR;ACOES NOMINATIVAS ACOES PREFERENCIAIS CLASSE A;A;True;A;;;2026-10-05;True
BRAGBGACNPR4;AGBG;AGROBRAGANTINA SA;04657227000165;OK;ACN;PR;PN;EPNNPR;ACOES NOMINATIVAS ACOES PREFERENCIAIS;A;True;A;;;2026-10-05;True
BRAGBHACNPA8;AGBH;AGROPECUARIA BELO HORIZONTE SA;04022489000153;OK;ACN;PA;PN;EPNNPR;ACOES NOMINATIVAS ACOES PREFERENCIAIS CLASSE A;A;True;A;;;2026-10-05;True
BRAGBKACNPR6;AGBK;BANCO AGIBANK S.A.;10664513000150;OK;ACN;PR;PN;EPNNPR;ACOES NOMINATIVAS ACOES PREFERENCIAIS;A;True;A;;;2026-10-05;True
BRAGBKCDAM10;AGBK;BANCO AGIBANK S.A.;10664513000150;OK;CDA;M1;UNIT;EMXXXR;CERTIFICADO DE DEPOSITO DE ACOES CERTIFICADO DE DEPOSITO DE ACOES REPRESENTATIVO DE ACOES PREFERENCIAIS E RECIBO;A;True;N;;;2026-10-05;True
BRAGBNACNPR0;AGBN;ABC AGROPECUARIA BRASIL NORTE S.A.;20722575000125;OK;ACN;PR;PN;EPNNPR;ACOES NOMINATIVAS ACOES PREFERENCIAIS;A;True;A;;;2026-10-05;True
BRAGBQACNPA9;AGBQ;AGROBASA SA;23461411000180;OK;ACN;PA;PN;EPNNPR;ACOES NOMINATIVAS ACOES PREFERENCIAIS CLASSE A;A;True;A;;;2026-10-05;True
BRAGBRACNPA7;AGBR;AGRICOLA TROPICAL BRASIL SA - AGROBRAS;24380727000100;OK;ACN;PA;PN;EPNNPR;ACOES NOMINATIVAS ACOES PREFERENCIAIS CLASSE A;A;True;A;;;2026-10-05;True
BRAGBSACNPA5;AGBS;AGROPASTORIL GADO BRANCO SA AGB;07093305000134;OK;ACN;PA;PN;EPNNPR;ACOES NOMINATIVAS ACOES PREFERENCIAIS CLASSE A;A;True;A;;;2026-10-05;True
BRAGBTACNPA3;AGBT;AGROPECUARIA BETANIA SA;21706502000102;OK;ACN;PA;PN;EPNNPR;ACOES NOMINATIVAS ACOES PREFERENCIAIS CLASSE A;A;True;A;;;2026-10-05;True
BRAGBVACNPR3;AGBV;CIA AGROPECUARIA BARRO VERMELHO;15640923000185;OK;ACN;PR;PN;EPNNPR;ACOES NOMINATIVAS ACOES PREFERENCIAIS;A;True;A;;;2026-10-05;True
BRAGCAACNPB9;AGCA;AGROPECUARIA CARNEIRO SA;04970265000173;OK;ACN;PB;PN;EPNNPR;ACOES NOMINATIVAS ACOES PREFERENCIAIS CLASSE B;A;True;A;;;2026-10-05;True
BRAGCEACNPC9;AGCE;AGROPECUÁRIA C. NORTE S/A - AGROCENTRO;03484797000138;OK;ACN;PC;PN;EPNNPR;ACOES NOMINATIVAS;A;True;N;;;2026-10-05;True
BRAGCPACNPB7;AGCP;AGROPECUARIA CAROPA SA;04132437000130;OK;ACN;PB;PN;EPNNPR;ACOES NOMINATIVAS ACOES PREFERENCIAIS CLASSE B;A;True;A;;;2026-10-05;True
BRAGCSACNPA3;AGCS;ANGICOS SA AGROPASTORIL;22107296000187;OK;ACN;PA;PN;EPNNPR;ACOES NOMINATIVAS ACOES PREFERENCIAIS CLASSE A;A;True;A;;;2026-10-05;True
BRAGCTACNPA1;AGCT;CIA AGROPECUARIA CONTINENTAL;04619771000112;OK;ACN;PA;PN;EPNNPR;ACOES NOMINATIVAS ACOES PREFERENCIAIS CLASSE A;A;True;A;;;2026-10-05;True
BRAGCTACNPB9;AGCT;CIA AGROPECUARIA CONTINENTAL;04619771000112;OK;ACN;PB;PN;EPNNPR;ACOES NOMINATIVAS ACOES PREFERENCIAIS CLASSE B;A;True;A;;;2026-10-05;True
BRAGDSACNPR5;AGDS;AGROPECUARIA DIAMANTE SA AGRODISA;06645196000158;OK;ACN;PR;PN;EPNNPR;ACOES NOMINATIVAS ACOES PREFERENCIAIS;A;True;A;;;2026-10-05;True
BRAGEEACNOR6;AGEE;CIA PRODUTORES ARMAZENS GERAIS;58143967000102;OK;ACN;OR;ON;ESVUFR;ACOES NOMINATIVAS ACOES ORDINARIAS;A;True;A;;;2026-10-05;True
BRAGEIACNOR7;AGEI;AGRE EMPREENDIMENTOS IMOBILIARIOS SA;11040082000114;OK;ACN;OR;ON;ESVUFR;ACOES NOMINATIVAS ACOES ORDINARIAS;A;True;A;;;2026-10-05;True
BRAGESACNPA9;AGES;AGROINDL ESTRELA SA;15950058000173;OK;ACN;PA;PN;EPNNPR;ACOES NOMINATIVAS ACOES PREFERENCIAIS CLASSE A;A;True;A;;;2026-10-05;True
BRAGFBACNOR9;AGFB;AGRIFIRMA BRASIL AGROPECUARIA SA;09288977000120;OK;ACN;OR;ON;ESVUFR;ACOES NOMINATIVAS ACOES ORDINARIAS;A;True;N;;;2026-10-05;True
BRAGFLACNPA1;AGFL;AGROPECUARIA FLECHAL SA;14035257000193;OK;ACN;PA;PN;EPNNPR;ACOES NOMINATIVAS ACOES PREFERENCIAIS CLASSE A;A;True;A;;;2026-10-05;True
BRAGFTACNPA4;AGFT;AGROPECUARIA NOSSA SENHORA FATIMA SA AGROFATIMA;05324843000167;OK;ACN;PA;PN;EPNNPR;ACOES NOMINATIVAS ACOES PREFERENCIAIS CLASSE A;A;True;A;;;2026-10-05;True
BRAGHTACNPC6;AGHT;AG HOTEIS TURISMO SA;08690448000196;OK;ACN;PC;PN;EPNNPR;ACOES NOMINATIVAS ACOES PREFERENCIAIS CLASSE C;A;True;A;;;2026-10-05;True
BRAGIDACNPA2;AGID;AGROINDL SAO PAULO SA;03164753000120;OK;ACN;PA;PN;EPNNPR;ACOES NOMINATIVAS ACOES PREFERENCIAIS CLASSE A;A;True;A;;;2026-10-05;True
BRAGIJACNPR3;AGIJ;AGROINDL JAGUARUANA SA AGROIJA;07561855000130;OK;ACN;PR;PN;EPNNPR;ACOES NOMINATIVAS ACOES PREFERENCIAIS;A;True;A;;;2026-10-05;True
BRAGINACNOR8;AGIN;AGRA EMPREENDIMENTOS IMOBILIARIOS SA;07698047000110;OK;ACN;OR;ON;ESVUFR;ACOES NOMINATIVAS ACOES ORDINARIAS;A;True;A;;;2026-10-05;True
BRAGIRACNPA2;AGIR;AGRESTE INDL RAFIA SA - AGIR;24111809000159;OK;ACN;PA;PN;EPNNPR;ACOES NOMINATIVAS ACOES PREFERENCIAIS CLASSE A;A;True;A;;;2026-10-05;True
BRAGISACNPA0;AGIS;AGROPECUARIA JOTA COELHO SA AGROISA;06418040000134;OK;ACN;PA;PN;EPNNPR;ACOES NOMINATIVAS ACOES PREFERENCIAIS CLASSE A;A;True;A;;;2026-10-05;True
BRAGJSACNPA8;AGJS;AGROPECUARIA JATAHY INDL SA AGROJAISA;12313151000189;OK;ACN;PA;PN;EPNNPR;ACOES NOMINATIVAS ACOES PREFERENCIAIS CLASSE A;A;True;A;;;2026-10-05;True
BRAGJUACNPR8;AGJU;AGROIND JURUPARI ACRE SA;04523403000176;OK;ACN;PR;PN;EPNNPR;ACOES NOMINATIVAS ACOES PREFERENCIAIS;A;True;A;;;2026-10-05;True
BRAGLUACNPA0;AGLU;AGROINDL LUANA SA;02864963000169;OK;ACN;PA;PN;EPNNPR;ACOES NOMINATIVAS ACOES PREFERENCIAIS CLASSE A;A;True;A;;;2026-10-05;True
BRAGMAACNPA0;AGMA;AGROMA EMPREENDIMENTOS RURAIS SA;06272470000190;OK;ACN;PA;PN;EPNNPR;ACOES NOMINATIVAS ACOES PREFERENCIAIS CLASSE A;A;True;A;;;2026-10-05;True
BRAGMCACNPB4;AGMC;AGRIMEC AGRICULTURA MECANIZADA SA;22974380000106;OK;ACN;PB;PN;EPNNPR;ACOES NOMINATIVAS ACOES PREFERENCIAIS CLASSE B;A;True;A;;;2026-10-05;True
BRAGMNACNPA3;AGMN;AGROPEC EMILIO OMENA SA AGROMENA;13025135000153;OK;ACN;PA;PN;EPNNPR;ACOES NOMINATIVAS ACOES PREFERENCIAIS CLASSE A;A;True;A;;;2026-10-05;True
BRAGMOACNPB9;AGMO;AGROPECUÁRIA AMOREIRAS S/A;03486040000183;OK;ACN;PB;PN;EPNNPR;ACOES NOMINATIVAS ACOES NOMINATIVAS - PB;A;True;N;;;2026-10-05;True
BRAGMOACNPD5;AGMO;AGROPECUÁRIA AMOREIRAS S/A;03486040000183;OK;ACN;PD;PN;EPNNPR;ACOES NOMINATIVAS ACOES NOMINATIVAS - PD;A;True;N;;;2026-10-05;True
BRAGMRACNPR8;AGMR;AGRICOLA MISTA MARAJOARA SA AGRIMAR;04335238000129;OK;ACN;PR;PN;EPNNPR;ACOES NOMINATIVAS ACOES PREFERENCIAIS;A;True;A;;;2026-10-05;True
BRAGMSACNPB0;AGMS;AGROPASTORIL FAZ O DAGUA L MATA SA AGRAMASA;;VAZIO;ACN;PB;PN;EPNNPR;ACOES NOMINATIVAS ACOES PREFERENCIAIS CLASSE B;A;True;A;;;2026-10-05;True
BRAGMTACNOR7;AGMT;AGROMALTA AGROPECUARIA MARANHENSE SA;06777965000171;OK;ACN;OR;ON;ESVUFR;ACOES NOMINATIVAS ACOES ORDINARIAS;A;True;A;;;2026-10-05;True
BRAGMTACNPA0;AGMT;AGROMALTA AGROPECUARIA MARANHENSE SA;06777965000171;OK;ACN;PA;PN;EPNNPR;ACOES NOMINATIVAS ACOES PREFERENCIAIS CLASSE A;A;True;A;;;2026-10-05;True
BRAGMTACNPB8;AGMT;AGROMALTA AGROPECUARIA MARANHENSE SA;06777965000171;OK;ACN;PB;PN;EPNNPR;ACOES NOMINATIVAS ACOES PREFERENCIAIS CLASSE B;A;True;A;;;2026-10-05;True
BRAGMTACNPR4;AGMT;AGROMALTA AGROPECUARIA MARANHENSE SA;06777965000171;OK;ACN;PR;PN;EPNNPR;ACOES NOMINATIVAS ACOES NOMINATIVAS - PN;A;True;N;;;2026-10-05;True
BRAGMUACNPR2;AGMU;AGROPASTORIL MURRAH SA AGROMURRAH;04856522000140;OK;ACN;PR;PN;EPNNPR;ACOES NOMINATIVAS ACOES PREFERENCIAS;A;True;A;;;2026-10-05;True
BRAGNBACNPA6;AGNB;AGUANAMBI INDL SA;11742087000199;OK;ACN;PA;PN;EPNNPR;ACOES NOMINATIVAS ACOES PREFERENCIAIS CLASSE A;A;True;A;;;2026-10-05;True
BRAGPAACNPD7;AGPA;AGROPALMA SA;04102265000151;OK;ACN;PD;PN;EPNNPR;ACOES NOMINATIVAS ACOES PREFERENCIAIS CLASSE D;A;True;A;;;2026-10-05;True
BRAGPEACNPA5;AGPE;AGROPASTORIL ESTRELA ORIENTE SA;02007196000171;OK;ACN;PA;PN;EPNNPR;ACOES NOMINATIVAS ACOES PREFERENCIAIS CLASSE A;A;True;A;;;2026-10-05;True
BRAGPPACNOR8;AGPP;AGROPECUARIA PONTAL PARANAITA SA;02642136000120;OK;ACN;OR;ON;ESVUFR;ACOES NOMINATIVAS ACOES ORDINARIAS;A;True;A;;;2026-10-05;True
BRAGPPACNPA1;AGPP;AGROPECUARIA PONTAL PARANAITA SA;02642136000120;OK;ACN;PA;PN;EPNNPR;ACOES NOMINATIVAS ACOES PREFERENCIAIS CLASSE A;A;True;A;;;2026-10-05;True
BRAGPPACNPB9;AGPP;AGROPECUARIA PONTAL PARANAITA SA;02642136000120;OK;ACN;PB;PN;EPNNPR;ACOES NOMINATIVAS ACOES PREFERENCIAIS CLASSE B;A;True;A;;;2026-10-05;True
BRAGPRACNPA7;AGPR;AGROPARANA SA AGROPAR;34130039000145;OK;ACN;PA;PN;EPNNPR;ACOES NOMINATIVAS ACOES PREFERENCIAIS CLASSE A;A;True;A;;;2026-10-05;True
BRAGPSACNPA5;AGPS;AGROPECUARIA SALGADO SA AGROPESA;15611809000127;OK;ACN;PA;PN;EPNNPR;ACOES NOMINATIVAS ACOES PREFERENCIAIS CLASSE A;A;True;A;;;2026-10-05;True
BRAGQNACNPA4;AGQN;POLIQUIMICA SA (EX AGRIQUIMICA NORDESTE SA);23481104000160;OK;ACN;PA;PN;EPNNPR;ACOES NOMINATIVAS ACOES PREFERENCIAIS CLASSE A;A;True;A;;;2026-10-05;True
BRAGRAACNOR6;AGRA;AGRALE SA;88610324000192;OK;ACN;OR;ON;ESVUFR;ACOES NOMINATIVAS ACOES ORDINARIAS;A;True;A;;;2026-10-05;True
BRAGRAACNPR3;AGRA;AGRALE SA;88610324000192;OK;ACN;PR;PN;EPNNPR;ACOES NOMINATIVAS ACOES PREFERENCIAIS;A;True;A;;;2026-10-05;True
BRAGRBACNPA7;AGRB;CIA AGRICOLA RIBEIRAO;06855894000188;OK;ACN;PA;PN;EPNNPR;ACOES NOMINATIVAS ACOES PREFERENCIAIS CLASSE A;A;True;A;;;2026-10-05;True
BRAGRCACNPR9;AGRC;AGROPASTORIL CINCO LAGOAS SA AGROCINCO;07680093000191;OK;ACN;PR;PN;EPNNPR;ACOES NOMINATIVAS ACOES PREFERENCIAIS;A;True;A;;;2026-10-05;True
BRAGRGACNOR3;AGRG;AGROTIS AGROINFORMATICA S/A;82413816000101;OK;ACN;OR;ON;ESVUFR;ACOES NOMINATIVAS;A;True;A;;;2026-10-05;True
BRAGRHACNOR1;AGRH;AGRICHEM BRASIL SA;03860998000192;OK;ACN;OR;ON;ESVUFR;ACOES NOMINATIVAS ACOES ORDINARIAS;A;True;A;;;2026-10-05;True
BRAGRMACNPR8;AGRM;AGROMON SA AGRICULTURA PECUARIA;01355296000126;OK;ACN;PR;PN;EPNNPR;ACOES NOMINATIVAS ACOES PREFERENCIAIS;A;True;A;;;2026-10-05;True
BRAGRNACNPA2;AGRN;AGRON AGROINDL SA;00319137000103;OK;ACN;PA;PN;EPNNPR;ACOES NOMINATIVAS ACOES PREFERENCIAIS CLASSE A;A;True;A;;;2026-10-05;True
BRAGRNACNPC8;AGRN;AGRON AGROINDL SA;00319137000103;OK;ACN;PC;PN;EPNNPR;ACOES NOMINATIVAS ACOES PREFERENCIAIS CLASSE C;A;True;A;;;2026-10-05;True
BRAGROACNOR7;AGRO;BRASILAGRO CIA BRAS PROPRIEDADES AGRICOLAS;07628528000159;OK;ACN;OR;ON;ESVUFR;ACOES NOMINATIVAS ACOES ORDINARIAS;A;True;A;;;2026-10-05;True
BRAGRTACNPA9;AGRT;AGROPECUARIA RETIRO SA;09574971000110;OK;ACN;PA;PN;EPNNPR;ACOES NOMINATIVAS ACOES PREFERENCIAIS CLASSE A;A;True;A;;;2026-10-05;True
BRAGSAACNPA7;AGSA;AGROPECUARIA SERRA AZUL SA;88134044000155;OK;ACN;PA;PN;EPNNPR;ACOES NOMINATIVAS ACOES PREFERENCIAIS CLASSE A;A;True;A;;;2026-10-05;True
BRAGSBACNOR2;AGSB;ARMAZENS GERAIS ENTREPOSTOS SAO BERNARDO CAMPON SA AGESBEC;44352425000135;OK;ACN;OR;ON;ESVUFR;ACOES NOMINATIVAS ACOES ORDINARIAS;A;True;A;;;2026-10-05;True
BRAGSCACNPA3;AGSC;AGROPECUARIA SAO CAMILO SA;08187874000101;OK;ACN;PA;PN;EPNNPR;ACOES NOMINATIVAS ACOES PREFERENCIAIS CLASSE A;A;True;A;;;2026-10-05;True
BRAGSEACNPA9;AGSE;AGROSETE PECUARIA IND SA;05423587000165;OK;ACN;PA;PN;EPNNPR;ACOES NOMINATIVAS ACOES PREFERENCIAIS CLASSE A;A;True;A;;;2026-10-05;True
BRAGSIACNPB8;AGSI;AGROPECUARIA SANTA SILVIA SA;04981577000182;OK;ACN;PB;PN;EPNNPR;ACOES NOMINATIVAS ACOES PREFERENCIAIS CLASSE B;A;True;A;;;2026-10-05;True
BRAGSIACNPC6;AGSI;AGROPECUARIA SANTA SILVIA SA;04981577000182;OK;ACN;PC;PN;EPNNPR;ACOES NOMINATIVAS ACOES PREFERENCIAIS CLASSE C;A;True;A;;;2026-10-05;True
BRAGSPACNPA5;AGSP;AGROPECUARIA SAO PAULO AMAZONIA SA;04032256000131;OK;ACN;PA;PN;EPNNPR;ACOES NOMINATIVAS ACOES PREFERENCIAIS CLASSE A;A;True;A;;;2026-10-05;True
BRAGSRACNPA1;AGSR;AGROPECUARIA SANTA ROSA SA;04851291000182;OK;ACN;PA;PN;EPNNPR;ACOES NOMINATIVAS ACOES PREFERENCIAIS CLASSE A;A;True;A;;;2026-10-05;True
BRAGSTACNPA7;AGST;AGROPECUARIA SANTA IDALIA SA AGROSANTA;19324029000157;OK;ACN;PA;PN;EPNNPR;ACOES NOMINATIVAS ACOES PREFERENCIAIS CLASSE A;A;True;A;;;2026-10-05;True
BRAGSVACNPR7;AGSV;AGROINDL SERRA VERMELHA SA AGROSERRA;06846992000159;OK;ACN;PR;PN;EPNNPR;ACOES NOMINATIVAS ACOES PREFERENCIAIS;A;True;A;;;2026-10-05;True
BRAGTBACNPR7;AGTB;AGROPECUARIA TERRA BRAVIA SA;02033525000159;OK;ACN;PR;PN;EPNNPR;ACOES NOMINATIVAS ACOES PREFERENCIAIS;A;True;A;;;2026-10-05;True
BRAGTEACNPC3;AGTE;COMPANHIA AGROPECUARIA TUPA ECOLOGICA;84323187000154;OK;ACN;PC;PN;EPNNPR;ACOES NOMINATIVAS ACOES PREFERENCIAIS CLASSE C;A;True;A;;;2026-10-05;True
BRAGTPACNOR0;AGTP;ANDRADE GUTIERREZ TELECOMUNICACOES PARTICIPACOES SA;;VAZIO;ACN;OR;ON;ESVUFR;ACOES NOMINATIVAS ACOES ORDINARIAS;A;True;A;;;2026-10-05;True
BRAGTPACNPR7;AGTP;ANDRADE GUTIERREZ TELECOMUNICACOES PARTICIPACOES SA;;VAZIO;ACN;PR;PN;EPNNPR;ACOES NOMINATIVAS ACOES PREFERENCIAIS;A;True;A;;;2026-10-05;True
BRAGUIACNPB4;AGUI;AGROPECUARIA GUIMARAES SA AGUISA;10665743000134;OK;ACN;PB;PN;EPNNPR;ACOES NOMINATIVAS ACOES PREFERENCIAIS CLASSE B;A;True;A;;;2026-10-05;True
BRAGUNACNPA6;AGUN;AGROINDL UNIDOS SA;22949390000183;OK;ACN;PA;PN;EPNNPR;ACOES NOMINATIVAS ACOES PREFERENCIAIS CLASSE A;A;True;A;;;2026-10-05;True
BRAGVAACNPB9;AGVA;AGROVAS AGROPECUARIA VALE SUIA SA;04984795000170;OK;ACN;PB;PN;EPNNPR;ACOES NOMINATIVAS ACOES PREFERENCIAIS CLASSE B;A;True;A;;;2026-10-05;True
BRAGVDACNPA5;AGVD;AGROVERDES AGRICOLA SA;12923546000101;OK;ACN;PA;PN;EPNNPR;ACOES NOMINATIVAS ACOES PREFERENCIAIS CLASSE A;A;True;A;;;2026-10-05;True
BRAGVEACNPA3;AGVE;AGROINDUSTRIAL DE CEREAIS VERDES CAMPOS S.A.;00082253000151;OK;ACN;PA;PN;EPNNPR;ACOES NOMINATIVAS ACOES PREFERENCIAIS CLASSE A;A;True;A;;;2026-10-05;True
BRAGVEACNPB1;AGVE;AGROINDUSTRIAL DE CEREAIS VERDES CAMPOS S.A.;00082253000151;OK;ACN;PB;PN;EPNNPR;ACOES NOMINATIVAS ACOES PREFERENCIAIS CLASSE B;A;True;A;;;2026-10-05;True
BRAGVIACNOR1;AGVI;AGROVIA SA;11992767000160;OK;ACN;OR;ON;ESVUFR;ACOES NOMINATIVAS ACOES ORDINARIAS;A;True;N;;;2026-10-05;True
BRAGVIACNPR8;AGVI;AGROVIA SA;11992767000160;OK;ACN;PR;PN;EPNNPR;ACOES NOMINATIVAS ACOES PREFERENCIAIS;A;True;A;;;2026-10-05;True
BRAGVLACNPA8;AGVL;AGROINDS VALE SAO FRANCISCO SA AGROVALE;13642699000135;OK;ACN;PA;PN;EPNNPR;ACOES NOMINATIVAS ACOES PREFERENCIAIS CLASSE A;A;True;A;;;2026-10-05;True
BRAGVLACNPB6;AGVL;AGROINDS VALE SAO FRANCISCO SA AGROVALE;13642699000135;OK;ACN;PB;PN;EPNNPR;ACOES NOMINATIVAS ACOES PREFERENCIAIS CLASSE B;A;True;A;;;2026-10-05;True
BRAGVLACNPC4;AGVL;AGROINDS VALE SAO FRANCISCO SA AGROVALE;13642699000135;OK;ACN;PC;PN;EPNNPR;ACOES NOMINATIVAS ACOES PREFERENCIAIS CLASSE C;A;True;A;;;2026-10-05;True
BRAGVSACNPR7;AGVS;AGROVISA AGROINDL OVINOS SA;04870812000149;OK;ACN;PR;PN;EPNNPR;ACOES NOMINATIVAS ACOES PREFERENCIAIS;A;True;A;;;2026-10-05;True
BRAGVVACNPB5;AGVV;AGUA VIVA PRAIA HOTEL SA;15178767000182;OK;ACN;PB;PN;EPNNPR;ACOES NOMINATIVAS ACOES PREFERENCIAIS CLASSE B;A;True;A;;;2026-10-05;True
BRAGXYACNOR4;AGXY;AGROGALAXY PARTICIPAÇÕES S.A.;21240146000184;OK;ACN;OR;ON;ESVUFR;ACOES NOMINATIVAS;A;True;N;;;2026-10-05;True
BRAHEBACNOR0;AHEB;SAO PAULO TURISMO SA;62002886000160;OK;ACN;OR;ON;ESVUFR;ACOES NOMINATIVAS ACOES ORDINARIAS;A;True;A;;;2026-10-05;True
BRAHEBACNPA3;AHEB;SAO PAULO TURISMO SA;62002886000160;OK;ACN;PA;PN;EPNNPR;ACOES NOMINATIVAS ACOES PREFERENCIAIS CLASSE A;A;True;A;;;2026-10-05;True
BRAHEBACNPB1;AHEB;SAO PAULO TURISMO SA;62002886000160;OK;ACN;PB;PN;EPNNPR;ACOES NOMINATIVAS ACOES PREFERENCIAIS CLASSE B;A;True;A;;;2026-10-05;True
BRAHEVACNPB9;AHEV;ARAGUAIA HEVEA S/A;04203360000141;OK;ACN;PB;PN;EPNNPR;ACOES NOMINATIVAS;A;True;N;;;2026-10-05;True
BRAIIPACNOR9;AIIP;AMERICAS INVESTIMENTOS IMOBILIARIOS PARTICIPACOES SA;20555848000194;OK;ACN;OR;ON;ESVUFR;ACOES NOMINATIVAS ACOES ORDINARIAS;A;True;A;;;2026-10-05;True
BRAIPNACNPA2;AIPN;AGROINDUSTRIAL E PASTORIL NATIVA SA;02855176000150;OK;ACN;PA;PN;EPNNPR;ACOES NOMINATIVAS ACOES PREFERENCIAIS CLASSE A;A;True;A;;;2026-10-05;True
BRAIRLACNOR9;AIRL;AIR LIQUIDE SA;;VAZIO;ACN;OR;ON;ESVUFR;ACOES NOMINATIVAS ACOES ORDINARIAS;A;True;A;;;2026-10-05;True
BRAITPACNPC5;AITP;AGROINDUSTRIAL ITAPIRANGA S/A;04167904000167;OK;ACN;PC;PN;EPNNPR;ACOES NOMINATIVAS ACOES NOMINATIVAS - PC;A;True;N;;;2026-10-05;True
BRAITPACNPD3;AITP;AGROINDUSTRIAL ITAPIRANGA S/A;04167904000167;OK;ACN;PD;PN;EPNNPR;ACOES NOMINATIVAS ACOES NOMINATIVAS - PD;A;True;N;;;2026-10-05;True
BRAJRPACNOR8;AJRP;A J RENNER SA IND PARTICIPACOES;;VAZIO;ACN;OR;ON;ESVUFR;ACOES NOMINATIVAS ACOES ORDINARIAS;A;True;A;;;2026-10-05;True
BRAJUOACNOR5;AJUO;AJU OASIS EMPREENDIMENTOS SA;;VAZIO;ACN;OR;ON;ESVUFR;ACOES NOMINATIVAS ACOES ORDINARIAS;A;True;A;;;2026-10-05;True
BRAKEYACNOR6;AKEY;AGRO KEY PARTICIPÃCOES SA;24199786000186;OK;ACN;OR;ON;ESVUFR;ACOES NOMINATIVAS ACOES ORDINARIAS;A;True;N;;;2026-10-05;True
BRALBAACNOR0;ALBA;DANA-ALBARUS SA IND COM;92758085000190;OK;ACN;OR;ON;ESVUFR;ACOES NOMINATIVAS ACOES ORDINARIAS;A;True;A;;;2026-10-05;True
BRALCAACNOR8;ALCA;ALCALIS RIO GRANDE NORTE SA ALCANORTE;08240673000120;OK;ACN;OR;ON;ESVUFR;ACOES NOMINATIVAS ACOES ORDINARIAS;A;True;A;;;2026-10-05;True
BRALCAACNPA1;ALCA;ALCALIS RIO GRANDE NORTE SA ALCANORTE;08240673000120;OK;ACN;PA;PN;EPNNPR;ACOES NOMINATIVAS ACOES PREFERENCIAIS CLASSE A;A;True;A;;;2026-10-05;True
BRALCAACNPB9;ALCA;ALCALIS RIO GRANDE NORTE SA ALCANORTE;08240673000120;OK;ACN;PB;PN;EPNNPR;ACOES NOMINATIVAS ACOES PREFERENCIAIS CLASSE B;A;True;A;;;2026-10-05;True
BRALCAACNPC7;ALCA;ALCALIS RIO GRANDE NORTE SA ALCANORTE;08240673000120;OK;ACN;PC;PN;EPNNPR;ACOES NOMINATIVAS ACOES PREFERENCIAIS CLASSE C;A;True;A;;;2026-10-05;True
BRALCBACNOR6;ALCB;ALCOR BRANDS BRASIL COMERCIO ROUPAS SA;24738298000108;OK;ACN;OR;ON;ESVUFR;ACOES NOMINATIVAS ACOES ORDINARIAS;A;True;A;;;2026-10-05;True
BRALCLACNOR5;ALCL;CIA NACIONAL ALCALIS;33098112000186;OK;ACN;OR;ON;ESVUFR;ACOES NOMINATIVAS ACOES ORDINARIAS;A;True;A;;;2026-10-05;True
BRALCLACNPA8;ALCL;CIA NACIONAL ALCALIS;33098112000186;OK;ACN;PA;PN;EPNNPR;ACOES NOMINATIVAS ACOES PREFERENCIAIS CLASSE A;A;True;A;;;2026-10-05;True
BRALCLACNPB6;ALCL;CIA NACIONAL ALCALIS;33098112000186;OK;ACN;PB;PN;EPNNPR;ACOES NOMINATIVAS ACOES PREFERENCIAIS CLASSE B;A;True;A;;;2026-10-05;True
BRALCLACNPC4;ALCL;CIA NACIONAL ALCALIS;33098112000186;OK;ACN;PC;PN;EPNNPR;ACOES NOMINATIVAS ACOES PREFERENCIAIS CLASSE C;A;True;A;;;2026-10-05;True
BRALCLACNPD2;ALCL;CIA NACIONAL ALCALIS;33098112000186;OK;ACN;PD;PN;EPNNPR;ACOES NOMINATIVAS ACOES PREFERENCIAIS CLASSE D;A;True;A;;;2026-10-05;True
BRALCOACNPA2;ALCO;CIA ALCOOLQUIMICA NACIONAL ALCOOLQUIMICA;11699378000141;OK;ACN;PA;PN;EPNNPR;ACOES NOMINATIVAS ACOES PREFERENCIAIS CLASSE A;A;True;A;;;2026-10-05;True
BRALCPACNOR6;ALCP;BROOKINGS PARTICIPACOES S.A;02379888000140;OK;ACN;OR;ON;ESVUFR;ACOES NOMINATIVAS ACOES ORDINARIAS;A;True;A;;;2026-10-05;True
BRALDEACNPR5;ALDE;ALDEIA REIS TURISMO SA;39326590000182;OK;ACN;PR;PN;EPNNPR;ACOES NOMINATIVAS ACOES PREFERENCIAIS;A;True;A;;;2026-10-05;True
BRALFRACNOR5;ALFR;ALFRED NORDESTE SA IND VESTUARIO;15167984000177;OK;ACN;OR;ON;ESVUFR;ACOES NOMINATIVAS ACOES ORDINARIAS;A;True;A;;;2026-10-05;True
BRALFRACNPA8;ALFR;ALFRED NORDESTE SA IND VESTUARIO;15167984000177;OK;ACN;PA;PN;EPNNPR;ACOES NOMINATIVAS ACOES PREFERENCIAIS CLASSE A;A;True;A;;;2026-10-05;True
BRALFRACNPB6;ALFR;ALFRED NORDESTE SA IND VESTUARIO;15167984000177;OK;ACN;PB;PN;EPNNPR;ACOES NOMINATIVAS ACOES PREFERENCIAIS CLASSE B;A;True;A;;;2026-10-05;True
BRALFRACNPC4;ALFR;ALFRED NORDESTE SA IND VESTUARIO;15167984000177;OK;ACN;PC;PN;EPNNPR;ACOES NOMINATIVAS ACOES PREFERENCIAIS CLASSE C;A;True;A;;;2026-10-05;True
BRALGRACNPB4;ALGR;AGROINDL PASTORIL MONTE ALEGRE SA AGROALEGRE;05750765000162;OK;ACN;PB;PN;EPNNPR;ACOES NOMINATIVAS ACOES PREFERENCIAIS CLASSE B;A;True;A;;;2026-10-05;True
BRALGTACNOR9;ALGT;ALGAR TELECOM SA;71208516000174;OK;ACN;OR;ON;ESVUFR;ACOES NOMINATIVAS ACOES ORDINARIAS;A;True;A;;;2026-10-05;True
BRALHTACNPA0;ALHT;ANDRADE LIMA HOTEIS SA;09015421000160;OK;ACN;PA;PN;EPNNPR;ACOES NOMINATIVAS ACOES PREFERENCIAIS CLASSE A;A;True;A;;;2026-10-05;True
BRALIUACNOR3;ALIU;ALIUM PARTICIPACOES SA;02783425000140;OK;ACN;OR;ON;ESVUFR;ACOES NOMINATIVAS ACOES ORDINARIAS;A;True;A;;;2026-10-05;True
BRALLDACNOR3;ALLD;ALLIED TECNOLOGIA SA;20247322000147;OK;ACN;OR;ON;ESVUFR;ACOES NOMINATIVAS;A;True;N;;;2026-10-05;True
BRALLFACNPB9;ALLF;ALL FAMA INDL SA;04965794000189;OK;ACN;PB;PN;EPNNPR;ACOES NOMINATIVAS ACOES PREFERENCIAIS CLASSE B;A;True;A;;;2026-10-05;True
BRALLFACNPC7;ALLF;ALL FAMA INDL SA;04965794000189;OK;ACN;PC;PN;EPNNPR;ACOES NOMINATIVAS;A;True;N;;;2026-10-05;True
BRALMNACNPR7;ALMN;ALUMINIO EXTRUDADO BRASIL SA ALUMINEX;12569935000172;OK;ACN;PR;PN;EPNNPR;ACOES NOMINATIVAS ACOES PREFERENCIAIS;A;True;A;;;2026-10-05;True
BRALMSACNPA2;ALMS;ALIMENTOS MARANHAO SA ALMASA;09018953000151;OK;ACN;PA;PN;EPNNPR;ACOES NOMINATIVAS ACOES PREFERENCIAIS CLASSE A;A;True;A;;;2026-10-05;True
BRALMTACNOR7;ALMT;ALIMENTA PARTICIPACOES SERVICOS SA;02997713000105;OK;ACN;OR;ON;ESVUFR;ACOES NOMINATIVAS ACOES ORDINARIAS;A;True;A;;;2026-10-05;True
BRALMZACNPA7;ALMZ;ALUMAZON COMPONENTES AMAZONIA SA;04955456000166;OK;ACN;PA;PN;EPNNPR;ACOES NOMINATIVAS;A;True;N;;;2026-10-05;True
BRALMZACNPR1;ALMZ;ALUMAZON COMPONENTES AMAZONIA SA;04955456000166;OK;ACN;PR;PN;EPNNPR;ACOES NOMINATIVAS ACOES PREFERENCIAIS;A;True;A;;;2026-10-05;True
BRALNDACNPA2;ALND;ALENAIDE AGRICOLA SA;24278582000130;OK;ACN;PA;PN;EPNNPR;ACOES NOMINATIVAS ACOES PREFERENCIAIS CLASSE A;A;True;A;;;2026-10-05;True
BRALOSACNOR5;ALOS;ALLOS S.A.;05878397000132;OK;ACN;OR;ON;ESVUFR;ACOES NOMINATIVAS ACOES ORDINARIAS;A;True;N;;;2026-10-05;True
BRALOSCDAXX5;ALOS;ALLOS S.A.;05878397000132;OK;CDA;XX;UNIT;EMXXXR;CERTIFICADO DE DEPOSITO DE ACOES 0,39 ALOS3 + R$ 1,62;A;True;A;;;2026-10-05;True
BRALPAACNOR0;ALPA;ALPARGATAS SA;61079117000105;OK;ACN;OR;ON;ESVUFR;ACOES NOMINATIVAS ACOES ORDINARIAS;A;True;A;;;2026-10-05;True
BRALPAACNPR7;ALPA;ALPARGATAS SA;61079117000105;OK;ACN;PR;PN;EPNNPR;ACOES NOMINATIVAS ACOES PREFERENCIAIS;A;True;A;;;2026-10-05;True
BRALPKACNOR9;ALPK;ALLPARK EMPREENDIMENTOS PARTICIPACOES SERVICOS SA;60537263000166;OK;ACN;OR;ON;ESVUFR;ACOES NOMINATIVAS ACOES ORDINARIAS;A;True;A;;;2026-10-05;True
BRALPKACNPR6;ALPK;ALLPARK EMPREENDIMENTOS PARTICIPACOES SERVICOS SA;60537263000166;OK;ACN;PR;PN;EPNNPR;ACOES NOMINATIVAS ACOES PREFERENCIAIS;A;True;A;;;2026-10-05;True
BRALPNACNOR3;ALPN;ALPINA BRASIL SA;87819926000191;OK;ACN;OR;ON;ESVUFR;ACOES NOMINATIVAS ACOES ORDINARIAS;A;True;A;;;2026-10-05;True
BRALPNACNPR0;ALPN;ALPINA BRASIL SA;87819926000191;OK;ACN;PR;PN;EPNNPR;ACOES NOMINATIVAS ACOES PREFERENCIAIS;A;True;A;;;2026-10-05;True
BRALPTACNOR0;ALPT;ALBAE PARTICIPACOES SA;02783422000106;OK;ACN;OR;ON;ESVUFR;ACOES NOMINATIVAS ACOES ORDINARIAS;A;True;A;;;2026-10-05;True
BRALPTACNPA3;ALPT;ALBAE PARTICIPACOES SA;02783422000106;OK;ACN;PA;PN;EPNNPR;ACOES NOMINATIVAS ACOES PREFERENCIAIS CLASSE A;A;True;A;;;2026-10-05;True
BRALSAACNPB5;ALSA;ALUSA ALUMINIOS UTILIDADES S.A;02500125000106;OK;ACN;PB;PN;EPNNPR;ACOES NOMINATIVAS ACOES PREFERENCIAIS CLASSE B;A;True;A;;;2026-10-05;True
BRALSCACNOR0;ALSC;ALIANSCE SHOPPING CENTERS SA;06082980000103;OK;ACN;OR;ON;ESVUFR;ACOES NOMINATIVAS ACOES ORDINARIAS;A;True;A;;;2026-10-05;True
BRALSDACNOR8;ALSD;ALUMINIO SUL SA ALUSUD;82998600000155;OK;ACN;OR;ON;ESVUFR;ACOES NOMINATIVAS ACOES ORDINARIAS;A;True;A;;;2026-10-05;True
BRALSDACNPA1;ALSD;ALUMINIO SUL SA ALUSUD;82998600000155;OK;ACN;PA;PN;EPNNPR;ACOES NOMINATIVAS ACOES PREFERENCIAIS CLASSE A;A;True;A;;;2026-10-05;True
BRALSDACNPB9;ALSD;ALUMINIO SUL SA ALUSUD;82998600000155;OK;ACN;PB;PN;EPNNPR;ACOES NOMINATIVAS ACOES PREFERENCIAIS CLASSE B;A;True;A;;;2026-10-05;True
BRALSTACNOR4;ALST;ALSTOM ELEC SA;88309620000158;OK;ACN;OR;ON;ESVUFR;ACOES NOMINATIVAS ACOES ORDINARIAS;A;True;A;;;2026-10-05;True
BRALTAACNOR2;ALTA;AMERICA LATINA TELECOMUNICACOES AVANCADAS SA ALTA;02282923000109;OK;ACN;OR;ON;ESVUFR;ACOES NOMINATIVAS ACOES ORDINARIAS;A;True;A;;;2026-10-05;True
BRALTFACNOR1;ALTF;ALTHAIA S.A. INDÚSTRIA FARMACÊUTICA;48344725000719;OK;ACN;OR;ON;ESVUFR;ACOES NOMINATIVAS;A;True;N;;;2026-10-05;True
BRALTRACNOR6;ALTR;ALTERE SECURITIZADORA SA;02783423000150;OK;ACN;OR;ON;ESVUFR;ACOES NOMINATIVAS ACOES ORDINARIAS;A;True;A;;;2026-10-05;True
BRALTSACNOR4;ALTS;ALTUS SISTEMAS AUTOMACAO SA;92859974000143;OK;ACN;OR;ON;ESVUFR;ACOES NOMINATIVAS ACOES ORDINARIAS;A;True;A;;;2026-10-05;True
BRALTUACNOR0;ALTU;ALTUS SISTEMAS INFORMATICA SA;88471578000177;OK;ACN;OR;ON;ESVUFR;ACOES NOMINATIVAS ACOES ORDINARIAS;A;True;A;;;2026-10-05;True
BRALTUACNPA3;ALTU;ALTUS SISTEMAS INFORMATICA SA;88471578000177;OK;ACN;PA;PN;EPNNPR;ACOES NOMINATIVAS ACOES PREFERENCIAIS CLASSE A;A;True;A;;;2026-10-05;True
BRALTUACNPB1;ALTU;ALTUS SISTEMAS INFORMATICA SA;88471578000177;OK;ACN;PB;PN;EPNNPR;ACOES NOMINATIVAS ACOES PREFERENCIAIS CLASSE B;A;True;A;;;2026-10-05;True
BRALUPACNOR8;ALUP;ALUPAR INVESTIMENTO S.A;08364948000138;OK;ACN;OR;ON;ESVUFR;ACOES NOMINATIVAS ACOES ORDINARIAS;A;True;A;;;2026-10-05;True
BRALUPACNPR5;ALUP;ALUPAR INVESTIMENTO S.A;08364948000138;OK;ACN;PR;PN;EPNNPR;ACOES NOMINATIVAS ACOES PREFERENCIAIS;A;True;A;;;2026-10-05;True
BRALUPCDAM15;ALUP;ALUPAR INVESTIMENTO S.A;08364948000138;OK;CDA;M1;UNIT;EMXXXR;CERTIFICADO DE DEPOSITO DE ACOES CERTIFICADO DE DEPOSITO DE ACOES REPRESENTATIVOS DE 1 ACAO ORDINARIA  E 2 ACOES;A;True;A;;;2026-10-05;True
BRAMAGACNPR4;AMAG;AM AGROPECUARIA SA;39324892000111;OK;ACN;PR;PN;EPNNPR;ACOES NOMINATIVAS ACOES PREFERENCIAIS;A;True;A;;;2026-10-05;True
BRAMAMACNPA8;AMAM;AGROPECUARIA AMAMBAI SA;04599353000100;OK;ACN;PA;PN;EPNNPR;ACOES NOMINATIVAS ACOES PREFERENCIAIS CLASSE A;A;True;A;;;2026-10-05;True
BRAMARACNOR4;AMAR;MARISA LOJAS SA;61189288000189;OK;ACN;OR;ON;ESVUFR;ACOES NOMINATIVAS ACOES ORDINARIAS;A;True;A;;;2026-10-05;True
BRAMBPACNOR6;AMBP;AMBIPAR PARTICIPAÇÕES E EMPREENDIMENTOS S.A;12648266000124;OK;ACN;OR;ON;ESVUFR;ACOES NOMINATIVAS;A;True;N;;;2026-10-05;True
BRAMBPUNT005;AMBP;AMBIPAR PARTICIPAÇÕES E EMPREENDIMENTOS S.A;12648266000124;OK;UNT;ZZ;UNIT;MCMUXR;UNITS;A;True;N;;;2026-10-05;True
BRAMBTACNOR8;AMBT;AMBIENT SERVICOS AMBIENTAIS RIBEIRAO PRETO SA;00910456000199;OK;ACN;OR;ON;ESVUFR;ACOES NOMINATIVAS ACOES ORDINARIAS;A;True;A;;;2026-10-05;True
BRAMBTACNPR5;AMBT;AMBIENT SERVICOS AMBIENTAIS RIBEIRAO PRETO SA;00910456000199;OK;ACN;PR;PN;EPNNPR;ACOES NOMINATIVAS ACOES PREFERENCIAIS;A;True;A;;;2026-10-05;True
BRAMBVACNOR4;AMBV;CIA BEBIDAS AMERICAS AMBEV;02808708000107;OK;ACN;OR;ON;ESVUFR;ACOES NOMINATIVAS ACOES ORDINARIAS;A;True;A;;;2026-10-05;True
BRAMBVACNPR1;AMBV;CIA BEBIDAS AMERICAS AMBEV;02808708000107;OK;ACN;PR;PN;EPNNPR;ACOES NOMINATIVAS ACOES PREFERENCIAIS;A;True;A;;;2026-10-05;True
BRAMCEACNOR8;AMCE;AMERICEL SA;01685903000116;OK;ACN;OR;ON;ESVUFR;ACOES NOMINATIVAS ACOES ORDINARIAS;A;True;A;;;2026-10-05;True
BRAMCEACNPA1;AMCE;AMERICEL SA;01685903000116;OK;ACN;PA;PN;EPNNPR;ACOES NOMINATIVAS ACOES PREFERENCIAIS CLASSE A;A;True;A;;;2026-10-05;True
BRAMCEACNPB9;AMCE;AMERICEL SA;01685903000116;OK;ACN;PB;PN;EPNNPR;ACOES NOMINATIVAS ACOES PREFERENCIAIS CLASSE B;A;True;A;;;2026-10-05;True
BRAMEAACNOR2;AMEA;AMERICA'S EMPREENDIMENTOS ARTISTICOS SA;01223522000115;OK;ACN;OR;ON;ESVUFR;ACOES NOMINATIVAS ACOES ORDINARIAS;A;True;A;;;2026-10-05;True
BRAMERACNOR6;AMER;AMERICANAS S.A;00776574000156;OK;ACN;OR;ON;ESVUFR;ACOES NOMINATIVAS ACOES ORDINARIAS;A;True;N;;;2026-10-05;True
BRAMFBACNOR7;AMFB;AMF BOWLING LTDA;;VAZIO;ACN;OR;ON;ESVUFR;ACOES NOMINATIVAS COTAS;A;True;A;;;2026-10-05;True
BRAMFOACNPR7;AMFO;AGROPECUARIA MF OLIVEIRA SA - AGROMOSA;06040547000105;OK;ACN;PR;PN;EPNNPR;ACOES NOMINATIVAS ACOES PREFERENCIAIS;A;True;A;;;2026-10-05;True
BRAMILACNOR0;AMIL;AMIL PARTICIPACOES SA;36461242000120;OK;ACN;OR;ON;ESVUFR;ACOES NOMINATIVAS ACOES ORDINARIAS;A;True;A;;;2026-10-05;True
BRAMLAACNOR7;AMLA;AMIL ASSISTENCIA MEDICA INTERNACIONAL SA;29309127000179;OK;ACN;OR;ON;ESVUFR;ACOES NOMINATIVAS ACOES ORDINARIAS;A;True;A;;;2026-10-05;True
BRAMLCACNOR3;AMLC;AMELCO SA IND ELETRONICA;57009078000194;OK;ACN;OR;ON;ESVUFR;ACOES NOMINATIVAS ACOES ORDINARIAS;A;True;A;;;2026-10-05;True
BRAMLCACNPR0;AMLC;AMELCO SA IND ELETRONICA;57009078000194;OK;ACN;PR;PN;EPNNPR;ACOES NOMINATIVAS ACOES PREFERENCIAIS;A;True;A;;;2026-10-05;True
BRAMOBACNOR9;AMOB;AUTOMOB PARTICIPAÇÕES S.A.;35654688000108;OK;ACN;OR;ON;ESVUFR;ACOES NOMINATIVAS;A;True;N;;;2026-10-05;True
BRAMPIACNOR1;AMPI;AMPLA INVESTS SERVICOS SA;07809905000156;OK;ACN;OR;ON;ESVUFR;ACOES NOMINATIVAS ACOES ORDINARIAS;A;True;A;;;2026-10-05;True
BRAMPTACNPA1;AMPT;AMAPATIUA AGROPECUARIA SA;04378352000136;OK;ACN;PA;PN;EPNNPR;ACOES NOMINATIVAS ACOES PREFERENCIAIS CLASSE A;A;True;A;;;2026-10-05;True
BRAMRIACNOR7;AMRI;GEODEX COMMUNICATIONS BRASIL SA (EX CONVEXX COMMUNICATIONS BRASIL SA);02808710000178;OK;ACN;OR;ON;ESVUFR;ACOES NOMINATIVAS ACOES ORDINARIAS;A;True;A;;;2026-10-05;True
BRAMRIACNPC6;AMRI;GEODEX COMMUNICATIONS BRASIL SA (EX CONVEXX COMMUNICATIONS BRASIL SA);02808710000178;OK;ACN;PC;PN;EPNNPR;ACOES NOMINATIVAS ACOES PREFERENCIAIS CLASSE C;A;True;A;;;2026-10-05;True
BRAMRIACNPD4;AMRI;GEODEX COMMUNICATIONS BRASIL SA (EX CONVEXX COMMUNICATIONS BRASIL SA);02808710000178;OK;ACN;PD;PN;EPNNPR;ACOES NOMINATIVAS ACOES PREFERENCIAIS CLASSE D;A;True;A;;;2026-10-05;True
BRAMRIACNPE2;AMRI;GEODEX COMMUNICATIONS BRASIL SA (EX CONVEXX COMMUNICATIONS BRASIL SA);02808710000178;OK;ACN;PE;PN;EPNNPR;ACOES NOMINATIVAS ACOES PREFERENCIAIS CLASSE E;A;True;A;;;2026-10-05;True
BRAMROACNOR5;AMRO;ABN AMRO ARREND MERCANTIL SA;34033779000163;OK;ACN;OR;ON;ESVUFR;ACOES NOMINATIVAS ACOES ORDINARIAS;A;True;A;;;2026-10-05;True
BRAMSLACNOR9;AMSL;AMERICA SUL LEASING SA ARREND MERCANTIL;44081677000177;OK;ACN;OR;ON;ESVUFR;ACOES NOMINATIVAS ACOES ORDINARIAS;A;True;A;;;2026-10-05;True
BRAMSLACNPR6;AMSL;AMERICA SUL LEASING SA ARREND MERCANTIL;44081677000177;OK;ACN;PR;PN;EPNNPR;ACOES NOMINATIVAS ACOES PREFERENCIAIS;A;True;A;;;2026-10-05;True
BRAMTDACNPR1;AMTD;AMERICAN TRADING SA;31805419000144;OK;ACN;PR;PN;EPNNPR;ACOES NOMINATIVAS ACOES PREFERENCIAIS;A;True;A;;;2026-10-05;True
BRAMZGACNOR4;AMZG;AMAZONAS DISTRIBUIDORA ENERGIA S.A.;02341467000120;OK;ACN;OR;ON;ESVUFR;ACOES NOMINATIVAS ACOES ORDINARIAS;A;True;N;;;2026-10-05;True
BRAMZGCDAM10;AMZG;AMAZONAS DISTRIBUIDORA ENERGIA S.A.;02341467000120;OK;CDA;M1;UNIT;EMXXXR;CERTIFICADO DE DEPOSITO DE ACOES;A;True;N;;;2026-10-05;True
BRANAJACNPA2;ANAJ;CARANA CIA AGROPASTORIL RIO ANAJAS;04868980000108;OK;ACN;PA;PN;EPNNPR;ACOES NOMINATIVAS ACOES PREFERENCIAIS CLASSE A;A;True;A;;;2026-10-05;True
BRANAMACNOR3;ANAM;IND BEBIDAS ANTARCTICA AMAZONIA SA;04393401000100;OK;ACN;OR;ON;ESVUFR;ACOES NOMINATIVAS ACOES ORDINARIAS;A;True;A;;;2026-10-05;True
BRANAMACNPA6;ANAM;IND BEBIDAS ANTARCTICA AMAZONIA SA;04393401000100;OK;ACN;PA;PN;EPNNPR;ACOES NOMINATIVAS ACOES PREFERENCIAIS CLASSE A;A;True;A;;;2026-10-05;True
BRANAMACNPB4;ANAM;IND BEBIDAS ANTARCTICA AMAZONIA SA;04393401000100;OK;ACN;PB;PN;EPNNPR;ACOES NOMINATIVAS ACOES PREFERENCIAIS CLASSE B;A;True;A;;;2026-10-05;True
BRANCEACNOR6;ANCE;IND BEBIDAS ANTARCTICA CEARA SA;72179484000199;OK;ACN;OR;ON;ESVUFR;ACOES NOMINATIVAS ACOES ORDINARIAS;A;True;A;;;2026-10-05;True
BRANDGACNOR9;ANDG;ANDRADE GUTIERREZ CONCESSOES SA;03601314000138;OK;ACN;OR;ON;ESVUFR;ACOES NOMINATIVAS ACOES ORDINARIAS;A;True;A;;;2026-10-05;True
BRANDGACNPR6;ANDG;ANDRADE GUTIERREZ CONCESSOES SA;03601314000138;OK;ACN;PR;PN;EPNNPR;ACOES NOMINATIVAS ACOES PREFERENCIAIS;A;True;A;;;2026-10-05;True
BRANGTACNOR5;ANGT;CONSTRUTORA ANDRADE GUTIERREZ SA;17262213000194;OK;ACN;OR;ON;ESVUFR;ACOES NOMINATIVAS ACOES ORDINARIAS;A;True;A;;;2026-10-05;True
BRANHUACNPA4;ANHU;ANHUMAS AGROPECUARIA SA;04582540000181;OK;ACN;PA;PN;EPNNPR;ACOES NOMINATIVAS ACOES PREFERENCIAIS CLASSE A;A;True;A;;;2026-10-05;True
BRANHUACNPC0;ANHU;ANHUMAS AGROPECUARIA SA;04582540000181;OK;ACN;PC;PN;EPNNPR;ACOES NOMINATIVAS ACOES PREFERENCIAIS CLASSE C;A;True;A;;;2026-10-05;True
BRANIMACNOR6;ANIM;ANIMA HOLDING SA;09288252000132;OK;ACN;OR;ON;ESVUFR;ACOES NOMINATIVAS ACOES ORDINARIAS;A;True;A;;;2026-10-05;True
BRANMTACNOR3;ANMT;IND BEBIDAS ANTARCTICA MATO GROSSO SA;32993529000140;OK;ACN;OR;ON;ESVUFR;ACOES NOMINATIVAS ACOES ORDINARIAS;A;True;A;;;2026-10-05;True
BRANMTACNPA6;ANMT;IND BEBIDAS ANTARCTICA MATO GROSSO SA;32993529000140;OK;ACN;PA;PN;EPNNPR;ACOES NOMINATIVAS ACOES PREFERENCIAIS CLASSE A;A;True;A;;;2026-10-05;True
BRANMTACNPB4;ANMT;IND BEBIDAS ANTARCTICA MATO GROSSO SA;32993529000140;OK;ACN;PB;PN;EPNNPR;ACOES NOMINATIVAS ACOES PREFERENCIAIS CLASSE B;A;True;A;;;2026-10-05;True
BRANPBACNOR4;ANPB;IND BEBIDAS ANTARCTICA PARAIBA SA;09259821000111;OK;ACN;OR;ON;ESVUFR;ACOES NOMINATIVAS ACOES ORDINARIAS;A;True;A;;;2026-10-05;True
BRANPBACNPA7;ANPB;IND BEBIDAS ANTARCTICA PARAIBA SA;09259821000111;OK;ACN;PA;PN;EPNNPR;ACOES NOMINATIVAS ACOES PREFERENCIAIS CLASSE A;A;True;A;;;2026-10-05;True
BRANPBACNPB5;ANPB;IND BEBIDAS ANTARCTICA PARAIBA SA;09259821000111;OK;ACN;PB;PN;EPNNPR;ACOES NOMINATIVAS ACOES PREFERENCIAIS CLASSE B;A;True;A;;;2026-10-05;True
BRANRNACNOR5;ANRN;IND BEBIDAS ANTARCTICA RIO GRANDE NORTE SA;08473852000108;OK;ACN;OR;ON;ESVUFR;ACOES NOMINATIVAS ACOES ORDINARIAS;A;True;A;;;2026-10-05;True
BRANRNACNPA8;ANRN;IND BEBIDAS ANTARCTICA RIO GRANDE NORTE SA;08473852000108;OK;ACN;PA;PN;EPNNPR;ACOES NOMINATIVAS ACOES PREFERENCIAIS CLASSE A;A;True;A;;;2026-10-05;True
BRANRNACNPB6;ANRN;IND BEBIDAS ANTARCTICA RIO GRANDE NORTE SA;08473852000108;OK;ACN;PB;PN;EPNNPR;ACOES NOMINATIVAS ACOES PREFERENCIAIS CLASSE B;A;True;A;;;2026-10-05;True
BRANSCACNPB7;ANSC;AGROPECUARIA N.SENHORA DO CARMO S.A.;00945531000157;OK;ACN;PB;PN;EPNNPR;ACOES NOMINATIVAS ACOES PREFERENCIAIS CLASSE B;A;True;A;;;2026-10-05;True
BRANSNACNPA6;ANSN;ANSON AGROPECUARIA SA;;VAZIO;ACN;PA;PN;EPNNPR;ACOES NOMINATIVAS ACOES PREFERENCIAIS CLASSE A;A;True;A;;;2026-10-05;True
BRANTAACNOR8;ANTA;CIA ANTARCTICA PAULISTA IND BRASILEIRA BEBIDAS CONEXOS;60522000000183;OK;ACN;OR;ON;ESVUFR;ACOES NOMINATIVAS ACOES ORDINARIAS;A;True;A;;;2026-10-05;True
BRANTAACNPR5;ANTA;CIA ANTARCTICA PAULISTA IND BRASILEIRA BEBIDAS CONEXOS;60522000000183;OK;ACN;PR;PN;EPNNPR;ACOES NOMINATIVAS ACOES PREFERENCIAIS;A;True;A;;;2026-10-05;True
BRAOVSACNOR4;AOVS;OVS SISTEMAS DE INFORMATICA SA;05555382000133;OK;ACN;OR;ON;ESVUFR;ACOES NOMINATIVAS ACOES ORDINARIAS;A;True;N;;;2026-10-05;True
BRAPAKACNPA5;APAK;APIACAS HOTEIS E TURISMO S.A.;05020920000195;OK;ACN;PA;PN;EPNNPR;ACOES NOMINATIVAS;A;True;N;;;2026-10-05;True
BRAPECACNOR1;APEC;ADESPEC ADESIVOS ESPECIAIS S.A;04568840000106;OK;ACN;OR;ON;ESVUFR;ACOES NOMINATIVAS ACOES ORDINARIAS;A;True;A;;;2026-10-05;True
BRAPECACNPR8;APEC;ADESPEC ADESIVOS ESPECIAIS S.A;04568840000106;OK;ACN;PR;PN;EPNNPR;ACOES NOMINATIVAS ACOES PREFERENCIAIS;A;True;A;;;2026-10-05;True
BRAPERACNOR9;APER;ALPER CONSULTORIA E CORRETORA DE SEGUROS S.A.;11721921000160;OK;ACN;OR;ON;ESVUFR;ACOES NOMINATIVAS ACOES ORDINARIAS;A;True;N;;;2026-10-05;True
BRAPHAACNOR8;APHA;CIA PARTICIPACOES ALPHA;01996119000129;OK;ACN;OR;ON;ESVUFR;ACOES NOMINATIVAS ACOES ORDINARIAS;A;True;A;;;2026-10-05;True
BRAPHAACNPR5;APHA;CIA PARTICIPACOES ALPHA;01996119000129;OK;ACN;PR;PN;EPNNPR;ACOES NOMINATIVAS ACOES PREFERENCIAIS;A;True;A;;;2026-10-05;True
BRAPIAACNPA9;APIA;AGROPECUARIA APIACAS MATO GROSSO S.A;01912859000130;OK;ACN;PA;PN;EPNNPR;ACOES NOMINATIVAS ACOES PREFERENCIAIS CLASSE A;A;True;A;;;2026-10-05;True
BRAPMVACNPA7;APMV;AGROPECUARIA MONTE VERDE S/A;02815239000145;OK;ACN;PA;PN;EPNNPR;ACOES NOMINATIVAS;A;True;N;;;2026-10-05;True
BRAPPAACNOR1;APPA;A P PARTICIPACOES SA;02288752000125;OK;ACN;OR;ON;ESVUFR;ACOES NOMINATIVAS ACOES ORDINARIAS;A;True;A;;;2026-10-05;True
BRAPSAACNPA8;APSA;AGROPECUARIA ITAPITANGA SA APISA;08241630000160;OK;ACN;PA;PN;EPNNPR;ACOES NOMINATIVAS ACOES PREFERENCIAIS CLASSE A;A;True;A;;;2026-10-05;True
BRAPTIACNOR6;APTI;ALIPERTI S.A.;61156931000178;OK;ACN;OR;ON;ESVUFR;ACOES NOMINATIVAS ACOES ORDINARIAS;A;True;A;;;2026-10-05;True
BRAPTIACNPR3;APTI;ALIPERTI S.A.;61156931000178;OK;ACN;PR;PN;EPNNPR;ACOES NOMINATIVAS ACOES PREFERENCIAIS;A;True;A;;;2026-10-05;True
BRAQISACNOR6;AQIS;AQUIRIS GAME STUDIO SA;07358694000182;OK;ACN;OR;ON;ESVUFR;ACOES NOMINATIVAS ACOES ORDINARIAS;A;True;A;;;2026-10-05;True
BRAQISACNPR3;AQIS;AQUIRIS GAME STUDIO SA;07358694000182;OK;ACN;PR;PN;EPNNPR;ACOES NOMINATIVAS ACOES PREFERENCIAIS;A;True;A;;;2026-10-05;True
BRAQMRACNPB1;AQMR;AQUAMARIS AQUACULTURA SA;09405671000107;OK;ACN;PB;PN;EPNNPR;ACOES NOMINATIVAS ACOES PREFERENCIAIS CLASSE B;A;True;A;;;2026-10-05;True
BRAQTCACNOR7;AQTC;AQUATEC QUIMICA SA;45169000000158;OK;ACN;OR;ON;ESVUFR;ACOES NOMINATIVAS ACOES ORDINARIAS;A;True;A;;;2026-10-05;True
BRAQTCACNPR4;AQTC;AQUATEC QUIMICA SA;45169000000158;OK;ACN;PR;PN;EPNNPR;ACOES NOMINATIVAS ACOES PREFERENCIAIS;A;True;A;;;2026-10-05;True
BRARAMACNPA7;ARAM;CIA AGROPECUARIA ARAME;08982878000181;OK;ACN;PA;PN;EPNNPR;ACOES NOMINATIVAS ACOES PREFERENCIAIS CLASSE A;A;True;A;;;2026-10-05;True
BRARBRACNOR1;ARBR;ARBRA SA;00237000000100;OK;ACN;OR;ON;ESVUFR;ACOES NOMINATIVAS ACOES ORDINARIAS;A;True;A;;;2026-10-05;True
BRARBRACNPR8;ARBR;ARBRA SA;00237000000100;OK;ACN;PR;PN;EPNNPR;ACOES NOMINATIVAS ACOES PREFERENCIAIS - E:1995;A;True;A;;;2026-10-05;True
BRARCEACNOR7;ARCE;ARCELOR BRASIL SA;24315012000173;OK;ACN;OR;ON;ESVUFR;ACOES NOMINATIVAS ACOES ORDINARIAS;A;True;A;;;2026-10-05;True
BRARCMACNOR0;ARCM;ARACRUZ PRODUTOS MADEIRA SA;01739871000194;OK;ACN;OR;ON;ESVUFR;ACOES NOMINATIVAS ACOES ORDINARIAS;A;True;A;;;2026-10-05;True
BRARCNACNPA1;ARCN;ARTECON - ARTEFATOS CONCRETO SA;04960530000132;OK;ACN;PA;PN;EPNNPR;ACOES NOMINATIVAS ACOES PREFERENCIAIS CLASSE A;A;True;A;;;2026-10-05;True
BRARDSACNOR5;ARDS;ARDOSIA PARTICIPACOES SA;02036233000170;OK;ACN;OR;ON;ESVUFR;ACOES NOMINATIVAS ACOES ORDINARIAS;A;True;A;;;2026-10-05;True
BRARDSACNPR2;ARDS;ARDOSIA PARTICIPACOES SA;02036233000170;OK;ACN;PR;PN;EPNNPR;ACOES NOMINATIVAS ACOES PREFERENCIAIS;A;True;A;;;2026-10-05;True
BRARGBACNOR4;ARGB;PÁTRIA TERRAS AGRÍCOLA I S.A.;27218977000136;OK;ACN;OR;ON;ESVUFR;ACOES NOMINATIVAS ACOES ORDINARIAS;A;True;N;;;2026-10-05;True
BRARIBACNOR0;ARIB;ARRIBA SPORTS INVESTIMENTOS PARTICIPACOES SA;27317503000141;OK;ACN;OR;ON;ESVUFR;ACOES NOMINATIVAS ACOES ORDINARIAS;A;True;N;;;2026-10-05;True
BRARLAACNOR6;ARLA;ARTHUR LANGE SA IND COM;92189356000133;OK;ACN;OR;ON;ESVUFR;ACOES NOMINATIVAS ACOES ORDINARIAS;A;True;A;;;2026-10-05;True
BRARLAACNPR3;ARLA;ARTHUR LANGE SA IND COM;92189356000133;OK;ACN;PR;PN;EPNNPR;ACOES NOMINATIVAS ACOES PREFERENCIAIS;A;True;A;;;2026-10-05;True
BRARMLACNOR1;ARML;ARMAC LOCAÇÃO, LOGÍSTICA E SERVIÇOS S.A.;00242184000104;OK;ACN;OR;ON;ESVUFR;ACOES NOMINATIVAS;A;True;N;;;2026-10-05;True
BRARNDACNOR6;ARND;ARANDU INVESTIMENTOS S.A.;14127813000151;OK;ACN;OR;ON;ESVUFR;ACOES NOMINATIVAS;A;True;N;;;2026-10-05;True
BRARNOACNOR3;ARNO;ARNO SA;61064978000101;OK;ACN;OR;ON;ESVUFR;ACOES NOMINATIVAS ACOES ORDINARIAS;A;True;A;;;2026-10-05;True
BRARNOACNPR0;ARNO;ARNO SA;61064978000101;OK;ACN;PR;PN;EPNNPR;ACOES NOMINATIVAS ACOES PREFERENCIAIS;A;True;A;;;2026-10-05;True
BRAROPACNPB9;AROP;AGROPES-AGROPECUARIA SAO PAULO S.A.;04965968000103;OK;ACN;PB;PN;EPNNPR;ACOES NOMINATIVAS ACOES PREFERENCIAIS CLASSE B;A;True;A;;;2026-10-05;True
BRARPCACNPA6;ARPC;EMA AGROPECUÁRIA S/A;04990461000100;OK;ACN;PA;PN;EPNNPR;ACOES NOMINATIVAS LEILÃO FINAM 09/22;A;True;N;;;2026-10-05;True
BRARPCACNPB4;ARPC;EMA AGROPECUÁRIA S/A;04990461000100;OK;ACN;PB;PN;EPNNPR;ACOES NOMINATIVAS LEILAO FINAM 09/22;A;True;N;;;2026-10-05;True
BRARPCACNPC2;ARPC;EMA AGROPECUÁRIA S/A;04990461000100;OK;ACN;PC;PN;EPNNPR;ACOES NOMINATIVAS LEILAO FINAM 09/22;A;True;N;;;2026-10-05;True
BRARPMACNPB3;ARPM;ARAPUIM AGROPECUARIA INDL SA;25122961000108;OK;ACN;PB;PN;EPNNPR;ACOES NOMINATIVAS ACOES PREFERENCIAIS CLASSE B;A;True;A;;;2026-10-05;True
BRARPSACNOR9;ARPS;DOUAT CIA TEXTIL;82610726000100;OK;ACN;OR;ON;ESVUFR;ACOES NOMINATIVAS ACOES ORDINARIAS;A;True;A;;;2026-10-05;True
BRARPSACNPR6;ARPS;DOUAT CIA TEXTIL;82610726000100;OK;ACN;PR;PN;EPNNPR;ACOES NOMINATIVAS ACOES PREFERENCIAIS;A;True;A;;;2026-10-05;True
BRARRBACNOR1;ARRB;ARRIBA INVESTIMENTO PARTICIPACOES;17212522000150;OK;ACN;OR;ON;ESVUFR;ACOES NOMINATIVAS ACOES ORDINARIAS;A;True;A;;;2026-10-05;True
BRARSAACNPA4;ARSA;AGROPECUARIA DO GUAMA SA - AGROMASA;14123228000183;OK;ACN;PA;PN;ESVUFR;ACOES NOMINATIVAS ACOES PREFERENCIAIS CLASSE A;A;True;N;;;2026-10-05;True
BRARSOACNPR9;ARSO;AROSO HOTEIS LAZER SA;39378187000105;OK;ACN;PR;PN;EPNNPR;ACOES NOMINATIVAS ACOES PREFERENCIAIS;A;True;A;;;2026-10-05;True
BRARTBACNPA0;ARTB;AGROPECUARIA ARACATUBA S.A;02282297000150;OK;ACN;PA;PN;EPNNPR;ACOES NOMINATIVAS ACOES PREFERENCIAIS CLASSE A;A;True;A;;;2026-10-05;True
BRARTRACNOR3;ARTR;ARTERIS SA;02919555000167;OK;ACN;OR;ON;ESVUFR;ACOES NOMINATIVAS ACOES ORDINARIAS;A;True;A;;;2026-10-05;True
BRARTSACNPC0;ARTS;ARARIPE TEXTIL SA ARTESA;10169860000107;OK;ACN;PC;PN;EPNNPR;ACOES NOMINATIVAS ACOES PREFERENCIAIS CLASSE C;A;True;A;;;2026-10-05;True
BRARZNACNPA2;ARZN;ARIZONA SA AGROINDL PECUARIA;12803540000192;OK;ACN;PA;PN;EPNNPR;ACOES NOMINATIVAS ACOES PREFERENCIAIS CLASSE A;A;True;A;;;2026-10-05;True
BRASAIACNOR0;ASAI;SENDAS DISTRIBUIDORA S.A.;06057223000171;OK;ACN;OR;ON;ESVUFR;ACOES NOMINATIVAS;A;True;N;;;2026-10-05;True
BRASALACNOR4;ASAL;ALUMINIO SA EXTRUSAO LAMINACAO;10886893000178;OK;ACN;OR;ON;ESVUFR;ACOES NOMINATIVAS ACOES ORDINARIAS;A;True;A;;;2026-10-05;True
BRASASACNPA2;ASAS;ASA AGROIND ALIMENTOS SA;02693299000132;OK;ACN;PA;PN;EPNNPR;ACOES NOMINATIVAS ACOES PREFERENCIAIS CLASSE A;A;True;A;;;2026-10-05;True
BRASFTACNPR3;ASFT;COMPANHIA BRASILEIRA ASFALTO AMAZONIA IMPORTACAO E EXPORTACAO;05099585000162;OK;ACN;PR;PN;EPNNPR;ACOES NOMINATIVAS ACOES PREFERENCIAIS;A;True;A;;;2026-10-05;True
BRASGAACNPR1;ASGA;ASGA MICROELETRONICA SA;59694729000158;OK;ACN;PR;PN;EPNNPR;ACOES NOMINATIVAS ACOES PREFERENCIAIS;A;True;A;;;2026-10-05;True
BRASSMACNOR4;ASSM;CIA ELDORADO HOTEIS;62791116000143;OK;ACN;OR;ON;ESVUFR;ACOES NOMINATIVAS ACOES ORDINARIAS;A;True;A;;;2026-10-05;True
BRASSMACNPR1;ASSM;CIA ELDORADO HOTEIS;62791116000143;OK;ACN;PR;PN;EPNNPR;ACOES NOMINATIVAS ACOES PREFERENCIAIS;A;True;A;;;2026-10-05;True
BRASSNACNPB3;ASSN;AGROPAST SANGUINETTE SA - AGROSSAN;25129453000143;OK;ACN;PB;PN;EPNNPR;ACOES NOMINATIVAS ACOES PREFERENCIAIS CLASSE B;A;True;A;;;2026-10-05;True
BRASSUACNPB8;ASSU;ASSUNCAO IND COM SA;05504154000134;OK;ACN;PB;PN;EPNNPR;ACOES NOMINATIVAS ACOES PREFERENCIAIS CLASSE B;A;True;A;;;2026-10-05;True
BRASTAACNOR7;ASTA;SANTISTA TEXTIL SA (EX ALPARGATAS SANTISTA TEXTIL SA);15082688000173;OK;ACN;OR;ON;ESVUFR;ACOES NOMINATIVAS ACOES ORDINARIAS;A;True;A;;;2026-10-05;True
BRASTAACNPR4;ASTA;SANTISTA TEXTIL SA (EX ALPARGATAS SANTISTA TEXTIL SA);15082688000173;OK;ACN;PR;PN;EPNNPR;ACOES NOMINATIVAS ACOES PREFERENCIAIS;A;True;A;;;2026-10-05;True
BRASTRACNPB2;ASTR;CERVEJARIA ASTRA SA;23615727000189;OK;ACN;PB;PN;EPNNPR;ACOES NOMINATIVAS ACOES PREFERENCIAIS CLASSE B;A;True;A;;;2026-10-05;True
BRATAHACNPB1;ATAH;ATALAIA HOTEL S/A;10234656000122;OK;ACN;PB;PN;EPNNPR;ACOES NOMINATIVAS;A;True;N;;;2026-10-05;True
BRATBSACNOR5;ATBS;INDS ARTEB SA;62291380000118;OK;ACN;OR;ON;ESVUFR;ACOES NOMINATIVAS ACOES ORDINARIAS;A;True;A;;;2026-10-05;True
BRATEAACNOR7;ATEA;ATHENA SAÚDE BRASIL S.A.;31701408000114;OK;ACN;OR;ON;ESVUFR;ACOES NOMINATIVAS;A;True;N;;;2026-10-05;True
BRATEDACNOR1;ATED;ATOM EDUCAÇÃO E EDITORA S.A.;23994857000170;OK;ACN;OR;ON;ESVUFR;ACOES NOMINATIVAS;A;True;N;;;2026-10-05;True
BRATELACNOR4;ATEL;AUTEL SA TELECOMUNICACOES;47709365000153;OK;ACN;OR;ON;ESVUFR;ACOES NOMINATIVAS ACOES ORDINARIAS;A;True;A;;;2026-10-05;True
BRATELACNPR1;ATEL;AUTEL SA TELECOMUNICACOES;47709365000153;OK;ACN;PR;PN;EPNNPR;ACOES NOMINATIVAS ACOES PREFERENCIAIS;A;True;A;;;2026-10-05;True
BRATGMACNOR7;ATGM;ATG AMERICAS TRADING GROUP SA;10828610000131;OK;ACN;OR;ON;ESVUFR;ACOES NOMINATIVAS ACOES ORDINARIAS;A;True;A;;;2026-10-05;True
BRATHHACNOR5;ATHH;PÁTRIA TERRAS AGRÍCOLA II S.A.;26753292000127;OK;ACN;OR;ON;ESVUFR;ACOES NOMINATIVAS ACOES ORDINARIAS;A;True;N;;;2026-10-05;True
BRATHSACNOR2;ATHS;ATHENA SAUDE HOLDING SA;24082294000106;OK;ACN;OR;ON;ESVUFR;ACOES NOMINATIVAS ACOES ORDINARIAS;A;True;A;;;2026-10-05;True
BRATLAACNOR2;ATLA;ATLAS TELECOM SA;;VAZIO;ACN;OR;ON;ESVUFR;ACOES NOMINATIVAS ACOES ORDINARIAS;A;True;A;;;2026-10-05;True
BRATMAACNOR0;ATMA;ATMA SA;61510996000170;OK;ACN;OR;ON;ESVUFR;ACOES NOMINATIVAS ACOES ORDINARIAS;A;True;A;;;2026-10-05;True
BRATMAACNPR7;ATMA;ATMA SA;61510996000170;OK;ACN;PR;PN;EPNNPR;ACOES NOMINATIVAS ACOES PREFERENCIAIS;A;True;A;;;2026-10-05;True
BRATMLACNPA0;ATML;AUTOMETAL AGROPECUARIA SA;61618237000125;OK;ACN;PA;PN;EPNNPR;ACOES NOMINATIVAS ACOES PREFERENCIAIS CLASSE A;A;True;A;;;2026-10-05;True
BRATMMACNOR5;ATMM;CONSTRUTORA ATERPA M MARTINS SA;17162983000165;OK;ACN;OR;ON;ESVUFR;ACOES NOMINATIVAS ACOES ORDINARIAS;A;True;A;;;2026-10-05;True
BRATMOACNOR1;ATMO;ATMOSFERA GESTAO HIGIENIZACAO TEXTEIS SA;00886257000192;OK;ACN;OR;ON;ESVUFR;ACOES NOMINATIVAS ACOES ORDINARIAS;A;True;A;;;2026-10-05;True
BRATRSACNPA4;ATRS;AGROPECUARIA ALTEROSA SA;05363767000107;OK;ACN;PA;PN;EPNNPR;ACOES NOMINATIVAS ACOES PREFERENCIAIS CLASSE A;A;True;A;;;2026-10-05;True
BRATTAACNPC4;ATTA;ATIAIA PECUARIA SA;04932729000157;OK;ACN;PC;PN;EPNNPR;ACOES NOMINATIVAS ACOES PREFERENCIAIS CLASSE C;A;True;A;;;2026-10-05;True
BRATTPACNOR3;ATTP;ATT PS INFORMATICA SA;33485335000104;OK;ACN;OR;ON;ESVUFR;ACOES NOMINATIVAS ACOES ORDINARIAS;A;True;A;;;2026-10-05;True
BRATTPACNPR0;ATTP;ATT PS INFORMATICA SA;33485335000104;OK;ACN;PR;PN;EPNNPR;ACOES NOMINATIVAS ACOES PREFERENCIAIS;A;True;A;;;2026-10-05;True
BRATTPACNV17;ATTP;ATT PS INFORMATICA SA;33485335000104;OK;ACN;V1;PN;EPVNPR;ACOES NOMINATIVAS ACOES PREFERENCIAIS COM DIREITO A VOTO;A;True;A;;;2026-10-05;True
BRAUAUACNOR1;AUAU;UNIÃO PET PARTICIPAÇÕES S.A.;53153938000108;OK;ACN;OR;ON;ESVUFR;ACOES NOMINATIVAS;A;True;N;;;2026-10-05;True
BRAUAUCDAXX1;AUAU;UNIÃO PET PARTICIPAÇÕES S.A.;53153938000108;OK;CDA;XX;UNIT;EMXXXR;CERTIFICADO DE DEPOSITO DE ACOES EVENTO INC PETZ/COBASI;A;True;N;;;2026-10-05;True
BRAUREACNOR9;AURE;AUREN ENERGIA S.A.;28594234000123;OK;ACN;OR;ON;ESVUFR;ACOES NOMINATIVAS;A;True;N;;;2026-10-05;True
BRAURECDAXX9;AURE;AUREN ENERGIA S.A.;28594234000123;OK;CDA;XX;UNIT;EMXXXR;CERTIFICADO DE DEPOSITO DE ACOES CESTA - AUREN X AES;A;True;N;;;2026-10-05;True
BRAURPACNOR5;AURP;AUREN PARTICIPAÇÕES S.A.;37663076000107;OK;ACN;OR;ON;ESVUFR;ACOES NOMINATIVAS;A;True;N;;;2026-10-05;True
BRAUSTACNOR5;AUST;AUSTRAL INVESTS SA;00160436000148;OK;ACN;OR;ON;ESVUFR;ACOES NOMINATIVAS ACOES ORDINARIAS;A;True;A;;;2026-10-05;True
BRAUSTACNPR2;AUST;AUSTRAL INVESTS SA;00160436000148;OK;ACN;PR;PN;EPNNPR;ACOES NOMINATIVAS ACOES PREFERENCIAIS;A;True;A;;;2026-10-05;True
BRAUTMACNOR8;AUTM;AUTOMETAL SA;59104513000195;OK;ACN;OR;ON;ESVUFR;ACOES NOMINATIVAS ACOES ORDINARIAS;A;True;A;;;2026-10-05;True
BRAUTOACNOR4;AUTO;DUREX INDL SA;60881422000145;OK;ACN;OR;ON;ESVUFR;ACOES NOMINATIVAS ACOES ORDINARIAS;A;True;A;;;2026-10-05;True
BRAUTOACNPR1;AUTO;DUREX INDL SA;60881422000145;OK;ACN;PR;PN;EPNNPR;ACOES NOMINATIVAS ACOES PREFERENCIAIS;A;True;A;;;2026-10-05;True
BRAUTTACNOR3;AUTT;AUTOMATOS PARTICIPACOES S.A;06177147000138;OK;ACN;OR;ON;ESVUFR;ACOES NOMINATIVAS ACOES ORDINARIAS;A;True;A;;;2026-10-05;True
BRAVBRACNOR3;AVBR;AVENIDA BRASIL INVESTS IMOBILIARIOS PARTICIPACOES SA;12251086000104;OK;ACN;OR;ON;ESVUFR;ACOES NOMINATIVAS ACOES ORDINARIAS;A;True;A;;;2026-10-05;True
BRAVCCACNPA6;AVCC;AVICOCO NORDESTE SA;12992822000185;OK;ACN;PA;PN;EPNNPR;ACOES NOMINATIVAS ACOES PREFERENCIAIS CLASSE A;A;True;A;;;2026-10-05;True
BRAVGRACNPB3;AVGR;AGROPECUARIA VALE GORUTUBA SA AGROVALE;22689434000183;OK;ACN;PB;PN;EPNNPR;ACOES NOMINATIVAS ACOES PREFERENCIAIS CLASSE B;A;True;A;;;2026-10-05;True
BRAVIDACNOR8;AVID;PARQUES TEMATICOS HOPI HARI SA (EX AVIDUS PARTICIPACOES SA);02783424000103;OK;ACN;OR;ON;ESVUFR;ACOES NOMINATIVAS ACOES ORDINARIAS;A;True;A;;;2026-10-05;True
BRAVIDACNPR5;AVID;PARQUES TEMATICOS HOPI HARI SA (EX AVIDUS PARTICIPACOES SA);02783424000103;OK;ACN;PR;PN;EPNNPR;ACOES NOMINATIVAS ACOES PREFERENCIAIS;A;True;A;;;2026-10-05;True
BRAVIPACNPA5;AVIP;AVICOLA PRINCESA SA AVIP;03103197000182;OK;ACN;PA;PN;EPNNPR;ACOES NOMINATIVAS ACOES PREFERENCIAIS CLASSE A;A;True;A;;;2026-10-05;True
BRAVLLACNOR5;AVLL;ALPHAVILLE S.A.;16811931000100;OK;ACN;OR;ON;ESVUFR;ACOES NOMINATIVAS ACOES ORDINARIAS;A;True;A;;;2026-10-05;True
BRAWARACNPA6;AWAR;GUERRA AGROPECUARIA S.A.;01709945000140;OK;ACN;PA;PN;EPNNPR;ACOES NOMINATIVAS ACOES PREFERENCIAIS CLASSE A;A;True;A;;;2026-10-05;True
BRAXDOACNOR2;AXDO;AXADO INFORMACAO TECNOLOGIA SA;14429562000160;OK;ACN;OR;ON;ESVUFR;ACOES NOMINATIVAS ACOES ORDINARIAS;A;True;A;;;2026-10-05;True
BRAXIAACNOR0;AXIA;AXIA ENERGIA S.A.;00001180000126;OK;ACN;OR;ON;ESVUFR;ACOES NOMINATIVAS ACOES ORDINARIAS;A;True;N;;;2026-10-05;True
BRAXIAACNPA3;AXIA;AXIA ENERGIA S.A.;00001180000126;OK;ACN;PA;PN;EPNNPR;ACOES NOMINATIVAS ACOES PREFERENCIAIS CLASSE A;A;True;N;;;2026-10-05;True
BRAXIAACNPB1;AXIA;AXIA ENERGIA S.A.;00001180000126;OK;ACN;PB;PN;EPNNPR;ACOES NOMINATIVAS ACOES PREFERENCIAIS CLASSE B;A;True;N;;;2026-10-05;True
BRAXIAACNPC9;AXIA;AXIA ENERGIA S.A.;00001180000126;OK;ACN;PC;PN;EPNNPR;ACOES NOMINATIVAS;A;True;N;;;2026-10-05;True
BRAXIACDAM14;AXIA;AXIA ENERGIA S.A.;00001180000126;OK;CDA;M1;UNIT;EMXXXR;CERTIFICADO DE DEPOSITO DE ACOES CESTA PNB + PNR;A;True;A;;;2026-10-05;True
BRAXIACDAXX0;AXIA;AXIA ENERGIA S.A.;00001180000126;OK;CDA;XX;UNIT;EMXXXR;CERTIFICADO DE DEPOSITO DE ACOES CESTA ON + PNR;A;True;N;;;2026-10-05;True
BRAY4PACNPA5;AY4P;CIA. FLORESTAL E AGRÍCOLA AYAPUÁ;04642625000108;OK;ACN;PA;PN;EPNNPR;ACOES NOMINATIVAS;A;True;N;;;2026-10-05;True
BRAZBRACNOR4;AZBR;CALCADOS AZALEIA SA;98408073000111;OK;ACN;OR;ON;ESVUFR;ACOES NOMINATIVAS ACOES ORDINARIAS;A;True;A;;;2026-10-05;True
BRAZBRACNPR1;AZBR;CALCADOS AZALEIA SA;98408073000111;OK;ACN;PR;PN;EPNNPR;ACOES NOMINATIVAS ACOES PREFERENCIAIS;A;True;A;;;2026-10-05;True
BRAZEVACNOR0;AZEV;AZEVEDO TRAVASSOS SA;61351532000168;OK;ACN;OR;ON;ESVUFR;ACOES NOMINATIVAS ACOES ORDINARIAS;A;True;A;;;2026-10-05;True
BRAZEVACNPR7;AZEV;AZEVEDO TRAVASSOS SA;61351532000168;OK;ACN;PR;PN;EPNNPR;ACOES NOMINATIVAS ACOES PREFERENCIAIS;A;True;A;;;2026-10-05;True
BRAZGTACNPA2;AZGT;AMAZONIA GOLF HOTELARIA TURISMO SA;00380153000101;OK;ACN;PA;PN;EPNNPR;ACOES NOMINATIVAS ACOES PREFERENCIAIS CLASSE A;A;True;A;;;2026-10-05;True
BRAZTEACNOR4;AZTE;AZEVEDO & TRAVASSOS ENERGIA S.A.;52017473000103;OK;ACN;OR;ON;ESVUFR;ACOES NOMINATIVAS;A;True;N;;;2026-10-05;True
BRAZULACNOR7;AZUL;AZUL SA;09305994000129;OK;ACN;OR;ON;ESVUFR;ACOES NOMINATIVAS;A;True;N;;;2026-10-05;True
BRAZULACNPR4;AZUL;AZUL SA;09305994000129;OK;ACN;PR;PN;EPNNPR;ACOES NOMINATIVAS ACOES PREFERENCIAIS;A;True;A;;;2026-10-05;True
BRAZULCDAM13;AZUL;AZUL SA;09305994000129;OK;CDA;M1;UNIT;EMXXXR;CERTIFICADO DE DEPOSITO DE ACOES BÔNUS - 2 SÉRIE 2026;A;True;A;;;2026-10-05;True
BRAZULCDAXX7;AZUL;AZUL SA;09305994000129;OK;CDA;XX;UNIT;EMXXXR;CERTIFICADO DE DEPOSITO DE ACOES BÔNUS - 1 SÉRIE 26;A;True;A;;;2026-10-05;True
BRAZULCDAYY3;AZUL;AZUL SA;09305994000129;OK;CDA;YY;UNIT;EMXXXR;CERTIFICADO DE DEPOSITO DE ACOES BÔNUS - 3 SÉRIE 26;A;True;A;;;2026-10-05;True
BRAZULUNT006;AZUL;AZUL SA;09305994000129;OK;UNT;ZZ;UNIT;MCMUXR;UNITS;A;True;N;;;2026-10-05;True
BRAZULUNT014;AZUL;AZUL SA;09305994000129;OK;UNT;ZZ;UNIT;MCMUXR;UNITS E: 12/2025;A;True;N;;;2026-10-05;True
BRAZULUNT022;AZUL;AZUL SA;09305994000129;OK;UNT;ZZ;UNIT;MCMUXR;UNITS E: ON 12/2025;A;True;N;;;2026-10-05;True
BRAZULUNT030;AZUL;AZUL SA;09305994000129;OK;UNT;ZZ;UNIT;MCMUXR;UNITS E: 01/2026;A;True;N;;;2026-10-05;True
BRAZZAACNOR9;AZZA;AZZAS 2154 S.A.;16590234000176;OK;ACN;OR;ON;ESVUFR;ACOES NOMINATIVAS ACOES ORDINARIAS;A;True;N;;;2026-10-05;True
BRB100ACNOR0;B100;CIABRASF - CIA BRASILEIRA DE SERVIÇOS FINANCEIROS S.A;52270350000171;OK;ACN;OR;ON;ESVUFR;ACOES NOMINATIVAS AÇÕES ORDINÁRIAS;A;True;N;;;2026-10-05;True
BRB3NJACNPR5;B3NJ;CIA. INDUSTRIAL BENJAMIM AGROPECUÁRIA;15372378000193;OK;ACN;PR;PN;EPNNPR;ACOES NOMINATIVAS;A;True;N;;;2026-10-05;True
BRB3SAACNOR6;B3SA;B3 SA - BRASIL, BOLSA, BALCAO;09346601000125;OK;ACN;OR;ON;ESVUFR;ACOES NOMINATIVAS ACOES ORDINARIAS;A;True;N;;;2026-10-05;True
BRB8INACNPD6;B8IN;BRASIL INOXIDAVEIS S/A - BRASINOX;09863622000118;OK;ACN;PD;PN;EPNNPR;ACOES NOMINATIVAS;A;True;N;;;2026-10-05;True
BRB8ISACNPB9;B8IS;IND DE MOVEIS SILVAN S/A;08248437000150;OK;ACN;PB;PN;EPNNPR;ACOES NOMINATIVAS;A;True;N;;;2026-10-05;True
BRB8MHACNPB4;B8MH;MONTE HOTEIS S/A;10915106000179;OK;ACN;PB;PN;EPNNPR;ACOES NOMINATIVAS;A;True;N;;;2026-10-05;True
BRB8OLACNPB2;B8OL;BRASIL ÓLEOS IND.E COM.S/A-BRASÓLEO;06022461000141;OK;ACN;PB;PN;EPNNPR;ACOES NOMINATIVAS;A;True;N;;;2026-10-05;True
BRB8PMACNPB7;B8PM;PREFABRICADOS ALFA DO MARANHAO S/A;05489802000120;OK;ACN;PB;PN;EPNNPR;ACOES NOMINATIVAS LEILAO FINOR;A;True;N;;;2026-10-05;True
BRB8TRACNPR4;B8TR;BURITI INDUSTRIAL S/A;61206355000126;OK;ACN;PR;PN;EPNNPR;ACOES NOMINATIVAS;A;True;N;;;2026-10-05;True
BRB9AIACNPB5;B9AI;COMPANHIA AGRO INDUSTRIAL E IMOBILIARIA ESPERANCA;12310736000145;OK;ACN;PB;PN;EPNNPR;ACOES NOMINATIVAS;A;True;N;;;2026-10-05;True
BRB9FAACNPC9;B9FA;FAZENDA AGROPEC JUA S/A - JUASA;07719016000106;OK;ACN;PC;PN;EPNNPR;ACOES NOMINATIVAS LEILÃO FINOR;A;True;N;;;2026-10-05;True
BRB9RAACNPC4;B9RA;BARAUNA PARTICIPACOES S/A;24084048000193;OK;ACN;PC;PN;EPNNPR;ACOES NOMINATIVAS;A;True;N;;;2026-10-05;True
BRB9SLACNPA3;B9SL;SUINOS E LAVOURA DO NORDESTE S/A-SUINORD;09320979000150;OK;ACN;PA;PN;EPNNPR;ACOES NOMINATIVAS;A;True;N;;;2026-10-05;True
BRB9STACNPR0;B9ST;BANCO SISTEMA S.A.;;VAZIO;ACN;PR;PN;EPNNPR;ACOES NOMINATIVAS INC BPAN BPAC;A;True;N;;;2026-10-05;True
BRBAAMACNOR8;BAAM;BCO BEA SA (EX BCO ESTADO AMAZONAS SA);04562120000133;OK;ACN;OR;ON;ESVUFR;ACOES NOMINATIVAS ACOES ORDINARIAS;A;True;A;;;2026-10-05;True
BRBAAMACNPR5;BAAM;BCO BEA SA (EX BCO ESTADO AMAZONAS SA);04562120000133;OK;ACN;PR;PN;EPNNPR;ACOES NOMINATIVAS ACOES PREFERENCIAIS;A;True;A;;;2026-10-05;True
BRBABYACNOR1;BABY;FERTILIDADE LATINO AMERICA PARTICIPACOES S.A.;37527784000110;OK;ACN;OR;ON;ESVUFR;ACOES NOMINATIVAS;A;True;N;;;2026-10-05;True
BRBAC4ACNPC7;BAC4;BACABAL INDUSTRIAL S/A-BIASA;06026371000129;OK;ACN;PC;PN;EPNNPR;ACOES NOMINATIVAS;A;True;N;;;2026-10-05;True
BRBACEACNOR1;BACE;BCO COML BANCESA SA;07814999000151;OK;ACN;OR;ON;ESVUFR;ACOES NOMINATIVAS ACOES ORDINARIAS;A;True;A;;;2026-10-05;True
BRBACEACNPR8;BACE;BCO COML BANCESA SA;07814999000151;OK;ACN;PR;PN;EPNNPR;ACOES NOMINATIVAS ACOES PREFERENCIAIS;A;True;A;;;2026-10-05;True
BRBADMACNOR2;BADM;BAMERINDUS SA PARTICIPACOES EMPREENDIMENTOS;76543156000180;OK;ACN;OR;ON;ESVUFR;ACOES NOMINATIVAS ACOES ORDINARIAS;A;True;A;;;2026-10-05;True
BRBAGFACNOR9;BAGF;BCO AGF SA;59601047000153;OK;ACN;OR;ON;ESVUFR;ACOES NOMINATIVAS ACOES ORDINARIAS;A;True;A;;;2026-10-05;True
BRBAGFACNPR6;BAGF;BCO AGF SA;59601047000153;OK;ACN;PR;PN;EPNNPR;ACOES NOMINATIVAS ACOES PREFERENCIAIS;A;True;A;;;2026-10-05;True
BRBAISACNPA1;BAIS;BAHIA AGRICULTURA IRRIGADA SA;24073470000143;OK;ACN;PA;PN;EPNNPR;ACOES NOMINATIVAS ACOES PREFERENCIAIS CLASSE A;A;True;A;;;2026-10-05;True
BRBAIXACNPA1;BAIX;BAIXADAO AGROPECUARIA SA;11124278000197;OK;ACN;PA;PN;EPNNPR;ACOES NOMINATIVAS ACOES PREFERENCIAIS CLASSE A;A;True;A;;;2026-10-05;True
BRBAJUACNOR2;BAJU;BCO FENICIA SA;52940319000109;OK;ACN;OR;ON;ESVUFR;ACOES NOMINATIVAS ACOES ORDINARIAS;A;True;A;;;2026-10-05;True
BRBAJUACNPR9;BAJU;BCO FENICIA SA;52940319000109;OK;ACN;PR;PN;EPNNPR;ACOES NOMINATIVAS ACOES PREFERENCIAIS;A;True;A;;;2026-10-05;True
BRBALMACNOR5;BALM;BAUMER SA;61374161000130;OK;ACN;OR;ON;ESVUFR;ACOES NOMINATIVAS ACOES ORDINARIAS;A;True;A;;;2026-10-05;True
BRBALMACNPR2;BALM;BAUMER SA;61374161000130;OK;ACN;PR;PN;EPNNPR;ACOES NOMINATIVAS ACOES PREFERENCIAIS;A;True;A;;;2026-10-05;True
BRBAMGACNOR5;BAMG;BCO AGRIMISA SA;24986770000113;OK;ACN;OR;ON;ESVUFR;ACOES NOMINATIVAS ACOES ORDINARIAS;A;True;A;;;2026-10-05;True
BRBAMGACNPR2;BAMG;BCO AGRIMISA SA;24986770000113;OK;ACN;PR;PN;EPNNPR;ACOES NOMINATIVAS ACOES PREFERENCIAIS;A;True;A;;;2026-10-05;True
BRBANGACNOR3;BANG;CIA PROGRESSO INDL BRASIL FABRICA BANGU;33000035000180;OK;ACN;OR;ON;ESVUFR;ACOES NOMINATIVAS ACOES ORDINARIAS;A;True;A;;;2026-10-05;True
BRBANGACNPR0;BANG;CIA PROGRESSO INDL BRASIL FABRICA BANGU;33000035000180;OK;ACN;PR;PN;EPNNPR;ACOES NOMINATIVAS ACOES PREFERENCIAIS;A;True;A;;;2026-10-05;True
BRBAPCACNOR7;BAPC;BARRETTO ARAUJO PRODUTOS CACAU SA;15125339000191;OK;ACN;OR;ON;ESVUFR;ACOES NOMINATIVAS ACOES ORDINARIAS;A;True;A;;;2026-10-05;True
BRBAPCACNPA0;BAPC;BARRETTO ARAUJO PRODUTOS CACAU SA;15125339000191;OK;ACN;PA;PN;EPNNPR;ACOES NOMINATIVAS ACOES PREFERENCIAIS CLASSE A;A;True;A;;;2026-10-05;True
BRBAPCACNPB8;BAPC;BARRETTO ARAUJO PRODUTOS CACAU SA;15125339000191;OK;ACN;PB;PN;EPNNPR;ACOES NOMINATIVAS ACOES PREFERENCIAIS CLASSE B;A;True;A;;;2026-10-05;True
BRBAPCACNPC6;BAPC;BARRETTO ARAUJO PRODUTOS CACAU SA;15125339000191;OK;ACN;PC;PN;EPNNPR;ACOES NOMINATIVAS ACOES PREFERENCIAIS CLASSE C;A;True;A;;;2026-10-05;True
BRBAPSACNPB4;BAPS;BACABINHA AGROPECUARIA SA BAPESA;06030043000104;OK;ACN;PB;PN;EPNNPR;ACOES NOMINATIVAS ACOES PREFERENCIAIS CLASSE B;A;True;A;;;2026-10-05;True
BRBAQUACNOR7;BAQU;BCO CREFISUL SA;52940350000131;OK;ACN;OR;ON;ESVUFR;ACOES NOMINATIVAS ACOES ORDINARIAS;A;True;A;;;2026-10-05;True
BRBAQUACNPR4;BAQU;BCO CREFISUL SA;52940350000131;OK;ACN;PR;PN;EPNNPR;ACOES NOMINATIVAS ACOES PREFERENCIAIS;A;True;A;;;2026-10-05;True
BRBARBACNOR5;BARB;SAINT GOBAIN CANALIZACAO SA (EX CIA METALURGICA BARBARA);28672087000162;OK;ACN;OR;ON;ESVUFR;ACOES NOMINATIVAS ACOES ORDINARIAS;A;True;A;;;2026-10-05;True
BRBARBACNPR2;BARB;SAINT GOBAIN CANALIZACAO SA (EX CIA METALURGICA BARBARA);28672087000162;OK;ACN;PR;PN;EPNNPR;ACOES NOMINATIVAS ACOES PREFERENCIAIS;A;True;A;;;2026-10-05;True
BRBASUACNOR3;BASU;BANCO COMERCIAL INVESTIMENTO SUDAMERIS SA;61230165000144;OK;ACN;OR;ON;ESVUFR;ACOES NOMINATIVAS ACOES ORDINARIAS;A;True;A;;;2026-10-05;True
BRBASUACNPA6;BASU;BANCO COMERCIAL INVESTIMENTO SUDAMERIS SA;61230165000144;OK;ACN;PA;PN;EPNNPR;ACOES NOMINATIVAS ACOES PREFERENCIAIS CLASSE A;A;True;A;;;2026-10-05;True
BRBASUACNPB4;BASU;BANCO COMERCIAL INVESTIMENTO SUDAMERIS SA;61230165000144;OK;ACN;PB;PN;EPNNPR;ACOES NOMINATIVAS ACOES PREFERENCIAIS CLASSE B;A;True;A;;;2026-10-05;True
BRBAUHACNOR6;BAUH;EXCELSIOR ALIMENTOS SA;95426862000197;OK;ACN;OR;ON;ESVUFR;ACOES NOMINATIVAS ACOES ORDINARIAS;A;True;A;;;2026-10-05;True
BRBAUHACNPR3;BAUH;EXCELSIOR ALIMENTOS SA;95426862000197;OK;ACN;PR;PN;EPNNPR;ACOES NOMINATIVAS ACOES PREFERENCIAIS;A;True;A;;;2026-10-05;True
BRBAZAACNOR0;BAZA;BCO AMAZONIA SA;04902979000144;OK;ACN;OR;ON;ESVUFR;ACOES NOMINATIVAS ACOES ORDINARIAS;A;True;A;;;2026-10-05;True
BRBBASACNOR3;BBAS;BCO BRASIL SA;00000000000191;OK;ACN;OR;ON;ESVUFR;ACOES NOMINATIVAS ACOES ORDINARIAS;A;True;A;;;2026-10-05;True
BRBBAVACNPA0;BBAV;BORBOREMA AVICOLA SA;41236639000158;OK;ACN;PA;PN;EPNNPR;ACOES NOMINATIVAS ACOES PREFERENCIAIS CLASSE A;A;True;A;;;2026-10-05;True
BRBBBCACNOR5;BBBC;BCO BRAS COML SA BBC;13004577000113;OK;ACN;OR;ON;ESVUFR;ACOES NOMINATIVAS ACOES ORDINARIAS;A;True;A;;;2026-10-05;True
BRBBBCACNPR2;BBBC;BCO BRAS COML SA BBC;13004577000113;OK;ACN;PR;PN;EPNNPR;ACOES NOMINATIVAS ACOES PREFERENCIAIS;A;True;A;;;2026-10-05;True
BRBBCMACNOR2;BBCM;BCO BANDEIRANTES SA;61071387000161;OK;ACN;OR;ON;ESVUFR;ACOES NOMINATIVAS ACOES ORDINARIAS;A;True;A;;;2026-10-05;True
BRBBCMACNPR9;BBCM;BCO BANDEIRANTES SA;61071387000161;OK;ACN;PR;PN;EPNNPR;ACOES NOMINATIVAS ACOES PREFERENCIAIS;A;True;A;;;2026-10-05;True
BRBBDCACNOR1;BBDC;BCO BRADESCO SA;60746948000112;OK;ACN;OR;ON;ESVUFR;ACOES NOMINATIVAS ACOES ORDINARIAS;A;True;A;;;2026-10-05;True
BRBBDCACNPR8;BBDC;BCO BRADESCO SA;60746948000112;OK;ACN;PR;PN;EPNNPR;ACOES NOMINATIVAS ACOES PREFERENCIAIS;A;True;A;;;2026-10-05;True
BRBBDRACNPR6;BBDR;AGROPECUARIA BEBEDOURO SA;04987376000192;OK;ACN;PR;PN;EPNNPR;ACOES NOMINATIVAS ACOES PREFERENCIAIS;A;True;A;;;2026-10-05;True
BRBBHIACNOR9;BBHI;BCO BBM SA;15114366000169;OK;ACN;OR;ON;ESVUFR;ACOES NOMINATIVAS ACOES ORDINARIAS;A;True;A;;;2026-10-05;True
BRBBIEACNOR6;BBIE;BABIE PARTICIPACOES SA;04308745000173;OK;ACN;OR;ON;ESVUFR;ACOES NOMINATIVAS ACOES ORDINARIAS;A;True;A;;;2026-10-05;True
BRBBMLACNOR3;BBML;BBM LOGISTICA SA;01107327000120;OK;ACN;OR;ON;ESVUFR;ACOES NOMINATIVAS ACOES ORDINARIAS;A;True;N;;;2026-10-05;True
BRBBNPACNOR2;BBNP;BANCO BNP PARIBAS BRASIL S.A.;01522368000182;OK;ACN;OR;ON;ESVUFR;ACOES NOMINATIVAS ACOES ORDINARIAS;A;True;A;;;2026-10-05;True
BRBBPAACNOR9;BBPA;BBM PARTICIPACOES SA;;VAZIO;ACN;OR;ON;ESVUFR;ACOES NOMINATIVAS ACOES ORDINARIAS;A;True;A;;;2026-10-05;True
BRBBRAACNOR5;BBRA;BCO BAMERINDUS BRASIL SA;76543115000194;OK;ACN;OR;ON;ESVUFR;ACOES NOMINATIVAS ACOES ORDINARIAS;A;True;A;;;2026-10-05;True
BRBBRZACNOR2;BBRZ;BRZ EMPREENDIMENTOS E CONSTRUÇÕES S.A.;04065053000141;OK;ACN;OR;ON;ESVUFR;ACOES NOMINATIVAS;A;True;N;;;2026-10-05;True
BRBBSEACNOR5;BBSE;BB SEGURIDADE PARTICIPACOES SA;17344597000194;OK;ACN;OR;ON;ESVUFR;ACOES NOMINATIVAS ACOES ORDINARIAS;A;True;A;;;2026-10-05;True
BRBBTOACNOR2;BBTO;BRASIL BETON SA;66890369000125;OK;ACN;OR;ON;ESVUFR;ACOES NOMINATIVAS ACOES ORDINARIAS;A;True;A;;;2026-10-05;True
BRBBTOACNPA5;BBTO;BRASIL BETON SA;66890369000125;OK;ACN;PA;PN;EPNNPR;ACOES NOMINATIVAS ACOES PREFERENCIAIS CLASSE A;A;True;A;;;2026-10-05;True
BRBBTOACNPB3;BBTO;BRASIL BETON SA;66890369000125;OK;ACN;PB;PN;EPNNPR;ACOES NOMINATIVAS ACOES PREFERENCIAIS CLASSE B;A;True;A;;;2026-10-05;True
BRBBVAACNOR7;BBVA;BCO BVA SA;32254138000103;OK;ACN;OR;ON;ESVUFR;ACOES NOMINATIVAS ACOES ORDINARIAS;A;True;A;;;2026-10-05;True
BRBBVAACNPR4;BBVA;BCO BVA SA;32254138000103;OK;ACN;PR;PN;EPNNPR;ACOES NOMINATIVAS ACOES PREFERENCIAIS;A;True;A;;;2026-10-05;True
BRBBVTACNOR7;BBVT;BCO BOAVISTA INTERATLANTICO SA;33485541000106;OK;ACN;OR;ON;ESVUFR;ACOES NOMINATIVAS ACOES ORDINARIAS;A;True;A;;;2026-10-05;True
BRBBVTACNPA0;BBVT;BCO BOAVISTA INTERATLANTICO SA;33485541000106;OK;ACN;PA;PN;EPNNPR;ACOES NOMINATIVAS ACOES PREFERENCIAIS CLASSE A;A;True;A;;;2026-10-05;True
BRBBVTACNPB8;BBVT;BCO BOAVISTA INTERATLANTICO SA;33485541000106;OK;ACN;PB;PN;EPNNPR;ACOES NOMINATIVAS ACOES PREFERENCIAIS CLASSE B - E:1995;A;True;A;;;2026-10-05;True
BRBCANACNOR2;BCAN;BRKB DTVM S.A;33923111000129;OK;ACN;OR;ON;ESVUFR;ACOES NOMINATIVAS ACOES ORDINARIAS;A;True;A;;;2026-10-05;True
BRBCANACNPR9;BCAN;BRKB DTVM S.A;33923111000129;OK;ACN;PR;PN;EPNNPR;ACOES NOMINATIVAS ACOES PREFERENCIAIS;A;True;A;;;2026-10-05;True
BRBCEEACNOR3;BCEE;BANCO BESA S/A;15124464000187;OK;ACN;OR;ON;ESVUFR;ACOES NOMINATIVAS ACOES ORDINARIAS;A;True;A;;;2026-10-05;True
BRBCEEACNPA6;BCEE;BANCO BESA S/A;15124464000187;OK;ACN;PA;PN;EPNNPR;ACOES NOMINATIVAS;A;True;N;;;2026-10-05;True
BRBCGRACNOR0;BCGR;BIANCOGRES CERAMICA SA;02077546000176;OK;ACN;OR;ON;ESVUFR;ACOES NOMINATIVAS ACOES ORDINARIAS;A;True;A;;;2026-10-05;True
BRBCGRACNPR7;BCGR;BIANCOGRES CERAMICA SA;02077546000176;OK;ACN;PR;PN;EPNNPR;ACOES NOMINATIVAS ACOES PREFERENCIAIS;A;True;A;;;2026-10-05;True
BRBCHTACNOR4;BCHT;BRASIL CENTRAL HOTEIS TURISMO SA;00311787000102;OK;ACN;OR;ON;ESVUFR;ACOES NOMINATIVAS ACOES ORDINARIAS;A;True;A;;;2026-10-05;True
BRBCHTACNPR1;BCHT;BRASIL CENTRAL HOTEIS TURISMO SA;00311787000102;OK;ACN;PR;PN;EPNNPR;ACOES NOMINATIVAS ACOES PREFERENCIAIS;A;True;A;;;2026-10-05;True
BRBCISACNOR4;BCIS;COMIND PARTICIPACOES SA;61364022000125;OK;ACN;OR;ON;ESVUFR;ACOES NOMINATIVAS ACOES ORDINARIAS;A;True;A;;;2026-10-05;True
BRBCISACNPR1;BCIS;COMIND PARTICIPACOES SA;61364022000125;OK;ACN;PR;PN;EPNNPR;ACOES NOMINATIVAS ACOES PREFERENCIAIS;A;True;A;;;2026-10-05;True
BRBCLBACNOR4;BCLB;BCO CREDIT AGRICOLE BRASIL SA;75647891000171;OK;ACN;OR;ON;ESVUFR;ACOES NOMINATIVAS ACOES ORDINARIAS;A;True;A;;;2026-10-05;True
BRBCLBACNPR1;BCLB;BCO CREDIT AGRICOLE BRASIL SA;75647891000171;OK;ACN;PR;PN;EPNNPR;ACOES NOMINATIVAS ACOES PREFERENCIAIS;A;True;A;;;2026-10-05;True
BRBCMGACNOR1;BCMG;BCO CRED REAL MINAS GERAIS SA;21562962000104;OK;ACN;OR;ON;ESVUFR;ACOES NOMINATIVAS ACOES ORDINARIAS;A;True;A;;;2026-10-05;True
BRBCMGACNPR8;BCMG;BCO CRED REAL MINAS GERAIS SA;21562962000104;OK;ACN;PR;PN;EPNNPR;ACOES NOMINATIVAS ACOES PREFERENCIAIS;A;True;A;;;2026-10-05;True
BRBCNAACNOR2;BCNA;BCO BCN SA;60898723000181;OK;ACN;OR;ON;ESVUFR;ACOES NOMINATIVAS ACOES ORDINARIAS;A;True;A;;;2026-10-05;True
BRBCNAACNPR9;BCNA;BCO BCN SA;60898723000181;OK;ACN;PR;PN;EPNNPR;ACOES NOMINATIVAS ACOES PREFERENCIAIS;A;True;A;;;2026-10-05;True
BRBCNSACNPR1;BCNS;BCN SEMENTES SELECIONADAS S/A;04375986000135;OK;ACN;PR;PN;EPNNPR;ACOES NOMINATIVAS;A;True;N;;;2026-10-05;True
BRBCPSACNOR9;BCPS;CLARO SA;40432544000147;OK;ACN;OR;ON;ESVUFR;ACOES NOMINATIVAS ACOES ORDINARIAS;A;True;A;;;2026-10-05;True
BRBCPSACNPR6;BCPS;CLARO SA;40432544000147;OK;ACN;PR;PN;EPNNPR;ACOES NOMINATIVAS ACOES PREFERENCIAIS;A;True;A;;;2026-10-05;True
BRBDACACNOR3;BDAC;LABORATORIOS BALDACCI SA;;VAZIO;ACN;OR;ON;ESVUFR;ACOES NOMINATIVAS ACOES ORDINARIAS;A;True;A;;;2026-10-05;True
BRBDBAACNOR5;BDBA;BCO DESENVOLVIMENTO ESTADO BAHIA SA;15163587000127;OK;ACN;OR;ON;ESVUFR;ACOES NOMINATIVAS ACOES ORDINARIAS;A;True;A;;;2026-10-05;True
BRBDBAACNPR2;BDBA;BCO DESENVOLVIMENTO ESTADO BAHIA SA;15163587000127;OK;ACN;PR;PN;EPNNPR;ACOES NOMINATIVAS ACOES PREFERENCIAIS;A;True;A;;;2026-10-05;True
BRBDBAACNV11;BDBA;BCO DESENVOLVIMENTO ESTADO BAHIA SA;15163587000127;OK;ACN;V1;PN;EPVNPR;ACOES NOMINATIVAS ACOES PREFERENCIAIS COM DIREITO A VOTO - E:1995;A;True;A;;;2026-10-05;True
BRBDEPACNOR7;BDEP;BCO PERNAMBUCO SA - BANDEPE;10866788000177;OK;ACN;OR;ON;ESVUFR;ACOES NOMINATIVAS ACOES ORDINARIAS;A;True;A;;;2026-10-05;True
BRBDESACNPA4;BDES;BANDES BCO DESENVOLVIMENTO ESPIRITO SANTO;28145829000100;OK;ACN;PA;PN;EPNNPR;ACOES NOMINATIVAS ACOES PREFERENCIAIS CLASSE A;A;True;A;;;2026-10-05;True
BRBDLLACNOR1;BDLL;BARDELLA SA INDS MECANICAS;60851615000153;OK;ACN;OR;ON;ESVUFR;ACOES NOMINATIVAS ACOES ORDINARIAS;A;True;A;;;2026-10-05;True
BRBDLLACNPR8;BDLL;BARDELLA SA INDS MECANICAS;60851615000153;OK;ACN;PR;PN;EPNNPR;ACOES NOMINATIVAS ACOES PREFERENCIAIS;A;True;A;;;2026-10-05;True
BRBEATACNPB6;BEAT;BEATRIZ TEXTIL SA;23464852000135;OK;ACN;PB;PN;EPNNPR;ACOES NOMINATIVAS ACOES PREFERENCIAIS CLASSE B;A;True;A;;;2026-10-05;True
BRBEBAACNOR3;BEBA;BCO BANEB SA (EX BCO ESTADO BAHIA SA);15142490000138;OK;ACN;OR;ON;ESVUFR;ACOES NOMINATIVAS ACOES ORDINARIAS;A;True;A;;;2026-10-05;True
BRBEBAACNPA6;BEBA;BCO BANEB SA (EX BCO ESTADO BAHIA SA);15142490000138;OK;ACN;PA;PN;EPNNPR;ACOES NOMINATIVAS ACOES PREFERENCIAIS CLASSE A;A;True;A;;;2026-10-05;True
BRBEBAACNPB4;BEBA;BCO BANEB SA (EX BCO ESTADO BAHIA SA);15142490000138;OK;ACN;PB;PN;EPNNPR;ACOES NOMINATIVAS ACOES PREFERENCIAIS CLASSE B;A;True;A;;;2026-10-05;True
BRBEBRACNOR7;BEBR;BENTO BRANCO EMPREENDIMENTOS IMOBILIARIOS SA;17641810000120;OK;ACN;OR;ON;ESVUFR;ACOES NOMINATIVAS ACOES ORDINARIAS;A;True;A;;;2026-10-05;True
BRBECEACNOR3;BECE;BCO BEC SA;07196934000190;OK;ACN;OR;ON;ESVUFR;ACOES NOMINATIVAS ACOES ORDINARIAS;A;True;A;;;2026-10-05;True
BRBECEACNPR0;BECE;BCO BEC SA;07196934000190;OK;ACN;PR;PN;EPNNPR;ACOES NOMINATIVAS ACOES PREFERENCIAIS;A;True;A;;;2026-10-05;True
BRBEEFACNOR6;BEEF;MINERVA SA;67620377000114;OK;ACN;OR;ON;ESVUFR;ACOES NOMINATIVAS ACOES ORDINARIAS;A;True;A;;;2026-10-05;True
BRBEESACNOR9;BEES;BANESTES SA BCO ESTADO ESPIRITO SANTO;28127603000178;OK;ACN;OR;ON;ESVUFR;ACOES NOMINATIVAS ACOES ORDINARIAS;A;True;A;;;2026-10-05;True
BRBEESACNPR6;BEES;BANESTES SA BCO ESTADO ESPIRITO SANTO;28127603000178;OK;ACN;PR;PN;EPNNPR;ACOES NOMINATIVAS ACOES PREFERENCIAIS;A;True;A;;;2026-10-05;True
BRBEGBACNOR0;BEGB;BCO BERJ SA;33147315000115;OK;ACN;OR;ON;ESVUFR;ACOES NOMINATIVAS ACOES ORDINARIAS;A;True;A;;;2026-10-05;True
BRBEGBACNPR7;BEGB;BCO BERJ SA;33147315000115;OK;ACN;PR;PN;EPNNPR;ACOES NOMINATIVAS ACOES PREFERENCIAIS;A;True;A;;;2026-10-05;True
BRBELCACNPA1;BELC;BELCONAV SA CONSTRUCAO NAVAL;04146809000187;OK;ACN;PA;PN;EPNNPR;ACOES NOMINATIVAS ACOES PREFERENCIAIS CLASSE A;A;True;A;;;2026-10-05;True
BRBELCACNPB9;BELC;BELCONAV SA CONSTRUCAO NAVAL;04146809000187;OK;ACN;PB;PN;EPNNPR;ACOES NOMINATIVAS ACOES PREFERENCIAIS CLASSE B;A;True;A;;;2026-10-05;True
BRBEMAACNOR0;BEMA;BEMATECH SA;82373077000171;OK;ACN;OR;ON;ESVUFR;ACOES NOMINATIVAS ACOES ORDINARIAS;A;True;A;;;2026-10-05;True
BRBENNACNOR1;BENN;BENNSVILLE PARTICIPACOES SA;24445877000154;OK;ACN;OR;ON;ESVUFR;ACOES NOMINATIVAS ACOES ORDINARIAS;A;True;A;;;2026-10-05;True
BRBEPAACNOR3;BEPA;BCO BANESTADO SA (EX BCO ESTADO PARANA SA);76492172000191;OK;ACN;OR;ON;ESVUFR;ACOES NOMINATIVAS ACOES ORDINARIAS;A;True;A;;;2026-10-05;True
BRBEPAACNPR0;BEPA;BCO BANESTADO SA (EX BCO ESTADO PARANA SA);76492172000191;OK;ACN;PR;PN;EPNNPR;ACOES NOMINATIVAS ACOES PREFERENCIAIS;A;True;A;;;2026-10-05;True
BRBERGACNOR6;BERG;BERGAMO CIA INDL;60881364000150;OK;ACN;OR;ON;ESVUFR;ACOES NOMINATIVAS ACOES ORDINARIAS;A;True;A;;;2026-10-05;True
BRBERGACNPA9;BERG;BERGAMO CIA INDL;60881364000150;OK;ACN;PA;PN;EPNNPR;ACOES NOMINATIVAS ACOES PREFERENCIAIS CLASSE A;A;True;A;;;2026-10-05;True
BRBETPACNOR3;BETP;BETAPART PARTICIPACOES SA;02762124000130;OK;ACN;OR;ON;ESVUFR;ACOES NOMINATIVAS ACOES ORDINARIAS;A;True;A;;;2026-10-05;True
BRBEVEACNOR3;BEVE;BANCO VOTORANTIM S.A.;59588111000103;OK;ACN;OR;ON;ESVUFR;ACOES NOMINATIVAS ACOES ORDINARIAS;A;True;A;;;2026-10-05;True
BRBEVEACNPR0;BEVE;BANCO VOTORANTIM S.A.;59588111000103;OK;ACN;PR;PN;EPNNPR;ACOES NOMINATIVAS;A;True;N;;;2026-10-05;True
BRBEVECDAM15;BEVE;BANCO VOTORANTIM S.A.;59588111000103;OK;CDA;M1;UNIT;EMXXXR;CERTIFICADO DE DEPOSITO DE ACOES;A;True;N;;;2026-10-05;True
BRBEXCACNOR3;BEXC;BCO ALVORADA SA;33870163000184;OK;ACN;OR;ON;ESVUFR;ACOES NOMINATIVAS ACOES ORDINARIAS;A;True;A;;;2026-10-05;True
BRBEXCACNPR0;BEXC;BCO ALVORADA SA;33870163000184;OK;ACN;PR;PN;EPNNPR;ACOES NOMINATIVAS ACOES PREFERENCIAIS;A;True;A;;;2026-10-05;True
BRBEXUACNPA8;BEXU;FAZENDA BARRA EXU SA;09597295000108;OK;ACN;PA;PN;EPNNPR;ACOES NOMINATIVAS ACOES PREFERENCIAIS CLASSE A;A;True;A;;;2026-10-05;True
BRBFBLACNOR7;BFBL;BFB LEASING SA ARREND MERCANTIL;43425008000102;OK;ACN;OR;ON;ESVUFR;ACOES NOMINATIVAS ACOES ORDINARIAS;A;True;A;;;2026-10-05;True
BRBFBLACNPR4;BFBL;BFB LEASING SA ARREND MERCANTIL;43425008000102;OK;ACN;PR;PN;EPNNPR;ACOES NOMINATIVAS ACOES PREFERENCIAIS;A;True;A;;;2026-10-05;True
BRBFCVACNOR4;BFCV;SPSCS INDL SA (EX BRASINCA INDL SA);59290239000196;OK;ACN;OR;ON;ESVUFR;ACOES NOMINATIVAS ACOES ORDINARIAS;A;True;A;;;2026-10-05;True
BRBFCVACNPR1;BFCV;SPSCS INDL SA (EX BRASINCA INDL SA);59290239000196;OK;ACN;PR;PN;EPNNPR;ACOES NOMINATIVAS ACOES PREFERENCIAIS;A;True;A;;;2026-10-05;True
BRBFERACNOR8;BFER;BRAFER INDL SA PRODUTOS SIDERURGICOS;17246695000199;OK;ACN;OR;ON;ESVUFR;ACOES NOMINATIVAS ACOES ORDINARIAS;A;True;A;;;2026-10-05;True
BRBFERACNPR5;BFER;BRAFER INDL SA PRODUTOS SIDERURGICOS;17246695000199;OK;ACN;PR;PN;EPNNPR;ACOES NOMINATIVAS ACOES PREFERENCIAIS;A;True;A;;;2026-10-05;True
BRBFFTACNOR1;BFFT;BLUEFIT ACADEMIAS DE GINASTICA E PARTICIPACOES S.A.;24921465000143;OK;ACN;OR;ON;ESVUFR;ACOES NOMINATIVAS;A;True;N;;;2026-10-05;True
BRBFIAACNOR5;BFIA;BANCO STELLANTIS S.A.;62237425000176;OK;ACN;OR;ON;ESVUFR;ACOES NOMINATIVAS ACOES ORDINARIAS;A;True;A;;;2026-10-05;True
BRBFIMACNOR0;BFIM;DR INVEST SA (EX BONFIM PARTICIPACOES SA);03382891000186;OK;ACN;OR;ON;ESVUFR;ACOES NOMINATIVAS ACOES ORDINARIAS;A;True;A;;;2026-10-05;True
BRBFIOACNPA9;BFIO;BRASFIO IND COM NORDESTE SA;12770558000135;OK;ACN;PA;PN;EPNNPR;ACOES NOMINATIVAS ACOES PREFERENCIAIS CLASSE A;A;True;A;;;2026-10-05;True
BRBFITACNOR5;BFIT;BCO SUDAMERIS BRASIL SA;60942638000173;OK;ACN;OR;ON;ESVUFR;ACOES NOMINATIVAS ACOES ORDINARIAS;A;True;A;;;2026-10-05;True
BRBFITACNPR2;BFIT;BCO SUDAMERIS BRASIL SA;60942638000173;OK;ACN;PR;PN;EPNNPR;ACOES NOMINATIVAS ACOES PREFERENCIAIS;A;True;A;;;2026-10-05;True
BRBFORACNOR7;BFOR;BANFORT BCO FORTALEZA SA;07216674000177;OK;ACN;OR;ON;ESVUFR;ACOES NOMINATIVAS ACOES ORDINARIAS;A;True;A;;;2026-10-05;True
BRBFORACNPR4;BFOR;BANFORT BCO FORTALEZA SA;07216674000177;OK;ACN;PR;PN;EPNNPR;ACOES NOMINATIVAS ACOES PREFERENCIAIS;A;True;A;;;2026-10-05;True
BRBFREACNOR8;BFRE;BRAZILIAN FINANCE REAL ESTATE SA;02762113000150;OK;ACN;OR;ON;ESVUFR;ACOES NOMINATIVAS ACOES ORDINARIAS;A;True;A;;;2026-10-05;True
BRBFTPACNOR0;BFTP;BACRAFT SA IND PAPEL;15195464000178;OK;ACN;OR;ON;ESVUFR;ACOES NOMINATIVAS ACOES ORDINARIAS;A;True;A;;;2026-10-05;True
BRBFTPACNPA3;BFTP;BACRAFT SA IND PAPEL;15195464000178;OK;ACN;PA;PN;EPNNPR;ACOES NOMINATIVAS ACOES PREFERENCIAIS CLASSE A;A;True;A;;;2026-10-05;True
BRBFTPACNPB1;BFTP;BACRAFT SA IND PAPEL;15195464000178;OK;ACN;PB;PN;EPNNPR;ACOES NOMINATIVAS ACOES PREFERENCIAIS CLASSE B;A;True;A;;;2026-10-05;True
BRBFTPACNPC9;BFTP;BACRAFT SA IND PAPEL;15195464000178;OK;ACN;PC;PN;EPNNPR;ACOES NOMINATIVAS ACOES PREFERENCIAIS CLASSE C;A;True;A;;;2026-10-05;True
BRBFTPACNPD7;BFTP;BACRAFT SA IND PAPEL;15195464000178;OK;ACN;PD;PN;EPNNPR;ACOES NOMINATIVAS ACOES PREFERENCIAIS CLASSE D;A;True;A;;;2026-10-05;True
BRBGERACNOR6;BGER;BCO GERDAU SA;00183938000194;OK;ACN;OR;ON;ESVUFR;ACOES NOMINATIVAS ACOES ORDINARIAS;A;True;A;;;2026-10-05;True
BRBGERACNPR3;BGER;BCO GERDAU SA;00183938000194;OK;ACN;PR;PN;EPNNPR;ACOES NOMINATIVAS ACOES PREFERENCIAIS;A;True;A;;;2026-10-05;True
BRBGIPACNOR1;BGIP;BCO ESTADO SERGIPE SA BANESE;13009717000146;OK;ACN;OR;ON;ESVUFR;ACOES NOMINATIVAS ACOES ORDINARIAS;A;True;A;;;2026-10-05;True
BRBGIPACNPR8;BGIP;BCO ESTADO SERGIPE SA BANESE;13009717000146;OK;ACN;PR;PN;EPNNPR;ACOES NOMINATIVAS ACOES PREFERENCIAIS;A;True;A;;;2026-10-05;True
BRBGOSACNOR3;BGOS;BCO BEG SA (EX BCO ESTADO GOIAS SA);01540541000175;OK;ACN;OR;ON;ESVUFR;ACOES NOMINATIVAS ACOES ORDINARIAS;A;True;A;;;2026-10-05;True
BRBGOSACNPR0;BGOS;BCO BEG SA (EX BCO ESTADO GOIAS SA);01540541000175;OK;ACN;PR;PN;EPNNPR;ACOES NOMINATIVAS ACOES PREFERENCIAIS;A;True;A;;;2026-10-05;True
BRBGSDACNOR6;BGSD;BELGO SIDERURGIA SA;;VAZIO;ACN;OR;ON;ESVUFR;ACOES NOMINATIVAS ACOES ORDINARIAS;A;True;A;;;2026-10-05;True
BRBGSDACNPR3;BGSD;BELGO SIDERURGIA SA;;VAZIO;ACN;PR;PN;EPNNPR;ACOES NOMINATIVAS ACOES PREFERENCIAIS;A;True;A;;;2026-10-05;True
BRBHEQACNOR6;BHEQ;BAHEMA EQUIPAMENTOS SA;96832365000151;OK;ACN;OR;ON;ESVUFR;ACOES NOMINATIVAS ACOES ORDINARIAS;A;True;A;;;2026-10-05;True
BRBHEQACNPR3;BHEQ;BAHEMA EQUIPAMENTOS SA;96832365000151;OK;ACN;PR;PN;EPNNPR;ACOES NOMINATIVAS ACOES PREFERENCIAIS;A;True;A;;;2026-10-05;True
BRBHFTACNOR7;BHFT;ESPORTE CLUBE BAHIA SA (EX BAHIA FUTEBOL SA);;VAZIO;ACN;OR;ON;ESVUFR;ACOES NOMINATIVAS ACOES ORDINARIAS;A;True;A;;;2026-10-05;True
BRBHFTACNPA0;BHFT;ESPORTE CLUBE BAHIA SA (EX BAHIA FUTEBOL SA);;VAZIO;ACN;PA;PN;EPNNPR;ACOES NOMINATIVAS ACOES PREFERENCIAIS CLASSE A;A;True;A;;;2026-10-05;True
BRBHFTACNPB8;BHFT;ESPORTE CLUBE BAHIA SA (EX BAHIA FUTEBOL SA);;VAZIO;ACN;PB;PN;EPNNPR;ACOES NOMINATIVAS ACOES PREFERENCIAIS CLASSE B;A;True;A;;;2026-10-05;True
BRBHGRACNOR9;BHGR;BHG SA - BRAZIL HOSPITALITY GROUP;08723106000125;OK;ACN;OR;ON;ESVUFR;ACOES NOMINATIVAS ACOES ORDINARIAS;A;True;A;;;2026-10-05;True
BRBHIAACNOR1;BHIA;GRUPO CASAS BAHIA S.A.;33041260065290;OK;ACN;OR;ON;ESVUFR;ACOES NOMINATIVAS ACOES ORDINARIAS;A;True;N;;;2026-10-05;True
BRBHIAUNT000;BHIA;GRUPO CASAS BAHIA S.A.;33041260065290;OK;UNT;ZZ;UNIT;MCAUXR;UNITS FOLLOW ON - 09/2023;A;True;N;;;2026-10-05;True
BRBIBIACNOR7;BIBI;BANCO BRADESCARD S.A.;04184779000101;OK;ACN;OR;ON;ESVUFR;ACOES NOMINATIVAS ACOES ORDINARIAS;A;True;A;;;2026-10-05;True
BRBICBACNOR0;BICB;CHINA CONSTRUCTION BANK (BRASIL) BCO MULTIPLO SA;07450604000189;OK;ACN;OR;ON;ESVUFR;ACOES NOMINATIVAS ACOES ORDINARIAS;A;True;A;;;2026-10-05;True
BRBICBACNPR7;BICB;CHINA CONSTRUCTION BANK (BRASIL) BCO MULTIPLO SA;07450604000189;OK;ACN;PR;PN;EPNNPR;ACOES NOMINATIVAS ACOES PREFERENCIAIS;A;True;A;;;2026-10-05;True
BRBIDIACNOR3;BIDI;BANCO INTER SA;00416968000101;OK;ACN;OR;ON;ESVUFR;ACOES NOMINATIVAS;A;True;N;;;2026-10-05;True
BRBIDIACNPR0;BIDI;BANCO INTER SA;00416968000101;OK;ACN;PR;PN;EPNNPR;ACOES NOMINATIVAS ACOES PREFERENCIAIS;A;True;A;;;2026-10-05;True
BRBIDICDAXX3;BIDI;BANCO INTER SA;00416968000101;OK;CDA;XX;UNIT;EMXXXR;CERTIFICADO DE DEPOSITO DE ACOES 1 ON E 2 PN;A;True;A;;;2026-10-05;True
BRBIEDACNOR2;BIED;BIOMA EDUCAÇÃO S.A.;45987245000192;OK;ACN;OR;ON;ESVUFR;ACOES NOMINATIVAS ACOES ORDINARIAS;A;True;N;;;2026-10-05;True
BRBIFBACNOR3;BIFB;BANCO DE INVESTIMENTOS UBS (BRASIL) S.A.;33987793000133;OK;ACN;OR;ON;ESVUFR;ACOES NOMINATIVAS ACOES ORDINARIAS;A;True;A;;;2026-10-05;True
BRBIFBACNPR0;BIFB;BANCO DE INVESTIMENTOS UBS (BRASIL) S.A.;33987793000133;OK;ACN;PR;PN;EPNNPR;ACOES NOMINATIVAS ACOES PREFERENCIAIS;A;True;A;;;2026-10-05;True
BRBIGGACNOR0;BIGG;GRUPO BIG BRASIL S.A.;30621687000143;OK;ACN;OR;ON;ESVUFR;ACOES NOMINATIVAS;A;True;N;;;2026-10-05;True
BRBINDACNOR3;BIND;BANCO  INDUSTRIAL BRASIL SA;31895683000116;OK;ACN;OR;ON;ESVUFR;ACOES NOMINATIVAS ACOES ORDINARIAS;A;True;A;;;2026-10-05;True
BRBINDACNPR0;BIND;BANCO  INDUSTRIAL BRASIL SA;31895683000116;OK;ACN;PR;PN;EPNNPR;ACOES NOMINATIVAS ACOES PREFERENCIAIS;A;True;A;;;2026-10-05;True
BRBIOBACNOR5;BIOB;BIOBRAS SA;16921603000166;OK;ACN;OR;ON;ESVUFR;ACOES NOMINATIVAS ACOES ORDINARIAS;A;True;A;;;2026-10-05;True
BRBIOBACNPR2;BIOB;BIOBRAS SA;16921603000166;OK;ACN;PR;PN;EPNNPR;ACOES NOMINATIVAS ACOES PREFERENCIAIS;A;True;A;;;2026-10-05;True
BRBIOMACNOR2;BIOM;BIOMM SA;04752991000110;OK;ACN;OR;ON;ESVUFR;ACOES NOMINATIVAS ACOES ORDINARIAS;A;True;A;;;2026-10-05;True
BRBIOMACNPR9;BIOM;BIOMM SA;04752991000110;OK;ACN;PR;PN;EPNNPR;ACOES NOMINATIVAS ACOES PREFERENCIAIS;A;True;A;;;2026-10-05;True
BRBIOTACNPA0;BIOT;BIOTECNICA INDL AGRICOLA SA BISA;24462442000118;OK;ACN;PA;PN;EPNNPR;ACOES NOMINATIVAS ACOES PREFERENCIAIS CLASSE A;A;True;A;;;2026-10-05;True
BRBITAACNOR6;BITA;BCO ITAU SA;60701190000104;OK;ACN;OR;ON;ESVUFR;ACOES NOMINATIVAS ACOES ORDINARIAS;A;True;A;;;2026-10-05;True
BRBITAACNPR3;BITA;BCO ITAU SA;60701190000104;OK;ACN;PR;PN;EPNNPR;ACOES NOMINATIVAS ACOES PREFERENCIAIS;A;True;A;;;2026-10-05;True
BRBITYACNOR6;BITY;LIGAFUTEBOL SA (EX OPPORTUNITY BEITY SA);02217325000156;OK;ACN;OR;ON;ESVUFR;ACOES NOMINATIVAS ACOES ORDINARIAS;A;True;A;;;2026-10-05;True
BRBIVPACNOR0;BIVP;BRASILINVEST PARTNERS SA;02975615000169;OK;ACN;OR;ON;ESVUFR;ACOES NOMINATIVAS ACOES ORDINARIAS;A;True;A;;;2026-10-05;True
BRBIVPACNPR7;BIVP;BRASILINVEST PARTNERS SA;02975615000169;OK;ACN;PR;PN;EPNNPR;ACOES NOMINATIVAS ACOES PREFERENCIAIS;A;True;A;;;2026-10-05;True
BRBJVLACNPB8;BJVL;BREJO VELHO ALIMENTOS SA;11165594000107;OK;ACN;PB;PN;EPNNPR;ACOES NOMINATIVAS ACOES PREFERENCIAIS CLASSE B;A;True;A;;;2026-10-05;True
BRBLAMACNOR5;BLAM;BANESTADO LEASING SA ARREND MERCANTIL;62527346000108;OK;ACN;OR;ON;ESVUFR;ACOES NOMINATIVAS ACOES ORDINARIAS;A;True;A;;;2026-10-05;True
BRBLAPACNPA1;BLAP;BELAP AGROPECUARIA SA;13666599000149;OK;ACN;PA;PN;EPNNPR;ACOES NOMINATIVAS ACOES PREFERENCIAIS CLASSE A;A;True;A;;;2026-10-05;True
BRBLAUACNOR8;BLAU;BLAU FARMACEUTICA SA;58430828000160;OK;ACN;OR;ON;ESVUFR;ACOES NOMINATIVAS ACOES ORDINARIAS;A;True;N;;;2026-10-05;True
BRBLDRACNOR8;BLDR;BALADARE PARTICIPACOES SA;;VAZIO;ACN;OR;ON;ESVUFR;ACOES NOMINATIVAS ACOES ORDINARIAS;A;True;A;;;2026-10-05;True
BRBLESACNOR4;BLES;BANEB LEASING SA ARREND MERCANTIL;01210645000111;OK;ACN;OR;ON;ESVUFR;ACOES NOMINATIVAS ACOES ORDINARIAS;A;True;A;;;2026-10-05;True
BRBLHTACNPA8;BLHT;BRASILTON BELEM HOTEIS TURISMO SA;04833448000147;OK;ACN;PA;PN;EPNNPR;ACOES NOMINATIVAS ACOES PREFERENCIAIS CLASSE A;A;True;A;;;2026-10-05;True
BRBLLSACNOR9;BLLS;BANRISUL SA ARREND MERCANTIL;92692979000124;OK;ACN;OR;ON;ESVUFR;ACOES NOMINATIVAS ACOES ORDINARIAS;A;True;A;;;2026-10-05;True
BRBLMEACNOR7;BLME;BORLEM SA EMPREENDIMENTOS INDLS;60943388000196;OK;ACN;OR;ON;ESVUFR;ACOES NOMINATIVAS ACOES ORDINARIAS;A;True;A;;;2026-10-05;True
BRBLMEACNPR4;BLME;BORLEM SA EMPREENDIMENTOS INDLS;60943388000196;OK;ACN;PR;PN;EPNNPR;ACOES NOMINATIVAS ACOES PREFERENCIAIS;A;True;A;;;2026-10-05;True
BRBLMTACNOR5;BLMT;BRT HOLDING 1 SA;09462890000128;OK;ACN;OR;ON;ESVUFR;ACOES NOMINATIVAS ACOES ORDINARIAS;A;True;A;;;2026-10-05;True
BRBLPTACNOR8;BLPT;BELPRATO SA;28564391000196;OK;ACN;OR;ON;ESVUFR;ACOES NOMINATIVAS ACOES ORDINARIAS;A;True;A;;;2026-10-05;True
BRBLPTACNPR5;BLPT;BELPRATO SA;28564391000196;OK;ACN;PR;PN;EPNNPR;ACOES NOMINATIVAS ACOES PREFERENCIAIS;A;True;A;;;2026-10-05;True
BRBLSAACNOR2;BLSA;BRILASA BRITAGEM LAMINACAO ROCHAS SA;04134540000119;OK;ACN;OR;ON;ESVUFR;ACOES NOMINATIVAS ACOES ORDINARIAS;A;True;A;;;2026-10-05;True
BRBLSAACNPA5;BLSA;BRILASA BRITAGEM LAMINACAO ROCHAS SA;04134540000119;OK;ACN;PA;PN;EPNNPR;ACOES NOMINATIVAS ACOES PREFERENCIAIS CLASSE A;A;True;A;;;2026-10-05;True
BRBLSAACNPB3;BLSA;BRILASA BRITAGEM LAMINACAO ROCHAS SA;04134540000119;OK;ACN;PB;PN;EPNNPR;ACOES NOMINATIVAS ACOES PREFERENCIAIS CLASSE B;A;True;A;;;2026-10-05;True
BRBLSAACNPC1;BLSA;BRILASA BRITAGEM LAMINACAO ROCHAS SA;04134540000119;OK;ACN;PC;PN;EPNNPR;ACOES NOMINATIVAS ACOES PREFERENCIAIS CLASSE C;A;True;A;;;2026-10-05;True
BRBLUTACNOR8;BLUT;BLUE TECH SOLUTIONS E.Q.I. S.A;60637238000154;OK;ACN;OR;ON;ESVUFR;ACOES NOMINATIVAS ACOES ORDINARIAS;A;True;N;;;2026-10-05;True
BRBLUTACNPR5;BLUT;BLUE TECH SOLUTIONS E.Q.I. S.A;60637238000154;OK;ACN;PR;PN;EPNNPR;ACOES NOMINATIVAS ACOES PREFERENCIAIS;A;True;N;;;2026-10-05;True
BRBMARACNOR2;BMAR;BCO BRADESCO BBI SA;06271464000119;OK;ACN;OR;ON;ESVUFR;ACOES NOMINATIVAS ACOES ORDINARIAS;A;True;A;;;2026-10-05;True
BRBMCTACNOR4;BMCT;BCO MERCANTIL SAO PAULO SA (EX BCO MERCANTIL FINASA SA SAO PAULO);61065421000195;OK;ACN;OR;ON;ESVUFR;ACOES NOMINATIVAS ACOES ORDINARIAS;A;True;A;;;2026-10-05;True
BRBMCTACNPR1;BMCT;BCO MERCANTIL SAO PAULO SA (EX BCO MERCANTIL FINASA SA SAO PAULO);61065421000195;OK;ACN;PR;PN;EPNNPR;ACOES NOMINATIVAS ACOES PREFERENCIAIS;A;True;A;;;2026-10-05;True
BRBMEBACNOR8;BMEB;BCO MERCANTIL BRASIL SA;17184037000110;OK;ACN;OR;ON;ESVUFR;ACOES NOMINATIVAS ACOES ORDINARIAS;A;True;A;;;2026-10-05;True
BRBMEBACNPR5;BMEB;BCO MERCANTIL BRASIL SA;17184037000110;OK;ACN;PR;PN;EPNNPR;ACOES NOMINATIVAS ACOES PREFERENCIAIS;A;True;A;;;2026-10-05;True
BRBMGBACNOR3;BMGB;BCO BMG SA;61186680000174;OK;ACN;OR;ON;ESVUFR;ACOES NOMINATIVAS ACOES ORDINARIAS;A;True;A;;;2026-10-05;True
BRBMGBACNPR0;BMGB;BCO BMG SA;61186680000174;OK;ACN;PR;PN;EPNNPR;ACOES NOMINATIVAS ACOES PREFERENCIAIS;A;True;A;;;2026-10-05;True
BRBMGBCDAM17;BMGB;BCO BMG SA;61186680000174;OK;CDA;M1;UNIT;EMXXXR;CERTIFICADO DE DEPOSITO DE ACOES 1 AÇÃO PN E 3 RECIBOS;A;True;A;;;2026-10-05;True
BRBMINACNOR4;BMIN;BCO MERCANTIL INVESTS SA;34169557000172;OK;ACN;OR;ON;ESVUFR;ACOES NOMINATIVAS ACOES ORDINARIAS;A;True;A;;;2026-10-05;True
BRBMINACNPR1;BMIN;BCO MERCANTIL INVESTS SA;34169557000172;OK;ACN;PR;PN;EPNNPR;ACOES NOMINATIVAS ACOES PREFERENCIAIS;A;True;A;;;2026-10-05;True
BRBMKSACNOR9;BMKS;BICICLETAS MONARK SA;56992423000190;OK;ACN;OR;ON;ESVUFR;ACOES NOMINATIVAS ACOES ORDINARIAS;A;True;A;;;2026-10-05;True
BRBMLSACNOR7;BMLS;BAMERINDUS LEASING ARREND MERCANTIL SA;;VAZIO;ACN;OR;ON;ESVUFR;ACOES NOMINATIVAS ACOES ORDINARIAS;A;True;A;;;2026-10-05;True
BRBMOBACNOR7;BMOB;BEMOBI MOBILE TECH S.A.;09042817000105;OK;ACN;OR;ON;ESVUFR;ACOES NOMINATIVAS;A;True;N;;;2026-10-05;True
BRBMSAACNPA3;BMSA;BUFALO MARAJO SA BUMASA;04851887000182;OK;ACN;PA;PN;EPNNPR;ACOES NOMINATIVAS ACOES PREFERENCIAIS CLASSE A;A;True;A;;;2026-10-05;True
BRBMTEACNPA3;BMTE;BELMONTE AGROINDL SA BAISA;09462466000183;OK;ACN;PA;PN;EPNNPR;ACOES NOMINATIVAS ACOES PREFERENCIAIS CLASSE A;A;True;A;;;2026-10-05;True
BRBMTOACNOR9;BMTO;BRASMOTOR SA;61084984000120;OK;ACN;OR;ON;ESVUFR;ACOES NOMINATIVAS ACOES ORDINARIAS;A;True;A;;;2026-10-05;True
BRBMTOACNPR6;BMTO;BRASMOTOR SA;61084984000120;OK;ACN;PR;PN;EPNNPR;ACOES NOMINATIVAS ACOES PREFERENCIAIS;A;True;A;;;2026-10-05;True
BRBNACACNOR2;BNAC;BCO NACIONAL SA;17157777000167;OK;ACN;OR;ON;ESVUFR;ACOES NOMINATIVAS ACOES ORDINARIAS;A;True;A;;;2026-10-05;True
BRBNACACNPR9;BNAC;BCO NACIONAL SA;17157777000167;OK;ACN;PR;PN;EPNNPR;ACOES NOMINATIVAS ACOES PREFERENCIAIS;A;True;A;;;2026-10-05;True
BRBNALACNPB4;BNAL;BONAL SA;43151984000114;OK;ACN;PB;PN;EPNNPR;ACOES NOMINATIVAS ACOES PREFERENCIAIS CLASSE B;A;True;A;;;2026-10-05;True
BRBNBRACNOR8;BNBR;BCO NORDESTE BRASIL SA;07237373000120;OK;ACN;OR;ON;ESVUFR;ACOES NOMINATIVAS ACOES ORDINARIAS;A;True;A;;;2026-10-05;True
BRBNBRACNPR5;BNBR;BCO NORDESTE BRASIL SA;07237373000120;OK;ACN;PR;PN;EPNNPR;ACOES NOMINATIVAS ACOES PREFERENCIAIS;A;True;A;;;2026-10-05;True
BRBNDPACNOR8;BNDP;BNDES PARTICIPACOES SA BNDESPAR;00383281000109;OK;ACN;OR;ON;ESVUFR;ACOES NOMINATIVAS ACOES ORDINARIAS;A;True;A;;;2026-10-05;True
BRBNLSACNOR5;BNLS;BANORTE LEASING ARREND MERCANTIL SA;34260158000112;OK;ACN;OR;ON;ESVUFR;ACOES NOMINATIVAS ACOES ORDINARIAS;A;True;A;;;2026-10-05;True
BRBNPAACNOR4;BNPA;BONAIRE PARTICIPACOES SA;02117801000167;OK;ACN;OR;ON;ESVUFR;ACOES NOMINATIVAS ACOES ORDINARIAS;A;True;A;;;2026-10-05;True
BRBNRGACNOR7;BNRG;BRAZIL ENERGY S.A.;01291513000161;OK;ACN;OR;ON;ESVUFR;ACOES NOMINATIVAS;A;True;N;;;2026-10-05;True
BRBNSAACNPA1;BNSA;BORRACHAS NORDESTE SA BONESA;24144149000102;OK;ACN;PA;PN;EPNNPR;ACOES NOMINATIVAS ACOES PREFERENCIAIS CLASSE A;A;True;A;;;2026-10-05;True
BRBNXOACNOR9;BNXO;BIONEXO S.A.;04069709000102;OK;ACN;OR;ON;ESVUFR;ACOES NOMINATIVAS;A;True;N;;;2026-10-05;True
BRBNYMACNOR1;BNYM;BNY MELLON BANCO S.A;42272526000170;OK;ACN;OR;ON;ESVUFR;ACOES NOMINATIVAS ACOES ORDINARIAS;A;True;A;;;2026-10-05;True
BRBOASACNOR6;BOAS;BOA VISTA SERVICOS S.A.;11725176000127;OK;ACN;OR;ON;ESVUFR;ACOES NOMINATIVAS;A;True;N;;;2026-10-05;True
BRBOAVACNPA3;BOAV;BOA VISTA AGROPECUARIA SA;09136151000146;OK;ACN;PA;PN;EPNNPR;ACOES NOMINATIVAS ACOES PR CLASSE A;A;True;N;;;2026-10-05;True
BRBOAVACNPB1;BOAV;BOA VISTA AGROPECUARIA SA;09136151000146;OK;ACN;PB;PN;EPNNPR;ACOES NOMINATIVAS ACOES PREFERENCIAIS CLASSE B;A;True;A;;;2026-10-05;True
BRBOBRACNOR6;BOBR;BOMBRIL SA (EX BOMBRIL CIRIO SA);50564053000103;OK;ACN;OR;ON;ESVUFR;ACOES NOMINATIVAS ACOES ORDINARIAS;A;True;A;;;2026-10-05;True
BRBOBRACNPR3;BOBR;BOMBRIL SA (EX BOMBRIL CIRIO SA);50564053000103;OK;ACN;PR;PN;EPNNPR;ACOES NOMINATIVAS ACOES PREFERENCIAIS;A;True;A;;;2026-10-05;True
BRBOENACNOR9;BOEN;BOLT ENERGIAS SA;12524216000135;OK;ACN;OR;ON;ESVUFR;ACOES NOMINATIVAS ACOES ORDINARIAS;A;True;A;;;2026-10-05;True
BRBOFAACNOR3;BOFA;BANK OF AMERICA BRASIL SA;92791813000165;OK;ACN;OR;ON;ESVUFR;ACOES NOMINATIVAS ACOES ORDINARIAS;A;True;A;;;2026-10-05;True
BRBOMVACNOR5;BOMV;BOM VERA PARTICIPACOES SA;06002014000120;OK;ACN;OR;ON;ESVUFR;ACOES NOMINATIVAS ACOES ORDINARIAS;A;True;A;;;2026-10-05;True
BRBOMVACNPA8;BOMV;BOM VERA PARTICIPACOES SA;06002014000120;OK;ACN;PA;PN;EPNNPR;ACOES NOMINATIVAS ACOES PREFERENCIAIS CLASSE A;A;True;A;;;2026-10-05;True
BRBONCACNPA6;BONC;BONANCA AGROINDL SA;11564010000176;OK;ACN;PA;PN;EPNNPR;ACOES NOMINATIVAS ACOES PREFERENCIAIS CLASSE A;A;True;A;;;2026-10-05;True
BRBONEACNPF1;BONE;BONOR IND BOTOES NORDESTE SA;10868610000165;OK;ACN;PF;PN;EPNNPR;ACOES NOMINATIVAS ACOES PREFERENCIAIS CLASSE F;A;True;A;;;2026-10-05;True
BRBONSACNOR9;BONS;BANCO BS2 S.A.;71027866000134;OK;ACN;OR;ON;ESVUFR;ACOES NOMINATIVAS ACOES ORDINARIAS;A;True;A;;;2026-10-05;True
BRBONSACNPR6;BONS;BANCO BS2 S.A.;71027866000134;OK;ACN;PR;PN;EPNNPR;ACOES NOMINATIVAS ACOES PREFERENCIAIS;A;True;A;;;2026-10-05;True
BRBOQAACNPA3;BOQA;BOQUEIRAO AGROPECUARIA SA;12646972000137;OK;ACN;PA;PN;EPNNPR;ACOES NOMINATIVAS ACOES PREFERENCIAIS CLASSE A;A;True;A;;;2026-10-05;True
BRBORBACNOR6;BORB;BORBOREMA EMPREENDIMENTOS AGRICOLAS SA BOREASA;06633291000131;OK;ACN;OR;ON;ESVUFR;ACOES NOMINATIVAS ACOES ORDINARIAS;A;True;A;;;2026-10-05;True
BRBORBACNPR3;BORB;BORBOREMA EMPREENDIMENTOS AGRICOLAS SA BOREASA;06633291000131;OK;ACN;PR;PN;EPNNPR;ACOES NOMINATIVAS ACOES PREFERENCIAIS;A;True;A;;;2026-10-05;True
BRBPACACNOR7;BPAC;BCO BTG PACTUAL SA;30306294000145;OK;ACN;OR;ON;ESVUFR;ACOES NOMINATIVAS ACOES ORDINARIAS;A;True;A;;;2026-10-05;True
BRBPACACNPA0;BPAC;BCO BTG PACTUAL SA;30306294000145;OK;ACN;PA;PN;EPNNPR;ACOES NOMINATIVAS ACOES PREFERENCIAIS CLASSE A;A;True;A;;;2026-10-05;True
BRBPACACNPB8;BPAC;BCO BTG PACTUAL SA;30306294000145;OK;ACN;PB;PN;EPNNPR;ACOES NOMINATIVAS ACOES PREFERENCIAIS CLASSE B;A;True;A;;;2026-10-05;True
BRBPACACNPC6;BPAC;BCO BTG PACTUAL SA;30306294000145;OK;ACN;PC;PN;EPNNPR;ACOES NOMINATIVAS ACOES PREFERENCIAIS CLASSE C;A;True;A;;;2026-10-05;True
BRBPACCDAM19;BPAC;BCO BTG PACTUAL SA;30306294000145;OK;CDA;M1;UNIT;EMXXXR;CERTIFICADO DE DEPOSITO DE ACOES RECIBOS - 1 ON E 2 PNA;A;True;N;;;2026-10-05;True
BRBPACUNT006;BPAC;BCO BTG PACTUAL SA;30306294000145;OK;UNT;ZZ;UNIT;MCMUXR;UNITS UNITS REPRESENTATIVAS DE 1 ACAO ON E 2 ACOES PNA DO BCO BTG PACTUAL SA;A;True;A;;;2026-10-05;True
BRBPACUNT022;BPAC;BCO BTG PACTUAL SA;30306294000145;OK;UNT;ZZ;UNIT;MCMUXR;UNITS E: 01/2021;A;True;N;;;2026-10-05;True
BRBPANACNOR4;BPAN;BANCO PAN S.A;59285411000113;OK;ACN;OR;ON;ESVUFR;ACOES NOMINATIVAS ACOES ORDINARIAS;A;True;A;;;2026-10-05;True
BRBPANACNPR1;BPAN;BANCO PAN S.A;59285411000113;OK;ACN;PR;PN;EPNNPR;ACOES NOMINATIVAS ACOES PREFERENCIAIS;A;True;A;;;2026-10-05;True
BRBPANCDAM16;BPAN;BANCO PAN S.A;59285411000113;OK;CDA;M1;UNIT;EMXXXR;CERTIFICADO DE DEPOSITO DE ACOES 1 REC X 1 PN;A;True;N;;;2026-10-05;True
BRBPARACNOR5;BPAR;BCO ESTADO PARA SA;04913711000108;OK;ACN;OR;ON;ESVUFR;ACOES NOMINATIVAS ACOES ORDINARIAS;A;True;A;;;2026-10-05;True
BRBPCOACNOR8;BPCO;BOMPRECO SA SUPERMERCADOS NORDESTE;13004510000189;OK;ACN;OR;ON;ESVUFR;ACOES NOMINATIVAS ACOES ORDINARIAS;A;True;A;;;2026-10-05;True
BRBPCOACNPR5;BPCO;BOMPRECO SA SUPERMERCADOS NORDESTE;13004510000189;OK;ACN;PR;PN;EPNNPR;ACOES NOMINATIVAS ACOES PREFERENCIAIS;A;True;A;;;2026-10-05;True
BRBPECACNOR9;BPEC;OMNI BANCO SA;60850229000147;OK;ACN;OR;ON;ESVUFR;ACOES NOMINATIVAS ACOES ORDINARIAS;A;True;A;;;2026-10-05;True
BRBPHAACNOR6;BPHA;BRASIL PHARMA SA;11395624000171;OK;ACN;OR;ON;ESVUFR;ACOES NOMINATIVAS ACOES ORDINARIAS;A;True;A;;;2026-10-05;True
BRBPHTACNPR3;BPHT;BUZIOS PALACE HOTEIS TURISMO SA;31093792000110;OK;ACN;PR;PN;EPNNPR;ACOES NOMINATIVAS ACOES PREFERENCIAIS;A;True;A;;;2026-10-05;True
BRBPLAACNOR8;BPLA;BRASPEROLA IND COM SA;11703519000152;OK;ACN;OR;ON;ESVUFR;ACOES NOMINATIVAS ACOES ORDINARIAS;A;True;A;;;2026-10-05;True
BRBPLAACNPA1;BPLA;BRASPEROLA IND COM SA;11703519000152;OK;ACN;PA;PN;EPNNPR;ACOES NOMINATIVAS ACOES PREFERENCIAIS CLASSE A;A;True;A;;;2026-10-05;True
BRBPMBACNOR4;BPMB;BPMB IV PARTICIPACOES SA;15483386000107;OK;ACN;OR;ON;ESVUFR;ACOES NOMINATIVAS ACOES ORDINARIAS;A;True;A;;;2026-10-05;True
BRBPMPACNOR4;BPMP;BPMB I PARTICIPACOES SA;15483430000189;OK;ACN;OR;ON;ESVUFR;ACOES NOMINATIVAS ACOES ORDINARIAS;A;True;A;;;2026-10-05;True
BRBPRGACNOR2;BPRG;BCO PROGRESSO SA;22531842000102;OK;ACN;OR;ON;ESVUFR;ACOES NOMINATIVAS ACOES ORDINARIAS;A;True;A;;;2026-10-05;True
BRBPRGACNPR9;BPRG;BCO PROGRESSO SA;22531842000102;OK;ACN;PR;PN;EPNNPR;ACOES NOMINATIVAS ACOES PREFERENCIAIS;A;True;A;;;2026-10-05;True
BRBPTPACNOR9;BPTP;BRASIL PETROLEO PARTICIPACOES SA;17259352000169;OK;ACN;OR;ON;ESVUFR;ACOES NOMINATIVAS ACOES ORDINARIAS;A;True;A;;;2026-10-05;True
BRBPTRACNOR5;BPTR;BOMPRECO TRUST RECEBIVEIS SA;;VAZIO;ACN;OR;ON;ESVUFR;ACOES NOMINATIVAS ACOES ORDINARIAS;A;True;A;;;2026-10-05;True
BRBPTRACNPR2;BPTR;BOMPRECO TRUST RECEBIVEIS SA;;VAZIO;ACN;PR;PN;EPNNPR;ACOES NOMINATIVAS ACOES PREFERENCIAIS;A;True;A;;;2026-10-05;True
BRBRAGACNOR4;BRAG;CIA BRAS PARTICIPACAO AGROINDL BRASAGRO;20492831000135;OK;ACN;OR;ON;ESVUFR;ACOES NOMINATIVAS ACOES ORDINARIAS;A;True;A;;;2026-10-05;True
BRBRAPACNOR5;BRAP;BRADESPAR SA;03847461000192;OK;ACN;OR;ON;ESVUFR;ACOES NOMINATIVAS ACOES ORDINARIAS;A;True;A;;;2026-10-05;True
BRBRAPACNPR2;BRAP;BRADESPAR SA;03847461000192;OK;ACN;PR;PN;EPNNPR;ACOES NOMINATIVAS ACOES PREFERENCIAIS;A;True;A;;;2026-10-05;True
BRBRAPCDAM12;BRAP;BRADESPAR SA;03847461000192;OK;CDA;M1;UNIT;EMXXXR;CERTIFICADO DE DEPOSITO DE ACOES 1BRAP4+0,332373453VALE;A;True;N;;;2026-10-05;True
BRBRASACNPA2;BRAS;FIBRASA SA;04221067000107;OK;ACN;PA;PN;EPNNPR;ACOES NOMINATIVAS ACOES PREFERENCIAIS CLASSE A;A;True;A;;;2026-10-05;True
BRBRAVACNOR3;BRAV;BRAVA ENERGIA S.A.;12091809000155;OK;ACN;OR;ON;ESVUFR;ACOES NOMINATIVAS;A;True;N;;;2026-10-05;True
BRBRBIACNOR8;BRBI;BRBI BR PARTNERS S.A.;10739356000103;OK;ACN;OR;ON;ESVUFR;ACOES NOMINATIVAS;A;True;N;;;2026-10-05;True
BRBRBIACNPR5;BRBI;BRBI BR PARTNERS S.A.;10739356000103;OK;ACN;PR;PN;EPNNPR;ACOES NOMINATIVAS;A;True;N;;;2026-10-05;True
BRBRBICDAM10;BRBI;BRBI BR PARTNERS S.A.;10739356000103;OK;CDA;M1;UNIT;EMXXXR;CERTIFICADO DE DEPOSITO DE ACOES 1ON + 2PN;A;True;N;;;2026-10-05;True
BRBRDMACNOR6;BRDM;BRAMETAL BRANDAO METALURGICA SA;83249078000171;OK;ACN;OR;ON;ESVUFR;ACOES NOMINATIVAS ACOES ORDINARIAS;A;True;A;;;2026-10-05;True
BRBRDMACNPR3;BRDM;BRAMETAL BRANDAO METALURGICA SA;83249078000171;OK;ACN;PR;PN;EPNNPR;ACOES NOMINATIVAS ACOES PREFERENCIAIS;A;True;A;;;2026-10-05;True
BRBRESACNPR8;BRES;BRESPEL CIA INDL BRASIL ESPANHA;13603733000162;OK;ACN;PR;PN;EPNNPR;ACOES NOMINATIVAS ACOES PREFERENCIAIS;A;True;A;;;2026-10-05;True
BRBRFCACNOR2;BRFC;BRAFCO SA;68587724000117;OK;ACN;OR;ON;ESVUFR;ACOES NOMINATIVAS ACOES ORDINARIAS;A;True;A;;;2026-10-05;True
BRBRFCACNPR9;BRFC;BRAFCO SA;68587724000117;OK;ACN;PR;PN;EPNNPR;ACOES NOMINATIVAS ACOES PREFERENCIAIS;A;True;A;;;2026-10-05;True
BRBRFDACNOR0;BRFD;BRAZILIAN FOOD BEVERAGE INVESTIMENTOS PARTICIPACOES SA;28298533000110;OK;ACN;OR;ON;ESVUFR;ACOES NOMINATIVAS ACOES ORDINARIAS;A;True;N;;;2026-10-05;True
BRBRFSACNOR8;BRFS;BRF SA;01838723000127;OK;ACN;OR;ON;ESVUFR;ACOES NOMINATIVAS ACOES ORDINARIAS;A;True;A;;;2026-10-05;True
BRBRGAACNOR4;BRGA;BRAGA HOLDING SA;;VAZIO;ACN;OR;ON;ESVUFR;ACOES NOMINATIVAS ACOES ORDINARIAS;A;True;A;;;2026-10-05;True
BRBRGEACNOR6;BRGE;CONSORCIO ALFA ADMINISTRACAO SA (EX CONS REAL BRAS ADMINISTRACAO SA);17193806000146;OK;ACN;OR;ON;ESVUFR;ACOES NOMINATIVAS ACOES ORDINARIAS;A;True;A;;;2026-10-05;True
BRBRGEACNPA9;BRGE;CONSORCIO ALFA ADMINISTRACAO SA (EX CONS REAL BRAS ADMINISTRACAO SA);17193806000146;OK;ACN;PA;PN;EPNNPR;ACOES NOMINATIVAS ACOES PREFERENCIAIS CLASSE A;A;True;A;;;2026-10-05;True
BRBRGEACNPB7;BRGE;CONSORCIO ALFA ADMINISTRACAO SA (EX CONS REAL BRAS ADMINISTRACAO SA);17193806000146;OK;ACN;PB;PN;EPNNPR;ACOES NOMINATIVAS ACOES PREFERENCIAIS CLASSE B;A;True;A;;;2026-10-05;True
BRBRGEACNPC5;BRGE;CONSORCIO ALFA ADMINISTRACAO SA (EX CONS REAL BRAS ADMINISTRACAO SA);17193806000146;OK;ACN;PC;PN;EPNNPR;ACOES NOMINATIVAS ACOES PREFERENCIAIS CLASSE C;A;True;A;;;2026-10-05;True
BRBRGEACNPD3;BRGE;CONSORCIO ALFA ADMINISTRACAO SA (EX CONS REAL BRAS ADMINISTRACAO SA);17193806000146;OK;ACN;PD;PN;EPNNPR;ACOES NOMINATIVAS ACOES PREFERENCIAIS CLASSE D;A;True;A;;;2026-10-05;True
BRBRGEACNPE1;BRGE;CONSORCIO ALFA ADMINISTRACAO SA (EX CONS REAL BRAS ADMINISTRACAO SA);17193806000146;OK;ACN;PE;PN;EPNNPR;ACOES NOMINATIVAS ACOES PREFERENCIAIS CLASSE E;A;True;A;;;2026-10-05;True
BRBRGEACNPF8;BRGE;CONSORCIO ALFA ADMINISTRACAO SA (EX CONS REAL BRAS ADMINISTRACAO SA);17193806000146;OK;ACN;PF;PN;EPNNPR;ACOES NOMINATIVAS ACOES PREFERENCIAIS CLASSE F;A;True;A;;;2026-10-05;True
BRBRGVACNOR0;BRGV;BRASIL GOVERNANCE SA;;VAZIO;ACN;OR;ON;ESVUFR;ACOES NOMINATIVAS ACOES ORDINARIAS;A;True;A;;;2026-10-05;True
BRBRGVACNPR7;BRGV;BRASIL GOVERNANCE SA;;VAZIO;ACN;PR;PN;EPNNPR;ACOES NOMINATIVAS ACOES PREFERENCIAIS;A;True;A;;;2026-10-05;True
BRBRHAACNOR2;BRHA;CIA CERVEJARIA BRAHMA;33366980000108;OK;ACN;OR;ON;ESVUFR;ACOES NOMINATIVAS ACOES ORDINARIAS;A;True;A;;;2026-10-05;True
BRBRHAACNPR9;BRHA;CIA CERVEJARIA BRAHMA;33366980000108;OK;ACN;PR;PN;EPNNPR;ACOES NOMINATIVAS ACOES PREFERENCIAIS;A;True;A;;;2026-10-05;True
BRBRHEACNOR4;BRHE;BR HEALTH PARTICIPACOES SA;23670675000143;OK;ACN;OR;ON;ESVUFR;ACOES NOMINATIVAS ACOES ORDINARIAS;A;True;A;;;2026-10-05;True
BRBRITACNOR0;BRIT;BRISANET PARTICIPAÇÕES S.A.;19796586000170;OK;ACN;OR;ON;ESVUFR;ACOES NOMINATIVAS;A;True;N;;;2026-10-05;True
BRBRIVACNOR6;BRIV;BANCO ALFA DE INVESTIMENTO S.A.;60770336000165;OK;ACN;OR;ON;ESVUFR;ACOES NOMINATIVAS ACOES ORDINARIAS;A;True;A;;;2026-10-05;True
BRBRIVACNPR3;BRIV;BANCO ALFA DE INVESTIMENTO S.A.;60770336000165;OK;ACN;PR;PN;EPNNPR;ACOES NOMINATIVAS ACOES PREFERENCIAIS;A;True;A;;;2026-10-05;True
BRBRKMACNOR1;BRKM;BRASKEM SA;42150391000170;OK;ACN;OR;ON;ESVUFR;ACOES NOMINATIVAS ACOES ORDINARIAS;A;True;A;;;2026-10-05;True
BRBRKMACNPA4;BRKM;BRASKEM SA;42150391000170;OK;ACN;PA;PN;EPNNPR;ACOES NOMINATIVAS ACOES PREFERENCIAIS CLASSE A;A;True;A;;;2026-10-05;True
BRBRKMACNPB2;BRKM;BRASKEM SA;42150391000170;OK;ACN;PB;PN;EPNNPR;ACOES NOMINATIVAS ACOES PREFERENCIAIS CLASSE B;A;True;A;;;2026-10-05;True
BRBRKOACNOR7;BRKO;BRK OPERACOES INDUSTRIAIS SA;24396481000164;OK;ACN;OR;ON;ESVUFR;ACOES NOMINATIVAS ACOES ORDINARIAS;A;True;N;;;2026-10-05;True
BRBRKPACNOR4;BRKP;BRK AMBIENTAL PARTICIPACOES S.A.;24396489000120;OK;ACN;OR;ON;ESVUFR;ACOES NOMINATIVAS;A;True;N;;;2026-10-05;True
BRBRLSACNOR6;BRLS;BB LEASING SA ARREND MERCANTIL;31546476000156;OK;ACN;OR;ON;ESVUFR;ACOES NOMINATIVAS ACOES ORDINARIAS;A;True;A;;;2026-10-05;True
BRBRMEACNPA7;BRME;BRAMEX BRASIL MERCANTIL SA;70216429000104;OK;ACN;PA;PN;EPNNPR;ACOES NOMINATIVAS ACOES PREFERENCIAIS CLASSE A;A;True;A;;;2026-10-05;True
BRBRMLACNOR9;BRML;BR MALLS PARTICIPACOES SA;06977745000191;OK;ACN;OR;ON;ESVUFR;ACOES NOMINATIVAS ACOES ORDINARIAS;A;True;A;;;2026-10-05;True
BRBRMXACNPR1;BRMX;BRAMINEX BRAS MARMORES EXPORTADORA SA;27074343000157;OK;ACN;PR;PN;EPNNPR;ACOES NOMINATIVAS ACOES PREFERENCIAIS;A;True;A;;;2026-10-05;True
BRBRNAACNOR0;BRNA;BERNA PARTICIPACOES SA;;VAZIO;ACN;OR;ON;ESVUFR;ACOES NOMINATIVAS ACOES ORDINARIAS;A;True;A;;;2026-10-05;True
BRBRNEACNOR2;BRNE;BARONESA EMPREENDIMENTOS IMOBILIARIOS;18682532000111;OK;ACN;OR;ON;ESVUFR;ACOES NOMINATIVAS ACOES ORDINARIAS;A;True;A;;;2026-10-05;True
BRBRNHACNOR5;BRNH;NATURAL ONE HOLDING DE PARTICIPACOES S.A.;34239305000172;OK;ACN;OR;ON;ESVUFR;ACOES NOMINATIVAS;A;True;N;;;2026-10-05;True
BRBRNRACNPR1;BRNR;BRASNOR AGROPECUARIA SA;04885034000161;OK;ACN;PR;PN;EPNNPR;ACOES NOMINATIVAS ACOES PREFERENCIAIS;A;True;A;;;2026-10-05;True
BRBRNSACNOR2;BRNS;BRANES NEGOCIOS SERVICOS SA;15463923000157;OK;ACN;OR;ON;ESVUFR;ACOES NOMINATIVAS ACOES ORDINARIAS;A;True;A;;;2026-10-05;True
BRBRPKACNPB5;BRPK;BRASPACK EMBALAGENS NORDESTE SA;01394866000197;OK;ACN;PB;PN;EPNNPR;ACOES NOMINATIVAS ACOES PREFERENCIAIS CLASSE B;A;True;A;;;2026-10-05;True
BRBRPMACNOR0;BRPM;AGROPECUARIA BRASIL PALMEIRAS SA;02856863000190;OK;ACN;OR;ON;ESVUFR;ACOES NOMINATIVAS ACOES ORDINARIAS;A;True;A;;;2026-10-05;True
BRBRPMACNPR7;BRPM;AGROPECUARIA BRASIL PALMEIRAS SA;02856863000190;OK;ACN;PR;PN;EPNNPR;ACOES NOMINATIVAS ACOES PREFERENCIAIS;A;True;A;;;2026-10-05;True
BRBRPRACNOR9;BRPR;BR PROPERTIES SA;06977751000149;OK;ACN;OR;ON;ESVUFR;ACOES NOMINATIVAS ACOES ORDINARIAS;A;True;A;;;2026-10-05;True
BRBRQBACNOR1;BRQB;BRQ SOLUCOES INFORMATICA SA;36542025000164;OK;ACN;OR;ON;ESVUFR;ACOES NOMINATIVAS ACOES ORDINARIAS;A;True;A;;;2026-10-05;True
BRBRRCACNPR4;BRRC;AGROPECUARIA BRASIL RACA SA;73787251000131;OK;ACN;PR;PN;EPNNPR;ACOES NOMINATIVAS ACOES PREFERENCIAIS;A;True;A;;;2026-10-05;True
BRBRSIACNOR2;BRSI;BRS INVST MULTIMERCADO SPE S.A.;54492693000106;OK;ACN;OR;ON;ESVUFR;ACOES NOMINATIVAS;A;True;N;;;2026-10-05;True
BRBRSRACNOR3;BRSR;BCO ESTADO RIO GRANDE SUL SA;92702067000196;OK;ACN;OR;ON;ESVUFR;ACOES NOMINATIVAS ACOES ORDINARIAS;A;True;A;;;2026-10-05;True
BRBRSRACNPA6;BRSR;BCO ESTADO RIO GRANDE SUL SA;92702067000196;OK;ACN;PA;PN;EPNNPR;ACOES NOMINATIVAS ACOES PREFERENCIAIS CLASSE A;A;True;A;;;2026-10-05;True
BRBRSRACNPB4;BRSR;BCO ESTADO RIO GRANDE SUL SA;92702067000196;OK;ACN;PB;PN;EPNNPR;ACOES NOMINATIVAS ACOES PREFERENCIAIS CLASSE B;A;True;A;;;2026-10-05;True
BRBRSTACNOR9;BRST;BRISANET SERVIÇOS DE TELECOMUNICAÇÕES S.A.;04601397000128;OK;ACN;OR;ON;ESVUFR;ACOES NOMINATIVAS;A;True;N;;;2026-10-05;True
BRBRTCACNOR3;BRTC;BRASTEC TECHNOLOGIES;05235484000171;OK;ACN;OR;ON;ESVUFR;ACOES NOMINATIVAS ACOES ORDINARIAS;A;True;A;;;2026-10-05;True
BRBRTCACNPR0;BRTC;BRASTEC TECHNOLOGIES;05235484000171;OK;ACN;PR;PN;EPNNPR;ACOES NOMINATIVAS ACOES PREFERENCIAIS;A;True;A;;;2026-10-05;True
BRBRTXACNPA2;BRTX;BRASTEX SA;09258807000101;OK;ACN;PA;PN;EPNNPR;ACOES NOMINATIVAS ACOES PREFERENCIAIS CLASSE A;A;True;A;;;2026-10-05;True
BRBRUMACNOR0;BRUM;BRUMADINHO SA MINERACAO METAIS;52082872000140;OK;ACN;OR;ON;ESVUFR;ACOES NOMINATIVAS ACOES ORDINARIAS;A;True;A;;;2026-10-05;True
BRBRUMACNPR7;BRUM;BRUMADINHO SA MINERACAO METAIS;52082872000140;OK;ACN;PR;PN;EPNNPR;ACOES NOMINATIVAS ACOES PREFERENCIAIS;A;True;A;;;2026-10-05;True
BRBRUNACNPA1;BRUN;CIA AGROPECUARIA BARAUNA;08748766000160;OK;ACN;PA;PN;EPNNPR;ACOES NOMINATIVAS ACOES PREFERENCIAIS CLASSE A;A;True;A;;;2026-10-05;True
BRBRUNACNPB9;BRUN;CIA AGROPECUARIA BARAUNA;08748766000160;OK;ACN;PB;PN;EPNNPR;ACOES NOMINATIVAS ACOES PREFERENCIAIS CLASSE B;A;True;A;;;2026-10-05;True
BRBRVNACNOR6;BRVN;BRASVENDING COML SA;01342499000188;OK;ACN;OR;ON;ESVUFR;ACOES NOMINATIVAS ACOES ORDINARIAS;A;True;A;;;2026-10-05;True
BRBRVWACNOR7;BRVW;BRAVE WINDS GERADORA II SA;14913194000120;OK;ACN;OR;ON;ESVUFR;ACOES NOMINATIVAS ACOES ORDINARIAS;A;True;A;;;2026-10-05;True
BRBRZBACNOR2;BRZB;BRAZIL BERRIES INVESTIMENTO PARTICIPACOES SA;20023349000156;OK;ACN;OR;ON;ESVUFR;ACOES NOMINATIVAS ACOES ORDINARIAS;A;True;A;;;2026-10-05;True
BRBRZHACNOR9;BRZH;NOGSPE EMPREENDIMENTOS E PARTICIPACOES S.A.;34405822000174;OK;ACN;OR;ON;ESVUFR;ACOES NOMINATIVAS;A;True;N;;;2026-10-05;True
BRBRZIACNOR7;BRZI;BRZ INVESTIMENTOS SA;03468802000119;OK;ACN;OR;ON;ESVUFR;ACOES NOMINATIVAS ACOES ORDINARIAS;A;True;A;;;2026-10-05;True
BRBRZIACNPA0;BRZI;BRZ INVESTIMENTOS SA;03468802000119;OK;ACN;PA;PN;EPNNPR;ACOES NOMINATIVAS ACOES PREFERENCIAIS CLASSE A;A;True;A;;;2026-10-05;True
BRBSAFACNOR4;BSAF;BCO SAFRA SA;58160789000128;OK;ACN;OR;ON;ESVUFR;ACOES NOMINATIVAS ACOES ORDINARIAS;A;True;A;;;2026-10-05;True
BRBSAFACNPR1;BSAF;BCO SAFRA SA;58160789000128;OK;ACN;PR;PN;EPNNPR;ACOES NOMINATIVAS ACOES PREFERENCIAIS;A;True;A;;;2026-10-05;True
BRBSEGACNOR4;BSEG;HSBC SEGUROS BRASIL SA (EX HSBC BAMERINDUS SEGUROS SA);76538446000136;OK;ACN;OR;ON;ESVUFR;ACOES NOMINATIVAS ACOES ORDINARIAS;A;True;A;;;2026-10-05;True
BRBSEGACNPR1;BSEG;HSBC SEGUROS BRASIL SA (EX HSBC BAMERINDUS SEGUROS SA);76538446000136;OK;ACN;PR;PN;EPNNPR;ACOES NOMINATIVAS ACOES PREFERENCIAIS;A;True;A;;;2026-10-05;True
BRBSELACNOR4;BSEL;BASEL PARTICIPACOES SA;;VAZIO;ACN;OR;ON;ESVUFR;ACOES NOMINATIVAS ACOES ORDINARIAS;A;True;A;;;2026-10-05;True
BRBSEVACNOR3;BSEV;BIOSEV SA;15527906000136;OK;ACN;OR;ON;ESVUFR;ACOES NOMINATIVAS ACOES ORDINARIAS;A;True;A;;;2026-10-05;True
BRBSGRACNOR6;BSGR;AGF BRASIL SEGUROS SA;61573796000166;OK;ACN;OR;ON;ESVUFR;ACOES NOMINATIVAS ACOES ORDINARIAS;A;True;A;;;2026-10-05;True
BRBSLIACNOR5;BSLI;BRB BCO BRASILIA SA;00000208000100;OK;ACN;OR;ON;ESVUFR;ACOES NOMINATIVAS ACOES ORDINARIAS;A;True;A;;;2026-10-05;True
BRBSLIACNPR2;BSLI;BRB BCO BRASILIA SA;00000208000100;OK;ACN;PR;PN;EPNNPR;ACOES NOMINATIVAS ACOES PREFERENCIAIS;A;True;A;;;2026-10-05;True
BRBSLRACNOR6;BSLR;BRASIL SOLAIR ENERGIAS RENOVAVEIS COMERCIO E INDUSTRIA S/A;11041759000139;OK;ACN;OR;ON;ESVUFR;ACOES NOMINATIVAS ACOES ORDINARIAS;A;True;N;;;2026-10-05;True
BRBSMTACNOR0;BSMT;BRASIMET COM IND SA;60856820000101;OK;ACN;OR;ON;ESVUFR;ACOES NOMINATIVAS ACOES ORDINARIAS;A;True;A;;;2026-10-05;True
BRBSMTACNPR7;BSMT;BRASIMET COM IND SA;60856820000101;OK;ACN;PR;PN;EPNNPR;ACOES NOMINATIVAS ACOES PREFERENCIAIS;A;True;A;;;2026-10-05;True
BRBSPEACNOR5;BSPE;BRASCAN SPE SP 3 SA;09600613000134;OK;ACN;OR;ON;ESVUFR;ACOES NOMINATIVAS ACOES ORDINARIAS;A;True;A;;;2026-10-05;True
BRBSQEACNPR0;BSQE;AGROPECUARIA BOSQUE SA;04713087000103;OK;ACN;PR;PN;EPNNPR;ACOES NOMINATIVAS ACOES PREFERENCIAIS;A;True;A;;;2026-10-05;True
BRBSTLACNOR2;BSTL;BRAZIL STEEL INVESTIMENTOS PARTICIPACOES SA;20512148000112;OK;ACN;OR;ON;ESVUFR;ACOES NOMINATIVAS ACOES ORDINARIAS;A;True;A;;;2026-10-05;True
BRBSTOACNOR6;BSTO;BCO SANTOS SA;58257619000166;OK;ACN;OR;ON;ESVUFR;ACOES NOMINATIVAS ACOES ORDINARIAS;A;True;A;;;2026-10-05;True
BRBSTOACNPR3;BSTO;BCO SANTOS SA;58257619000166;OK;ACN;PR;PN;EPNNPR;ACOES NOMINATIVAS ACOES PREFERENCIAIS;A;True;A;;;2026-10-05;True
BRBTASACNOR5;BTAS;BETA SA IND COM;04381091000103;OK;ACN;OR;ON;ESVUFR;ACOES NOMINATIVAS ACOES ORDINARIAS;A;True;A;;;2026-10-05;True
BRBTASACNPA8;BTAS;BETA SA IND COM;04381091000103;OK;ACN;PA;PN;EPNNPR;ACOES NOMINATIVAS ACOES PREFERENCIAIS CLASSE A;A;True;A;;;2026-10-05;True
BRBTASACNPB6;BTAS;BETA SA IND COM;04381091000103;OK;ACN;PB;PN;EPNNPR;ACOES NOMINATIVAS ACOES PREFERENCIAIS CLASSE B;A;True;A;;;2026-10-05;True
BRBTASACNPC4;BTAS;BETA SA IND COM;04381091000103;OK;ACN;PC;PN;EPNNPR;ACOES NOMINATIVAS ACOES PREFERENCIAIS CLASSE C;A;True;A;;;2026-10-05;True
BRBTASACNPD2;BTAS;BETA SA IND COM;04381091000103;OK;ACN;PD;PN;EPNNPR;ACOES NOMINATIVAS ACOES PREFERENCIAIS CLASSE D;A;True;A;;;2026-10-05;True
BRBTBFACNPR7;BTBF;BETA BUFALOS EQUATORIAL AMAPAENSE SA;04378576000148;OK;ACN;PR;PN;EPNNPR;ACOES NOMINATIVAS ACOES PREFERENCIAIS;A;True;A;;;2026-10-05;True
BRBTLSACNOR2;BTLS;BANESTES LEASING SA ARREND MERCANTIL;39813605000137;OK;ACN;OR;ON;ESVUFR;ACOES NOMINATIVAS ACOES ORDINARIAS;A;True;A;;;2026-10-05;True
BRBTMBACNOR6;BTMB;BANCO MUFG BRASIL S.A.;60498557000126;OK;ACN;OR;ON;ESVUFR;ACOES NOMINATIVAS ACOES ORDINARIAS;A;True;A;;;2026-10-05;True
BRBTNAACNPR3;BTNA;BETA NORTE AGROINDL SA;31769995000183;OK;ACN;PR;PN;EPNNPR;ACOES NOMINATIVAS ACOES PREFERENCIAIS;A;True;A;;;2026-10-05;True
BRBTNSACNPA1;BTNS;BENTONITA NORDESTE SA BENTONISA;09185877000179;OK;ACN;PA;PN;EPNNPR;ACOES NOMINATIVAS ACOES PREFERENCIAIS CLASSE A;A;True;A;;;2026-10-05;True
BRBTOGACNOR1;BTOG;PRINCIPAL DSB SERVICOS OLEO GAS II SA;17200699000136;OK;ACN;OR;ON;ESVUFR;ACOES NOMINATIVAS ACOES ORDINARIAS;A;True;A;;;2026-10-05;True
BRBTREACNOR9;BTRE;BETER EMPREENDIMENTOS IMOBILIARIOS SA;;VAZIO;ACN;OR;ON;ESVUFR;ACOES NOMINATIVAS ACOES ORDINARIAS;A;True;A;;;2026-10-05;True
BRBTSCACNOR1;BTSC;BETA SECURITIZADORA SA;07021459000110;OK;ACN;OR;ON;ESVUFR;ACOES NOMINATIVAS ACOES ORDINARIAS;A;True;A;;;2026-10-05;True
BRBTSPACNOR3;BTSP;BAPTISTA SILVA PARTICIPACOES PROJETOS SA;10809341000166;OK;ACN;OR;ON;ESVUFR;ACOES NOMINATIVAS ACOES ORDINARIAS;A;True;A;;;2026-10-05;True
BRBTSPACNPR0;BTSP;BAPTISTA SILVA PARTICIPACOES PROJETOS SA;10809341000166;OK;ACN;PR;PN;EPNNPR;ACOES NOMINATIVAS ACOES PREFERENCIAIS;A;True;A;;;2026-10-05;True
BRBTURACNOR5;BTUR;BRASIL TRAVEL TURISMO PARTICIPACOES SA;13776362000110;OK;ACN;OR;ON;ESVUFR;ACOES NOMINATIVAS ACOES ORDINARIAS;A;True;A;;;2026-10-05;True
BRBUBAACNPR6;BUBA;BUBAMAZON BUBALINOS AMAZONIA SA;22940613000141;OK;ACN;PR;PN;EPNNPR;ACOES NOMINATIVAS ACOES PREFERENCIAIS;A;True;A;;;2026-10-05;True
BRBUDDACNOR9;BUDD;BUDDEMEYER SA;86047198000184;OK;ACN;OR;ON;ESVUFR;ACOES NOMINATIVAS ACOES ORDINARIAS;A;True;A;;;2026-10-05;True
BRBUDDACNPR6;BUDD;BUDDEMEYER SA;86047198000184;OK;ACN;PR;PN;EPNNPR;ACOES NOMINATIVAS ACOES PREFERENCIAIS;A;True;A;;;2026-10-05;True
BRBUETACNOR3;BUET;BUETTNER SA IND COM;82981812000120;OK;ACN;OR;ON;ESVUFR;ACOES NOMINATIVAS ACOES ORDINARIAS;A;True;A;;;2026-10-05;True
BRBUETACNPR0;BUET;BUETTNER SA IND COM;82981812000120;OK;ACN;PR;PN;EPNNPR;ACOES NOMINATIVAS ACOES PREFERENCIAIS;A;True;A;;;2026-10-05;True
BRBURIACNPA1;BURI;AGROPECUARIA BURITI SA;02266524000154;OK;ACN;PA;PN;EPNNPR;ACOES NOMINATIVAS ACOES PREFERENCIAIS CLASSE A;A;True;A;;;2026-10-05;True
BRBUZEACNOR0;BUZE;BUZIOS ENTRETENIMENTO SA;09001883000129;OK;ACN;OR;ON;ESVUFR;ACOES NOMINATIVAS ACOES ORDINARIAS;A;True;A;;;2026-10-05;True
BRBVAMACNOR4;BVAM;BOAVISTA SA ARREND MERCANTIL;42419846000100;OK;ACN;OR;ON;ESVUFR;ACOES NOMINATIVAS ACOES ORDINARIAS;A;True;A;;;2026-10-05;True
BRBVENACNOR4;BVEN;BOA VISTA ENERGIA S.A.;02341470000144;OK;ACN;OR;ON;ESVUFR;ACOES NOMINATIVAS ACOES ORDINARIAS;A;True;N;;;2026-10-05;True
BRBVENUNT003;BVEN;BOA VISTA ENERGIA S.A.;02341470000144;OK;UNT;ZZ;UNIT;MCMUXR;UNITS RECIBOS ON E AÇÃO ON;A;True;N;;;2026-10-05;True
BRBVKWACNOR2;BVKW;BCO VOLKSWAGEN SA;59109165000149;OK;ACN;OR;ON;ESVUFR;ACOES NOMINATIVAS ACOES ORDINARIAS;A;True;A;;;2026-10-05;True
BRBVSAACNPR8;BVSA;PECUARIA BELA VISTA SA BEVISA;08161119000158;OK;ACN;PR;PN;EPNNPR;ACOES NOMINATIVAS ACOES PREFERENCIAIS;A;True;A;;;2026-10-05;True
BRBWGQACNOR0;BWGQ;BRAVE WINDS GERADORA IV SA;18259394000162;OK;ACN;OR;ON;ESVUFR;ACOES NOMINATIVAS ACOES ORDINARIAS;A;True;A;;;2026-10-05;True
BRBWGTACNOR4;BWGT;BRAVE WINDS GERADORA III SA;18259404000160;OK;ACN;OR;ON;ESVUFR;ACOES NOMINATIVAS ACOES ORDINARIAS;A;True;A;;;2026-10-05;True
BRBWNDACNOR4;BWND;BRAVE WINDS GERADORA SA;15050699000171;OK;ACN;OR;ON;ESVUFR;ACOES NOMINATIVAS ACOES ORDINARIAS;A;True;A;;;2026-10-05;True
BRBWUVACNOR1;BWUV;BWU VIDEO SA;;VAZIO;ACN;OR;ON;ESVUFR;ACOES NOMINATIVAS ACOES ORDINARIAS;A;True;A;;;2026-10-05;True
BRBWUVACNPR8;BWUV;BWU VIDEO SA;;VAZIO;ACN;PR;PN;EPNNPR;ACOES NOMINATIVAS ACOES PREFERENCIAIS;A;True;A;;;2026-10-05;True
BRBXAMACNOR0;BXAM;AGROPECUARIA BAIXO AMAZONAS SA;04851523000100;OK;ACN;OR;ON;ESVUFR;ACOES NOMINATIVAS ACOES ORDINARIAS;A;True;A;;;2026-10-05;True
BRBXAMACNPR7;BXAM;AGROPECUARIA BAIXO AMAZONAS SA;04851523000100;OK;ACN;PR;PN;EPNNPR;ACOES NOMINATIVAS ACOES PREFERENCIAIS;A;True;A;;;2026-10-05;True
BRBZNXACNOR5;BZNX;BENZENEX SA ADUBOS INSETICIDAS;61288916000183;OK;ACN;OR;ON;ESVUFR;ACOES NOMINATIVAS ACOES ORDINARIAS;A;True;A;;;2026-10-05;True
BRBZNXACNPR2;BZNX;BENZENEX SA ADUBOS INSETICIDAS;61288916000183;OK;ACN;PR;PN;EPNNPR;ACOES NOMINATIVAS ACOES PREFERENCIAIS;A;True;A;;;2026-10-05;True
BRBZSNACNOR5;BZSN;BRAZIL SENIOR LIVING SA;17070693000191;OK;ACN;OR;ON;ESVUFR;ACOES NOMINATIVAS ACOES ORDINARIAS;A;True;A;;;2026-10-05;True
BRBZTBACNOR8;BZTB;BRAZIL TIMBER AGROFLORESTAL SA;07886461000152;OK;ACN;OR;ON;ESVUFR;ACOES NOMINATIVAS ACOES ORDINARIAS;A;True;A;;;2026-10-05;True
BRBZTBACNPA1;BZTB;BRAZIL TIMBER AGROFLORESTAL SA;07886461000152;OK;ACN;PA;PN;EPNNPR;ACOES NOMINATIVAS ACOES PREFERENCIAIS CLASSE A;A;True;A;;;2026-10-05;True
BRBZTBACNPB9;BZTB;BRAZIL TIMBER AGROFLORESTAL SA;07886461000152;OK;ACN;PB;PN;EPNNPR;ACOES NOMINATIVAS ACOES PREFERENCIAIS CLASSE B;A;True;A;;;2026-10-05;True
BRC0PMACNPB3;C0PM;CIA. INDL. DE PROD. AGROP. DO MARANHÃO - COPEMA;06496640000110;OK;ACN;PB;PN;EPNNPR;ACOES NOMINATIVAS;A;True;N;;;2026-10-05;True
BRC1GTACNOR4;C1GT;EDP TRANSMISSÃO GOIÁS S.A.;07779299000173;OK;ACN;OR;ON;ESVUFR;ACOES NOMINATIVAS;A;True;N;;;2026-10-05;True
BRC3BAACNOR1;C3BA;CIA DESENVOLVIMENTO BARCARENA CODEBAR;04319877000109;OK;ACN;OR;ON;ESVUFR;ACOES NOMINATIVAS ACOES ORDINARIAS;A;True;N;;;2026-10-05;True
BRC3PCACNPR4;C3PC;CIA PRODUTORA DE CARNE DO NE - PROCARNE;11361615000160;OK;ACN;PR;PN;EPNNPR;ACOES NOMINATIVAS;A;True;N;;;2026-10-05;True
BRC3RPACNOR5;C3RP;COTRASA PARTICIPACOES S.A.;51224056000160;OK;ACN;OR;ON;ESVUFR;ACOES NOMINATIVAS;A;True;N;;;2026-10-05;True
BRC4JAACNPA5;C4JA;CAJUASA - CAJU DE ARRAIAS S/A;00109751000140;OK;ACN;PA;PN;EPNNPR;ACOES NOMINATIVAS;A;True;N;;;2026-10-05;True
BRC4MLACNPR0;C4ML;CAMPOLAR S/A;05085113000150;OK;ACN;PR;PN;EPNNPR;ACOES NOMINATIVAS;A;True;N;;;2026-10-05;True
BRC4URACNPR0;C4UR;CAUARUAU AGROPECUÁRIA S/A;14468870000102;OK;ACN;PR;PN;EPNNPR;ACOES NOMINATIVAS;A;True;N;;;2026-10-05;True
BRC8AGACNPC8;C8AG;CIA. AGROPECUÁRIA VOLTA GRANDE;03473105000156;OK;ACN;PC;PN;EPNNPR;ACOES NOMINATIVAS;A;True;N;;;2026-10-05;True
BRC8AMACNPA0;C8AM;CENTRO OTICO DA AMAZÔNIA S/A;04645560000154;OK;ACN;PA;PN;EPNNPR;ACOES NOMINATIVAS;A;True;N;;;2026-10-05;True
BRC8BRACNPR1;C8BR;CALBRAN S/A;00324772000189;OK;ACN;PR;PN;EPNNPR;ACOES NOMINATIVAS;A;True;N;;;2026-10-05;True
BRC8CAACNPA1;C8CA;CCO-AGROPECUÁRIA S/A;03438637000152;OK;ACN;PA;PN;EPNNPR;ACOES NOMINATIVAS;A;True;N;;;2026-10-05;True
BRC8CYACNPR5;C8CY;CURTUME ACAY S/A;01118546000104;OK;ACN;PR;PN;EPNNPR;ACOES NOMINATIVAS AÇÕES PREFERENCIAIS;A;True;N;;;2026-10-05;True
BRC8PSACNPR9;C8PS;COMPASA-COMPENSADOS ABAETETUBA S/A;05105275000103;OK;ACN;PR;PN;EPNNPR;ACOES NOMINATIVAS;A;True;N;;;2026-10-05;True
BRC8SEACNPC5;C8SE;CIA AGROINDUSTRIAL SAO JOSE CAPESSE;07770019000166;OK;ACN;PC;PN;EPNNPR;ACOES NOMINATIVAS;A;True;N;;;2026-10-05;True
BRC9ACACNPR3;C9AC;CEACO CEARA ACOS S A;05323506000155;OK;ACN;PR;PN;EPNNPR;ACOES NOMINATIVAS ACOES PREFERENCIAIS;A;True;N;;;2026-10-05;True
BRC9AMACNPA8;C9AM;COMPANHIA AGROPECUARIA MONTEIRO;12632915000107;OK;ACN;PA;PN;EPNNPR;ACOES NOMINATIVAS CLASSE A;A;True;N;;;2026-10-05;True
BRC9ARACNPA7;C9AR;CIAGRO-CIA. AGROINDUSTRIAL DE RORAIMA;04651154000102;OK;ACN;PA;PN;EPNNPR;ACOES NOMINATIVAS;A;True;N;;;2026-10-05;True
BRC9BSACNOR0;C9BS;COBASI INVESTIMENTOS S.A.;57931366000100;OK;ACN;OR;ON;ESVUFR;ACOES NOMINATIVAS INC PETZ/COBASI;A;True;N;;;2026-10-05;True
BRC9BSACNPR7;C9BS;COBASI INVESTIMENTOS S.A.;57931366000100;OK;ACN;PR;PN;EPNNPR;ACOES NOMINATIVAS INC PETZCOBASI;A;True;N;;;2026-10-05;True
BRC9CTACNPR3;C9CT;CAMALTA - CAMAROES TERRA ALTA S/A;15310378000169;OK;ACN;PR;PN;EPNNPR;ACOES NOMINATIVAS;A;True;N;;;2026-10-05;True
BRC9FYACNPC8;C9FY;CIA FABRICA YOLANDA;10783777000123;OK;ACN;PC;PN;EPNNPR;ACOES NOMINATIVAS;A;True;N;;;2026-10-05;True
BRC9MSACNPB8;C9MS;CAMPINA GRANDE AGROMERCANTIL S/A-CAMESA;08848228000148;OK;ACN;PB;PN;EPNNPR;ACOES NOMINATIVAS ACOES NOMINATIVAS - PB;A;True;N;;;2026-10-05;True
BRC9PVACNPA7;C9PV;COMPANHIA AGROPECUARIA VALE DA IBIAPABA COPEVALE;05222070000108;OK;ACN;PA;PN;EPNNPR;ACOES NOMINATIVAS;A;True;N;;;2026-10-05;True
BRCAACACNOR7;CAAC;CAACI IMOBILIÁRIA S.A.;;VAZIO;ACN;OR;ON;ESVUFR;ACOES NOMINATIVAS;A;True;N;;;2026-10-05;True
BRCAAGACNPA1;CAAG;CARATINGA AGROPECUARIA SA;16998890000102;OK;ACN;PA;PN;EPNNPR;ACOES NOMINATIVAS ACOES PREFERENCIAIS CLASSE A;A;True;A;;;2026-10-05;True
BRCABIACNOR2;CABI;CABINDA PARTICIPACOES SA;04030182000102;OK;ACN;OR;ON;ESVUFR;ACOES NOMINATIVAS ACOES ORDINARIAS;A;True;A;;;2026-10-05;True
BRCACHACNPA5;CACH;CIA CACHUCHA PASTORIL;06298962000155;OK;ACN;PA;PN;EPNNPR;ACOES NOMINATIVAS ACOES PREFERENCIAIS CLASSE A;A;True;A;;;2026-10-05;True
BRCACIACNOR0;CACI;CAUCAIA INDL SA CAISA;07138860000135;OK;ACN;OR;ON;ESVUFR;ACOES NOMINATIVAS ACOES ORDINARIAS;A;True;A;;;2026-10-05;True
BRCACIACNPA3;CACI;CAUCAIA INDL SA CAISA;07138860000135;OK;ACN;PA;PN;EPNNPR;ACOES NOMINATIVAS ACOES PREFERENCIAIS CLASSE A;A;True;A;;;2026-10-05;True
BRCACIACNPB1;CACI;CAUCAIA INDL SA CAISA;07138860000135;OK;ACN;PB;PN;EPNNPR;ACOES NOMINATIVAS ACOES PREFERENCIAIS CLASSE B;A;True;A;;;2026-10-05;True
BRCACIACNPC9;CACI;CAUCAIA INDL SA CAISA;07138860000135;OK;ACN;PC;PN;EPNNPR;ACOES NOMINATIVAS ACOES PREFERENCIAIS CLASSE C;A;True;A;;;2026-10-05;True
BRCACOACNOR8;CACO;CACONDE PARTICIPACOES SA;04031213000131;OK;ACN;OR;ON;ESVUFR;ACOES NOMINATIVAS ACOES ORDINARIAS;A;True;A;;;2026-10-05;True
BRCACQACNOR3;CACQ;BCO CACIQUE SA;33349358000183;OK;ACN;OR;ON;ESVUFR;ACOES NOMINATIVAS ACOES ORDINARIAS;A;True;A;;;2026-10-05;True
BRCADAACNPA8;CADA;CALINDA IND RELOGIOS BRINQUEDOS SA;34526970000147;OK;ACN;PA;PN;EPNNPR;ACOES NOMINATIVAS ACOES PREFERENCIAIS CLASSE A;A;True;A;;;2026-10-05;True
BRCAEAACNOR3;CAEA;CAEMA CIA ALVORADA EMPREENDIMENTOS AGRICOLAS;06633671000176;OK;ACN;OR;ON;ESVUFR;ACOES NOMINATIVAS ACOES ORDINARIAS;A;True;A;;;2026-10-05;True
BRCAEAACNPR0;CAEA;CAEMA CIA ALVORADA EMPREENDIMENTOS AGRICOLAS;06633671000176;OK;ACN;PR;PN;EPNNPR;ACOES NOMINATIVAS ACOES PREFERENCIAIS;A;True;A;;;2026-10-05;True
BRCAECACNOR9;CAEC;CAGECE CIA AGUA ESGOTO CEARA;07040108000157;OK;ACN;OR;ON;ESVUFR;ACOES NOMINATIVAS ACOES ORDINARIAS;A;True;A;;;2026-10-05;True
BRCAECACNPR6;CAEC;CAGECE CIA AGUA ESGOTO CEARA;07040108000157;OK;ACN;PR;PN;EPNNPR;ACOES NOMINATIVAS ACOES PREFERENCIAIS;A;True;A;;;2026-10-05;True
BRCAETACNOR3;CAET;CAETES HOTEIS TURISMO SA;;VAZIO;ACN;OR;ON;ESVUFR;ACOES NOMINATIVAS ACOES ORDINARIAS;A;True;A;;;2026-10-05;True
BRCAFLACNPA0;CAFL;CARAJAS AGRO FLORESTAL SA;04702445000174;OK;ACN;PA;PN;EPNNPR;ACOES NOMINATIVAS ACOES PREFERENCIAIS CLASSE A;A;True;A;;;2026-10-05;True
BRCAGMACNPA6;CAGM;CIA AGRICOLA MARANHAO CIAMA;;VAZIO;ACN;PA;PN;EPNNPR;ACOES NOMINATIVAS ACOES PREFERENCIAIS CLASSE A;A;True;A;;;2026-10-05;True
BRCAIBACNPA5;CAIB;CAIBA IND COM SA;05637350000187;OK;ACN;PA;PN;EPNNPR;ACOES NOMINATIVAS ACOES PREFERENCIAIS CLASSE A;A;True;A;;;2026-10-05;True
BRCAIBACNPD9;CAIB;CAIBA IND COM SA;05637350000187;OK;ACN;PD;PN;EPNNPR;ACOES NOMINATIVAS ACOES PREFERENCIAIS CLASSE D;A;True;A;;;2026-10-05;True
BRCAIUACNPR9;CAIU;CAUME AGROPASTORIL SA;05607122000164;OK;ACN;PR;PN;EPNNPR;ACOES NOMINATIVAS ACOES PREFERENCIAIS;A;True;A;;;2026-10-05;True
BRCAJAACNPA5;CAJA;CIA AGRICOLA JOHA CAJA;10593804000103;OK;ACN;PA;PN;EPNNPR;ACOES NOMINATIVAS ACOES PREFERENCIAIS CLASSE A;A;True;A;;;2026-10-05;True
BRCAJBACNPC9;CAJB;CIA AGROPASTORIL JACARANDA BAHIA;11550977000107;OK;ACN;PC;PN;EPNNPR;ACOES NOMINATIVAS ACOES PREFERENCIAIS CLASSE C;A;True;A;;;2026-10-05;True
BRCAJUACNPR7;CAJU;CAJUEIRO AGROPAST INDL SA;07086580000120;OK;ACN;PR;PN;EPNNPR;ACOES NOMINATIVAS ACOES PREFERENCIAIS;A;True;A;;;2026-10-05;True
BRCALAACNOR8;CALA;DOMMO EMPREENDIMENTOS IMOBILIARIOS SA;04034792000176;OK;ACN;OR;ON;ESVUFR;ACOES NOMINATIVAS ACOES ORDINARIAS;A;True;A;;;2026-10-05;True
BRCALAACNPR5;CALA;DOMMO EMPREENDIMENTOS IMOBILIARIOS SA;04034792000176;OK;ACN;PR;PN;EPNNPR;ACOES NOMINATIVAS ACOES PREFERENCIAIS;A;True;A;;;2026-10-05;True
BRCALIACNOR1;CALI;CONSTRUTORA ADOLPHO LINDENBERG SA;61022042000118;OK;ACN;OR;ON;ESVUFR;ACOES NOMINATIVAS ACOES ORDINARIAS;A;True;A;;;2026-10-05;True
BRCALMACNPA6;CALM;CIA INTEG CALCINACAO MINERACAO CALMINA;11172137000140;OK;ACN;PA;PN;EPNNPR;ACOES NOMINATIVAS ACOES PREFERENCIAIS CLASSE A;A;True;A;;;2026-10-05;True
BRCALPACNPB7;CALP;CALCAREO PERNAMBUCO SA CALPESA;11021326000111;OK;ACN;PB;PN;EPNNPR;ACOES NOMINATIVAS ACOES PREFERENCIAIS CLASSE B;A;True;A;;;2026-10-05;True
BRCAMBACNOR4;CAMB;CAMBUCI SA;61088894000108;OK;ACN;OR;ON;ESVUFR;ACOES NOMINATIVAS ACOES ORDINARIAS;A;True;A;;;2026-10-05;True
BRCAMBACNPR1;CAMB;CAMBUCI SA;61088894000108;OK;ACN;PR;PN;EPNNPR;ACOES NOMINATIVAS ACOES PREFERENCIAIS;A;True;A;;;2026-10-05;True
BRCAMCACNPA5;CAMC;CONSTRUAMEC CONSTRUO AGRICULTURA MECANIZADA SA;22983316000183;OK;ACN;PA;PN;EPNNPR;ACOES NOMINATIVAS ACOES PREFERENCIAIS CLASSE A;A;True;A;;;2026-10-05;True
BRCAMCACNPB3;CAMC;CONSTRUAMEC CONSTRUO AGRICULTURA MECANIZADA SA;22983316000183;OK;ACN;PB;PN;EPNNPR;ACOES NOMINATIVAS ACOES PREFERENCIAIS CLASSE B;A;True;A;;;2026-10-05;True
BRCAMCACNPC1;CAMC;CONSTRUAMEC CONSTRUO AGRICULTURA MECANIZADA SA;22983316000183;OK;ACN;PC;PN;EPNNPR;ACOES NOMINATIVAS ACOES PREFERENCIAIS CLASSE C;A;True;A;;;2026-10-05;True
BRCAMLACNOR3;CAML;CAMIL ALIMENTOS SA;64904295000103;OK;ACN;OR;ON;ESVUFR;ACOES NOMINATIVAS ACOES ORDINARIAS;A;True;A;;;2026-10-05;True
BRCAMPACNPA7;CAMP;CAMPASA CAMAROES PARA SA;05032867000142;OK;ACN;PA;PN;EPNNPR;ACOES NOMINATIVAS ACOES PREFERENCIAIS CLASSE A;A;True;A;;;2026-10-05;True
BRCAMSACNPA1;CAMS;CAMASA CAMAROES ATALAIA SA;14716963000109;OK;ACN;PA;PN;EPNNPR;ACOES NOMINATIVAS ACOES PREFERENCIAIS CLASSE A;A;True;A;;;2026-10-05;True
BRCANAACNPC3;CANA;CIA AGROINDL ALIMENTOS NORDESTE CANAAN;06731665000151;OK;ACN;PC;PN;EPNNPR;ACOES NOMINATIVAS ACOES PREFERENCIAIS CLASSE C;A;True;A;;;2026-10-05;True
BRCANEACNPA9;CANE;CIA AVICOLA NORDESTE CIANE;41102492000103;OK;ACN;PA;PN;EPNNPR;ACOES NOMINATIVAS ACOES PREFERENCIAIS CLASSE A;A;True;A;;;2026-10-05;True
BRCANTACNOR4;CANT;ANDRADE GUTIERREZ PARTICIPACOES SA;04031960000170;OK;ACN;OR;ON;ESVUFR;ACOES NOMINATIVAS ACOES ORDINARIAS;A;True;A;;;2026-10-05;True
BRCANTACNPR1;CANT;ANDRADE GUTIERREZ PARTICIPACOES SA;04031960000170;OK;ACN;PR;PN;EPNNPR;ACOES NOMINATIVAS ACOES PREFERENCIAIS;A;True;A;;;2026-10-05;True
BRCAPAACNOR9;CAPA;CASCAIS PARTICIPACOES SA;02036214000143;OK;ACN;OR;ON;ESVUFR;ACOES NOMINATIVAS ACOES ORDINARIAS;A;True;A;;;2026-10-05;True
BRCASHACNOR8;CASH;MÉLIUZ S.A;14110585000107;OK;ACN;OR;ON;ESVUFR;ACOES NOMINATIVAS;A;True;N;;;2026-10-05;True
BRCASHUNT007;CASH;MÉLIUZ S.A;14110585000107;OK;UNT;ZZ;UNIT;MCMUXR;UNITS FON: 05/25;A;True;N;;;2026-10-05;True
BRCASIACNPB7;CASI;CIA AVICOLA SANTA INES COASI;08179954000115;OK;ACN;PB;PN;EPNNPR;ACOES NOMINATIVAS ACOES PREFERENCIAIS CLASSE B;A;True;A;;;2026-10-05;True
BRCASNACNOR6;CASN;CIA CATARINENSE AGUAS SANEAMENTO CASAN;82508433000117;OK;ACN;OR;ON;ESVUFR;ACOES NOMINATIVAS ACOES ORDINARIAS;A;True;A;;;2026-10-05;True
BRCASNACNPR3;CASN;CIA CATARINENSE AGUAS SANEAMENTO CASAN;82508433000117;OK;ACN;PR;PN;EPNNPR;ACOES NOMINATIVAS ACOES PREFERENCIAIS;A;True;A;;;2026-10-05;True
BRCASTACNPA6;CAST;CASTELO AGRICOLA SA;41210667000104;OK;ACN;PA;PN;EPNNPR;ACOES NOMINATIVAS ACOES PREFERENCIAIS CLASSE A;A;True;A;;;2026-10-05;True
BRCATAACNOR1;CATA;CIA INDL CATAGUASES;19526748000150;OK;ACN;OR;ON;ESVUFR;ACOES NOMINATIVAS ACOES ORDINARIAS;A;True;A;;;2026-10-05;True
BRCATAACNPR8;CATA;CIA INDL CATAGUASES;19526748000150;OK;ACN;PR;PN;EPNNPR;ACOES NOMINATIVAS ACOES PREFERENCIAIS;A;True;A;;;2026-10-05;True
BRCATIACNOR4;CATI;EMPRESAS ENERGIA VENTOS I, II, III, IV, X S.A;;VAZIO;ACN;OR;ON;ESVUFR;ACOES NOMINATIVAS ACOES ORDINARIAS;A;True;A;;;2026-10-05;True
BRCATLACNPB9;CATL;AGROPEC FAZENDA CATALUNHA SA;11642808000199;OK;ACN;PB;PN;EPNNPR;ACOES NOMINATIVAS ACOES PREFERENCIAIS CLASSE B;A;True;A;;;2026-10-05;True
BRCAUEACNOR1;CAUE;CIMENTO CAUE SA;17283599000110;OK;ACN;OR;ON;ESVUFR;ACOES NOMINATIVAS ACOES ORDINARIAS;A;True;A;;;2026-10-05;True
BRCAUEACNPA4;CAUE;CIMENTO CAUE SA;17283599000110;OK;ACN;PA;PN;EPNNPR;ACOES NOMINATIVAS ACOES PREFERENCIAIS CLASSE A;A;True;A;;;2026-10-05;True
BRCAULACNPR3;CAUL;CAULIM NORDESTE SA;09933219000118;OK;ACN;PR;PN;EPNNPR;ACOES NOMINATIVAS ACOES PREFERENCIAIS;A;True;A;;;2026-10-05;True
BRCAVRACNPA4;CAVR;CIA AGRICOLA VOLTA RIO;32630733000104;OK;ACN;PA;PN;EPNNPR;ACOES NOMINATIVAS ACOES PREFERENCIAIS CLASSE A;A;True;A;;;2026-10-05;True
BRCAVVACNPR0;CAVV;CIA AGROPASTORIL VALE VERDI;01380468000111;OK;ACN;PR;PN;EPNNPR;ACOES NOMINATIVAS ACOES PREFERENCIAIS;A;True;A;;;2026-10-05;True
BRCBAGACNOR6;CBAG;CIA BANDEIRANTES ARMAZENS GERAIS;58128174000114;OK;ACN;OR;ON;ESVUFR;ACOES NOMINATIVAS ACOES ORDINARIAS;A;True;A;;;2026-10-05;True
BRCBAPACNPC6;CBAP;CIA BRAS AGROPECUARIA COBRAPE;02455483000144;OK;ACN;PC;PN;EPNNPR;ACOES NOMINATIVAS ACOES PREFERENCIAIS CLASSE C;A;True;A;;;2026-10-05;True
BRCBAPACNPD4;CBAP;CIA BRAS AGROPECUARIA COBRAPE;02455483000144;OK;ACN;PD;PN;EPNNPR;ACOES NOMINATIVAS ACOES PREFERENCIAIS CLASSE D;A;True;A;;;2026-10-05;True
BRCBAVACNOR5;CBAV;COMPANHIA BRASILEIRA DE ALUMÍNIO;61409892000173;OK;ACN;OR;ON;ESVUFR;ACOES NOMINATIVAS;A;True;N;;;2026-10-05;True
BRCBCOACNOR6;CBCO;CIA BRASILEIRA COMPONENTES;07552734000122;OK;ACN;OR;ON;ESVUFR;ACOES NOMINATIVAS ACOES ORDINARIAS;A;True;A;;;2026-10-05;True
BRCBDPACNOR1;CBDP;CIA BANGU DESENVOLVIMENTO PARTICIPACOES;42584128000190;OK;ACN;OR;ON;ESVUFR;ACOES NOMINATIVAS ACOES ORDINARIAS;A;True;A;;;2026-10-05;True
BRCBDPACNPR8;CBDP;CIA BANGU DESENVOLVIMENTO PARTICIPACOES;42584128000190;OK;ACN;PR;PN;EPNNPR;ACOES NOMINATIVAS ACOES PREFERENCIAIS;A;True;A;;;2026-10-05;True
BRCBEEACNOR3;CBEE;AMPLA ENERGIA SERVICOS SA;33050071000158;OK;ACN;OR;ON;ESVUFR;ACOES NOMINATIVAS ACOES ORDINARIAS;A;True;A;;;2026-10-05;True
BRCBFBACNPR3;CBFB;CIA BAHIANA FIBRAS COBAFI;13573332000107;OK;ACN;PR;PN;EPNNPR;ACOES NOMINATIVAS ACOES PREFERENCIAIS;A;True;A;;;2026-10-05;True
BRCBFIACNOR1;CBFI;CIA BANDEIRANTES CRED FINANC INVEST;17167362000174;OK;ACN;OR;ON;ESVUFR;ACOES NOMINATIVAS ACOES ORDINARIAS;A;True;A;;;2026-10-05;True
BRCBFIACNPR8;CBFI;CIA BANDEIRANTES CRED FINANC INVEST;17167362000174;OK;ACN;PR;PN;EPNNPR;ACOES NOMINATIVAS ACOES PREFERENCIAIS;A;True;A;;;2026-10-05;True
BRCBHAACNOR4;CBHA;CASAS BANHA COM IND SA;33256918000155;OK;ACN;OR;ON;ESVUFR;ACOES NOMINATIVAS ACOES ORDINARIAS;A;True;A;;;2026-10-05;True
BRCBLTACNPA9;CBLT;BETÂNIA LÁCTEOS S.A.;10483444000189;OK;ACN;PA;PN;EPNNPR;ACOES NOMINATIVAS ACOES PREFERENCIAIS CLASSE A;A;True;A;;;2026-10-05;True
BRCBMAACNOR4;CBMA;COBRASMA SA;61080313000191;OK;ACN;OR;ON;ESVUFR;ACOES NOMINATIVAS ACOES ORDINARIAS;A;True;A;;;2026-10-05;True
BRCBMAACNPR1;CBMA;COBRASMA SA;61080313000191;OK;ACN;PR;PN;EPNNPR;ACOES NOMINATIVAS ACOES PREFERENCIAIS;A;True;A;;;2026-10-05;True
BRCBNTACNOR2;CBNT;CIA BRASILEIRA ANTIBIOTICOS CIBRAN;29075363000178;OK;ACN;OR;ON;ESVUFR;ACOES NOMINATIVAS ACOES ORDINARIAS;A;True;A;;;2026-10-05;True
BRCBNTACNPR9;CBNT;CIA BRASILEIRA ANTIBIOTICOS CIBRAN;29075363000178;OK;ACN;PR;PN;EPNNPR;ACOES NOMINATIVAS ACOES PREFERENCIAIS;A;True;A;;;2026-10-05;True
BRCBPBACNOR5;CBPB;COMPANHIA BRASILEIRA PARTICIPACOES BIOLETRICIDADE;09585179000160;OK;ACN;OR;ON;ESVUFR;ACOES NOMINATIVAS ACOES ORDINARIAS;A;True;A;;;2026-10-05;True
BRCBPMACNOR2;CBPM;CBPM CIA BAIANA PESQUISA MINERAL;13554910000168;OK;ACN;OR;ON;ESVUFR;ACOES NOMINATIVAS ACOES ORDINARIAS;A;True;A;;;2026-10-05;True
BRCBQMACNPR7;CBQM;CARBOMIL QUIMICA SA;07645062000108;OK;ACN;PR;PN;EPNNPR;ACOES NOMINATIVAS ACOES PREFERENCIAIS;A;True;A;;;2026-10-05;True
BRCBRAACNOR3;CBRA;CIA INDL BRASILEIRA ALIMENTOS CBR;07998164000107;OK;ACN;OR;ON;ESVUFR;ACOES NOMINATIVAS ACOES ORDINARIAS;A;True;A;;;2026-10-05;True
BRCBRAACNPA6;CBRA;CIA INDL BRASILEIRA ALIMENTOS CBR;07998164000107;OK;ACN;PA;PN;EPNNPR;ACOES NOMINATIVAS ACOES PREFERENCIAIS CLASSE A;A;True;A;;;2026-10-05;True
BRCBSAACNPR8;CBSA;CIBASA CITRUS BARRA SECA SA;39320304000171;OK;ACN;PR;PN;EPNNPR;ACOES NOMINATIVAS ACOES PREFERENCIAIS;A;True;A;;;2026-10-05;True
BRCBSCACNOR7;CBSC;VIRGO II COMPANHIA DE SECURITIZAÇÃO;02105040000123;OK;ACN;OR;ON;ESVUFR;ACOES NOMINATIVAS ACOES ORDINARIAS;A;True;A;;;2026-10-05;True
BRCBTAACNOR9;CBTA;CORBETTA SA IND COM;92670959000152;OK;ACN;OR;ON;ESVUFR;ACOES NOMINATIVAS ACOES ORDINARIAS;A;True;A;;;2026-10-05;True
BRCBTAACNPR6;CBTA;CORBETTA SA IND COM;92670959000152;OK;ACN;PR;PN;EPNNPR;ACOES NOMINATIVAS ACOES PREFERENCIAIS;A;True;A;;;2026-10-05;True
BRCCARACNOR1;CCAR;CIA CARRIS PORTO ALEGRENSE;92675255000172;OK;ACN;OR;ON;ESVUFR;ACOES NOMINATIVAS ACOES ORDINARIAS;A;True;A;;;2026-10-05;True
BRCCARACNPR8;CCAR;CIA CARRIS PORTO ALEGRENSE;92675255000172;OK;ACN;PR;PN;EPNNPR;ACOES NOMINATIVAS ACOES PREFERENCIAIS;A;True;A;;;2026-10-05;True
BRCCASACNOR9;CCAS;CERAMICA CARIRI SA CECASA;07174006000124;OK;ACN;OR;ON;ESVUFR;ACOES NOMINATIVAS ACOES ORDINARIAS;A;True;A;;;2026-10-05;True
BRCCASACNPA2;CCAS;CERAMICA CARIRI SA CECASA;07174006000124;OK;ACN;PA;PN;EPNNPR;ACOES NOMINATIVAS ACOES PREFERENCIAIS CLASSE A;A;True;A;;;2026-10-05;True
BRCCASACNPB0;CCAS;CERAMICA CARIRI SA CECASA;07174006000124;OK;ACN;PB;PN;EPNNPR;ACOES NOMINATIVAS ACOES PREFERENCIAIS CLASSE B;A;True;A;;;2026-10-05;True
BRCCASACNPC8;CCAS;CERAMICA CARIRI SA CECASA;07174006000124;OK;ACN;PC;PN;EPNNPR;ACOES NOMINATIVAS ACOES PREFERENCIAIS CLASSE C;A;True;A;;;2026-10-05;True
BRCCATACNOR7;CCAT;COMFIO CIA CATARINENSE FIACAO;82607847000101;OK;ACN;OR;ON;ESVUFR;ACOES NOMINATIVAS ACOES ORDINARIAS;A;True;A;;;2026-10-05;True
BRCCATACNPR4;CCAT;COMFIO CIA CATARINENSE FIACAO;82607847000101;OK;ACN;PR;PN;EPNNPR;ACOES NOMINATIVAS ACOES PREFERENCIAIS;A;True;A;;;2026-10-05;True
BRCCBRACNPA2;CCBR;CIA CITRICOS BRASIL;13574736000115;OK;ACN;PA;PN;EPNNPR;ACOES NOMINATIVAS ACOES PREFERENCIAIS CLASSE A;A;True;A;;;2026-10-05;True
BRCCCCACNOR9;CCCC;CONSTRUCOES COM CAMARGO CORREA SA;61522512000102;OK;ACN;OR;ON;ESVUFR;ACOES NOMINATIVAS ACOES ORDINARIAS;A;True;A;;;2026-10-05;True
BRCCCCACNPR6;CCCC;CONSTRUCOES COM CAMARGO CORREA SA;61522512000102;OK;ACN;PR;PN;EPNNPR;ACOES NOMINATIVAS ACOES PREFERENCIAIS;A;True;A;;;2026-10-05;True
BRCCDCACNOR7;CCDC;CICADE CURTUME SA;91623892000132;OK;ACN;OR;ON;ESVUFR;ACOES NOMINATIVAS ACOES ORDINARIAS;A;True;A;;;2026-10-05;True
BRCCDCACNPR4;CCDC;CICADE CURTUME SA;91623892000132;OK;ACN;PR;PN;EPNNPR;ACOES NOMINATIVAS ACOES PREFERENCIAIS;A;True;A;;;2026-10-05;True
BRCCHIACNOR5;CCHI;CERAMICA CHIARELLI SA;52736840000110;OK;ACN;OR;ON;ESVUFR;ACOES NOMINATIVAS ACOES ORDINARIAS;A;True;A;;;2026-10-05;True
BRCCHIACNPR2;CCHI;CERAMICA CHIARELLI SA;52736840000110;OK;ACN;PR;PN;EPNNPR;ACOES NOMINATIVAS ACOES PREFERENCIAIS;A;True;A;;;2026-10-05;True
BRCCIMACNOR5;CCIM;CAMARGO CORREA DESENVOLVIMENTO IMOBILIARIO SA;67203208000189;OK;ACN;OR;ON;ESVUFR;ACOES NOMINATIVAS ACOES ORDINARIAS;A;True;A;;;2026-10-05;True
BRCCNEACNPA5;CCNE;CERAMICA CORDEIRO NORDESTE SA;09378316000196;OK;ACN;PA;PN;EPNNPR;ACOES NOMINATIVAS ACOES PREFERENCIAIS CLASSE A;A;True;A;;;2026-10-05;True
BRCCNOACNPA4;CCNO;CENO-CERAMICOS DO NORTE S.A.;84573039000198;OK;ACN;PA;PN;EPNNPR;ACOES NOMINATIVAS ACOES PREFERENCIAIS CLASSE A;A;True;A;;;2026-10-05;True
BRCCNSACNOR2;CCNS;CONASA COMPANHIA NACIONAL SANEAMENTO;08837556000149;OK;ACN;OR;ON;ESVUFR;ACOES NOMINATIVAS ACOES ORDINARIAS;A;True;A;;;2026-10-05;True
BRCCPAACNPB6;CCPA;CIA PRODUTOS AGROPECUARIOS COPA;10648749000101;OK;ACN;PB;PN;EPNNPR;ACOES NOMINATIVAS ACOES PREFERENCIAIS CLASSE B;A;True;A;;;2026-10-05;True
BRCCPGACNOR2;CCPG;CIA CIMENTO PORTLAND GAUCHO;89724017000103;OK;ACN;OR;ON;ESVUFR;ACOES NOMINATIVAS ACOES ORDINARIAS;A;True;A;;;2026-10-05;True
BRCCPGACNPR9;CCPG;CIA CIMENTO PORTLAND GAUCHO;89724017000103;OK;ACN;PR;PN;EPNNPR;ACOES NOMINATIVAS ACOES PREFERENCIAIS;A;True;A;;;2026-10-05;True
BRCCPXACNPR4;CCPX;COMPANHIA CRIADORA PEIXES IRACEMA-CCPI;04872883000180;OK;ACN;PR;PN;EPNNPR;ACOES NOMINATIVAS ACOES PREFERENCIAIS;A;True;A;;;2026-10-05;True
BRCCTUACNOR5;CCTU;CIA BRASILEIRA CARTUCHOS;57494031000163;OK;ACN;OR;ON;ESVUFR;ACOES NOMINATIVAS ACOES ORDINARIAS;A;True;A;;;2026-10-05;True
BRCCTUACNPR2;CCTU;CIA BRASILEIRA CARTUCHOS;57494031000163;OK;ACN;PR;PN;EPNNPR;ACOES NOMINATIVAS ACOES PREFERENCIAIS;A;True;A;;;2026-10-05;True
BRCCTYACNOR7;CCTY;BELORA RDVC CITY DESENVOLVIMENTO IMOBILIÁRIO S.A.;52805925000103;OK;ACN;OR;ON;ESVUFR;ACOES NOMINATIVAS;A;True;N;;;2026-10-05;True
BRCCXCACNOR5;CCXC;CCX CARVAO COLOMBIA SA;07950674000104;OK;ACN;OR;ON;ESVUFR;ACOES NOMINATIVAS ACOES ORDINARIAS;A;True;A;;;2026-10-05;True
BRCDAMACNOR0;CDAM;BCO CIDADE LEASING ARREND MERCANTIL SA;63081004000161;OK;ACN;OR;ON;ESVUFR;ACOES NOMINATIVAS ACOES ORDINARIAS;A;True;A;;;2026-10-05;True
BRCDASACNOR7;CDAS;CIA DESENVOLVIMENTO AGRICOLA SAO PAULO CODASP;;VAZIO;ACN;OR;ON;ESVUFR;ACOES NOMINATIVAS ACOES ORDINARIAS;A;True;A;;;2026-10-05;True
BRCDDJACNOR0;CDDJ;CIDADE JARDIM PARTICIPACOES SA;;VAZIO;ACN;OR;ON;ESVUFR;ACOES NOMINATIVAS ACOES ORDINARIAS;A;True;A;;;2026-10-05;True
BRCDESACNOR9;CDES;VPORTS AUTORIDADE PORTUÁRIA S.A.;27316538000166;OK;ACN;OR;ON;ESVUFR;ACOES NOMINATIVAS;A;True;N;;;2026-10-05;True
BRCDFSACNOR6;CDFS;CDF ASSISTÊNCIA E SUPORTE DIGITAL S.A.;08769874000110;OK;ACN;OR;ON;ESVUFR;ACOES NOMINATIVAS;A;True;N;;;2026-10-05;True
BRCDIMACNOR3;CDIM;CIA DISTRITOS INDUSTRIAIS MINAS GERAIS CDI MG;16523664000175;OK;ACN;OR;ON;ESVUFR;ACOES NOMINATIVAS ACOES ORDINARIAS;A;True;A;;;2026-10-05;True
BRCDLAACNOR2;CDLA;CIDADELA TRUST RECEBIVEIS SA;01102817000133;OK;ACN;OR;ON;ESVUFR;ACOES NOMINATIVAS ACOES ORDINARIAS;A;True;A;;;2026-10-05;True
BRCDLAACNPR9;CDLA;CIDADELA TRUST RECEBIVEIS SA;01102817000133;OK;ACN;PR;PN;EPNNPR;ACOES NOMINATIVAS ACOES PREFERENCIAIS;A;True;A;;;2026-10-05;True
BRCDNOACNPB0;CDNO;CIA DESENVOLVIMENTO NORTE CODENORTE;04731519000109;OK;ACN;PB;PN;EPNNPR;ACOES NOMINATIVAS ACOES PREFERENCIAIS CLASSE B;A;True;A;;;2026-10-05;True
BRCDOUACNOR4;CDOU;CENTRAIS ELETRICAS CAHOEIRA DOURADA SA;01672223000168;OK;ACN;OR;ON;ESVUFR;ACOES NOMINATIVAS ACOES ORDINARIAS;A;True;A;;;2026-10-05;True
BRCDOUACNPR1;CDOU;CENTRAIS ELETRICAS CAHOEIRA DOURADA SA;01672223000168;OK;ACN;PR;PN;EPNNPR;ACOES NOMINATIVAS ACOES PREFERENCIAIS;A;True;A;;;2026-10-05;True
BRCDPLACNPA3;CDPL;CIA PAPEL ALAGOAS CODEPAL;12274676000152;OK;ACN;PA;PN;EPNNPR;ACOES NOMINATIVAS ACOES PREFERENCIAIS CLASSE A;A;True;A;;;2026-10-05;True
BRCDSCACNOR3;CDSC;CREDITCORP SERVIÇOS CORPORATIVOS SA;28132420000140;OK;ACN;OR;ON;ESVUFR;ACOES NOMINATIVAS ACOES ORDINARIAS;A;True;N;;;2026-10-05;True
BRCDUNACNOR6;CDUN;CODUNAS SA;00826535000116;OK;ACN;OR;ON;ESVUFR;ACOES NOMINATIVAS ACOES ORDINARIAS;A;True;A;;;2026-10-05;True
BRCDZPACNOR0;CDZP;CIA ZORZI PAPEIS;;VAZIO;ACN;OR;ON;ESVUFR;ACOES NOMINATIVAS ACOES ORDINARIAS;A;True;A;;;2026-10-05;True
BRCDZPACNPA3;CDZP;CIA ZORZI PAPEIS;;VAZIO;ACN;PA;PN;EPNNPR;ACOES NOMINATIVAS ACOES PREFERENCIAIS CLASSE A;A;True;A;;;2026-10-05;True
BRCDZPACNPB1;CDZP;CIA ZORZI PAPEIS;;VAZIO;ACN;PB;PN;EPNNPR;ACOES NOMINATIVAS ACOES PREFERENCIAIS CLASSE B;A;True;A;;;2026-10-05;True
BRCE5LACNPR7;CE5L;CERAMICA SANTA LUZIA S/A;04848784000163;OK;ACN;PR;PN;EPNNPR;ACOES NOMINATIVAS ACOES NOMINATIVAS - PN;A;True;N;;;2026-10-05;True
BRCEABACNOR1;CEAB;C&A MODAS S.A.;45242914000105;OK;ACN;OR;ON;ESVUFR;ACOES NOMINATIVAS;A;True;N;;;2026-10-05;True
BRCEACACNOR9;CEAC;ENERGISA ACRE - DISTRIBUIDORA DE ENERGIA S.A.;04065033000170;OK;ACN;OR;ON;ESVUFR;ACOES NOMINATIVAS ACOES ORDINARIAS;A;True;A;;;2026-10-05;True
BRCEACACNPR6;CEAC;ENERGISA ACRE - DISTRIBUIDORA DE ENERGIA S.A.;04065033000170;OK;ACN;PR;PN;EPNNPR;ACOES NOMINATIVAS ACOES PREFERENCIAIS;A;True;A;;;2026-10-05;True
BRCEACUNT008;CEAC;ENERGISA ACRE - DISTRIBUIDORA DE ENERGIA S.A.;04065033000170;OK;UNT;ZZ;UNIT;MCAUXR;UNITS AÇÕES ON E PN;A;True;A;;;2026-10-05;True
BRCEAEACNOR5;CEAE;CIA ESTADUAL AGUAS ESGOTOS CEDAE;33352394000104;OK;ACN;OR;ON;ESVUFR;ACOES NOMINATIVAS ACOES ORDINARIAS;A;True;A;;;2026-10-05;True
BRCEAGACNOR0;CEAG;CIA ENTREPOSTOS ARMAZENS GERAIS SAO PAULO;62463005000108;OK;ACN;OR;ON;ESVUFR;ACOES NOMINATIVAS ACOES ORDINARIAS;A;True;A;;;2026-10-05;True
BRCEALACNOR0;CEAL;EQUATORIAL ALAGOAS DISTRIBUIDORA DE ENERGIA S.A.;12272084000100;OK;ACN;OR;ON;ESVUFR;ACOES NOMINATIVAS ACOES ORDINARIAS;A;True;A;;;2026-10-05;True
BRCEALACNPR7;CEAL;EQUATORIAL ALAGOAS DISTRIBUIDORA DE ENERGIA S.A.;12272084000100;OK;ACN;PR;PN;EPNNPR;ACOES NOMINATIVAS ACOES PREFERENCIAIS;A;True;A;;;2026-10-05;True
BRCEALCDAM10;CEAL;EQUATORIAL ALAGOAS DISTRIBUIDORA DE ENERGIA S.A.;12272084000100;OK;CDA;M1;UNIT;EMXXXR;CERTIFICADO DE DEPOSITO DE ACOES ON E PN;A;True;N;;;2026-10-05;True
BRCEAPACNOR1;CEAP;COMPANHIA DE ELETRICIDADE DO AMAPÁ - CEA;05965546000109;OK;ACN;OR;ON;ESVUFR;ACOES NOMINATIVAS;A;True;N;;;2026-10-05;True
BRCEBDACNOR5;CEBD;NEOENERGIA DISTRIBUICAO BRASILIA S.A.;07522669000192;OK;ACN;OR;ON;ESVUFR;ACOES NOMINATIVAS;A;True;N;;;2026-10-05;True
BRCEBLACNPR5;CEBL;CEB LAJEADO SA;03677638000150;OK;ACN;PR;PN;EPNNPR;ACOES NOMINATIVAS ACOES PREFERENCIAIS;A;True;A;;;2026-10-05;True
BRCEBRACNOR5;CEBR;CIA ENERGETICA BRASILIA;00070698000111;OK;ACN;OR;ON;ESVUFR;ACOES NOMINATIVAS ACOES ORDINARIAS;A;True;A;;;2026-10-05;True
BRCEBRACNPA8;CEBR;CIA ENERGETICA BRASILIA;00070698000111;OK;ACN;PA;PN;EPNNPR;ACOES NOMINATIVAS ACOES PREFERENCIAIS CLASSE A;A;True;A;;;2026-10-05;True
BRCEBRACNPB6;CEBR;CIA ENERGETICA BRASILIA;00070698000111;OK;ACN;PB;PN;EPNNPR;ACOES NOMINATIVAS ACOES PREFERENCIAIS CLASSE B;A;True;A;;;2026-10-05;True
BRCECIACNOR2;CECI;CIA INDL AGRICOLA SANTA CECILIA;33433822000115;OK;ACN;OR;ON;ESVUFR;ACOES NOMINATIVAS ACOES ORDINARIAS;A;True;A;;;2026-10-05;True
BRCECIACNPA5;CECI;CIA INDL AGRICOLA SANTA CECILIA;33433822000115;OK;ACN;PA;PN;EPNNPR;ACOES NOMINATIVAS ACOES PREFERENCIAIS CLASSE A;A;True;A;;;2026-10-05;True
BRCECIACNPB3;CECI;CIA INDL AGRICOLA SANTA CECILIA;33433822000115;OK;ACN;PB;PN;EPNNPR;ACOES NOMINATIVAS ACOES PREFERENCIAIS CLASSE B;A;True;A;;;2026-10-05;True
BRCEDOACNOR8;CEDO;CIA FIACAO TECIDOS CEDRO CACHOEIRA;17245234000100;OK;ACN;OR;ON;ESVUFR;ACOES NOMINATIVAS ACOES ORDINARIAS;A;True;A;;;2026-10-05;True
BRCEDOACNPR5;CEDO;CIA FIACAO TECIDOS CEDRO CACHOEIRA;17245234000100;OK;ACN;PR;PN;EPNNPR;ACOES NOMINATIVAS ACOES PREFERENCIAIS;A;True;A;;;2026-10-05;True
BRCEEBACNOR3;CEEB;CIA ELETRICIDADE ESTADO BAHIA COELBA;15139629000194;OK;ACN;OR;ON;ESVUFR;ACOES NOMINATIVAS ACOES ORDINARIAS;A;True;A;;;2026-10-05;True
BRCEEBACNPA6;CEEB;CIA ELETRICIDADE ESTADO BAHIA COELBA;15139629000194;OK;ACN;PA;PN;EPNNPR;ACOES NOMINATIVAS ACOES PREFERENCIAIS CLASSE A;A;True;A;;;2026-10-05;True
BRCEEBACNPB4;CEEB;CIA ELETRICIDADE ESTADO BAHIA COELBA;15139629000194;OK;ACN;PB;PN;EPNNPR;ACOES NOMINATIVAS ACOES PREFERENCIAIS CLASSE B;A;True;A;;;2026-10-05;True
BRCEEDACNOR9;CEED;CIA ESTADUAL DISTRIBUICAO ENERGIA ELETRICA CEEE-D;08467115000100;OK;ACN;OR;ON;ESVUFR;ACOES NOMINATIVAS ACOES ORDINARIAS;A;True;A;;;2026-10-05;True
BRCEEDACNPR6;CEED;CIA ESTADUAL DISTRIBUICAO ENERGIA ELETRICA CEEE-D;08467115000100;OK;ACN;PR;PN;EPNNPR;ACOES NOMINATIVAS ACOES PREFERENCIAIS;A;True;A;;;2026-10-05;True
BRCEEPACNOR3;CEEP;COMPANHIA ESTADUAL DE ENERGIA ELETRICA PARTICIPACOES - CEEE PAR;08420472000105;OK;ACN;OR;ON;ESVUFR;ACOES NOMINATIVAS;A;True;N;;;2026-10-05;True
BRCEGRACNOR4;CEGR;CIA DISTRIBUIDORA GAS RIO JANEIRO CEG;33938119000169;OK;ACN;OR;ON;ESVUFR;ACOES NOMINATIVAS ACOES ORDINARIAS;A;True;A;;;2026-10-05;True
BRCEIMACNOR1;CEIM;COROADOS EMPREENDIMENTOS IMOBILIARIOS SA;18546449000115;OK;ACN;OR;ON;ESVUFR;ACOES NOMINATIVAS ACOES ORDINARIAS;A;True;A;;;2026-10-05;True
BRCELBACNOR8;CELB;ENERGISA BORBOREMA DISTRIBUIDORA ENERGIA SA;08826596000195;OK;ACN;OR;ON;ESVUFR;ACOES NOMINATIVAS ACOES ORDINARIAS;A;True;A;;;2026-10-05;True
BRCELBACNPR5;CELB;ENERGISA BORBOREMA DISTRIBUIDORA ENERGIA SA;08826596000195;OK;ACN;PR;PN;EPNNPR;ACOES NOMINATIVAS ACOES PREFERENCIAIS;A;True;A;;;2026-10-05;True
BRCELIACNPB4;CELI;IND PLASTICOS CELI SA CELIPLAST;32748899000111;OK;ACN;PB;PN;EPNNPR;ACOES NOMINATIVAS ACOES PREFERENCIAIS CLASSE B;A;True;A;;;2026-10-05;True
BRCELMACNOR5;CELM;CELM CIA EQUIPADORA LABORATORIOS MODERNOS;61086823000176;OK;ACN;OR;ON;ESVUFR;ACOES NOMINATIVAS ACOES ORDINARIAS;A;True;A;;;2026-10-05;True
BRCEMPACNOR6;CEMP;COEMP COM EMPREENDIMENTOS SA;17174418000118;OK;ACN;OR;ON;ESVUFR;ACOES NOMINATIVAS ACOES ORDINARIAS;A;True;A;;;2026-10-05;True
BRCEMPACNPR3;CEMP;COEMP COM EMPREENDIMENTOS SA;17174418000118;OK;ACN;PR;PN;EPNNPR;ACOES NOMINATIVAS ACOES PREFERENCIAIS;A;True;A;;;2026-10-05;True
BRCENBACNOR4;CENB;CENCOSUD BRASIL COMERCIAL S.A.;39346861035038;OK;ACN;OR;ON;ESVUFR;ACOES NOMINATIVAS;A;True;N;;;2026-10-05;True
BRCENFACNOR5;CENF;CIA ELETRICIDADE NOVA FRIBURGO;33249046000106;OK;ACN;OR;ON;ESVUFR;ACOES NOMINATIVAS ACOES ORDINARIAS;A;True;A;;;2026-10-05;True
BRCENFACNPR2;CENF;CIA ELETRICIDADE NOVA FRIBURGO;33249046000106;OK;ACN;PR;PN;EPNNPR;ACOES NOMINATIVAS ACOES PREFERENCIAIS;A;True;A;;;2026-10-05;True
BRCEPEACNOR3;CEPE;CIA ENERGETICA PERNAMBUCO CELPE;10835932000108;OK;ACN;OR;ON;ESVUFR;ACOES NOMINATIVAS ACOES ORDINARIAS;A;True;A;;;2026-10-05;True
BRCEPEACNPA6;CEPE;CIA ENERGETICA PERNAMBUCO CELPE;10835932000108;OK;ACN;PA;PN;EPNNPR;ACOES NOMINATIVAS ACOES PREFERENCIAIS CLASSE A;A;True;A;;;2026-10-05;True
BRCEPEACNPB4;CEPE;CIA ENERGETICA PERNAMBUCO CELPE;10835932000108;OK;ACN;PB;PN;EPNNPR;ACOES NOMINATIVAS ACOES PREFERENCIAIS CLASSE B;A;True;A;;;2026-10-05;True
BRCEROACNOR8;CERO;ENERGISA RONDÔNIA – DISTRIBUIDORA DE ENERGIA S.A.;05914650000166;OK;ACN;OR;ON;ESVUFR;ACOES NOMINATIVAS ACOES ORDINARIAS;A;True;A;;;2026-10-05;True
BRCESAACNOR5;CESA;CIA ESTATUAL SILOS ARMAZENS;92952043000195;OK;ACN;OR;ON;ESVUFR;ACOES NOMINATIVAS ACOES ORDINARIAS;A;True;A;;;2026-10-05;True
BRCESPACNOR3;CESP;CESP CIA ENERGETICA SAO PAULO;60933603000178;OK;ACN;OR;ON;ESVUFR;ACOES NOMINATIVAS ACOES ORDINARIAS;A;True;A;;;2026-10-05;True
BRCESPACNPA6;CESP;CESP CIA ENERGETICA SAO PAULO;60933603000178;OK;ACN;PA;PN;EPNNPR;ACOES NOMINATIVAS ACOES PREFERENCIAIS CLASSE A;A;True;A;;;2026-10-05;True
BRCESPACNPB4;CESP;CESP CIA ENERGETICA SAO PAULO;60933603000178;OK;ACN;PB;PN;EPNNPR;ACOES NOMINATIVAS ACOES PREFERENCIAIS CLASSE B;A;True;A;;;2026-10-05;True
BRCETEACNOR5;CETE;CETERP CENTRAIS TELEFONICAS RIBEIRAO PRETO SA;00956274000159;OK;ACN;OR;ON;ESVUFR;ACOES NOMINATIVAS ACOES ORDINARIAS;A;True;A;;;2026-10-05;True
BRCETEACNPR2;CETE;CETERP CENTRAIS TELEFONICAS RIBEIRAO PRETO SA;00956274000159;OK;ACN;PR;PN;EPNNPR;ACOES NOMINATIVAS ACOES PREFERENCIAIS;A;True;A;1996-09-30;;2026-10-05;True
BRCETRACNOR7;CETR;CENTRALCLEARING COMPENSACAO LIQUIDACAO SA CENTRAL;04475149000188;OK;ACN;OR;ON;ESVUFR;ACOES NOMINATIVAS ACOES ORDINARIAS;A;True;A;;;2026-10-05;True
BRCETXACNPB6;CETX;CIA CEARA TEXTIL;;VAZIO;ACN;PB;PN;EPNNPR;ACOES NOMINATIVAS ACOES PREFERENCIAIS CLASSE B;A;True;A;;;2026-10-05;True
BRCEVAACNOR9;CEVA;BUNGE ALIMENTOS SA (EX CEVAL ALIMENTOS SA);84046101000193;OK;ACN;OR;ON;ESVUFR;ACOES NOMINATIVAS ACOES ORDINARIAS;A;True;A;;;2026-10-05;True
BRCEVAACNPR6;CEVA;BUNGE ALIMENTOS SA (EX CEVAL ALIMENTOS SA);84046101000193;OK;ACN;PR;PN;EPNNPR;ACOES NOMINATIVAS ACOES PREFERENCIAIS;A;True;A;;;2026-10-05;True
BRCFBSACNOR0;CFBS;CAFE BRASIL PARTICIPACOES SA;21830552000105;OK;ACN;OR;ON;ESVUFR;ACOES NOMINATIVAS ACOES ORDINARIAS;A;True;A;;;2026-10-05;True
BRCFEPACNOR0;CFEP;CARFEPE SA ADMINISTRADORA PARTICIPADORA;25633934000191;OK;ACN;OR;ON;ESVUFR;ACOES NOMINATIVAS ACOES ORDINARIAS;A;True;A;;;2026-10-05;True
BRCFEPACNPR7;CFEP;CARFEPE SA ADMINISTRADORA PARTICIPADORA;25633934000191;OK;ACN;PR;PN;EPNNPR;ACOES NOMINATIVAS ACOES PREFERENCIAIS;A;True;A;;;2026-10-05;True
BRCFGNACNPR7;CFGN;BROTAS GENETICA SA;39335443000179;OK;ACN;PR;PN;EPNNPR;ACOES NOMINATIVAS ACOES PREFERENCIAIS;A;True;A;;;2026-10-05;True
BRCFHOACNOR6;CFHO;CARVALHO HOLDING SA;14372988000124;OK;ACN;OR;ON;ESVUFR;ACOES NOMINATIVAS ACOES ORDINARIAS;A;True;A;;;2026-10-05;True
BRCFHOACNPR3;CFHO;CARVALHO HOLDING SA;14372988000124;OK;ACN;PR;PN;EPNNPR;ACOES NOMINATIVAS ACOES PREFERENCIAIS;A;True;A;;;2026-10-05;True
BRCFJAACNOR1;CFJA;CONFORJA SA CONEXOES ACO;59106484000109;OK;ACN;OR;ON;ESVUFR;ACOES NOMINATIVAS ACOES ORDINARIAS;A;True;A;;;2026-10-05;True
BRCFJAACNPR8;CFJA;CONFORJA SA CONEXOES ACO;59106484000109;OK;ACN;PR;PN;EPNNPR;ACOES NOMINATIVAS ACOES PREFERENCIAIS;A;True;A;;;2026-10-05;True
BRCFLPACNOR5;CFLP;CFL INC PAR S.A.;08117803000132;OK;ACN;OR;ON;ESVUFR;ACOES NOMINATIVAS SET/2020;A;True;N;;;2026-10-05;True
BRCFLUACNOR5;CFLU;CIA FLUMINENSE REFRIGERANTES;31456338000186;OK;ACN;OR;ON;ESVUFR;ACOES NOMINATIVAS ACOES ORDINARIAS;A;True;A;;;2026-10-05;True
BRCFLUACNPR2;CFLU;CIA FLUMINENSE REFRIGERANTES;31456338000186;OK;ACN;PR;PN;EPNNPR;ACOES NOMINATIVAS ACOES PREFERENCIAIS;A;True;A;;;2026-10-05;True
BRCFRTACNOR4;CFRT;CIBRAFERTIL - CIA BRAS FERTILIZANTES;00117842000128;OK;ACN;OR;ON;ESVUFR;ACOES NOMINATIVAS ACOES ORDINARIAS;A;True;A;;;2026-10-05;True
BRCFTPACNOR8;CFTP;CIA FIACAO TECELAGEM PARA MINAS;23116551000110;OK;ACN;OR;ON;ESVUFR;ACOES NOMINATIVAS ACOES ORDINARIAS;A;True;A;;;2026-10-05;True
BRCFTPACNPR5;CFTP;CIA FIACAO TECELAGEM PARA MINAS;23116551000110;OK;ACN;PR;PN;EPNNPR;ACOES NOMINATIVAS ACOES PREFERENCIAIS;A;True;A;;;2026-10-05;True
BRCFTXACNPA5;CFTX;CIA INDL FIOS TEXTEIS CIFITEX;12134896000180;OK;ACN;PA;PN;EPNNPR;ACOES NOMINATIVAS ACOES PREFERENCIAIS CLASSE A;A;True;A;;;2026-10-05;True
BRCGASACNOR0;CGAS;CIA GAS SAO PAULO COMGAS;61856571000117;OK;ACN;OR;ON;ESVUFR;ACOES NOMINATIVAS ACOES ORDINARIAS;A;True;A;;;2026-10-05;True
BRCGASACNPA3;CGAS;CIA GAS SAO PAULO COMGAS;61856571000117;OK;ACN;PA;PN;EPNNPR;ACOES NOMINATIVAS ACOES PREFERENCIAIS CLASSE A;A;True;A;;;2026-10-05;True
BRCGEEACNOR2;CGEE;CIA ESTADUAL DE GERACAO DE ENERGIA ELETRICA - CEEE-G;39881421000104;OK;ACN;OR;ON;ESVUFR;ACOES NOMINATIVAS;A;True;N;;;2026-10-05;True
BRCGEEACNPR9;CGEE;CIA ESTADUAL DE GERACAO DE ENERGIA ELETRICA - CEEE-G;39881421000104;OK;ACN;PR;PN;EPNNPR;ACOES NOMINATIVAS;A;True;N;;;2026-10-05;True
BRCGLAACNOR5;CGLA;CIGLA CIA INDL GALLETTI LAMINADOS;07368277000110;OK;ACN;OR;ON;ESVUFR;ACOES NOMINATIVAS ACOES ORDINARIAS;A;True;A;;;2026-10-05;True
BRCGLAACNPR2;CGLA;CIGLA CIA INDL GALLETTI LAMINADOS;07368277000110;OK;ACN;PR;PN;EPNNPR;ACOES NOMINATIVAS ACOES PREFERENCIAIS;A;True;A;;;2026-10-05;True
BRCGOSACNOR1;CGOS;EQUATORIAL GOIÁS DISTRIBUIDORA DE ENERGIA S.A.;01543032000104;OK;ACN;OR;ON;ESVUFR;ACOES NOMINATIVAS ACOES ORDINARIAS;A;True;A;;;2026-10-05;True
BRCGRAACNOR2;CGRA;GRAZZIOTIN SA;92012467000170;OK;ACN;OR;ON;ESVUFR;ACOES NOMINATIVAS ACOES ORDINARIAS;A;True;A;;;2026-10-05;True
BRCGRAACNPR9;CGRA;GRAZZIOTIN SA;92012467000170;OK;ACN;PR;PN;EPNNPR;ACOES NOMINATIVAS ACOES PREFERENCIAIS;A;True;A;;;2026-10-05;True
BRCGSAACNPA3;CGSA;CARARU AGROPASTORIL RICARTE SA CAGRISA;06937908000102;OK;ACN;PA;PN;EPNNPR;ACOES NOMINATIVAS ACOES PREFERENCIAIS CLASSE A;A;True;A;;;2026-10-05;True
BRCGTEACNOR0;CGTE;CIA GERACAO TERMICA ENERGIA ELETRICA CGTEE;;VAZIO;ACN;OR;ON;ESVUFR;ACOES NOMINATIVAS ACOES ORDINARIAS;A;True;A;;;2026-10-05;True
BRCGTLACNOR5;CGTL;CIA TELECOMUNICACOES SOLUCOES CELGTELECOM;10268439000153;OK;ACN;OR;ON;ESVUFR;ACOES NOMINATIVAS ACOES ORDINARIAS;A;True;A;;;2026-10-05;True
BRCHAPACNOR4;CHAP;SA IND COM CHAPECO;83296889000123;OK;ACN;OR;ON;ESVUFR;ACOES NOMINATIVAS ACOES ORDINARIAS;A;True;A;;;2026-10-05;True
BRCHAPACNPR1;CHAP;SA IND COM CHAPECO;83296889000123;OK;ACN;PR;PN;EPNNPR;ACOES NOMINATIVAS ACOES PREFERENCIAIS;A;True;A;;;2026-10-05;True
BRCHLDACNOR7;CHLD;CHUI HOLDING S.A;14738255000160;OK;ACN;OR;ON;ESVUFR;ACOES NOMINATIVAS ACOES ORDINARIAS;A;True;A;;;2026-10-05;True
BRCHPDACNPA1;CHPD;CHAPADA PRATA SA;25560525000102;OK;ACN;PA;PN;EPNNPR;ACOES NOMINATIVAS ACOES PREFERENCIAIS CLASSE A;A;True;A;;;2026-10-05;True
BRCHSFACNOR7;CHSF;AXIA ENERGIA NORDESTE S.A.;33541368000116;OK;ACN;OR;ON;ESVUFR;ACOES NOMINATIVAS ACOES ORDINARIAS;A;True;A;;;2026-10-05;True
BRCHSFACNPR4;CHSF;AXIA ENERGIA NORDESTE S.A.;33541368000116;OK;ACN;PR;PN;EPNNPR;ACOES NOMINATIVAS ACOES PREFERENCIAIS;A;True;A;;;2026-10-05;True
BRCHVHACNPB8;CHVH;CHAVES HOTEIS TURISMO SA;12000469000100;OK;ACN;PB;PN;EPNNPR;ACOES NOMINATIVAS ACOES PREFERENCIAIS CLASSE B;A;True;A;;;2026-10-05;True
BRCHVIACNOR5;CHVI;CHAPECO CIA INDL ALIMENTOS;82949371000189;OK;ACN;OR;ON;ESVUFR;ACOES NOMINATIVAS ACOES ORDINARIAS;A;True;A;;;2026-10-05;True
BRCHVIACNPR2;CHVI;CHAPECO CIA INDL ALIMENTOS;82949371000189;OK;ACN;PR;PN;EPNNPR;ACOES NOMINATIVAS ACOES PREFERENCIAIS;A;True;A;;;2026-10-05;True
BRCIAGACNPA4;CIAG;CIAGRA CIA AGROPASTORIAL ARUANA;03143955000196;OK;ACN;PA;PN;EPNNPR;ACOES NOMINATIVAS ACOES PREFERENCIAIS CLASSE A;A;True;A;;;2026-10-05;True
BRCIAGACNPB2;CIAG;CIAGRA CIA AGROPASTORIAL ARUANA;03143955000196;OK;ACN;PB;PN;EPNNPR;ACOES NOMINATIVAS;A;True;N;;;2026-10-05;True
BRCIAMACNOR9;CIAM;CIA INDL AMAZONENSE;;VAZIO;ACN;OR;ON;ESVUFR;ACOES NOMINATIVAS ACOES ORDINARIAS;A;True;A;;;2026-10-05;True
BRCIAMACNPA2;CIAM;CIA INDL AMAZONENSE;;VAZIO;ACN;PA;PN;EPNNPR;ACOES NOMINATIVAS ACOES PREFERENCIAIS CLASSE A;A;True;A;;;2026-10-05;True
BRCIAMACNPB0;CIAM;CIA INDL AMAZONENSE;;VAZIO;ACN;PB;PN;EPNNPR;ACOES NOMINATIVAS ACOES PREFERENCIAIS CLASSE B;A;True;A;;;2026-10-05;True
BRCIAMACNPC8;CIAM;CIA INDL AMAZONENSE;;VAZIO;ACN;PC;PN;EPNNPR;ACOES NOMINATIVAS ACOES PREFERENCIAIS CLASSE C;A;True;A;;;2026-10-05;True
BRCIANACNPA0;CIAN;AGROINDL CAIANA SA;10775997000105;OK;ACN;PA;PN;EPNNPR;ACOES NOMINATIVAS ACOES PREFERENCIAIS CLASSE A;A;True;A;;;2026-10-05;True
BRCIASACNPB7;CIAS;CAJU INDL ALAGOAS SA CIASA;12298949000107;OK;ACN;PB;PN;EPNNPR;ACOES NOMINATIVAS ACOES PREFERENCIAIS CLASSE B;A;True;A;;;2026-10-05;True
BRCIBHACNOR7;CIBH;CIA INDL BELO HORIZONTE;17161316000168;OK;ACN;OR;ON;ESVUFR;ACOES NOMINATIVAS ACOES ORDINARIAS;A;True;A;;;2026-10-05;True
BRCIBHACNPA0;CIBH;CIA INDL BELO HORIZONTE;17161316000168;OK;ACN;PA;PN;EPNNPR;ACOES NOMINATIVAS ACOES PREFERENCIAIS CLASSE A;A;True;A;;;2026-10-05;True
BRCIBHACNPB8;CIBH;CIA INDL BELO HORIZONTE;17161316000168;OK;ACN;PB;PN;EPNNPR;ACOES NOMINATIVAS ACOES PREFERENCIAIS CLASSE B;A;True;A;;;2026-10-05;True
BRCICAACNOR0;CICA;CICA SA;50930098000154;OK;ACN;OR;ON;ESVUFR;ACOES NOMINATIVAS ACOES ORDINARIAS;A;True;A;;;2026-10-05;True
BRCICAACNPR7;CICA;CICA SA;50930098000154;OK;ACN;PR;PN;EPNNPR;ACOES NOMINATIVAS ACOES PREFERENCIAIS;A;True;A;;;2026-10-05;True
BRCICPACNPA1;CICP;CIA INDL CELULOSE PAPEL;13004304000179;OK;ACN;PA;PN;EPNNPR;ACOES NOMINATIVAS ACOES PREFERENCIAIS CLASSE A;A;True;A;;;2026-10-05;True
BRCICSACNPA5;CICS;CIC SA;07790264000135;OK;ACN;PA;PN;EPNNPR;ACOES NOMINATIVAS ACOES PREFERENCIAIS CLASSE A;A;True;A;;;2026-10-05;True
BRCIELACNOR3;CIEL;CIELO SA;01027058000191;OK;ACN;OR;ON;ESVUFR;ACOES NOMINATIVAS ACOES ORDINARIAS;A;True;A;;;2026-10-05;True
BRCIITACNOR7;CIIT;CIA INDL ITAUNENSE;21254073000180;OK;ACN;OR;ON;ESVUFR;ACOES NOMINATIVAS ACOES ORDINARIAS;A;True;A;;;2026-10-05;True
BRCIITACNPR4;CIIT;CIA INDL ITAUNENSE;21254073000180;OK;ACN;PR;PN;EPNNPR;ACOES NOMINATIVAS ACOES PREFERENCIAIS;A;True;A;;;2026-10-05;True
BRCILCACNPB8;CILC;CIA INDL LATICINIOS CARIRI CILCA;07584279000147;OK;ACN;PB;PN;EPNNPR;ACOES NOMINATIVAS ACOES PREFERENCIAIS CLASSE B;A;True;A;;;2026-10-05;True
BRCILCACNPC6;CILC;CIA INDL LATICINIOS CARIRI CILCA;07584279000147;OK;ACN;PC;PN;EPNNPR;ACOES NOMINATIVAS ACOES PREFERENCIAIS CLASSE C;A;True;A;;;2026-10-05;True
BRCILSACNOR3;CILS;BANCO ITAULEASING SA;49925225000148;OK;ACN;OR;ON;ESVUFR;ACOES NOMINATIVAS ACOES ORDINARIAS;A;True;A;;;2026-10-05;True
BRCIPCACNPB9;CIPC;CIPAC CIA PARAENSE ARTEFATOS CONCRETO;04704557000164;OK;ACN;PB;PN;EPNNPR;ACOES NOMINATIVAS ACOES PREFERENCIAIS CLASSE B;A;True;A;;;2026-10-05;True
BRCIPIACNPA8;CIPI;CASTANHA INDL PIAUI SA CIP;10310530000190;OK;ACN;PA;PN;EPNNPR;ACOES NOMINATIVAS ACOES PREFERENCIAIS CLASSE A;A;True;A;;;2026-10-05;True
BRCIPRACNPR3;CIPR;CIPRASA CIPRANDI MADEIRAS SA;22975205000125;OK;ACN;PR;PN;EPNNPR;ACOES NOMINATIVAS ACOES PREFERENCIAIS;A;True;A;;;2026-10-05;True
BRCIQUACNOR8;CIQU;CIA CACIQUE CAFE SOLUVEL;78588415000115;OK;ACN;OR;ON;ESVUFR;ACOES NOMINATIVAS ACOES ORDINARIAS;A;True;A;;;2026-10-05;True
BRCIQUACNPR5;CIQU;CIA CACIQUE CAFE SOLUVEL;78588415000115;OK;ACN;PR;PN;EPNNPR;ACOES NOMINATIVAS ACOES PREFERENCIAIS;A;True;A;;;2026-10-05;True
BRCIRGACNPC4;CIRG;COIRG EMPREENDIMENTOS IMOBILIARIOS PARTICIPACOES SA;08331753000191;OK;ACN;PC;PN;EPNNPR;ACOES NOMINATIVAS ACOES PREFERENCIAIS CLASSE C;A;True;A;;;2026-10-05;True
BRCISAACNOR6;CISA;CISA SA;17177973000101;OK;ACN;OR;ON;ESVUFR;ACOES NOMINATIVAS ACOES ORDINARIAS;A;True;A;;;2026-10-05;True
BRCISAACNPR3;CISA;CISA SA;17177973000101;OK;ACN;PR;PN;EPNNPR;ACOES NOMINATIVAS ACOES PREFERENCIAIS;A;True;A;;;2026-10-05;True
BRCITOACNOR5;CITO;CIMENTO TOCANTINS SA;00065557000100;OK;ACN;OR;ON;ESVUFR;ACOES NOMINATIVAS ACOES ORDINARIAS;A;True;A;;;2026-10-05;True
BRCITOACNPR2;CITO;CIMENTO TOCANTINS SA;00065557000100;OK;ACN;PR;PN;EPNNPR;ACOES NOMINATIVAS ACOES PREFERENCIAIS;A;True;A;;;2026-10-05;True
BRCJBIACNPC2;CJBI;AGROPECUARIA CAJABI SA;04818803000109;OK;ACN;PC;PN;EPNNPR;ACOES NOMINATIVAS ACOES PREFERENCIAIS CLASSE C;A;True;A;;;2026-10-05;True
BRCJENACNOR7;CJEN;TESC TERMINAL SANTA CATARINA SA;01115535000170;OK;ACN;OR;ON;ESVUFR;ACOES NOMINATIVAS ACOES ORDINARIAS;A;True;A;;;2026-10-05;True
BRCJENACNPB8;CJEN;TESC TERMINAL SANTA CATARINA SA;01115535000170;OK;ACN;PB;PN;EPNNPR;ACOES NOMINATIVAS ACOES PREFERENCIAIS CLASSE B;A;True;A;;;2026-10-05;True
BRCJENACNPC6;CJEN;TESC TERMINAL SANTA CATARINA SA;01115535000170;OK;ACN;PC;PN;EPNNPR;ACOES NOMINATIVAS ACOES PREFERENCIAIS CLASSE C;A;True;A;;;2026-10-05;True
BRCJNTACNOR5;CJNT;CEJEN NATAL SA;;VAZIO;ACN;OR;ON;ESVUFR;ACOES NOMINATIVAS ACOES ORDINARIAS;A;True;A;;;2026-10-05;True
BRCJPIACNPA6;CJPI;CIA AGRICOLA PIAUI CAJUPI;08264228000109;OK;ACN;PA;PN;EPNNPR;ACOES NOMINATIVAS ACOES PREFERENCIAIS CLASSE A;A;True;A;;;2026-10-05;True
BRCJSCACNOR0;CJSC;CASA JOSE SILVA CONFECCOES SA;33024860000114;OK;ACN;OR;ON;ESVUFR;ACOES NOMINATIVAS ACOES ORDINARIAS;A;True;A;;;2026-10-05;True
BRCJSCACNPR7;CJSC;CASA JOSE SILVA CONFECCOES SA;33024860000114;OK;ACN;PR;PN;EPNNPR;ACOES NOMINATIVAS ACOES PREFERENCIAIS;A;True;A;;;2026-10-05;True
BRCLANACNOR1;CLAN;CLARION SA AGROINDL;24956666000186;OK;ACN;OR;ON;ESVUFR;ACOES NOMINATIVAS ACOES ORDINARIAS;A;True;A;;;2026-10-05;True
BRCLANACNPR8;CLAN;CLARION SA AGROINDL;24956666000186;OK;ACN;PR;PN;EPNNPR;ACOES NOMINATIVAS ACOES PREFERENCIAIS;A;True;A;;;2026-10-05;True
BRCLBHACNOR1;CLBH;CLINICAS BRASIL HOLDING SA;23670693000125;OK;ACN;OR;ON;ESVUFR;ACOES NOMINATIVAS ACOES ORDINARIAS;A;True;A;;;2026-10-05;True
BRCLBRACNOR0;CLBR;CALIBRE PARTICIPACOES SA;02992453000177;OK;ACN;OR;ON;ESVUFR;ACOES NOMINATIVAS ACOES ORDINARIAS;A;True;A;;;2026-10-05;True
BRCLDXACNOR4;CLDX;COLDEX FRIGOR SA;61189601000189;OK;ACN;OR;ON;ESVUFR;ACOES NOMINATIVAS ACOES ORDINARIAS;A;True;A;;;2026-10-05;True
BRCLDXACNPR1;CLDX;COLDEX FRIGOR SA;61189601000189;OK;ACN;PR;PN;EPNNPR;ACOES NOMINATIVAS ACOES PREFERENCIAIS;A;True;A;;;2026-10-05;True
BRCLEPACNOR8;CLEP;CIA LOCADORA EQUIPAMENTOS PETROLIFEROS - CLEP;05911239000137;OK;ACN;OR;ON;ESVUFR;ACOES NOMINATIVAS ACOES ORDINARIAS;A;True;A;;;2026-10-05;True
BRCLFCACNPB4;CLFC;CALF CALCADOS EPIS SA;10678456000169;OK;ACN;PB;PN;EPNNPR;ACOES NOMINATIVAS ACOES PREFERENCIAIS CLASSE B;A;True;A;;;2026-10-05;True
BRCLIZACNOR8;CLIZ;CIMENTOS LIZ S.A;33920299000151;OK;ACN;OR;ON;ESVUFR;ACOES NOMINATIVAS ACOES ORDINARIAS;A;True;A;;;2026-10-05;True
BRCLMEACNOR5;CLME;COLMEIA SA IND PAULISTA RADIADORES;61565552000131;OK;ACN;OR;ON;ESVUFR;ACOES NOMINATIVAS ACOES ORDINARIAS;A;True;A;;;2026-10-05;True
BRCLMEACNPR2;CLME;COLMEIA SA IND PAULISTA RADIADORES;61565552000131;OK;ACN;PR;PN;EPNNPR;ACOES NOMINATIVAS ACOES PREFERENCIAIS;A;True;A;;;2026-10-05;True
BRCLNTACNOR1;CLNT;CLARANET TECHNOLOGY S.A.;68400225000179;OK;ACN;OR;ON;ESVUFR;ACOES NOMINATIVAS;A;True;N;;;2026-10-05;True
BRCLPIACNPB0;CLPI;CELULOSE PIAUI SA CELPI;06857395000120;OK;ACN;PB;PN;EPNNPR;ACOES NOMINATIVAS ACOES PREFERENCIAIS CLASSE B;A;True;A;;;2026-10-05;True
BRCLSAACNOR0;CLSA;CLEAR SALE S.A.;03802115000198;OK;ACN;OR;ON;ESVUFR;ACOES NOMINATIVAS;A;True;N;;;2026-10-05;True
BRCLSCACNOR6;CLSC;CENTRAIS ELETRICAS SANTA CATARINA SA;83878892000155;OK;ACN;OR;ON;ESVUFR;ACOES NOMINATIVAS ACOES ORDINARIAS;A;True;A;;;2026-10-05;True
BRCLSCACNPR3;CLSC;CENTRAIS ELETRICAS SANTA CATARINA SA;83878892000155;OK;ACN;PR;PN;EPNNPR;ACOES NOMINATIVAS ACOES PREFERENCIAIS;A;True;A;;;2026-10-05;True
BRCLTEACNOR0;CLTE;CELITE SA IND COM;61135711000168;OK;ACN;OR;ON;ESVUFR;ACOES NOMINATIVAS ACOES ORDINARIAS;A;True;A;;;2026-10-05;True
BRCLTNACNPR8;CLTN;FAZENDA COLATINA SA;04883179000123;OK;ACN;PR;PN;EPNNPR;ACOES NOMINATIVAS ACOES PREFERENCIAIS;A;True;A;;;2026-10-05;True
BRCLTRACNOR2;CLTR;LIVRARIA CULTURA SA;62410352000172;OK;ACN;OR;ON;ESVUFR;ACOES NOMINATIVAS ACOES ORDINARIAS;A;True;A;;;2026-10-05;True
BRCLUBACNOR4;CLUB;CLUBEPAR SA;00484920000122;OK;ACN;OR;ON;ESVUFR;ACOES NOMINATIVAS ACOES ORDINARIAS;A;True;A;;;2026-10-05;True
BRCLZZACNPR9;CLZZ;CELUZORZI SA;;VAZIO;ACN;PR;PN;EPNNPR;ACOES NOMINATIVAS ACOES PREFERENCIAIS;A;True;A;;;2026-10-05;True
BRCMAGACNOR3;CMAG;CEMAG CEARA MAQUINAS AGRICOLAS SA;07844087000122;OK;ACN;OR;ON;ESVUFR;ACOES NOMINATIVAS ACOES ORDINARIAS;A;True;A;;;2026-10-05;True
BRCMAGACNPR0;CMAG;CEMAG CEARA MAQUINAS AGRICOLAS SA;07844087000122;OK;ACN;PR;PN;EPNNPR;ACOES NOMINATIVAS ACOES PREFERENCIAIS;A;True;A;;;2026-10-05;True
BRCMAPACNPB5;CMAP;CIA MELHORAMENTOS AGROPASTORIL COMAP;08225153000149;OK;ACN;PB;PN;EPNNPR;ACOES NOMINATIVAS ACOES PREFERENCIAIS CLASSE B;A;True;A;;;2026-10-05;True
BRCMARACNPA3;CMAR;CIA MARANHENSE ROUPAS COMAR;12112330000158;OK;ACN;PA;PN;EPNNPR;ACOES NOMINATIVAS ACOES PREFERENCIAIS CLASSE A;A;True;A;;;2026-10-05;True
BRCMECACNOR4;CMEC;COMEC CONSTRUCOES METALICA CIVIL LTDA;;VAZIO;ACN;OR;ON;ESVUFR;ACOES NOMINATIVAS COTAS;A;True;A;;;2026-10-05;True
BRCMETACNOR8;CMET;CAEMI MINERACAO METALUGURGICA SA;31865728000100;OK;ACN;OR;ON;ESVUFR;ACOES NOMINATIVAS ACOES ORDINARIAS;A;True;A;;;2026-10-05;True
BRCMETACNPR5;CMET;CAEMI MINERACAO METALUGURGICA SA;31865728000100;OK;ACN;PR;PN;EPNNPR;ACOES NOMINATIVAS ACOES PREFERENCIAIS;A;True;A;;;2026-10-05;True
BRCMGPACNPA4;CMGP;CAMPO VERDE AGROPECUARIA SA;11124260000195;OK;ACN;PA;PN;EPNNPR;ACOES NOMINATIVAS ACOES PREFERENCIAIS CLASSE A;A;True;A;;;2026-10-05;True
BRCMIGACNOR6;CMIG;CIA ENERGETICA MINAS GERAIS CEMIG;17155730000164;OK;ACN;OR;ON;ESVUFR;ACOES NOMINATIVAS ACOES ORDINARIAS;A;True;A;;;2026-10-05;True
BRCMIGACNPR3;CMIG;CIA ENERGETICA MINAS GERAIS CEMIG;17155730000164;OK;ACN;PR;PN;EPNNPR;ACOES NOMINATIVAS ACOES PREFERENCIAIS;A;True;A;;;2026-10-05;True
BRCMINACNOR2;CMIN;CSN MINERAÇÃO S.A;08902291000115;OK;ACN;OR;ON;ESVUFR;ACOES NOMINATIVAS;A;True;N;;;2026-10-05;True
BRCMMAACNOR1;CMMA;CMA PARTICIPACOES SA;31959356000180;OK;ACN;OR;ON;ESVUFR;ACOES NOMINATIVAS ACOES ORDINARIAS;A;True;A;;;2026-10-05;True
BRCMMAACNPR8;CMMA;CMA PARTICIPACOES SA;31959356000180;OK;ACN;PR;PN;EPNNPR;ACOES NOMINATIVAS ACOES PREFERENCIAIS;A;True;A;;;2026-10-05;True
BRCMMGACNOR8;CMMG;CIA MINERADORA MINAS GERAIS SA COMIG;;VAZIO;ACN;OR;ON;ESVUFR;ACOES NOMINATIVAS ACOES ORDINARIAS;A;True;A;;;2026-10-05;True
BRCMNSACNOR1;CMNS;CMN SOLUTIONS AO18 PARTICIPACOES SA;23670653000183;OK;ACN;OR;ON;ESVUFR;ACOES NOMINATIVAS ACOES ORDINARIAS;A;True;A;;;2026-10-05;True
BRCMNTACNOR9;CMNT;INFRAESTRUTURA BRASIL HOLDING III S.A.;31303385000190;OK;ACN;OR;ON;ESVUFR;ACOES NOMINATIVAS;A;True;N;;;2026-10-05;True
BRCMORACNPA4;CMOR;CENTENO & MOREIRA SA;34615682000169;OK;ACN;PA;PN;EPNNPR;ACOES NOMINATIVAS ACOES PREFERENCIAIS CLASSE A;A;True;A;;;2026-10-05;True
BRCMPAACNPR1;CMPA;CIA MARANHENSE PRODUTOS AGROPECUARIOS;09016361000109;OK;ACN;PR;PN;EPNNPR;ACOES NOMINATIVAS ACOES PREFERENCIAIS;A;True;A;;;2026-10-05;True
BRCMRVACNOR6;CMRV;CIDADE MARAVILHOSA INDÚSTRIA E COMÉRCIO DE ROUPAS S.A.;09611669000194;OK;ACN;OR;ON;ESVUFR;ACOES NOMINATIVAS;A;True;N;;;2026-10-05;True
BRCMSAACNOR8;CMSA;CIMS SA;00272185000193;OK;ACN;OR;ON;ESVUFR;ACOES NOMINATIVAS ACOES ORDINARIAS;A;True;A;;;2026-10-05;True
BRCMSAACNPR5;CMSA;CIMS SA;00272185000193;OK;ACN;PR;PN;EPNNPR;ACOES NOMINATIVAS ACOES PREFERENCIAIS;A;True;A;;;2026-10-05;True
BRCMSBACNOR6;CMSB;CMS ENERGY BRASIL SA;02150569000169;OK;ACN;OR;ON;ESVUFR;ACOES NOMINATIVAS ACOES ORDINARIAS;A;True;A;;;2026-10-05;True
BRCMSBACNPR3;CMSB;CMS ENERGY BRASIL SA;02150569000169;OK;ACN;PR;PN;EPNNPR;ACOES NOMINATIVAS ACOES PREFERENCIAIS;A;True;A;;;2026-10-05;True
BRCMTAACNPB7;CMTA;COMETA AGROINDL SA;08266363000185;OK;ACN;PB;PN;EPNNPR;ACOES NOMINATIVAS ACOES PREFERENCIAIS CLASSE B;A;True;A;;;2026-10-05;True
BRCMVTACNPB3;CMVT;INDS CREMOVITA SA;11095718000125;OK;ACN;PB;PN;EPNNPR;ACOES NOMINATIVAS ACOES PREFERENCIAIS CLASSE B;A;True;A;;;2026-10-05;True
BRCNALACNOR1;CNAL;CIA ALAGOAS INDL CINAL;08444655000160;OK;ACN;OR;ON;ESVUFR;ACOES NOMINATIVAS ACOES ORDINARIAS;A;True;A;;;2026-10-05;True
BRCNALACNPA4;CNAL;CIA ALAGOAS INDL CINAL;08444655000160;OK;ACN;PA;PN;EPNNPR;ACOES NOMINATIVAS ACOES PREFERENCIAIS CLASSE A;A;True;A;;;2026-10-05;True
BRCNALACNPB2;CNAL;CIA ALAGOAS INDL CINAL;08444655000160;OK;ACN;PB;PN;EPNNPR;ACOES NOMINATIVAS ACOES PREFERENCIAIS CLASSE B;A;True;A;;;2026-10-05;True
BRCNALACNPC0;CNAL;CIA ALAGOAS INDL CINAL;08444655000160;OK;ACN;PC;PN;EPNNPR;ACOES NOMINATIVAS ACOES PREFERENCIAIS CLASSE C;A;True;A;;;2026-10-05;True
BRCNBVACNOR8;CNBV;CANABRAVA BIOENERGIA PARTICIPACOES SA;14444841000100;OK;ACN;OR;ON;ESVUFR;ACOES NOMINATIVAS ACOES ORDINARIAS;A;True;A;;;2026-10-05;True
BRCNEIACNPC8;CNEI;CNE SA INDL;43335843000151;OK;ACN;PC;PN;EPNNPR;ACOES NOMINATIVAS ACOES PREFERENCIAIS CLASSE C;A;True;A;;;2026-10-05;True
BRCNFBACNOR1;CNFB;CONFAB INDL SA;60882628000190;OK;ACN;OR;ON;ESVUFR;ACOES NOMINATIVAS ACOES ORDINARIAS;A;True;A;;;2026-10-05;True
BRCNFBACNPR8;CNFB;CONFAB INDL SA;60882628000190;OK;ACN;PR;PN;EPNNPR;ACOES NOMINATIVAS ACOES PREFERENCIAIS;A;True;A;;;2026-10-05;True
BRCNFTACNPA6;CNFT;AGROPECUARIA CANAFISTULA SA CANASA;09192642000104;OK;ACN;PA;PN;EPNNPR;ACOES NOMINATIVAS ACOES PREFERENCIAIS CLASSE A;A;True;A;;;2026-10-05;True
BRCNGAACNOR1;CNGA;CIA NAVEGACAO AMAZONIA CNA;;VAZIO;ACN;OR;ON;ESVUFR;ACOES NOMINATIVAS ACOES ORDINARIAS;A;True;A;;;2026-10-05;True
BRCNGAACNPA4;CNGA;CIA NAVEGACAO AMAZONIA CNA;;VAZIO;ACN;PA;PN;EPNNPR;ACOES NOMINATIVAS ACOES PREFERENCIAIS CLASSE A;A;True;A;;;2026-10-05;True
BRCNGAACNPB2;CNGA;CIA NAVEGACAO AMAZONIA CNA;;VAZIO;ACN;PB;PN;EPNNPR;ACOES NOMINATIVAS ACOES PREFERENCIAIS CLASSE B;A;True;A;;;2026-10-05;True
BRCNLBACNOR9;CNLB;CIA NAVEGACAO LLOYD BRAS;;VAZIO;ACN;OR;ON;ESVUFR;ACOES NOMINATIVAS ACOES ORDINARIAS;A;True;A;;;2026-10-05;True
BRCNLDACNOR5;CNLD;ESTACIONAMENTO CINELANDIA SA;03474338000173;OK;ACN;OR;ON;ESVUFR;ACOES NOMINATIVAS ACOES ORDINARIAS;A;True;A;;;2026-10-05;True
BRCNPCACNPB9;CNPC;CENTROPEC - AGROPECUARIA CENTRO OESTE SA;02511775000157;OK;ACN;PB;PN;EPNNPR;ACOES NOMINATIVAS ACOES PREFERENCIAIS CLASSE B;A;True;A;;;2026-10-05;True
BRCNPTACNOR2;CNPT;CONPART IND ELETRONICA SA;43081017000123;OK;ACN;OR;ON;ESVUFR;ACOES NOMINATIVAS ACOES ORDINARIAS;A;True;A;;;2026-10-05;True
BRCNPTACNPR9;CNPT;CONPART IND ELETRONICA SA;43081017000123;OK;ACN;PR;PN;EPNNPR;ACOES NOMINATIVAS ACOES PREFERENCIAIS;A;True;A;;;2026-10-05;True
BRCNRTACNOR8;CNRT;CICANORTE IND CONSERVAS ALIMENTICIAS SA;10790616000167;OK;ACN;OR;ON;ESVUFR;ACOES NOMINATIVAS ACOES ORDINARIAS;A;True;A;;;2026-10-05;True
BRCNRTACNPA1;CNRT;CICANORTE IND CONSERVAS ALIMENTICIAS SA;10790616000167;OK;ACN;PA;PN;EPNNPR;ACOES NOMINATIVAS ACOES PREFERENCIAIS CLASSE A;A;True;A;;;2026-10-05;True
BRCNRTACNPB9;CNRT;CICANORTE IND CONSERVAS ALIMENTICIAS SA;10790616000167;OK;ACN;PB;PN;EPNNPR;ACOES NOMINATIVAS ACOES PREFERENCIAIS CLASSE B;A;True;A;;;2026-10-05;True
BRCNRTACNPC7;CNRT;CICANORTE IND CONSERVAS ALIMENTICIAS SA;10790616000167;OK;ACN;PC;PN;EPNNPR;ACOES NOMINATIVAS ACOES PREFERENCIAIS CLASSE C;A;True;A;;;2026-10-05;True
BRCNSYACNOR6;CNSY;CINESYSTEM SA;07437016000105;OK;ACN;OR;ON;ESVUFR;ACOES NOMINATIVAS ACOES ORDINARIAS;A;True;A;;;2026-10-05;True
BRCNTEACNOR6;CNTE;GRAVATAI SUL SA;87377016000104;OK;ACN;OR;ON;ESVUFR;ACOES NOMINATIVAS ACOES ORDINARIAS;A;True;A;;;2026-10-05;True
BRCNTEACNPR3;CNTE;GRAVATAI SUL SA;87377016000104;OK;ACN;PR;PN;EPNNPR;ACOES NOMINATIVAS ACOES PREFERENCIAIS;A;True;A;;;2026-10-05;True
BRCOBCACNPA9;COBC;CIA BAHIANA CARNES COBAC;09940024000103;OK;ACN;PA;PN;EPNNPR;ACOES NOMINATIVAS ACOES PREFERENCIAIS CLASSE A;A;True;A;;;2026-10-05;True
BRCOBEACNOR2;COBE;CONSTRUTORA BETER SA;61192373000104;OK;ACN;OR;ON;ESVUFR;ACOES NOMINATIVAS ACOES ORDINARIAS;A;True;A;;;2026-10-05;True
BRCOBEACNPA5;COBE;CONSTRUTORA BETER SA;61192373000104;OK;ACN;PA;PN;EPNNPR;ACOES NOMINATIVAS ACOES PREFERENCIAIS CLASSE A;A;True;A;;;2026-10-05;True
BRCOBEACNPB3;COBE;CONSTRUTORA BETER SA;61192373000104;OK;ACN;PB;PN;EPNNPR;ACOES NOMINATIVAS ACOES PREFERENCIAIS CLASSE B;A;True;A;;;2026-10-05;True
BRCOBRACNOR4;COBR;COBRA TECNOLOGIA SA;42318949000184;OK;ACN;OR;ON;ESVUFR;ACOES NOMINATIVAS ACOES ORDINARIAS;A;True;A;;;2026-10-05;True
BRCOBRACNPR1;COBR;COBRA TECNOLOGIA SA;42318949000184;OK;ACN;PR;PN;EPNNPR;ACOES NOMINATIVAS ACOES PREFERENCIAIS;A;True;A;;;2026-10-05;True
BRCOCEACNOR0;COCE;CIA ENERGETICA CEARA COELCE;07047251000170;OK;ACN;OR;ON;ESVUFR;ACOES NOMINATIVAS ACOES ORDINARIAS;A;True;A;;;2026-10-05;True
BRCOCEACNPA3;COCE;CIA ENERGETICA CEARA COELCE;07047251000170;OK;ACN;PA;PN;EPNNPR;ACOES NOMINATIVAS ACOES PREFERENCIAIS CLASSE A;A;True;A;;;2026-10-05;True
BRCOCEACNPB1;COCE;CIA ENERGETICA CEARA COELCE;07047251000170;OK;ACN;PB;PN;EPNNPR;ACOES NOMINATIVAS ACOES PREFERENCIAIS CLASSE B;A;True;A;;;2026-10-05;True
BRCOCNACNPA4;COCN;CIA COCOS NORDESTE;11494564000144;OK;ACN;PA;PN;EPNNPR;ACOES NOMINATIVAS ACOES PREFERENCIAIS CLASSE A;A;True;A;;;2026-10-05;True
BRCOESACNOR6;COES;COEST CONSTRUTORA SA;61104717000178;OK;ACN;OR;ON;ESVUFR;ACOES NOMINATIVAS ACOES ORDINARIAS;A;True;A;;;2026-10-05;True
BRCOESACNPR3;COES;COEST CONSTRUTORA SA;61104717000178;OK;ACN;PR;PN;EPNNPR;ACOES NOMINATIVAS ACOES PREFERENCIAIS;A;True;A;;;2026-10-05;True
BRCOGNACNOR2;COGN;COGNA EDUCAÇÃO S.A.;02800026000140;OK;ACN;OR;ON;ESVUFR;ACOES NOMINATIVAS ACOES ORDINARIAS;A;True;N;;;2026-10-05;True
BRCOHIACNOR0;COHI;COHIDRO CIA RECURSOS HIDRICOS IRRIGACAO SERGIPE;15613813000124;OK;ACN;OR;ON;ESVUFR;ACOES NOMINATIVAS ACOES ORDINARIAS;A;True;A;;;2026-10-05;True
BRCOHIACNPR7;COHI;COHIDRO CIA RECURSOS HIDRICOS IRRIGACAO SERGIPE;15613813000124;OK;ACN;PR;PN;EPNNPR;ACOES NOMINATIVAS ACOES PREFERENCIAIS;A;True;A;;;2026-10-05;True
BRCOMDACNOR1;COMD;ALOG DATA CENTERS BRASIL SA;04819672000184;OK;ACN;OR;ON;ESVUFR;ACOES NOMINATIVAS ACOES ORDINARIAS;A;True;A;;;2026-10-05;True
BRCOMPACNOR5;COMP;COMPESCA CIA BRASILEIRA PESCA;61231155000123;OK;ACN;OR;ON;ESVUFR;ACOES NOMINATIVAS ACOES ORDINARIAS;A;True;A;;;2026-10-05;True
BRCOMRACNOR1;COMR;COMERC ENERGIA S.A.;25369840000157;OK;ACN;OR;ON;ESVUFR;ACOES NOMINATIVAS;A;True;N;;;2026-10-05;True
BRCOMSACNPA2;COMS;CIA ALIMENTOS MARANHAO COMASA;12542007000114;OK;ACN;PA;PN;EPNNPR;ACOES NOMINATIVAS ACOES PREFERENCIAIS CLASSE A;A;True;A;;;2026-10-05;True
BRCONAACNPD2;CONA;CIA NAVEGACAO NORTE CONAN;06258024000121;OK;ACN;PD;PN;EPNNPR;ACOES NOMINATIVAS ACOES PREFERENCIAIS CLASSE D;A;True;A;;;2026-10-05;True
BRCONPACNPA6;CONP;CONPAR PRODUTOS MARINHOS SA;41303405000186;OK;ACN;PA;PN;EPNNPR;ACOES NOMINATIVAS ACOES PREFERENCIAIS CLASSE A;A;True;A;;;2026-10-05;True
BRCOPAACNOR0;COPA;CIA PAULISTA FERTILIZANTES;61087912000137;OK;ACN;OR;ON;ESVUFR;ACOES NOMINATIVAS ACOES ORDINARIAS;A;True;A;;;2026-10-05;True
BRCOPAACNPR7;COPA;CIA PAULISTA FERTILIZANTES;61087912000137;OK;ACN;PR;PN;EPNNPR;ACOES NOMINATIVAS ACOES PREFERENCIAIS;A;True;A;;;2026-10-05;True
BRCOPRACNOR4;COPR;COPERSUCAR S.A;10265949000177;OK;ACN;OR;ON;ESVUFR;ACOES NOMINATIVAS ACOES ORDINARIAS;A;True;A;;;2026-10-05;True
BRCORBACNPR1;CORB;AGROPECUARIA CORUMBIARA SA;04418398000131;OK;ACN;PR;PN;EPNNPR;ACOES NOMINATIVAS ACOES PREFERENCIAIS;A;True;A;;;2026-10-05;True
BRCORRACNOR0;CORR;CORREA RIBEIRO SA COM IND;15101405000193;OK;ACN;OR;ON;ESVUFR;ACOES NOMINATIVAS ACOES ORDINARIAS;A;True;A;;;2026-10-05;True
BRCORRACNPR7;CORR;CORREA RIBEIRO SA COM IND;15101405000193;OK;ACN;PR;PN;EPNNPR;ACOES NOMINATIVAS ACOES PREFERENCIAIS;A;True;A;;;2026-10-05;True
BRCOTXACNOR4;COTX;CONCRETEX SA;60883824000189;OK;ACN;OR;ON;ESVUFR;ACOES NOMINATIVAS ACOES ORDINARIAS;A;True;A;;;2026-10-05;True
BRCOTXACNPR1;COTX;CONCRETEX SA;60883824000189;OK;ACN;PR;PN;EPNNPR;ACOES NOMINATIVAS ACOES PREFERENCIAIS;A;True;A;;;2026-10-05;True
BRCOVRACNOR2;COVR;CONOVER TRADING SA;01123176000101;OK;ACN;OR;ON;ESVUFR;ACOES NOMINATIVAS ACOES ORDINARIAS;A;True;A;;;2026-10-05;True
BRCPAGACNPA9;CPAG;CIA PIAUIENSE AGROINDL CPA;06731046000167;OK;ACN;PA;PN;EPNNPR;ACOES NOMINATIVAS ACOES PREFERENCIAIS CLASSE A;A;True;A;;;2026-10-05;True
BRCPALACNPA9;CPAL;CPA CIA PARAISO ALIMENTOS;04657128000183;OK;ACN;PA;PN;EPNNPR;ACOES NOMINATIVAS ACOES PREFERENCIAIS CLASSE A;A;True;A;;;2026-10-05;True
BRCPASACNPR8;CPAS;CIA PRODUTORA ALGODAO SUINOS COPAS;07648637000138;OK;ACN;PR;PN;EPNNPR;ACOES NOMINATIVAS ACOES PREFERENCIAIS;A;True;A;;;2026-10-05;True
BRCPCHACNOR0;CPCH;CAPITAL CENTER HOTEIS SA;45542552000160;OK;ACN;OR;ON;ESVUFR;ACOES NOMINATIVAS ACOES ORDINARIAS;A;True;A;;;2026-10-05;True
BRCPCHACNPC9;CPCH;CAPITAL CENTER HOTEIS SA;45542552000160;OK;ACN;PC;PN;EPNNPR;ACOES NOMINATIVAS ACOES PREFERENCIAIS CLASSE C;A;True;A;;;2026-10-05;True
BRCPEEACNOR3;CPEE;CIA LESTE PAULISTA ENERGIA;61015582000174;OK;ACN;OR;ON;ESVUFR;ACOES NOMINATIVAS ACOES ORDINARIAS;A;True;A;;;2026-10-05;True
BRCPEEACNPR0;CPEE;CIA LESTE PAULISTA ENERGIA;61015582000174;OK;ACN;PR;PN;EPNNPR;ACOES NOMINATIVAS ACOES PREFERENCIAIS;A;True;A;;;2026-10-05;True
BRCPFEACNOR0;CPFE;CPFL ENERGIA SA;02429144000193;OK;ACN;OR;ON;ESVUFR;ACOES NOMINATIVAS ACOES ORDINARIAS;A;True;A;;;2026-10-05;True
BRCPFGACNOR5;CPFG;CPFL GERACAO ENERGIA SA;03953509000147;OK;ACN;OR;ON;ESVUFR;ACOES NOMINATIVAS ACOES ORDINARIAS;A;True;A;;;2026-10-05;True
BRCPFGACNPR2;CPFG;CPFL GERACAO ENERGIA SA;03953509000147;OK;ACN;PR;PN;EPNNPR;ACOES NOMINATIVAS ACOES PREFERENCIAIS;A;True;A;;;2026-10-05;True
BRCPFLACNOR5;CPFL;CIA PAULISTA FERRO LIGAS;57487142000142;OK;ACN;OR;ON;ESVUFR;ACOES NOMINATIVAS ACOES ORDINARIAS;A;True;A;;;2026-10-05;True
BRCPFLACNPR2;CPFL;CIA PAULISTA FERRO LIGAS;57487142000142;OK;ACN;PR;PN;EPNNPR;ACOES NOMINATIVAS ACOES PREFERENCIAIS;A;True;A;;;2026-10-05;True
BRCPFPACNOR6;CPFP;CIA PIRATININGA FORCA LUZ;04172213000151;OK;ACN;OR;ON;ESVUFR;ACOES NOMINATIVAS ACOES ORDINARIAS;A;True;A;;;2026-10-05;True
BRCPFPACNPR3;CPFP;CIA PIRATININGA FORCA LUZ;04172213000151;OK;ACN;PR;PN;EPNNPR;ACOES NOMINATIVAS ACOES PREFERENCIAIS;A;True;A;;;2026-10-05;True
BRCPFTACNPA1;CPFT;COMPENSADOS FORTES SA;33667148000133;OK;ACN;PA;PN;EPNNPR;ACOES NOMINATIVAS ACOES PREFERENCIAIS CLASSE A;A;True;A;;;2026-10-05;True
BRCPGFACNOR5;CPGF;COMPUGRAF TECNOLOGIA SISTEMA SA;;VAZIO;ACN;OR;ON;ESVUFR;ACOES NOMINATIVAS ACOES ORDINARIAS;A;True;A;;;2026-10-05;True
BRCPIPACNOR0;CPIP;220 CAPITAL INVESTIMENTOS PARTICIPACOES LTDA;29966248000193;OK;ACN;OR;ON;ESVUFR;ACOES NOMINATIVAS ACOES ORDINARIAS;A;True;N;;;2026-10-05;True
BRCPISACNOR4;CPIS;EQUATORIAL PIAUI DISTRIBUIDORA DE ENERGIA S.A.;06840748000189;OK;ACN;OR;ON;ESVUFR;ACOES NOMINATIVAS ACOES ORDINARIAS;A;True;A;;;2026-10-05;True
BRCPISACNPR1;CPIS;EQUATORIAL PIAUI DISTRIBUIDORA DE ENERGIA S.A.;06840748000189;OK;ACN;PR;PN;EPNNPR;ACOES NOMINATIVAS ACOES PREFERENCIAIS;A;True;A;;;2026-10-05;True
BRCPISUNT003;CPIS;EQUATORIAL PIAUI DISTRIBUIDORA DE ENERGIA S.A.;06840748000189;OK;UNT;ZZ;UNIT;MCMUXR;UNITS 167 ON + 8 PN;A;True;A;;;2026-10-05;True
BRCPISUNT011;CPIS;EQUATORIAL PIAUI DISTRIBUIDORA DE ENERGIA S.A.;06840748000189;OK;UNT;ZZ;UNIT;MCAUXR;UNITS 669369950ON+31510813PN;A;True;N;;;2026-10-05;True
BRCPLAACNPC5;CPLA;COPALA INDS REUNIDAS SA;04895066000148;OK;ACN;PC;PN;EPNNPR;ACOES NOMINATIVAS ACOES PREFERENCIAIS CLASSE C;A;True;A;;;2026-10-05;True
BRCPLEACNOR8;CPLE;COMPANHIA PARANAENSE DE ENERGIA COPEL;76483817000120;OK;ACN;OR;ON;ESVUFR;ACOES NOMINATIVAS ACOES ORDINARIAS;A;True;A;;;2026-10-05;True
BRCPLEACNPA1;CPLE;COMPANHIA PARANAENSE DE ENERGIA COPEL;76483817000120;OK;ACN;PA;PN;EPNNPR;ACOES NOMINATIVAS ACOES PREFERENCIAIS CLASSE A;A;True;A;;;2026-10-05;True
BRCPLEACNPB9;CPLE;COMPANHIA PARANAENSE DE ENERGIA COPEL;76483817000120;OK;ACN;PB;PN;EPNNPR;ACOES NOMINATIVAS ACOES PREFERENCIAIS CLASSE B;A;True;A;;;2026-10-05;True
BRCPLECDAM13;CPLE;COMPANHIA PARANAENSE DE ENERGIA COPEL;76483817000120;OK;CDA;M1;UNIT;EMXXXR;CERTIFICADO DE DEPOSITO DE ACOES 1 ON X 4 PNB;A;True;N;;;2026-10-05;True
BRCPLECDAXX8;CPLE;COMPANHIA PARANAENSE DE ENERGIA COPEL;76483817000120;OK;CDA;XX;UNIT;EMXXXR;CERTIFICADO DE DEPOSITO DE ACOES CESTA - COPEL NM;A;True;N;;;2026-10-05;True
BRCPLOACNPB8;CPLO;IND CALCADOS CAPELO SA;07200637000170;OK;ACN;PB;PN;EPNNPR;ACOES NOMINATIVAS;A;True;N;;;2026-10-05;True
BRCPLOACNPD4;CPLO;IND CALCADOS CAPELO SA;07200637000170;OK;ACN;PD;PN;EPNNPR;ACOES NOMINATIVAS ACOES PREFERENCIAIS CLASSE D;A;True;A;;;2026-10-05;True
BRCPMAACNOR4;CPMA;CONSTRUTORA PARANAPANEMA SA;;VAZIO;ACN;OR;ON;ESVUFR;ACOES NOMINATIVAS ACOES ORDINARIAS;A;True;A;;;2026-10-05;True
BRCPMSACNOR6;CPMS;CPM BRAXIS SA;65599953000163;OK;ACN;OR;ON;ESVUFR;ACOES NOMINATIVAS ACOES ORDINARIAS;A;True;A;;;2026-10-05;True
BRCPNOACNPC2;CPNO;COPENOR CIA PETROQUIMICA NORDESTE;16234627000147;OK;ACN;PC;PN;EPNNPR;ACOES NOMINATIVAS ACOES PREFERENCIAIS CLASSE C;A;True;A;;;2026-10-05;True
BRCPNRACNPA9;CPNR;CAPRINOR SA AGROPECUARIA INDL COML NORDESTE;11458643000108;OK;ACN;PA;PN;EPNNPR;ACOES NOMINATIVAS ACOES PREFERENCIAIS CLASSE A;A;True;A;;;2026-10-05;True
BRCPNYACNOR2;CPNY;BROOKFIELD SAO PAULO EMPREENDIMENTOS IMOBILIARIOS SA;58877812000108;OK;ACN;OR;ON;ESVUFR;ACOES NOMINATIVAS ACOES ORDINARIAS;A;True;A;;;2026-10-05;True
BRCPREACNOR5;CPRE;CPFL ENERGIAS RENOVAVEIS SA;08439659000150;OK;ACN;OR;ON;ESVUFR;ACOES NOMINATIVAS ACOES ORDINARIAS;A;True;A;;;2026-10-05;True
BRCPRIACNPA9;CPRI;CAPRI LOGISTICA SA;05398901000105;OK;ACN;PA;PN;EPNNPR;ACOES NOMINATIVAS ACOES PREFERENCIAIS CLASSE A;A;True;A;;;2026-10-05;True
BRCPRIACNPB7;CPRI;CAPRI LOGISTICA SA;05398901000105;OK;ACN;PB;PN;EPNNPR;ACOES NOMINATIVAS ACOES PREFERENCIAIS CLASSE B;A;True;A;;;2026-10-05;True
BRCPRNACNPR3;CPRN;CAPRINA SA CENTRO AGROPASTORIL RIACHO NAVIO;11497229000108;OK;ACN;PR;PN;EPNNPR;ACOES NOMINATIVAS ACOES PREFERENCIAIS;A;True;A;;;2026-10-05;True
BRCPRPACNOR1;CPRP;CAPRI PARTICIPACOES SA;08642503000172;OK;ACN;OR;ON;ESVUFR;ACOES NOMINATIVAS ACOES ORDINARIAS;A;True;A;;;2026-10-05;True
BRCPRPACNPR8;CPRP;CAPRI PARTICIPACOES SA;08642503000172;OK;ACN;PR;PN;EPNNPR;ACOES NOMINATIVAS ACOES PREFERENCIAIS;A;True;A;;;2026-10-05;True
BRCPRSACNOR5;CPRS;NOROESTE SEGURADORA SA;60394301000179;OK;ACN;OR;ON;ESVUFR;ACOES NOMINATIVAS ACOES ORDINARIAS;A;True;A;;;2026-10-05;True
BRCPRSACNPR2;CPRS;NOROESTE SEGURADORA SA;60394301000179;OK;ACN;PR;PN;EPNNPR;ACOES NOMINATIVAS ACOES PREFERENCIAIS;A;True;A;;;2026-10-05;True
BRCPRTACNOR3;CPRT;BANCO COOPERATIVO SICOOB S.A. - BANCO SICOOB;02038232000164;OK;ACN;OR;ON;ESVUFR;ACOES NOMINATIVAS ACOES ORDINARIAS;A;True;A;;;2026-10-05;True
BRCPRTACNPR0;CPRT;BANCO COOPERATIVO SICOOB S.A. - BANCO SICOOB;02038232000164;OK;ACN;PR;PN;EPNNPR;ACOES NOMINATIVAS ACOES PREFERENCIAIS;A;True;A;;;2026-10-05;True
BRCPSAACNPB2;CPSA;CAUCAIA AGROPECUARIA SA CAISA;06644843000107;OK;ACN;PB;PN;EPNNPR;ACOES NOMINATIVAS ACOES PREFERENCIAIS CLASSE B;A;True;A;;;2026-10-05;True
BRCPSLACNOR8;CPSL;COPESUL CIA PETROQUIMICA SUL;88948492000192;OK;ACN;OR;ON;ESVUFR;ACOES NOMINATIVAS ACOES ORDINARIAS;A;True;A;;;2026-10-05;True
BRCPTPACNOR7;CPTP;CAPITALPART PARTICIPACOES SA;02591787000139;OK;ACN;OR;ON;ESVUFR;ACOES NOMINATIVAS ACOES ORDINARIAS;A;True;A;;;2026-10-05;True
BRCQCEACNPA8;CQCE;COQUEIROS CEARA MIRIM SA CEMISA;11861069000126;OK;ACN;PA;PN;EPNNPR;ACOES NOMINATIVAS ACOES PREFERENCIAIS CLASSE A;A;True;A;;;2026-10-05;True
BRCQRZACNPB9;CQRZ;CERAMICA QUEIROZ SA;07008253000150;OK;ACN;PB;PN;EPNNPR;ACOES NOMINATIVAS ACOES PREFERENCIAIS CLASSE B;A;True;A;;;2026-10-05;True
BRCR0SACNPA4;CR0S;COMPLEXO AVÍCOLA ROSARIENSE S/A-CAROSA;07318512000140;OK;ACN;PA;PN;EPNNPR;ACOES NOMINATIVAS;A;True;N;;;2026-10-05;True
BRCRAMACNOR0;CRAM;CIA REFINADORA AMAZONIA;83663484000186;OK;ACN;OR;ON;ESVUFR;ACOES NOMINATIVAS ACOES ORDINARIAS;A;True;A;;;2026-10-05;True
BRCRAMACNPA3;CRAM;CIA REFINADORA AMAZONIA;83663484000186;OK;ACN;PA;PN;EPNNPR;ACOES NOMINATIVAS ACOES PREFERENCIAIS CLASSE A;A;True;A;;;2026-10-05;True
BRCRAMACNPB1;CRAM;CIA REFINADORA AMAZONIA;83663484000186;OK;ACN;PB;PN;EPNNPR;ACOES NOMINATIVAS ACOES PREFERENCIAIS CLASSE B;A;True;A;;;2026-10-05;True
BRCRAMACNPC9;CRAM;CIA REFINADORA AMAZONIA;83663484000186;OK;ACN;PC;PN;EPNNPR;ACOES NOMINATIVAS ACOES PREFERENCIAIS CLASSE C;A;True;A;;;2026-10-05;True
BRCRAMACNPD7;CRAM;CIA REFINADORA AMAZONIA;83663484000186;OK;ACN;PD;PN;EPNNPR;ACOES NOMINATIVAS ACOES PREFERENCIAIS CLASSE D;A;True;A;;;2026-10-05;True
BRCRAMACNPE5;CRAM;CIA REFINADORA AMAZONIA;83663484000186;OK;ACN;PE;PN;EPNNPR;ACOES NOMINATIVAS ACOES PREFERENCIAIS CLASSE E;A;True;A;;;2026-10-05;True
BRCRBAACNPA6;CRBA;CARNAIBAS AGROPEC SA;06714182000149;OK;ACN;PA;PN;EPNNPR;ACOES NOMINATIVAS ACOES PREFERENCIAIS CLASSE A;A;True;A;;;2026-10-05;True
BRCRBHACNOR8;CRBH;CAROBHOUSE ALIMENTOS LTDA;05009395000107;OK;ACN;OR;ON;ESVUFR;ACOES NOMINATIVAS ACOES ORDINARIAS;A;True;A;;;2026-10-05;True
BRCRBHACNPA1;CRBH;CAROBHOUSE ALIMENTOS LTDA;05009395000107;OK;ACN;PA;PN;EPNNPR;ACOES NOMINATIVAS ACOES PREFERENCIAIS CLASSE A;A;True;A;;;2026-10-05;True
BRCRCRACNOR5;CRCR;CROP CARE HOLDING S.A.;30274753000156;OK;ACN;OR;ON;ESVUFR;ACOES NOMINATIVAS;A;True;N;;;2026-10-05;True
BRCRCSACNOR3;CRCS;CECRISA REVESTIMENTOS CERAMICOS SA;79655916000130;OK;ACN;OR;ON;ESVUFR;ACOES NOMINATIVAS ACOES ORDINARIAS;A;True;A;;;2026-10-05;True
BRCRDBACNOR7;CRDB;BCO CREDIBEL SA;69141539000167;OK;ACN;OR;ON;ESVUFR;ACOES NOMINATIVAS ACOES ORDINARIAS;A;True;A;;;2026-10-05;True
BRCRDOACNPA3;CRDO;CIA AGROPASTORIL CERRADO;08715492000103;OK;ACN;PA;PN;EPNNPR;ACOES NOMINATIVAS ACOES PREFERENCIAIS CLASSE A;A;True;A;;;2026-10-05;True
BRCRDSACNPB2;CRDS;CORDESA CALCADOS CEARENSE SA;07589724000161;OK;ACN;PB;PN;EPNNPR;ACOES NOMINATIVAS ACOES PREFERENCIAIS CLASSE B;A;True;A;;;2026-10-05;True
BRCREMACNOR2;CREM;CREMER SA;82641325000118;OK;ACN;OR;ON;ESVUFR;ACOES NOMINATIVAS ACOES ORDINARIAS;A;True;A;;;2026-10-05;True
BRCRFBACNOR2;CRFB;ATACADAO SA;75315333000109;OK;ACN;OR;ON;ESVUFR;ACOES NOMINATIVAS ACOES ORDINARIAS;A;True;A;;;2026-10-05;True
BRCRFTACNOR4;CRFT;CARAVELAS FLORESTAL SA;15489351000185;OK;ACN;OR;ON;ESVUFR;ACOES NOMINATIVAS ACOES ORDINARIAS;A;True;A;;;2026-10-05;True
BRCRGTACNOR2;CRGT;CIA RIOGRANDENSE TELECOMUNICACOES CRT;92794486000103;OK;ACN;OR;ON;ESVUFR;ACOES NOMINATIVAS ACOES ORDINARIAS;A;True;A;;;2026-10-05;True
BRCRGTACNPA5;CRGT;CIA RIOGRANDENSE TELECOMUNICACOES CRT;92794486000103;OK;ACN;PA;PN;EPNNPR;ACOES NOMINATIVAS ACOES PREFERENCIAIS CLASSE A;A;True;A;;;2026-10-05;True
BRCRIMACNPA6;CRIM;CRIMEIA AGROPECUARIA SA;07305329000100;OK;ACN;PA;PN;EPNNPR;ACOES NOMINATIVAS ACOES PREFERENCIAIS CLASSE A;A;True;A;;;2026-10-05;True
BRCRIVACNOR4;CRIV;FINANCEIRA ALFA SA CRED FINANC INVESTS (EX CIA REAL INVEST CFI);17167412000113;OK;ACN;OR;ON;ESVUFR;ACOES NOMINATIVAS ACOES ORDINARIAS;A;True;A;;;2026-10-05;True
BRCRIVACNPR1;CRIV;FINANCEIRA ALFA SA CRED FINANC INVESTS (EX CIA REAL INVEST CFI);17167412000113;OK;ACN;PR;PN;EPNNPR;ACOES NOMINATIVAS ACOES PREFERENCIAIS;A;True;A;;;2026-10-05;True
BRCRMLACNOR7;CRML;CARBOMIL SA MINERACAO IND;07253321000147;OK;ACN;OR;ON;ESVUFR;ACOES NOMINATIVAS ACOES ORDINARIAS;A;True;A;;;2026-10-05;True
BRCRMLACNPR4;CRML;CARBOMIL SA MINERACAO IND;07253321000147;OK;ACN;PR;PN;EPNNPR;ACOES NOMINATIVAS ACOES PREFERENCIAIS;A;True;A;;;2026-10-05;True
BRCRMRACNPA7;CRMR;CURIMARE AGROPECUÁRIA S/A;01131374000109;OK;ACN;PA;PN;EPNNPR;ACOES NOMINATIVAS;A;True;N;;;2026-10-05;True
BRCRMRACNPB5;CRMR;CURIMARE AGROPECUÁRIA S/A;01131374000109;OK;ACN;PB;PN;EPNNPR;ACOES NOMINATIVAS;A;True;N;;;2026-10-05;True
BRCRMSACNPB3;CRMS;CERAMICA MOSSORO SA CERAMOS;08252330000186;OK;ACN;PB;PN;EPNNPR;ACOES NOMINATIVAS ACOES PREFERENCIAIS CLASSE B;A;True;A;;;2026-10-05;True
BRCRMTACNPB1;CRMT;FAZENDA CURIMATAU CAMAROES SA;09109554000104;OK;ACN;PB;PN;EPNNPR;ACOES NOMINATIVAS ACOES PREFERENCIAIS CLASSE B;A;True;A;;;2026-10-05;True
BRCRMUACNPB9;CRMU;CERAMUS BAHIA SA PRODUTOS CERAMICOS;13786785000111;OK;ACN;PB;PN;EPNNPR;ACOES NOMINATIVAS ACOES PREFERENCIAIS CLASSE B;A;True;A;;;2026-10-05;True
BRCRPCACNOR9;CRPC;CRP CADERI CAPITAL RISCO SA;93392355000154;OK;ACN;OR;ON;ESVUFR;ACOES NOMINATIVAS ACOES ORDINARIAS;A;True;A;;;2026-10-05;True
BRCRPCACNPR6;CRPC;CRP CADERI CAPITAL RISCO SA;93392355000154;OK;ACN;PR;PN;EPNNPR;ACOES NOMINATIVAS ACOES PREFERENCIAIS;A;True;A;;;2026-10-05;True
BRCRPGACNOR0;CRPG;TRONOX PIGMENTOS BRASIL SA;15115504000124;OK;ACN;OR;ON;ESVUFR;ACOES NOMINATIVAS ACOES ORDINARIAS;A;True;A;;;2026-10-05;True
BRCRPGACNPA3;CRPG;TRONOX PIGMENTOS BRASIL SA;15115504000124;OK;ACN;PA;PN;EPNNPR;ACOES NOMINATIVAS ACOES PREFERENCIAIS CLASSE A;A;True;A;;;2026-10-05;True
BRCRPGACNPB1;CRPG;TRONOX PIGMENTOS BRASIL SA;15115504000124;OK;ACN;PB;PN;EPNNPR;ACOES NOMINATIVAS ACOES PREFERENCIAIS CLASSE B;A;True;A;;;2026-10-05;True
BRCRSAACNOR7;CRSA;CORUS AGROFLORESTAL SA;00533622000185;OK;ACN;OR;ON;ESVUFR;ACOES NOMINATIVAS ACOES ORDINARIAS;A;True;A;;;2026-10-05;True
BRCRSCACNOR3;CRSC;CIA RECUPERACAO SECUNDARIA;04652792000130;OK;ACN;OR;ON;ESVUFR;ACOES NOMINATIVAS ACOES ORDINARIAS;A;True;A;;;2026-10-05;True
BRCRSEACNOR9;CRSE;CRESAL EXPORTADORA SA IND COM;15104060000121;OK;ACN;OR;ON;ESVUFR;ACOES NOMINATIVAS ACOES ORDINARIAS;A;True;A;;;2026-10-05;True
BRCRSEACNPR6;CRSE;CRESAL EXPORTADORA SA IND COM;15104060000121;OK;ACN;PR;PN;EPNNPR;ACOES NOMINATIVAS ACOES PREFERENCIAIS;A;True;A;;;2026-10-05;True
BRCRTEACNOR7;CRTE;CONCESSIONARIA RIO TERESOPOLIS SA;00938574000105;OK;ACN;OR;ON;ESVUFR;ACOES NOMINATIVAS ACOES ORDINARIAS;A;True;A;;;2026-10-05;True
BRCRTEACNPA0;CRTE;CONCESSIONARIA RIO TERESOPOLIS SA;00938574000105;OK;ACN;PA;PN;EPNNPR;ACOES NOMINATIVAS ACOES PREFERENCIAIS CLASSE A;A;True;A;;;2026-10-05;True
BRCRTSACNOR7;CRTS;CURT SA;61323226000118;OK;ACN;OR;ON;ESVUFR;ACOES NOMINATIVAS ACOES ORDINARIAS;A;True;A;;;2026-10-05;True
BRCRTSACNPR4;CRTS;CURT SA;61323226000118;OK;ACN;PR;PN;EPNNPR;ACOES NOMINATIVAS ACOES PREFERENCIAIS;A;True;A;;;2026-10-05;True
BRCRUMACNOR8;CRUM;CORUMBA CONCESSOES SA;04066598000172;OK;ACN;OR;ON;ESVUFR;ACOES NOMINATIVAS ACOES ORDINARIAS;A;True;A;;;2026-10-05;True
BRCRUMACNPA1;CRUM;CORUMBA CONCESSOES SA;04066598000172;OK;ACN;PA;PN;EPNNPR;ACOES NOMINATIVAS ACOES PREFERENCIAIS CLASSE A;A;True;A;;;2026-10-05;True
BRCRUMACNPB9;CRUM;CORUMBA CONCESSOES SA;04066598000172;OK;ACN;PB;PN;EPNNPR;ACOES NOMINATIVAS ACOES PREFERENCIAIS CLASSE B;A;True;A;;;2026-10-05;True
BRCRUZACNOR0;CRUZ;SOUZA CRUZ SA;33009911000139;OK;ACN;OR;ON;ESVUFR;ACOES NOMINATIVAS ACOES ORDINARIAS;A;True;A;;;2026-10-05;True
BRCRVDACNPA8;CRVD;AGROINDUSTRIAL CEREAIS DONA CAROLINA S.A;00922144000103;OK;ACN;PA;PN;EPNNPR;ACOES NOMINATIVAS ACOES PREFERENCIAIS CLASSE A;A;True;A;;;2026-10-05;True
BRCSABACNOR1;CSAB;CIA SEGUROS ALIANCA BAHIA;15144017000190;OK;ACN;OR;ON;ESVUFR;ACOES NOMINATIVAS ACOES ORDINARIAS;A;True;A;;;2026-10-05;True
BRCSABACNPR8;CSAB;CIA SEGUROS ALIANCA BAHIA;15144017000190;OK;ACN;PR;PN;EPNNPR;ACOES NOMINATIVAS ACOES PREFERENCIAIS;A;True;A;;;2026-10-05;True
BRCSACACNPA2;CSAC;CIA SACOS MARANHAO COSAMA;12536082000172;OK;ACN;PA;PN;EPNNPR;ACOES NOMINATIVAS ACOES PREFERENCIAIS CLASSE A;A;True;A;;;2026-10-05;True
BRCSALACNOR0;CSAL;CIA ABASTECIMENTO AGUA SANEAMENTO ESTADO ALAGOAS;12294708000181;OK;ACN;OR;ON;ESVUFR;ACOES NOMINATIVAS ACOES ORDINARIAS;A;True;A;;;2026-10-05;True
BRCSALACNPR7;CSAL;CIA ABASTECIMENTO AGUA SANEAMENTO ESTADO ALAGOAS;12294708000181;OK;ACN;PR;PN;EPNNPR;ACOES NOMINATIVAS ACOES PREFERENCIAIS;A;True;A;;;2026-10-05;True
BRCSAMACNOR8;CSAM;CIA SANEAMENTO AMAZONAS COSAMA;04406195000125;OK;ACN;OR;ON;ESVUFR;ACOES NOMINATIVAS ACOES ORDINARIAS;A;True;A;;;2026-10-05;True
BRCSAMACNPR5;CSAM;CIA SANEAMENTO AMAZONAS COSAMA;04406195000125;OK;ACN;PR;PN;EPNNPR;ACOES NOMINATIVAS ACOES PREFERENCIAIS;A;True;A;;;2026-10-05;True
BRCSANACNOR6;CSAN;COSAN SA;50746577000115;OK;ACN;OR;ON;ESVUFR;ACOES NOMINATIVAS ACOES ORDINARIAS;A;True;A;;;2026-10-05;True
BRCSBAACNOR1;CSBA;CIA SEGUROS BAHIA;15104490000143;OK;ACN;OR;ON;ESVUFR;ACOES NOMINATIVAS ACOES ORDINARIAS;A;True;A;;;2026-10-05;True
BRCSDVACNOR3;CSDV;COMPANHIA SULAMERICANA DE DISTRIBUIÇÃO;11517841000197;OK;ACN;OR;ON;ESVUFR;ACOES NOMINATIVAS;A;True;N;;;2026-10-05;True
BRCSEDACNOR9;CSED;CRUZEIRO DO SUL EDUCACIONAL S.A.;62984091000102;OK;ACN;OR;ON;ESVUFR;ACOES NOMINATIVAS;A;True;N;;;2026-10-05;True
BRCSESACNPB8;CSES;CERAMICA SERGIPE SA CERSESA;15104383000115;OK;ACN;PB;PN;EPNNPR;ACOES NOMINATIVAS ACOES PREFERENCIAIS CLASSE B;A;True;A;;;2026-10-05;True
BRCSESACNPC6;CSES;CERAMICA SERGIPE SA CERSESA;15104383000115;OK;ACN;PC;PN;EPNNPR;ACOES NOMINATIVAS ACOES PREFERENCIAIS CLASSE C;A;True;A;;;2026-10-05;True
BRCSFBACNOR0;CSFB;BCO CREDIT SUISSE (BRASIL) SA;32062580000138;OK;ACN;OR;ON;ESVUFR;ACOES NOMINATIVAS ACOES ORDINARIAS;A;True;A;;;2026-10-05;True
BRCSILACNPA6;CSIL;COSIL HOTEIS TURISMO SA;13355060000179;OK;ACN;PA;PN;EPNNPR;ACOES NOMINATIVAS ACOES PREFERENCIAIS CLASSE A;A;True;A;;;2026-10-05;True
BRCSLBACNPB9;CSLB;CIA SULAMERICANA BRINQUEDOS;09256116000160;OK;ACN;PB;PN;EPNNPR;ACOES NOMINATIVAS ACOES PREFERENCIAIS CLASSE B;A;True;A;;;2026-10-05;True
BRCSMAACNPB9;CSMA;CIA SIDERURGICA MARANHAO COSIMA;10431245000127;OK;ACN;PB;PN;EPNNPR;ACOES NOMINATIVAS ACOES PREFERENCIAIS CLASSE B;A;True;A;;;2026-10-05;True
BRCSMBACNOR6;CSMB;CIA SEGUROS MINAS BRASIL;17197385000121;OK;ACN;OR;ON;ESVUFR;ACOES NOMINATIVAS ACOES ORDINARIAS;A;True;A;;;2026-10-05;True
BRCSMBACNPR3;CSMB;CIA SEGUROS MINAS BRASIL;17197385000121;OK;ACN;PR;PN;EPNNPR;ACOES NOMINATIVAS ACOES PREFERENCIAIS;A;True;A;;;2026-10-05;True
BRCSMGACNOR5;CSMG;CIA SANEAMENTO MINAS GERAIS COPASA MG;17281106000103;OK;ACN;OR;ON;ESVUFR;ACOES NOMINATIVAS ACOES ORDINARIAS;A;True;A;;;2026-10-05;True
BRCSNAACNOR6;CSNA;CIA SIDERURGICA NACIONAL;33042730000104;OK;ACN;OR;ON;ESVUFR;ACOES NOMINATIVAS ACOES ORDINARIAS;A;True;A;;;2026-10-05;True
BRCSPAACNPA4;CSPA;CIA SIDERURGICA PARA COSIPAR;07919053000150;OK;ACN;PA;PN;EPNNPR;ACOES NOMINATIVAS ACOES PREFERENCIAIS CLASSE A;A;True;A;;;2026-10-05;True
BRCSPCACNOR7;CSPC;CIA SIDERURGICA PAULISTA COSIPA;02790893000141;OK;ACN;OR;ON;ESVUFR;ACOES NOMINATIVAS ACOES ORDINARIAS;A;True;A;;;2026-10-05;True
BRCSPCACNPR4;CSPC;CIA SIDERURGICA PAULISTA COSIPA;02790893000141;OK;ACN;PR;PN;EPNNPR;ACOES NOMINATIVAS ACOES PREFERENCIAIS;A;True;A;;;2026-10-05;True
BRCSPPACNOR9;CSPP;CIA SANTISTA PAPEL;61360434000197;OK;ACN;OR;ON;ESVUFR;ACOES NOMINATIVAS ACOES ORDINARIAS;A;True;A;;;2026-10-05;True
BRCSRNACNOR0;CSRN;CIA ENERGETICA RIO GRANDE NORTE COSERN;08324196000181;OK;ACN;OR;ON;ESVUFR;ACOES NOMINATIVAS ACOES ORDINARIAS;A;True;A;;;2026-10-05;True
BRCSRNACNPA3;CSRN;CIA ENERGETICA RIO GRANDE NORTE COSERN;08324196000181;OK;ACN;PA;PN;EPNNPR;ACOES NOMINATIVAS ACOES PREFERENCIAIS CLASSE A;A;True;A;;;2026-10-05;True
BRCSRNACNPB1;CSRN;CIA ENERGETICA RIO GRANDE NORTE COSERN;08324196000181;OK;ACN;PB;PN;EPNNPR;ACOES NOMINATIVAS ACOES PREFERENCIAIS CLASSE B;A;True;A;;;2026-10-05;True
BRCSTAACNPC2;CSTA;CURTUME SANTO ANTONIO SA;37482460000103;OK;ACN;PC;PN;EPNNPR;ACOES NOMINATIVAS ACOES PREFERENCIAIS CLASSE C;A;True;A;;;2026-10-05;True
BRCSTBACNOR1;CSTB;CIA SIDERURGICA TUBARAO;27251974000102;OK;ACN;OR;ON;ESVUFR;ACOES NOMINATIVAS ACOES ORDINARIAS;A;True;A;;;2026-10-05;True
BRCSTBACNPR8;CSTB;CIA SIDERURGICA TUBARAO;27251974000102;OK;ACN;PR;PN;EPNNPR;ACOES NOMINATIVAS ACOES PREFERENCIAIS;A;True;A;;;2026-10-05;True
BRCSTCACNPB0;CSTC;CASTICA AGROPECUARIA SA;08982647000178;OK;ACN;PB;PN;EPNNPR;ACOES NOMINATIVAS ACOES PREFERENCIAIS CLASSE B;A;True;A;;;2026-10-05;True
BRCSUDACNOR5;CSUD;CSU CARDSYSTEM SA;01896779000138;OK;ACN;OR;ON;ESVUFR;ACOES NOMINATIVAS ACOES ORDINARIAS;A;True;N;;;2026-10-05;True
BRCSULACNOR8;CSUL;BCR BCO CRED REAL SA;92691328000110;OK;ACN;OR;ON;ESVUFR;ACOES NOMINATIVAS ACOES ORDINARIAS;A;True;A;;;2026-10-05;True
BRCTAGACNPR5;CTAG;CITAG CIA TOCANTINS AGROINDL;04871372000144;OK;ACN;PR;PN;EPNNPR;ACOES NOMINATIVAS ACOES PREFERENCIAIS;A;True;A;;;2026-10-05;True
BRCTANACNOR4;CTAN;CIA AMAZONIA TEXTIL ANIAGEM CATA;04896759000155;OK;ACN;OR;ON;ESVUFR;ACOES NOMINATIVAS ACOES ORDINARIAS;A;True;A;;;2026-10-05;True
BRCTANACNPA7;CTAN;CIA AMAZONIA TEXTIL ANIAGEM CATA;04896759000155;OK;ACN;PA;PN;EPNNPR;ACOES NOMINATIVAS ACOES PREFERENCIAIS CLASSE A;A;True;A;;;2026-10-05;True
BRCTANACNPD1;CTAN;CIA AMAZONIA TEXTIL ANIAGEM CATA;04896759000155;OK;ACN;PD;PN;EPNNPR;ACOES NOMINATIVAS ACOES PREFERENCIAIS CLASSE D;A;True;A;;;2026-10-05;True
BRCTAXACNOR3;CTAX;CONTAX PARTICIPAÇÕES S.A;04032433000180;OK;ACN;OR;ON;ESVUFR;ACOES NOMINATIVAS ACOES ORDINARIAS;A;True;A;;;2026-10-05;True
BRCTBLACNOR6;CTBL;CTBC DATA NET PARTICIPACOES SA;25631235000102;OK;ACN;OR;ON;ESVUFR;ACOES NOMINATIVAS ACOES ORDINARIAS;A;True;A;;;2026-10-05;True
BRCTBLACNPR3;CTBL;CTBC DATA NET PARTICIPACOES SA;25631235000102;OK;ACN;PR;PN;EPNNPR;ACOES NOMINATIVAS ACOES PREFERENCIAIS;A;True;A;;;2026-10-05;True
BRCTBRACNOR3;CTBR;CAETANO BRANCO SA IND COM;84584481000110;OK;ACN;OR;ON;ESVUFR;ACOES NOMINATIVAS ACOES ORDINARIAS;A;True;A;;;2026-10-05;True
BRCTBRACNPR0;CTBR;CAETANO BRANCO SA IND COM;84584481000110;OK;ACN;PR;PN;EPNNPR;ACOES NOMINATIVAS ACOES PREFERENCIAIS;A;True;A;;;2026-10-05;True
BRCTCAACNOR7;CTCA;CTC - CENTRO TECNOLOGIA CANAVIEIRA SA;06981381000113;OK;ACN;OR;ON;ESVUFR;ACOES NOMINATIVAS ACOES ORDINARIAS;A;True;A;;;2026-10-05;True
BRCTCEACNOR9;CTCE;COTECE SA;06054647000182;OK;ACN;OR;ON;ESVUFR;ACOES NOMINATIVAS ACOES ORDINARIAS;A;True;A;;;2026-10-05;True
BRCTCEACNPA2;CTCE;COTECE SA;06054647000182;OK;ACN;PA;PN;EPNNPR;ACOES NOMINATIVAS ACOES PREFERENCIAIS CLASSE A;A;True;A;;;2026-10-05;True
BRCTCMACNOR2;CTCM;CIA TEXTIL CACHOEIRA MACACOS;20933354000104;OK;ACN;OR;ON;ESVUFR;ACOES NOMINATIVAS ACOES ORDINARIAS;A;True;A;;;2026-10-05;True
BRCTCVACNPA6;CTCV;SA CONSTANCIO VIEIRA;13255633000192;OK;ACN;PA;PN;EPNNPR;ACOES NOMINATIVAS ACOES PREFERENCIAIS CLASSE A;A;True;A;;;2026-10-05;True
BRCTDHACNPB1;CTDH;CIA TROPICAL HOTEIS;15147499000131;OK;ACN;PB;PN;EPNNPR;ACOES NOMINATIVAS ACOES PREFERENCIAIS CLASSE B;A;True;A;;;2026-10-05;True
BRCTENACNOR6;CTEN;CETENCO ENGENHARIA SA;61550497000106;OK;ACN;OR;ON;ESVUFR;ACOES NOMINATIVAS ACOES ORDINARIAS;A;True;A;;;2026-10-05;True
BRCTENACNPR3;CTEN;CETENCO ENGENHARIA SA;61550497000106;OK;ACN;PR;PN;EPNNPR;ACOES NOMINATIVAS ACOES PREFERENCIAIS;A;True;A;;;2026-10-05;True
BRCTITACNPA7;CTIT;CANTO ITAUEIRA AGROINDL SA;09022138000166;OK;ACN;PA;PN;EPNNPR;ACOES NOMINATIVAS ACOES PREFERENCIAIS CLASSE A;A;True;A;;;2026-10-05;True
BRCTITACNPB5;CTIT;CANTO ITAUEIRA AGROINDL SA;09022138000166;OK;ACN;PB;PN;EPNNPR;ACOES NOMINATIVAS ACOES PREFERENCIAIS CLASSE B;A;True;A;;;2026-10-05;True
BRCTKAACNOR0;CTKA;KARSTEN SA (EX CIA TEXTIL KARSTEN);82640558000104;OK;ACN;OR;ON;ESVUFR;ACOES NOMINATIVAS ACOES ORDINARIAS;A;True;A;;;2026-10-05;True
BRCTKAACNPR7;CTKA;KARSTEN SA (EX CIA TEXTIL KARSTEN);82640558000104;OK;ACN;PR;PN;EPNNPR;ACOES NOMINATIVAS ACOES PREFERENCIAIS;A;True;A;;;2026-10-05;True
BRCTLGACNOR5;CTLG;CENTENNIAL ASSET PARTICIPACOES ACU SA;08835366000192;OK;ACN;OR;ON;ESVUFR;ACOES NOMINATIVAS ACOES ORDINARIAS;A;True;A;;;2026-10-05;True
BRCTLUACNOR6;CTLU;BS CONTINENTAL SA UTILIDADES DOMESTICAS;60736279000106;OK;ACN;OR;ON;ESVUFR;ACOES NOMINATIVAS ACOES ORDINARIAS;A;True;A;;;2026-10-05;True
BRCTLUACNPR3;CTLU;BS CONTINENTAL SA UTILIDADES DOMESTICAS;60736279000106;OK;ACN;PR;PN;EPNNPR;ACOES NOMINATIVAS ACOES PREFERENCIAIS;A;True;A;;;2026-10-05;True
BRCTMCACNOR2;CTMC;CTMR CELULAR SA;02432056000140;OK;ACN;OR;ON;ESVUFR;ACOES NOMINATIVAS ACOES ORDINARIAS;A;True;A;;;2026-10-05;True
BRCTMCACNPA5;CTMC;CTMR CELULAR SA;02432056000140;OK;ACN;PA;PN;EPNNPR;ACOES NOMINATIVAS ACOES PREFERENCIAIS CLASSE A;A;True;A;;;2026-10-05;True
BRCTMCACNPB3;CTMC;CTMR CELULAR SA;02432056000140;OK;ACN;PB;PN;EPNNPR;ACOES NOMINATIVAS ACOES PREFERENCIAIS CLASSE B;A;True;A;;;2026-10-05;True
BRCTMDACNPA3;CTMD;CURTUME MODERNO SA;11111812000120;OK;ACN;PA;PN;EPNNPR;ACOES NOMINATIVAS ACOES PREFERENCIAIS CLASSE A;A;True;A;;;2026-10-05;True
BRCTMEACNPA1;CTME;CURTUME ARAPUTANGA S.A;01395652000135;OK;ACN;PA;PN;EPNNPR;ACOES NOMINATIVAS ACOES PREFERENCIAIS CLASSE A;A;True;A;;;2026-10-05;True
BRCTMIACNOR9;CTMI;CENTENNIAL ASSET PARTICIPACOES MINAS RIO SA;07949970000187;OK;ACN;OR;ON;ESVUFR;ACOES NOMINATIVAS ACOES ORDINARIAS;A;True;A;;;2026-10-05;True
BRCTNDACNPB9;CTND;AGROPAST CANTANHEDE SA;06011779000127;OK;ACN;PB;PN;EPNNPR;ACOES NOMINATIVAS ACOES PREFERENCIAIS CLASSE B;A;True;A;;;2026-10-05;True
BRCTNEACNPA9;CTNE;CATA TECIDOS E EMBALAGENS INDUSTRIAIS S.A.;15689185000160;OK;ACN;PA;PN;EPNNPR;ACOES NOMINATIVAS ACOES PREFERENCIAIS CLASSE A;A;True;A;;;2026-10-05;True
BRCTNEACNPC5;CTNE;CATA TECIDOS E EMBALAGENS INDUSTRIAIS S.A.;15689185000160;OK;ACN;PC;PN;EPNNPR;ACOES NOMINATIVAS ACOES PREFERENCIAIS CLASSE C;A;True;A;;;2026-10-05;True
BRCTNMACNOR9;CTNM;CIA TECIDOS NORTE MINAS COTEMINAS;22677520000176;OK;ACN;OR;ON;ESVUFR;ACOES NOMINATIVAS ACOES ORDINARIAS;A;True;A;;;2026-10-05;True
BRCTNMACNPR6;CTNM;CIA TECIDOS NORTE MINAS COTEMINAS;22677520000176;OK;ACN;PR;PN;EPNNPR;ACOES NOMINATIVAS ACOES PREFERENCIAIS;A;True;A;;;2026-10-05;True
BRCTNRACNPC7;CTNR;CENTENOR EMPREENDIMENTOS SA;04200572000175;OK;ACN;PC;PN;EPNNPR;ACOES NOMINATIVAS ACOES PREFERENCIAIS CLASSE C;A;True;A;;;2026-10-05;True
BRCTNRACNPD5;CTNR;CENTENOR EMPREENDIMENTOS SA;04200572000175;OK;ACN;PD;PN;EPNNPR;ACOES NOMINATIVAS ACOES PREFERENCIAIS CLASSE D;A;True;A;;;2026-10-05;True
BRCTNRACNPE3;CTNR;CENTENOR EMPREENDIMENTOS SA;04200572000175;OK;ACN;PE;PN;EPNNPR;ACOES NOMINATIVAS ACOES PREFERENCIAIS CLASSE E;A;True;A;;;2026-10-05;True
BRCTONACNPA8;CTON;CIA TEXTIL NORDESTE COTTON;09150152000145;OK;ACN;PA;PN;EPNNPR;ACOES NOMINATIVAS ACOES PREFERENCIAIS CLASSE A;A;True;A;;;2026-10-05;True
BRCTPCACNOR5;CTPC;MARAMBAIA ENERGIA RENOVAVEL SA;51468056000106;OK;ACN;OR;ON;ESVUFR;ACOES NOMINATIVAS ACOES ORDINARIAS;A;True;A;;;2026-10-05;True
BRCTPRACNPA6;CTPR;CITROPAR-CITRICOS PARA SA;83649293000160;OK;ACN;PA;PN;ESVUFR;ACOES NOMINATIVAS ACOES PREFERENCIAIS CLASSE A;A;True;N;;;2026-10-05;True
BRCTPSACNPA4;CTPS;CIA TEXTIL PE SERRA;09570649000112;OK;ACN;PA;PN;EPNNPR;ACOES NOMINATIVAS ACOES PREFERENCIAIS CLASSE A;A;True;A;;;2026-10-05;True
BRCTRAACNOR5;CTRA;CEMAPE TRANSPORTES SA;47288162000130;OK;ACN;OR;ON;ESVUFR;ACOES NOMINATIVAS ACOES ORDINARIAS;A;True;A;;;2026-10-05;True
BRCTRCACNOR1;CTRC;CETERP CELULAR SA;02591755000133;OK;ACN;OR;ON;ESVUFR;ACOES NOMINATIVAS ACOES ORDINARIAS;A;True;A;;;2026-10-05;True
BRCTRLACNOR2;CTRL;CETREL SA;14414973000181;OK;ACN;OR;ON;ESVUFR;ACOES NOMINATIVAS ACOES ORDINARIAS;A;True;A;;;2026-10-05;True
BRCTRLACNPR9;CTRL;CETREL SA;14414973000181;OK;ACN;PR;PN;EPNNPR;ACOES NOMINATIVAS ACOES PREFERENCIAIS;A;True;A;;;2026-10-05;True
BRCTRMACNOR0;CTRM;CENTRA MOVEIS SA;25071568000124;OK;ACN;OR;ON;ESVUFR;ACOES NOMINATIVAS ACOES ORDINARIAS;A;True;A;;;2026-10-05;True
BRCTRMACNPR7;CTRM;CENTRA MOVEIS SA;25071568000124;OK;ACN;PR;PN;EPNNPR;ACOES NOMINATIVAS ACOES PREFERENCIAIS;A;True;A;;;2026-10-05;True
BRCTRPACNOR3;CTRP;CONTRAP CONTROLE APLICACOES SA;43940188000160;OK;ACN;OR;ON;ESVUFR;ACOES NOMINATIVAS ACOES ORDINARIAS;A;True;A;;;2026-10-05;True
BRCTRPACNPA6;CTRP;CONTRAP CONTROLE APLICACOES SA;43940188000160;OK;ACN;PA;PN;EPNNPR;ACOES NOMINATIVAS ACOES PREFERENCIAIS CLASSE A;A;True;A;;;2026-10-05;True
BRCTRPACNPB4;CTRP;CONTRAP CONTROLE APLICACOES SA;43940188000160;OK;ACN;PB;PN;EPNNPR;ACOES NOMINATIVAS ACOES PREFERENCIAIS CLASSE B;A;True;A;;;2026-10-05;True
BRCTSAACNOR3;CTSA;CIA TECIDOS SANTANENSE;21255567000189;OK;ACN;OR;ON;ESVUFR;ACOES NOMINATIVAS ACOES ORDINARIAS;A;True;A;;;2026-10-05;True
BRCTSAACNPD0;CTSA;CIA TECIDOS SANTANENSE;21255567000189;OK;ACN;PD;PN;EPNNPR;ACOES NOMINATIVAS ACOES PREFERENCIAIS CLASSE D;A;True;A;;;2026-10-05;True
BRCTSAACNPR0;CTSA;CIA TECIDOS SANTANENSE;21255567000189;OK;ACN;PR;PN;EPNNPR;ACOES NOMINATIVAS ACOES PREFERENCIAIS;A;True;A;;;2026-10-05;True
BRCTSJACNPR1;CTSJ;COTONIFICIO SAO JOSE SA;11784121000198;OK;ACN;PR;PN;EPNNPR;ACOES NOMINATIVAS ACOES PREFERENCIAIS;A;True;A;;;2026-10-05;True
BRCTTRACNOR5;CTTR;CONSTELACAO TRANSPORTES SA;;VAZIO;ACN;OR;ON;ESVUFR;ACOES NOMINATIVAS ACOES ORDINARIAS;A;True;A;;;2026-10-05;True
BRCTVLACNPA7;CTVL;SAO FRANCISCO TEXTIL SA;02710680000162;OK;ACN;PA;PN;EPNNPR;ACOES NOMINATIVAS ACOES PREFERENCIAIS CLASSE A;A;True;A;;;2026-10-05;True
BRCTWRACNOR9;CTWR;BLUE TREE HOTELS RESORTS BRASIL SA (EX CAESAR TOWERS);66542002000110;OK;ACN;OR;ON;ESVUFR;ACOES NOMINATIVAS ACOES ORDINARIAS;A;True;A;;;2026-10-05;True
BRCTXAACNPC2;CTXA;CONSORCIO TEXTIL ACABAMENTO SA;13075924000107;OK;ACN;PC;PN;EPNNPR;ACOES NOMINATIVAS ACOES PREFERENCIAIS CLASSE C;A;True;A;;;2026-10-05;True
BRCTXOACNPA7;CTXO;CARTAXO AGROPECUARIA SA;09146077000149;OK;ACN;PA;PN;EPNNPR;ACOES NOMINATIVAS ACOES PREFERENCIAIS CLASSE A;A;True;A;;;2026-10-05;True
BRCTXPACNOR1;CTXP;CTX PARTICIPACOES S.A;09601322000160;OK;ACN;OR;ON;ESVUFR;ACOES NOMINATIVAS ACOES ORDINARIAS;A;True;A;;;2026-10-05;True
BRCURYACNOR3;CURY;CURY CONSTRUTORA E INCORPORADORA LTDA.;08797760000183;OK;ACN;OR;ON;ESVUFR;ACOES NOMINATIVAS;A;True;N;;;2026-10-05;True
BRCVAPACNOR5;CVAP;CONVAP ENGENHARIA CONSTRUCOES SA;;VAZIO;ACN;OR;ON;ESVUFR;ACOES NOMINATIVAS ACOES ORDINARIAS;A;True;A;;;2026-10-05;True
BRCVCAACNPA6;CVCA;CIA VALE CAICARA;08520512000190;OK;ACN;PA;PN;EPNNPR;ACOES NOMINATIVAS ACOES PREFERENCIAIS CLASSE A;A;True;A;;;2026-10-05;True
BRCVCBACNOR1;CVCB;CVC BRASIL OPERADORA AGENCIA VIAGENS S.A;10760260000119;OK;ACN;OR;ON;ESVUFR;ACOES NOMINATIVAS ACOES ORDINARIAS;A;True;A;;;2026-10-05;True
BRCVCBUNT000;CVCB;CVC BRASIL OPERADORA AGENCIA VIAGENS S.A;10760260000119;OK;UNT;ZZ;UNIT;MCAUXR;UNITS FOLLOW ON - 06/2023;A;True;N;;;2026-10-05;True
BRCVCOACNPA7;CVCO;CEVAL CENTRO OESTE SA;24959199000148;OK;ACN;PA;PN;EPNNPR;ACOES NOMINATIVAS ACOES PREFERENCIAIS CLASSE A;A;True;A;;;2026-10-05;True
BRCVCOACNPC3;CVCO;CEVAL CENTRO OESTE SA;24959199000148;OK;ACN;PC;PN;EPNNPR;ACOES NOMINATIVAS ACOES PREFERENCIAIS CLASSE C;A;True;A;;;2026-10-05;True
BRCVMJACNPA6;CVMJ;CIA VALE MOJUZINHO;14082754000142;OK;ACN;PA;PN;EPNNPR;ACOES NOMINATIVAS ACOES PREFERENCIAIS CLASSE A;A;True;A;;;2026-10-05;True
BRCVPLACNPA5;CVPL;CARVAPLAST IND COM PLASTICOS SA;09306358000111;OK;ACN;PA;PN;EPNNPR;ACOES NOMINATIVAS ACOES PREFERENCIAIS CLASSE A;A;True;A;;;2026-10-05;True
BRCVRGACNOR8;CVRG;CIA VINICOLA RIO GRANDENSE;92690643000122;OK;ACN;OR;ON;ESVUFR;ACOES NOMINATIVAS ACOES ORDINARIAS;A;True;A;;;2026-10-05;True
BRCVRGACNPR5;CVRG;CIA VINICOLA RIO GRANDENSE;92690643000122;OK;ACN;PR;PN;EPNNPR;ACOES NOMINATIVAS ACOES PREFERENCIAIS;A;True;A;;;2026-10-05;True
BRCVSAACNPA2;CVSA;CAMPOS VILAR SA CAVISA;10742351000121;OK;ACN;PA;PN;EPNNPR;ACOES NOMINATIVAS ACOES PREFERENCIAIS CLASSE A;A;True;A;;;2026-10-05;True
BRCXSEACNOR7;CXSE;CAIXA SEGURIDADE PARTICIPAÇÕES S.A.;22543331000100;OK;ACN;OR;ON;ESVUFR;ACOES NOMINATIVAS ACOES ORDINARIAS;A;True;N;;;2026-10-05;True
BRCYBEACNOR1;CYBE;CYBERLYNXX SA;03024939000184;OK;ACN;OR;ON;ESVUFR;ACOES NOMINATIVAS ACOES ORDINARIAS CLASSE A;A;True;A;;;2026-10-05;True
BRCYLSACNOR0;CYLS;CITIBANK LEASING SA ARREND MERCANTIL;34112128000169;OK;ACN;OR;ON;ESVUFR;ACOES NOMINATIVAS ACOES ORDINARIAS;A;True;A;;;2026-10-05;True
BRCYREACNOR7;CYRE;CYRELA BRAZIL REALTY SA EMPREENDIMENTOS PARTICIPACOES;73178600000118;OK;ACN;OR;ON;ESVUFR;ACOES NOMINATIVAS ACOES ORDINARIAS;A;True;A;;;2026-10-05;True
BRCYREACNPR4;CYRE;CYRELA BRAZIL REALTY SA EMPREENDIMENTOS PARTICIPACOES;73178600000118;OK;ACN;PR;PN;EPNNPR;ACOES NOMINATIVAS ACOES PREFERENCIAIS;A;True;A;;;2026-10-05;True
BRCYRECDAXX7;CYRE;CYRELA BRAZIL REALTY SA EMPREENDIMENTOS PARTICIPACOES;73178600000118;OK;CDA;XX;UNIT;EMXXXR;CERTIFICADO DE DEPOSITO DE ACOES CESTA - BONI CYRE;A;True;N;;;2026-10-05;True
BRCZARACNOR2;CZAR;CZARINA SA;96735006000186;OK;ACN;OR;ON;ESVUFR;ACOES NOMINATIVAS ACOES ORDINARIAS;A;True;A;;;2026-10-05;True
BRCZARACNPR9;CZAR;CZARINA SA;96735006000186;OK;ACN;PR;PN;EPNNPR;ACOES NOMINATIVAS ACOES PREFERENCIAIS;A;True;A;;;2026-10-05;True
BRCZRSACNOR4;CZRS;BCO CRUZEIRO SUL SA;62136254000199;OK;ACN;OR;ON;ESVUFR;ACOES NOMINATIVAS ACOES ORDINARIAS;A;True;A;;;2026-10-05;True
BRCZRSACNPR1;CZRS;BCO CRUZEIRO SUL SA;62136254000199;OK;ACN;PR;PN;EPNNPR;ACOES NOMINATIVAS ACOES PREFERENCIAIS;A;True;A;;;2026-10-05;True
BRD3NDACNPA2;D3ND;DENDÊ DE MOEMA S/A;05361076000166;OK;ACN;PA;PN;EPNNPR;ACOES NOMINATIVAS;A;True;N;;;2026-10-05;True
BRD4LUACNPA8;D4LU;DOLUNAY EMPREENDIMENTOS E PARTICIPAÇÕES S.A.;41543193000104;OK;ACN;PA;PN;EPNNPR;ACOES NOMINATIVAS INCORPORAÇÃO BRML;A;True;N;;;2026-10-05;True
BRD7GIACNOR3;D7GI;DIGITEL SA IND ELETRONICA;89547269000104;OK;ACN;OR;ON;ESVUFR;ACOES NOMINATIVAS ACOES ORDINARIAS;A;True;N;;;2026-10-05;True
BRD7GIACNPA6;D7GI;DIGITEL SA IND ELETRONICA;89547269000104;OK;ACN;PA;PN;EPNNPR;ACOES NOMINATIVAS ACOES PREFERENCIAIS CLASSE A;A;True;N;;;2026-10-05;True
BRD7GIACNPB4;D7GI;DIGITEL SA IND ELETRONICA;89547269000104;OK;ACN;PB;PN;EPNNPR;ACOES NOMINATIVAS ACOES PREFERENCIAIS CLASSE B;A;True;N;;;2026-10-05;True
BRD7GIACNPR0;D7GI;DIGITEL SA IND ELETRONICA;89547269000104;OK;ACN;PR;PN;EPNNPR;ACOES NOMINATIVAS ACOES PREFERENCIAIS;A;True;N;;;2026-10-05;True
BRD8RRACNPR6;D8RR;CIA. DE DESENVOLV. DE RORAIMA-CODESAIMA;05950290000158;OK;ACN;PR;PN;EPNNPR;ACOES NOMINATIVAS;A;True;N;;;2026-10-05;True
BRDAFRACNPA5;DAFR;EMPRESA BRASILEIRA BEBIDAS ALIMENTOS SA;07604556000136;OK;ACN;PA;PN;EPNNPR;ACOES NOMINATIVAS ACOES PREFERENCIAIS CLASSE A;A;True;A;;;2026-10-05;True
BRDANAACNOR2;DANA;DANA INDL SA;00328114000165;OK;ACN;OR;ON;ESVUFR;ACOES NOMINATIVAS ACOES ORDINARIAS;A;True;A;;;2026-10-05;True
BRDANAACNV18;DANA;DANA INDL SA;00328114000165;OK;ACN;V1;PN;EPVNPR;ACOES NOMINATIVAS ACOES PREFERENCIAIS COM DIREITO A VOTO;A;True;A;;;2026-10-05;True
BRDASAACNOR1;DASA;DIAGNOSTICOS AMERICA SA;61486650000183;OK;ACN;OR;ON;ESVUFR;ACOES NOMINATIVAS ACOES ORDINARIAS;A;True;A;;;2026-10-05;True
BRDASAUNT000;DASA;DIAGNOSTICOS AMERICA SA;61486650000183;OK;UNT;ZZ;UNIT;MCAUXR;UNITS FOLLOW ON - 04/2023;A;True;N;;;2026-10-05;True
BRDASSACNOR3;DASS;DASS NORDESTE CALCADOS ARTIGOS ESPORTIVOS SA;01287588000179;OK;ACN;OR;ON;ESVUFR;ACOES NOMINATIVAS ACOES ORDINARIAS;A;True;N;;;2026-10-05;True
BRDATAACNOR9;DATA;DATAMEC SA SISTEMAS PROCESSAMENTO DADOS;33387382000107;OK;ACN;OR;ON;ESVUFR;ACOES NOMINATIVAS ACOES ORDINARIAS;A;True;A;;;2026-10-05;True
BRDATAACNPR6;DATA;DATAMEC SA SISTEMAS PROCESSAMENTO DADOS;33387382000107;OK;ACN;PR;PN;EPNNPR;ACOES NOMINATIVAS ACOES PREFERENCIAIS;A;True;A;;;2026-10-05;True
BRDAYCACNOR5;DAYC;BCO DAYCOVAL SA;62232889000190;OK;ACN;OR;ON;ESVUFR;ACOES NOMINATIVAS ACOES ORDINARIAS;A;True;A;;;2026-10-05;True
BRDAYCACNPR2;DAYC;BCO DAYCOVAL SA;62232889000190;OK;ACN;PR;PN;EPNNPR;ACOES NOMINATIVAS ACOES PREFERENCIAIS;A;True;A;;;2026-10-05;True
BRDBENACNOR2;DBEN;DIBENS LEASING SA ARREND MERCANTIL;65654303000173;OK;ACN;OR;ON;ESVUFR;ACOES NOMINATIVAS ACOES ORDINARIAS;A;True;A;;;2026-10-05;True
BRDBREACNOR3;DBRE;CONSTRUTORA NORBERTO ODEBRECHT SA;15102288000182;OK;ACN;OR;ON;ESVUFR;ACOES NOMINATIVAS ACOES ORDINARIAS;A;True;A;;;2026-10-05;True
BRDBREACNPR0;DBRE;CONSTRUTORA NORBERTO ODEBRECHT SA;15102288000182;OK;ACN;PR;PN;EPNNPR;ACOES NOMINATIVAS ACOES PREFERENCIAIS;A;True;A;;;2026-10-05;True
BRDBSAACNOR9;DBSA;DEUTSCHE BANK SA BANCO ALEMAO;62331228000111;OK;ACN;OR;ON;ESVUFR;ACOES NOMINATIVAS ACOES ORDINARIAS;A;True;A;;;2026-10-05;True
BRDBTRACNOR1;DBTR;DBTRANS SA;04467870000126;OK;ACN;OR;ON;ESVUFR;ACOES NOMINATIVAS ACOES ORDINARIAS;A;True;A;;;2026-10-05;True
BRDCPSACNOR5;DCPS;PRINCIPAL DPC SERVICOS OELO GAS SA;22626880000149;OK;ACN;OR;ON;ESVUFR;ACOES NOMINATIVAS ACOES ORDINARIAS;A;True;A;;;2026-10-05;True
BRDENPACNPA5;DENP;DENDE PARA SA DENPASA;04834784000104;OK;ACN;PA;PN;EPNNPR;ACOES NOMINATIVAS ACOES PREFERENCIAIS CLASSE A;A;True;A;;;2026-10-05;True
BRDENVACNPC9;DENV;FABRICA MINEIRO ELETRODOS SOLDAS DENVER SA;22671564000199;OK;ACN;PC;PN;EPNNPR;ACOES NOMINATIVAS ACOES PREFERENCIAIS CLASSE C;A;True;A;;;2026-10-05;True
BRDESKACNOR2;DESK;DESKTOP S.A.;08170849000115;OK;ACN;OR;ON;ESVUFR;ACOES NOMINATIVAS;A;True;N;;;2026-10-05;True
BRDEXPACNOR1;DEXP;DEXXOS PARTICIPACOES SA;02193750000152;OK;ACN;OR;ON;ESVUFR;ACOES NOMINATIVAS ACOES ORDINARIAS;A;True;N;;;2026-10-05;True
BRDEXPACNPR8;DEXP;DEXXOS PARTICIPACOES SA;02193750000152;OK;ACN;PR;PN;EPNNPR;ACOES NOMINATIVAS ACOES PREFERENCIAIS;A;True;N;;;2026-10-05;True
BRDFBAACNPR3;DFBA;D F BASTOS SA INDS ALIMENTICIAS;04906582000120;OK;ACN;PR;PN;EPNNPR;ACOES NOMINATIVAS ACOES PREFERENCIAIS;A;True;A;;;2026-10-05;True
BRDFHDACNOR7;DFHD;DFS HOLDING SA;22932699000160;OK;ACN;OR;ON;ESVUFR;ACOES NOMINATIVAS ACOES ORDINARIAS;A;True;A;;;2026-10-05;True
BRDFROACNPA6;DFRO;DAFERRO SA ALUMINIO ACO;07801384000190;OK;ACN;PA;PN;EPNNPR;ACOES NOMINATIVAS ACOES PREFERENCIAIS CLASSE A;A;True;A;;;2026-10-05;True
BRDFVAACNOR4;DFVA;DF VASCONCELLOS SA OPTICA MECANICA ALTA PRECISAO;61482725000158;OK;ACN;OR;ON;ESVUFR;ACOES NOMINATIVAS ACOES ORDINARIAS;A;True;A;;;2026-10-05;True
BRDFVAACNPR1;DFVA;DF VASCONCELLOS SA OPTICA MECANICA ALTA PRECISAO;61482725000158;OK;ACN;PR;PN;EPNNPR;ACOES NOMINATIVAS ACOES PREFERENCIAIS;A;True;A;;;2026-10-05;True
BRDG4MACNPA1;DG4M;DESTILARIA GAMELEIRA S/A;43482819000145;OK;ACN;PA;PN;EPNNPR;ACOES NOMINATIVAS;A;True;N;;;2026-10-05;True
BRDGHPACNOR9;DGHP;DGH PARTICIPAÇÕES S.A.;30420647000133;OK;ACN;OR;ON;ESVUFR;ACOES NOMINATIVAS;A;True;N;;;2026-10-05;True
BRDGLTACNPR0;DGLT;DIGILECTRON ELETRONICA SA;31805393000134;OK;ACN;PR;PN;EPNNPR;ACOES NOMINATIVAS ACOES PREFERENCIAIS;A;True;A;;;2026-10-05;True
BRDGPXACNOR6;DGPX;DIGIPIX GRAFICA DIGITAL S.A;06972254000158;OK;ACN;OR;ON;ESVUFR;ACOES NOMINATIVAS ACOES ORDINARIAS;A;True;A;;;2026-10-05;True
BRDHBIACNOR5;DHBI;DHB IND COM SA;92825900000196;OK;ACN;OR;ON;ESVUFR;ACOES NOMINATIVAS ACOES ORDINARIAS;A;True;A;;;2026-10-05;True
BRDHBIACNPR2;DHBI;DHB IND COM SA;92825900000196;OK;ACN;PR;PN;EPNNPR;ACOES NOMINATIVAS ACOES PREFERENCIAIS;A;True;A;;;2026-10-05;True
BRDIAVACNPA1;DIAV;DIAVE EMPREENDIMENTOS AVICOLAS SA;07461783000150;OK;ACN;PA;PN;EPNNPR;ACOES NOMINATIVAS ACOES PREFERENCIAIS CLASSE A;A;True;A;;;2026-10-05;True
BRDIBNACNOR3;DIBN;BCO DIBENS SA;61199881000106;OK;ACN;OR;ON;ESVUFR;ACOES NOMINATIVAS ACOES ORDINARIAS;A;True;A;;;2026-10-05;True
BRDIM0ACNPB5;DIM0;AGROPECUÁRIA DIMONA COM. E INDÚSTRIA S/A;04424826000139;OK;ACN;PB;PN;EPNNPR;ACOES NOMINATIVAS;A;True;N;;;2026-10-05;True
BRDIRRACNOR0;DIRR;DIRECIONAL ENGENHARIA SA;16614075000100;OK;ACN;OR;ON;ESVUFR;ACOES NOMINATIVAS ACOES ORDINARIAS;A;True;A;;;2026-10-05;True
BRDISAACNOR4;DISA;DONA ISABEL SA;31119639000114;OK;ACN;OR;ON;ESVUFR;ACOES NOMINATIVAS ACOES ORDINARIAS;A;True;A;;;2026-10-05;True
BRDISAACNPR1;DISA;DONA ISABEL SA;31119639000114;OK;ACN;PR;PN;EPNNPR;ACOES NOMINATIVAS ACOES PREFERENCIAIS;A;True;A;;;2026-10-05;True
BRDJONACNOR4;DJON;DIJON SA;40173064000109;OK;ACN;OR;ON;ESVUFR;ACOES NOMINATIVAS ACOES ORDINARIAS;A;True;A;;;2026-10-05;True
BRDJONACNPR1;DJON;DIJON SA;40173064000109;OK;ACN;PR;PN;EPNNPR;ACOES NOMINATIVAS ACOES PREFERENCIAIS;A;True;A;;;2026-10-05;True
BRDMALACNOR1;DMAL;DIAMONDMALL SA EMPREENDIMENTOS PARTICIPACOES;;VAZIO;ACN;OR;ON;ESVUFR;ACOES NOMINATIVAS ACOES ORDINARIAS;A;True;A;;;2026-10-05;True
BRDMFNACNOR6;DMFN;DM FINANCEIRA S.A. - CRÉDITO, FINANCIAMENTO E INVESTIMENTO;91669747000192;OK;ACN;OR;ON;ESVUFR;ACOES NOMINATIVAS ACOES ORDINARIAS;A;True;N;;;2026-10-05;True
BRDMSAACNPB7;DMSA;DUMONT SAAB BRASIL SA;04400685000114;OK;ACN;PB;PN;EPNNPR;ACOES NOMINATIVAS ACOES PREFERENCIAIS CLASSE B;A;True;A;;;2026-10-05;True
BRDMVFACNOR9;DMVF;D1000 VAREJO FARMA PARTICIPAÇÕES S.A.;12108897000150;OK;ACN;OR;ON;ESVUFR;ACOES NOMINATIVAS;A;True;N;;;2026-10-05;True
BRDNEBACNOR2;DNEB;DENEB SA;10426065000157;OK;ACN;OR;ON;ESVUFR;ACOES NOMINATIVAS ACOES ORDINARIAS;A;True;A;;;2026-10-05;True
BRDNENACNOR7;DNEN;DINAMICA ENERGIA SA;07659538000151;OK;ACN;OR;ON;ESVUFR;ACOES NOMINATIVAS ACOES ORDINARIAS;A;True;A;;;2026-10-05;True
BRDNQPACNOR6;DNQP;294 PARTICIPACOES SA;03950968000177;OK;ACN;OR;ON;ESVUFR;ACOES NOMINATIVAS ACOES ORDINARIAS;A;True;A;;;2026-10-05;True
BRDNQPACNPC5;DNQP;294 PARTICIPACOES SA;03950968000177;OK;ACN;PC;PN;EPNNPR;ACOES NOMINATIVAS ACOES PREFERENCIAIS CLASSE C;A;True;A;;;2026-10-05;True
BRDNQPACNPD3;DNQP;294 PARTICIPACOES SA;03950968000177;OK;ACN;PD;PN;EPNNPR;ACOES NOMINATIVAS ACOES PREFERENCIAIS CLASSE D;A;True;A;;;2026-10-05;True
BRDNQPACNPE1;DNQP;294 PARTICIPACOES SA;03950968000177;OK;ACN;PE;PN;EPNNPR;ACOES NOMINATIVAS ACOES PREFERENCIAIS CLASSE E;A;True;A;;;2026-10-05;True
BRDOCAACNOR6;DOCA;DOCAS INVESTS SA (EX DOCAS SA);33433665000148;OK;ACN;OR;ON;ESVUFR;ACOES NOMINATIVAS ACOES ORDINARIAS;A;True;A;;;2026-10-05;True
BRDOCAACNPR3;DOCA;DOCAS INVESTS SA (EX DOCAS SA);33433665000148;OK;ACN;PR;PN;EPNNPR;ACOES NOMINATIVAS ACOES PREFERENCIAIS;A;True;A;;;2026-10-05;True
BRDOCKACNOR5;DOCK;DOCK BRASIL ENGENHARIA SERVICOS SA;09586433000145;OK;ACN;OR;ON;ESVUFR;ACOES NOMINATIVAS ACOES ORDINARIAS;A;True;A;;;2026-10-05;True
BRDOHLACNOR2;DOHL;DOHLER SA;84683408000103;OK;ACN;OR;ON;ESVUFR;ACOES NOMINATIVAS ACOES ORDINARIAS;A;True;A;;;2026-10-05;True
BRDOHLACNPR9;DOHL;DOHLER SA;84683408000103;OK;ACN;PR;PN;EPNNPR;ACOES NOMINATIVAS ACOES PREFERENCIAIS;A;True;A;;;2026-10-05;True
BRDOMOACNOR6;DOMO;DOMUS POPULI PARTICIPACOES SA;11858621000127;OK;ACN;OR;ON;ESVUFR;ACOES NOMINATIVAS ACOES ORDINARIAS;A;True;A;;;2026-10-05;True
BRDONMACNOR8;DONM;DONA MARGARIDA I EMPREENDIMENTOS IMOBILIARIOS SA;11360568000130;OK;ACN;OR;ON;ESVUFR;ACOES NOMINATIVAS ACOES ORDINARIAS;A;True;A;;;2026-10-05;True
BRDORIACNOR7;DORI;DORI ALIMENTOS S.A.;52123916000132;OK;ACN;OR;ON;ESVUFR;ACOES NOMINATIVAS;A;True;N;;;2026-10-05;True
BRDOTZACNOR7;DOTZ;DOTZ S.A.;18174270000184;OK;ACN;OR;ON;ESVUFR;ACOES NOMINATIVAS;A;True;N;;;2026-10-05;True
BRDOVAACNOR6;DOVA;DOVA SA;33387549000130;OK;ACN;OR;ON;ESVUFR;ACOES NOMINATIVAS ACOES ORDINARIAS;A;True;A;;;2026-10-05;True
BRDOVAACNPR3;DOVA;DOVA SA;33387549000130;OK;ACN;PR;PN;EPNNPR;ACOES NOMINATIVAS ACOES PREFERENCIAIS;A;True;A;;;2026-10-05;True
BRDOVMACNPR8;DOVM;DOVAM SA IND COM;04526992000146;OK;ACN;PR;PN;EPNNPR;ACOES NOMINATIVAS ACOES PREFERENCIAIS;A;True;A;;;2026-10-05;True
BRDOWQACNOR0;DOWQ;DOW QUIMICA SA;;VAZIO;ACN;OR;ON;ESVUFR;ACOES NOMINATIVAS ACOES ORDINARIAS;A;True;A;;;2026-10-05;True
BRDPBAACNOR5;DPBA;DISTRIBUIDORA PETROLEO BAHIA SA;01125282000116;OK;ACN;OR;ON;ESVUFR;ACOES NOMINATIVAS ACOES ORDINARIAS;A;True;A;;;2026-10-05;True
BRDPPIACNOR8;DPPI;DISTRIBUIDORA PRODUTOS PETROLEO IPIRANGA SA;92689256000176;OK;ACN;OR;ON;ESVUFR;ACOES NOMINATIVAS ACOES ORDINARIAS;A;True;A;;;2026-10-05;True
BRDPPIACNPR5;DPPI;DISTRIBUIDORA PRODUTOS PETROLEO IPIRANGA SA;92689256000176;OK;ACN;PR;PN;EPNNPR;ACOES NOMINATIVAS ACOES PREFERENCIAIS;A;True;A;;;2026-10-05;True
BRDRESACNOR7;DRES;SCOTIABANK BRASIL SA BANCO MULTIPLO;29030467000166;OK;ACN;OR;ON;ESVUFR;ACOES NOMINATIVAS ACOES ORDINARIAS;A;True;A;;;2026-10-05;True
BRDRMTACNPA1;DRMT;DURAMETAL SA;07041007000109;OK;ACN;PA;PN;EPNNPR;ACOES NOMINATIVAS ACOES PREFERENCIAIS CLASSE A;A;True;A;;;2026-10-05;True
BRDRSAACNOR5;DRSA;DERSA DESENVOLVIMENTO RODOVIARIO SA;62464904000125;OK;ACN;OR;ON;ESVUFR;ACOES NOMINATIVAS ACOES ORDINARIAS;A;True;A;;;2026-10-05;True
BRDSBGACNOR6;DSBG;PRINCIPAL DSB SERVICOS OLEO GAS SA;17020505000110;OK;ACN;OR;ON;ESVUFR;ACOES NOMINATIVAS ACOES ORDINARIAS;A;True;A;;;2026-10-05;True
BRDSECACNOR9;DSEC;DISEC SERVICOS SEGURANCA INFORMACAO SA;05622791000105;OK;ACN;OR;ON;ESVUFR;ACOES NOMINATIVAS ACOES ORDINARIAS;A;True;A;;;2026-10-05;True
BRDSECACNPA2;DSEC;DISEC SERVICOS SEGURANCA INFORMACAO SA;05622791000105;OK;ACN;PA;PN;EPNNPR;ACOES NOMINATIVAS ACOES PREFERENCIAIS CLASSE A;A;True;A;;;2026-10-05;True
BRDSULACNOR6;DSUL;DATASUL SA;03114361000157;OK;ACN;OR;ON;ESVUFR;ACOES NOMINATIVAS ACOES ORDINARIAS;A;True;A;;;2026-10-05;True
BRDTANACNOR2;DTAN;DAITAN LABS SOLUCOES TECNOLOGIA S.A;06980081000110;OK;ACN;OR;ON;ESVUFR;ACOES NOMINATIVAS ACOES ORDINARIAS;A;True;A;;;2026-10-05;True
BRDTAQACNOR5;DTAQ;DESTILARIA AQUARIUS SA;47687470000139;OK;ACN;OR;ON;ESVUFR;ACOES NOMINATIVAS ACOES ORDINARIAS;A;True;A;;;2026-10-05;True
BRDTAUACNPA0;DTAU;DENDE TAUA SA DENTAUA;04719951000176;OK;ACN;PA;PN;EPNNPR;ACOES NOMINATIVAS ACOES PREFERENCIAIS CLASSE A;A;True;A;;;2026-10-05;True
BRDTCYACNOR5;DTCY;DTCOM DIRECT TO COMPANY SA (EX DTC DIRECT TO COMPANY SA);03303999000136;OK;ACN;OR;ON;ESVUFR;ACOES NOMINATIVAS ACOES ORDINARIAS;A;True;A;;;2026-10-05;True
BRDTCYACNPR2;DTCY;DTCOM DIRECT TO COMPANY SA (EX DTC DIRECT TO COMPANY SA);03303999000136;OK;ACN;PR;PN;EPNNPR;ACOES NOMINATIVAS ACOES PREFERENCIAIS;A;True;A;;;2026-10-05;True
BRDTENACNOR4;DTEN;DETEN QUIMICA SA;13546106000137;OK;ACN;OR;ON;ESVUFR;ACOES NOMINATIVAS ACOES ORDINARIAS;A;True;A;;;2026-10-05;True
BRDTENACNPB5;DTEN;DETEN QUIMICA SA;13546106000137;OK;ACN;PB;PN;EPNNPR;ACOES NOMINATIVAS ACOES PREFERENCIAIS CLASSE B;A;True;A;;;2026-10-05;True
BRDTHCACNOR0;DTHC;DTH COM PARTICIPACOES SA;00970462000131;OK;ACN;OR;ON;ESVUFR;ACOES NOMINATIVAS ACOES ORDINARIAS;A;True;A;;;2026-10-05;True
BRDTHCACNPR7;DTHC;DTH COM PARTICIPACOES SA;00970462000131;OK;ACN;PR;PN;EPNNPR;ACOES NOMINATIVAS ACOES PREFERENCIAIS;A;True;A;;;2026-10-05;True
BRDTLIACNPB0;DTLI;DISA DESTILARIA ITAUNAS SA;27575950000109;OK;ACN;PB;PN;EPNNPR;ACOES NOMINATIVAS ACOES PREFERENCIAIS CLASSE B;A;True;A;;;2026-10-05;True
BRDTLIACNPR6;DTLI;DISA DESTILARIA ITAUNAS SA;27575950000109;OK;ACN;PR;PN;EPNNPR;ACOES NOMINATIVAS ACOES PREFERENCIAIS;A;True;A;;;2026-10-05;True
BRDUQEACNOR5;DUQE;METALURGICA DUQUE SA;84683762000120;OK;ACN;OR;ON;ESVUFR;ACOES NOMINATIVAS ACOES ORDINARIAS;A;True;A;;;2026-10-05;True
BRDUQEACNPR2;DUQE;METALURGICA DUQUE SA;84683762000120;OK;ACN;PR;PN;EPNNPR;ACOES NOMINATIVAS ACOES PREFERENCIAIS;A;True;A;;;2026-10-05;True
BRDVEXACNOR9;DVEX;DEVEX TECNOLOGIA SISTEMAS SA;00740161000111;OK;ACN;OR;ON;ESVUFR;ACOES NOMINATIVAS ACOES ORDINARIAS;A;True;A;;;2026-10-05;True
BRDXCOACNOR8;DXCO;DEXCO SA;97837181000147;OK;ACN;OR;ON;ESVUFR;ACOES NOMINATIVAS ACOES ORDINARIAS;A;True;N;;;2026-10-05;True
BRDXTGACNOR8;DXTG;DIXIE TOGA SA;60394723000144;OK;ACN;OR;ON;ESVUFR;ACOES NOMINATIVAS ACOES ORDINARIAS;A;True;A;;;2026-10-05;True
BRDXTGACNPR5;DXTG;DIXIE TOGA SA;60394723000144;OK;ACN;PR;PN;EPNNPR;ACOES NOMINATIVAS ACOES PREFERENCIAIS;A;True;A;;;2026-10-05;True
BRDXXIACNOR6;DXXI;DUXXI IMOBILIARIA SA;10382341000122;OK;ACN;OR;ON;ESVUFR;ACOES NOMINATIVAS ACOES ORDINARIAS;A;True;A;;;2026-10-05;True
BRDXXIACNPA9;DXXI;DUXXI IMOBILIARIA SA;10382341000122;OK;ACN;PA;PN;EPNNPR;ACOES NOMINATIVAS ACOES PREFERENCIAIS CLASSE A;A;True;A;;;2026-10-05;True
BRDXXIACNPB7;DXXI;DUXXI IMOBILIARIA SA;10382341000122;OK;ACN;PB;PN;EPNNPR;ACOES NOMINATIVAS ACOES PREFERENCIAIS CLASSE B;A;True;A;;;2026-10-05;True
BRDXXIACNPC5;DXXI;DUXXI IMOBILIARIA SA;10382341000122;OK;ACN;PC;PN;EPNNPR;ACOES NOMINATIVAS ACOES PREFERENCIAIS CLASSE C;A;True;A;;;2026-10-05;True
BRDXXIACNPD3;DXXI;DUXXI IMOBILIARIA SA;10382341000122;OK;ACN;PD;PN;EPNNPR;ACOES NOMINATIVAS ACOES PREFERENCIAIS CLASSE D;A;True;A;;;2026-10-05;True
BRDXXIACNPE1;DXXI;DUXXI IMOBILIARIA SA;10382341000122;OK;ACN;PE;PN;EPNNPR;ACOES NOMINATIVAS ACOES PREFERENCIAIS CLASSE E;A;True;A;;;2026-10-05;True
BRDXXIACNPF8;DXXI;DUXXI IMOBILIARIA SA;10382341000122;OK;ACN;PF;PN;EPNNPR;ACOES NOMINATIVAS ACOES PREFERENCIAIS CLASSE F;A;True;A;;;2026-10-05;True
BRDZDSACNOR2;DZDS;202 PARTICIPACOES SA;03772674000100;OK;ACN;OR;ON;ESVUFR;ACOES NOMINATIVAS ACOES ORDINARIAS;A;True;A;;;2026-10-05;True
BRDZDSACNPR9;DZDS;202 PARTICIPACOES SA;03772674000100;OK;ACN;PR;PN;EPNNPR;ACOES NOMINATIVAS ACOES PREFERENCIAIS;A;True;A;;;2026-10-05;True
BRDZPCACNOR0;DZPC;DANICAZIPCO SISTEMAS CONSTRUTIVOS SA;42506618000178;OK;ACN;OR;ON;ESVUFR;ACOES NOMINATIVAS ACOES ORDINARIAS;A;True;A;;;2026-10-05;True
BRE0FXACNOR8;E0FX;EQUIFAX DO BRASIL S.A.;02577445000164;OK;ACN;OR;ON;ESVUFR;ACOES NOMINATIVAS;A;True;N;;;2026-10-05;True
BRE3XTACNOR3;E3XT;IMIFARMA PRODUTOS FARMACEUTICOS E COSMETICOS S/A.;04899316000118;OK;ACN;OR;ON;ESVUFR;ACOES NOMINATIVAS;A;True;N;;;2026-10-05;True
BRE8ASACNPB3;E8AS;EMPASA S/A - FAZENDAS REUNIDAS;08873333000137;OK;ACN;PB;PN;EPNNPR;ACOES NOMINATIVAS;A;True;N;;;2026-10-05;True
BRE8MNACNPR5;E8MN;ESTAMAN-ESTALEIROS MANAUS S/A;04168761000108;OK;ACN;PR;PN;EPNNPR;ACOES NOMINATIVAS;A;True;N;;;2026-10-05;True
BRE8TNACNPR0;E8TN;ETN-EMPRESA TÉCNICA NACIONAL S/A;04896866000183;OK;ACN;PR;PN;EPNNPR;ACOES NOMINATIVAS;A;True;N;;;2026-10-05;True
BRE9RVACNPA1;E9RV;EMPREENDIMENTOS RURAIS VERAS S A ERVESA;06963185000116;OK;ACN;PA;PN;EPNNPR;ACOES NOMINATIVAS CLASSE A;A;True;N;;;2026-10-05;True
BRE9TAACNPA1;E9TA;EDITORA TRÊS DA AMAZÕNIA S/A;84121102000155;OK;ACN;PA;PN;EPNNPR;ACOES NOMINATIVAS;A;True;N;;;2026-10-05;True
BREALTACNOR4;EALT;ELECTRO ACO ALTONA SA;82643537000134;OK;ACN;OR;ON;ESVUFR;ACOES NOMINATIVAS ACOES ORDINARIAS;A;True;A;;;2026-10-05;True
BREALTACNPR1;EALT;ELECTRO ACO ALTONA SA;82643537000134;OK;ACN;PR;PN;EPNNPR;ACOES NOMINATIVAS ACOES PREFERENCIAIS;A;True;A;;;2026-10-05;True
BREARLACNOR8;EARL;EARL GALVEAS OLIVEIRA HOTEL TURISMO SA;36334951000144;OK;ACN;OR;ON;ESVUFR;ACOES NOMINATIVAS ACOES ORDINARIAS;A;True;A;;;2026-10-05;True
BREARLACNPR5;EARL;EARL GALVEAS OLIVEIRA HOTEL TURISMO SA;36334951000144;OK;ACN;PR;PN;EPNNPR;ACOES NOMINATIVAS ACOES PREFERENCIAIS;A;True;A;;;2026-10-05;True
BREBAMACNPR7;EBAM;ESTALEIROS BACIA AMAZONICA SA;04210928000151;OK;ACN;PR;PN;EPNNPR;ACOES NOMINATIVAS ACOES PREFERENCIAIS;A;True;A;;;2026-10-05;True
BREBASACNOR7;EBAS;EMPRESA BAIANA AGUAS SANEAMENTO SA EMBASA;13504675000110;OK;ACN;OR;ON;ESVUFR;ACOES NOMINATIVAS ACOES ORDINARIAS;A;True;A;;;2026-10-05;True
BREBASACNPR4;EBAS;EMPRESA BAIANA AGUAS SANEAMENTO SA EMBASA;13504675000110;OK;ACN;PR;PN;EPNNPR;ACOES NOMINATIVAS ACOES PREFERENCIAIS;A;True;A;;;2026-10-05;True
BREBBFACNOR2;EBBF;EMBAUBA FLORESTAL SA;17992538000122;OK;ACN;OR;ON;ESVUFR;ACOES NOMINATIVAS ACOES ORDINARIAS;A;True;A;;;2026-10-05;True
BREBBFACNPR9;EBBF;EMBAUBA FLORESTAL SA;17992538000122;OK;ACN;PR;PN;EPNNPR;ACOES NOMINATIVAS ACOES PREFERENCIAIS;A;True;A;;;2026-10-05;True
BREBENACNOR0;EBEN;EDP SAO PAULO DISTRIBUIDORA ENERGIA S.A.;02302100000106;OK;ACN;OR;ON;ESVUFR;ACOES NOMINATIVAS ACOES ORDINARIAS;A;True;A;;;2026-10-05;True
BREBENACNPR7;EBEN;EDP SAO PAULO DISTRIBUIDORA ENERGIA S.A.;02302100000106;OK;ACN;PR;PN;EPNNPR;ACOES NOMINATIVAS ACOES PREFERENCIAIS;A;True;A;;;2026-10-05;True
BREBESACNPA2;EBES;EMPRESA BRAS EQUIPAMENTOS SA EBESA;23560717000193;OK;ACN;PA;PN;EPNNPR;ACOES NOMINATIVAS ACOES PREFERENCIAIS CLASSE A;A;True;A;;;2026-10-05;True
BREBRUACNOR7;EBRU;PLAYCENTER SA;00643535000180;OK;ACN;OR;ON;ESVUFR;ACOES NOMINATIVAS ACOES ORDINARIAS;A;True;A;;;2026-10-05;True
BREBRUACNPR4;EBRU;PLAYCENTER SA;00643535000180;OK;ACN;PR;PN;EPNNPR;ACOES NOMINATIVAS ACOES PREFERENCIAIS;A;True;A;;;2026-10-05;True
BREBTLACNOR2;EBTL;EMPRESA BRASILEIRA TELECOMUNICACOES SA EMBRATEL;33530486000129;OK;ACN;OR;ON;ESVUFR;ACOES NOMINATIVAS ACOES ORDINARIAS;A;True;A;;;2026-10-05;True
BREBTPACNOR3;EBTP;EMBRATEL PARTICIPACOES SA;02558124000112;OK;ACN;OR;ON;ESVUFR;ACOES NOMINATIVAS ACOES ORDINARIAS;A;True;A;;;2026-10-05;True
BREBTPACNPR0;EBTP;EMBRATEL PARTICIPACOES SA;02558124000112;OK;ACN;PR;PN;EPNNPR;ACOES NOMINATIVAS ACOES PREFERENCIAIS;A;True;A;;;2026-10-05;True
BREBXGACNOR4;EBXG;EBX BRASIL SA;10847761000137;OK;ACN;OR;ON;ESVUFR;ACOES NOMINATIVAS ACOES ORDINARIAS;A;True;A;;;2026-10-05;True
BREC3SACNOR0;EC3S;ENERGÉTICA CORUMBÁ III S.A.;04631430000162;OK;ACN;OR;ON;ESVUFR;ACOES NOMINATIVAS ON DEP EXCLUSIVO;A;True;N;;;2026-10-05;True
BREC3SACNPR7;EC3S;ENERGÉTICA CORUMBÁ III S.A.;04631430000162;OK;ACN;PR;PN;EPNNPR;ACOES NOMINATIVAS PN DEP EXCLUSIVO;A;True;N;;;2026-10-05;True
BRECAMACNOR8;ECAM;ECONOMICO SA ARREND MERCANTIL;15102080000163;OK;ACN;OR;ON;ESVUFR;ACOES NOMINATIVAS ACOES ORDINARIAS;A;True;A;;;2026-10-05;True
BRECBFACNOR0;ECBF;ECO BRASIL FLORESTAS SA;08787150000107;OK;ACN;OR;ON;ESVUFR;ACOES NOMINATIVAS ACOES ORDINARIAS;A;True;N;;;2026-10-05;True
BRECISACNOR8;ECIS;ECISA ENGENHARIA COM IND SA;33261561000101;OK;ACN;OR;ON;ESVUFR;ACOES NOMINATIVAS ACOES ORDINARIAS;A;True;A;;;2026-10-05;True
BRECISACNPR5;ECIS;ECISA ENGENHARIA COM IND SA;33261561000101;OK;ACN;PR;PN;EPNNPR;ACOES NOMINATIVAS ACOES PREFERENCIAIS;A;True;A;;;2026-10-05;True
BRECLPACNOR8;ECLP;ECIL SA PRODUTOS SISTEMAS MEDICAO CONTROLE;51218089000106;OK;ACN;OR;ON;ESVUFR;ACOES NOMINATIVAS ACOES ORDINARIAS;A;True;A;;;2026-10-05;True
BRECLPACNPR5;ECLP;ECIL SA PRODUTOS SISTEMAS MEDICAO CONTROLE;51218089000106;OK;ACN;PR;PN;EPNNPR;ACOES NOMINATIVAS ACOES PREFERENCIAIS;A;True;A;;;2026-10-05;True
BRECMCACNPA7;ECMC;ECONOMICO SA EMPREENDIMENTOS;13587050000169;OK;ACN;PA;PN;EPNNPR;ACOES NOMINATIVAS ACOES PREFERENCIAIS CLASSE A;A;True;A;;;2026-10-05;True
BRECMCACNPB5;ECMC;ECONOMICO SA EMPREENDIMENTOS;13587050000169;OK;ACN;PB;PN;EPNNPR;ACOES NOMINATIVAS ACOES PREFERENCIAIS CLASSE B;A;True;A;;;2026-10-05;True
BRECMRACNPC1;ECMR;ECOMAR IND PESCA SA;83382721000130;OK;ACN;PC;PN;EPNNPR;ACOES NOMINATIVAS ACOES PREFERENCIAIS CLASSE C;A;True;A;;;2026-10-05;True
BRECOMACNOR9;ECOM;ECONOMATICA S.A.;26345998000150;OK;ACN;OR;ON;ESVUFR;ACOES NOMINATIVAS;A;True;N;;;2026-10-05;True
BRECORACNOR8;ECOR;ECORODOVIAS INFRAESTRUTURA LOGISTICA SA;04149454000180;OK;ACN;OR;ON;ESVUFR;ACOES NOMINATIVAS ACOES ORDINARIAS;A;True;A;;;2026-10-05;True
BRECOVACNOR0;ECOV;CONCESSIONARIA ECOVIAS IMIGRANTES SA;02509491000126;OK;ACN;OR;ON;ESVUFR;ACOES NOMINATIVAS ACOES ORDINARIAS;A;True;A;;;2026-10-05;True
BRECOVACNPR7;ECOV;CONCESSIONARIA ECOVIAS IMIGRANTES SA;02509491000126;OK;ACN;PR;PN;EPNNPR;ACOES NOMINATIVAS ACOES PREFERENCIAIS;A;True;A;;;2026-10-05;True
BRECPRACNOR5;ECPR;EMPRESA NACIONAL COM REDITO PARTICIPACOES SA ENCORPAR;01971614000183;OK;ACN;OR;ON;ESVUFR;ACOES NOMINATIVAS ACOES ORDINARIAS;A;True;A;;;2026-10-05;True
BRECPRACNPR2;ECPR;EMPRESA NACIONAL COM REDITO PARTICIPACOES SA ENCORPAR;01971614000183;OK;ACN;PR;PN;EPNNPR;ACOES NOMINATIVAS ACOES PREFERENCIAIS;A;True;A;;;2026-10-05;True
BRECSAACNPA8;ECSA;ECISA EMPRESA COMERCIAL E INDUSTRIAL DO CAJU LTDA;07441439000107;OK;ACN;PA;PN;EPNNPR;ACOES NOMINATIVAS;A;True;N;;;2026-10-05;True
BRECSOACNOR6;ECSO;ECOSORB SA TECNOLOGIA PROTECAO AMBIENTAL;02941454000192;OK;ACN;OR;ON;ESVUFR;ACOES NOMINATIVAS ACOES ORDINARIAS;A;True;A;;;2026-10-05;True
BREDNEACNOR6;EDNE;EDN ESTIRENO NORDESTE SA;13565502000101;OK;ACN;OR;ON;ESVUFR;ACOES NOMINATIVAS ACOES ORDINARIAS;A;True;A;;;2026-10-05;True
BREDNEACNPB7;EDNE;EDN ESTIRENO NORDESTE SA;13565502000101;OK;ACN;PB;PN;EPNNPR;ACOES NOMINATIVAS ACOES PREFERENCIAIS CLASSE B;A;True;A;;;2026-10-05;True
BREDOUACNOR0;EDOU;EDIOURO PARTICIPACOES SA;04160920000128;OK;ACN;OR;ON;ESVUFR;ACOES NOMINATIVAS ACOES ORDINARIAS;A;True;A;;;2026-10-05;True
BREDPNACNPA5;EDPN;EDIPAN AGROPECUARIA SA;04598553000149;OK;ACN;PA;PN;EPNNPR;ACOES NOMINATIVAS ACOES PREFERENCIAIS CLASSE A;A;True;A;;;2026-10-05;True
BREDPNACNPB3;EDPN;EDIPAN AGROPECUARIA SA;04598553000149;OK;ACN;PB;PN;EPNNPR;ACOES NOMINATIVAS;A;True;N;;;2026-10-05;True
BREDSAACNOR3;EDSA;EDISA HEWLET PACKARD SA;89411771000185;OK;ACN;OR;ON;ESVUFR;ACOES NOMINATIVAS ACOES ORDINARIAS;A;True;A;;;2026-10-05;True
BREDSAACNPR0;EDSA;EDISA HEWLET PACKARD SA;89411771000185;OK;ACN;PR;PN;EPNNPR;ACOES NOMINATIVAS ACOES PREFERENCIAIS;A;True;A;;;2026-10-05;True
BREEELACNOR8;EEEL;CPFL TRANSMISSÃO S.A.;92715812000131;OK;ACN;OR;ON;ESVUFR;ACOES NOMINATIVAS ACOES ORDINARIAS;A;True;A;;;2026-10-05;True
BREEELACNPR5;EEEL;CPFL TRANSMISSÃO S.A.;92715812000131;OK;ACN;PR;PN;EPNNPR;ACOES NOMINATIVAS ACOES PREFERENCIAIS;A;True;A;;;2026-10-05;True
BREEMPACNOR2;EEMP;ENERGIA EMERGENCIAL MOVEL PARTICIPACOES SA;21110132000146;OK;ACN;OR;ON;ESVUFR;ACOES NOMINATIVAS ACOES ORDINARIAS;A;True;A;;;2026-10-05;True
BREEROACNPB5;EERO;ELETRON-ELETRICIDADE RONDONIA S.A.;34782938000122;OK;ACN;PB;PN;EPNNPR;ACOES NOMINATIVAS ACOES PREFERENCIAIS CLASSE B;A;True;A;;;2026-10-05;True
BREESGACNOR8;EESG;ENVIRONMENTAL ESG PARTICIPAÇÕES S.A.;09527023000123;OK;ACN;OR;ON;ESVUFR;ACOES NOMINATIVAS;A;True;N;;;2026-10-05;True
BREF4VACNOR9;EF4V;ENERGÉTICA FAZENDA VELHA S.A.;11792420000174;OK;ACN;OR;ON;ESVUFR;ACOES NOMINATIVAS;A;True;N;;;2026-10-05;True
BREGCEACNOR2;EGCE;ENERGISA GERACAO CENTRAIS EOLICAS RN S.A;14393776000123;OK;ACN;OR;ON;ESVUFR;ACOES NOMINATIVAS ACOES ORDINARIAS;A;True;A;;;2026-10-05;True
BREGGYACNOR1;EGGY;GRANJA FARIA S.A.;81616807000155;OK;ACN;OR;ON;ESVUFR;ACOES NOMINATIVAS;A;True;N;;;2026-10-05;True
BREGIEACNOR9;EGIE;ENGIE BRASIL ENERGIA SA;02474103000119;OK;ACN;OR;ON;ESVUFR;ACOES NOMINATIVAS ACOES ORDINARIAS;A;True;A;;;2026-10-05;True
BREGVXACNOR2;EGVX;ENGEVIX ENGENHARIA SA;00103582000131;OK;ACN;OR;ON;ESVUFR;ACOES NOMINATIVAS ACOES ORDINARIAS;A;True;A;;;2026-10-05;True
BREGVXACNPR9;EGVX;ENGEVIX ENGENHARIA SA;00103582000131;OK;ACN;PR;PN;EPNNPR;ACOES NOMINATIVAS ACOES PREFERENCIAIS;A;True;A;;;2026-10-05;True
BREHISACNOR7;EHIS;ENGENHARIA HIDRAULICA INSTRUMENTACAO SA;56993926000180;OK;ACN;OR;ON;ESVUFR;ACOES NOMINATIVAS ACOES ORDINARIAS;A;True;A;;;2026-10-05;True
BREHISACNPR4;EHIS;ENGENHARIA HIDRAULICA INSTRUMENTACAO SA;56993926000180;OK;ACN;PR;PN;EPNNPR;ACOES NOMINATIVAS ACOES PREFERENCIAIS;A;True;A;;;2026-10-05;True
BREISCACNOR8;EISC;EMPREENDIMENTOS IMOBILIARIOS SAO CARLOS SA;;VAZIO;ACN;OR;ON;ESVUFR;ACOES NOMINATIVAS ACOES ORDINARIAS;A;True;A;;;2026-10-05;True
BREKTGACNOR3;EKTG;ELEKTRO GERACAO SA;07732105000184;OK;ACN;OR;ON;ESVUFR;ACOES NOMINATIVAS ACOES ORDINARIAS;A;True;A;;;2026-10-05;True
BREKTGACNPR0;EKTG;ELEKTRO GERACAO SA;07732105000184;OK;ACN;PR;PN;EPNNPR;ACOES NOMINATIVAS ACOES PREFERENCIAIS;A;True;A;;;2026-10-05;True
BREKTRACNOR0;EKTR;ELEKTRO REDES S.A.;02328280000197;OK;ACN;OR;ON;ESVUFR;ACOES NOMINATIVAS ACOES ORDINARIAS;A;True;A;;;2026-10-05;True
BREKTRACNPR7;EKTR;ELEKTRO REDES S.A.;02328280000197;OK;ACN;PR;PN;EPNNPR;ACOES NOMINATIVAS ACOES PREFERENCIAIS;A;True;A;;;2026-10-05;True
BRELBAACNOR2;ELBA;ELBA EQUIPAMENTOS SERVICOS SA;26242107000130;OK;ACN;OR;ON;ESVUFR;ACOES NOMINATIVAS ACOES ORDINARIAS;A;True;A;;;2026-10-05;True
BRELBAACNPA5;ELBA;ELBA EQUIPAMENTOS SERVICOS SA;26242107000130;OK;ACN;PA;PN;EPNNPR;ACOES NOMINATIVAS ACOES PREFERENCIAIS CLASSE A;A;True;A;;;2026-10-05;True
BRELBAACNPB3;ELBA;ELBA EQUIPAMENTOS SERVICOS SA;26242107000130;OK;ACN;PB;PN;EPNNPR;ACOES NOMINATIVAS ACOES PREFERENCIAIS CLASSE B;A;True;A;;;2026-10-05;True
BRELBAACNPC1;ELBA;ELBA EQUIPAMENTOS SERVICOS SA;26242107000130;OK;ACN;PC;PN;EPNNPR;ACOES NOMINATIVAS ACOES PREFERENCIAIS CLASSE C;A;True;A;;;2026-10-05;True
BRELBRACNOR6;ELBR;ELEBRA SA ELETRONICA BRASILEIRA;53843777000184;OK;ACN;OR;ON;ESVUFR;ACOES NOMINATIVAS ACOES ORDINARIAS;A;True;A;;;2026-10-05;True
BRELBRACNPR3;ELBR;ELEBRA SA ELETRONICA BRASILEIRA;53843777000184;OK;ACN;PR;PN;EPNNPR;ACOES NOMINATIVAS ACOES PREFERENCIAIS;A;True;A;;;2026-10-05;True
BRELEKACNOR5;ELEK;ELEKEIROZ SA;13788120000147;OK;ACN;OR;ON;ESVUFR;ACOES NOMINATIVAS ACOES ORDINARIAS;A;True;A;;;2026-10-05;True
BRELEKACNPR2;ELEK;ELEKEIROZ SA;13788120000147;OK;ACN;PR;PN;EPNNPR;ACOES NOMINATIVAS ACOES PREFERENCIAIS;A;True;A;;;2026-10-05;True
BRELENACNOR9;ELEN;ELETRON ENERGIA S.A.;23303669000158;OK;ACN;OR;ON;ESVUFR;ACOES NOMINATIVAS AÇOES ORDINARIAS;A;True;N;;;2026-10-05;True
BRELENACNPA2;ELEN;ELETRON ENERGIA S.A.;23303669000158;OK;ACN;PA;PN;EPNNPR;ACOES NOMINATIVAS;A;True;N;;;2026-10-05;True
BRELENACNPB0;ELEN;ELETRON ENERGIA S.A.;23303669000158;OK;ACN;PB;PN;EPNNPR;ACOES NOMINATIVAS;A;True;N;;;2026-10-05;True
BRELENACNPR6;ELEN;ELETRON ENERGIA S.A.;23303669000158;OK;ACN;PR;PN;EPNNPR;ACOES NOMINATIVAS PREFERENCIAIS CLASSE R;A;True;N;;;2026-10-05;True
BRELEVACNOR2;ELEV;ELEVA ALIMENTOS SA;92776665000100;OK;ACN;OR;ON;ESVUFR;ACOES NOMINATIVAS ACOES ORDINARIAS;A;True;A;;;2026-10-05;True
BRELFAACNOR3;ELFA;ELFA MEDICAMENTOS SA;09053134000145;OK;ACN;OR;ON;ESVUFR;ACOES NOMINATIVAS;A;True;N;;;2026-10-05;True
BRELIAACNPB8;ELIA;ELIANE AZULEJOS MINAS GERAIS SA;25505371000156;OK;ACN;PB;PN;EPNNPR;ACOES NOMINATIVAS ACOES PREFERENCIAIS CLASSE B;A;True;A;;;2026-10-05;True
BRELIZACNPA7;ELIZ;CERAMICA ELIZABETH SA;12924130000108;OK;ACN;PA;PN;EPNNPR;ACOES NOMINATIVAS ACOES PREFERENCIAIS CLASSE A;A;True;A;;;2026-10-05;True
BRELMDACNOR3;ELMD;ELETROMIDIA SA;09347516000181;OK;ACN;OR;ON;ESVUFR;ACOES NOMINATIVAS;A;True;N;;;2026-10-05;True
BRELNAACNPA0;ELNA;FAZENDA SANTA ELINA SA;02741790000191;OK;ACN;PA;PN;EPNNPR;ACOES NOMINATIVAS ACOES PREFERENCIAIS CLASSE A;A;True;A;;;2026-10-05;True
BRELPCACNPA1;ELPC;ELIZABETH PORCELANATO SA;02357659000125;OK;ACN;PA;PN;EPNNPR;ACOES NOMINATIVAS ACOES PREFERENCIAIS CLASSE A;A;True;A;;;2026-10-05;True
BRELPLACNOR9;ELPL;ELETROPAULO METROPOLITANA ELETRICIDADE SAO PAULO SA;61695227000193;OK;ACN;OR;ON;ESVUFR;ACOES NOMINATIVAS ACOES ORDINARIAS;A;True;A;;;2026-10-05;True
BRELPLACNPR6;ELPL;ELETROPAULO METROPOLITANA ELETRICIDADE SAO PAULO SA;61695227000193;OK;ACN;PR;PN;EPNNPR;ACOES NOMINATIVAS ACOES PREFERENCIAIS;A;True;A;;;2026-10-05;True
BRELSUACNOR4;ELSU;ELETROSUL CENTRAIS ELETRICAS SA;00073957000168;OK;ACN;OR;ON;ESVUFR;ACOES NOMINATIVAS ACOES ORDINARIAS;A;True;A;;;2026-10-05;True
BRELTMACNOR9;ELTM;ELETRAM ELETRICIDADE AMAZONIA SA;33069063000153;OK;ACN;OR;ON;ESVUFR;ACOES NOMINATIVAS ACOES ORDINARIAS;A;True;A;;;2026-10-05;True
BRELTMACNPA2;ELTM;ELETRAM ELETRICIDADE AMAZONIA SA;33069063000153;OK;ACN;PA;PN;EPNNPR;ACOES NOMINATIVAS ACOES PREFERENCIAIS CLASSE A;A;True;A;;;2026-10-05;True
BRELTMACNPB0;ELTM;ELETRAM ELETRICIDADE AMAZONIA SA;33069063000153;OK;ACN;PB;PN;EPNNPR;ACOES NOMINATIVAS ACOES PREFERENCIAIS CLASSE B;A;True;A;;;2026-10-05;True
BRELTMACNPC8;ELTM;ELETRAM ELETRICIDADE AMAZONIA SA;33069063000153;OK;ACN;PC;PN;EPNNPR;ACOES NOMINATIVAS ACOES PREFERENCIAIS CLASSE C;A;True;A;;;2026-10-05;True
BRELTNACNOR7;ELTN;AXIA ENERGIA NORTE S.A.;00357038000116;OK;ACN;OR;ON;ESVUFR;ACOES NOMINATIVAS ACOES ORDINARIAS;A;True;A;;;2026-10-05;True
BREMAEACNOR4;EMAE;EMAE EMPRESA METROPOLITANA AGUAS ENERGIA SA;02302101000142;OK;ACN;OR;ON;ESVUFR;ACOES NOMINATIVAS ACOES ORDINARIAS;A;True;A;;;2026-10-05;True
BREMAEACNPR1;EMAE;EMAE EMPRESA METROPOLITANA AGUAS ENERGIA SA;02302101000142;OK;ACN;PR;PN;EPNNPR;ACOES NOMINATIVAS ACOES PREFERENCIAIS;A;True;A;;;2026-10-05;True
BREMAPACNPR7;EMAP;EMAPE ALIMENTOS IBIAPABA SA;06032643000101;OK;ACN;PR;PN;EPNNPR;ACOES NOMINATIVAS ACOES PREFERENCIAIS;A;True;A;;;2026-10-05;True
BREMBAACNPR7;EMBA;EMPRESA BUFALOS AMAPA SA EMBASA;04366183000114;OK;ACN;PR;PN;EPNNPR;ACOES NOMINATIVAS ACOES PREFERENCIAIS;A;True;A;;;2026-10-05;True
BREMBJACNOR1;EMBJ;EMBRAER SA;07689002000189;OK;ACN;OR;ON;ESVUFR;ACOES NOMINATIVAS ACOES ORDINARIAS;A;True;N;;;2026-10-05;True
BREMBJACNPR8;EMBJ;EMBRAER SA;07689002000189;OK;ACN;PR;PN;EPNNPR;ACOES NOMINATIVAS ACOES PREFERENCIAIS;A;True;N;;;2026-10-05;True
BREMBPACNOR8;EMBP;EMBRAPAR PARTICIPACOES S.A;;VAZIO;ACN;OR;ON;ESVUFR;ACOES NOMINATIVAS ACOES ORDINARIAS;A;True;A;;;2026-10-05;True
BREMBPACNPR5;EMBP;EMBRAPAR PARTICIPACOES S.A;;VAZIO;ACN;PR;PN;EPNNPR;ACOES NOMINATIVAS ACOES PREFERENCIAIS;A;True;A;;;2026-10-05;True
BREMCCACNOR4;EMCC;EMCCAMP RESIDENCIAL S.A.;19403252000190;OK;ACN;OR;ON;ESVUFR;ACOES NOMINATIVAS;A;True;N;;;2026-10-05;True
BREMCSACNOR0;EMCS;CIA ENERGETICA MERIDIONAL SA (EX CIA ENERGETICA MERCOSUL);02201268000117;OK;ACN;OR;ON;ESVUFR;ACOES NOMINATIVAS ACOES ORDINARIAS;A;True;A;;;2026-10-05;True
BREMEQACNOR0;EMEQ;EMBRAEQUIP SA-EMPR BRASILEIRA INVEST SOC EQUIP PETROLEO PARTICIPACOES;13212548000147;OK;ACN;OR;ON;ESVUFR;ACOES NOMINATIVAS ACOES ORDINARIAS;A;True;A;;;2026-10-05;True
BREMOUACNOR1;EMOU;ELETROMOURA SA;10216117000160;OK;ACN;OR;ON;ESVUFR;ACOES NOMINATIVAS ACOES ORDINARIAS;A;True;A;;;2026-10-05;True
BREMOUACNPA4;EMOU;ELETROMOURA SA;10216117000160;OK;ACN;PA;PN;EPNNPR;ACOES NOMINATIVAS ACOES PREFERENCIAIS CLASSE A;A;True;A;;;2026-10-05;True
BREMOUACNPB2;EMOU;ELETROMOURA SA;10216117000160;OK;ACN;PB;PN;EPNNPR;ACOES NOMINATIVAS ACOES PREFERENCIAIS CLASSE B;A;True;A;;;2026-10-05;True
BREMOUACNPC0;EMOU;ELETROMOURA SA;10216117000160;OK;ACN;PC;PN;EPNNPR;ACOES NOMINATIVAS ACOES PREFERENCIAIS CLASSE C;A;True;A;;;2026-10-05;True
BREMRCACNOR2;EMRC;EMILIO ROMANI SA;76491828000151;OK;ACN;OR;ON;ESVUFR;ACOES NOMINATIVAS ACOES ORDINARIAS;A;True;A;;;2026-10-05;True
BREMRCACNPA5;EMRC;EMILIO ROMANI SA;76491828000151;OK;ACN;PA;PN;EPNNPR;ACOES NOMINATIVAS ACOES PREFERENCIAIS CLASSE A;A;True;A;;;2026-10-05;True
BREMRCACNPB3;EMRC;EMILIO ROMANI SA;76491828000151;OK;ACN;PB;PN;EPNNPR;ACOES NOMINATIVAS ACOES PREFERENCIAIS CLASSE B;A;True;A;;;2026-10-05;True
BREMXSACNOR6;EMXS;GERAL CONCRETO SA (EX ENGEMIX SA);60405446000128;OK;ACN;OR;ON;ESVUFR;ACOES NOMINATIVAS ACOES ORDINARIAS;A;True;A;;;2026-10-05;True
BREMXSACNPR3;EMXS;GERAL CONCRETO SA (EX ENGEMIX SA);60405446000128;OK;ACN;PR;PN;EPNNPR;ACOES NOMINATIVAS ACOES PREFERENCIAIS;A;True;A;;;2026-10-05;True
BRENACACNOR6;ENAC;CIA ARMAZENS GERAIS ENTREPOSTOS ACRE;04043493000106;OK;ACN;OR;ON;ESVUFR;ACOES NOMINATIVAS ACOES ORDINARIAS;A;True;A;;;2026-10-05;True
BRENATACNOR0;ENAT;ENAUTA PARTICIPACOES S.A;11669021000110;OK;ACN;OR;ON;ESVUFR;ACOES NOMINATIVAS ACOES ORDINARIAS;A;True;N;;;2026-10-05;True
BRENBRACNOR2;ENBR;EDP ENERGIAS BRASIL SA;03983431000103;OK;ACN;OR;ON;ESVUFR;ACOES NOMINATIVAS ACOES ORDINARIAS;A;True;A;;;2026-10-05;True
BRENCOACNOR7;ENCO;ENCOL SA ENGENHARIA COM IND;01556141000158;OK;ACN;OR;ON;ESVUFR;ACOES NOMINATIVAS ACOES ORDINARIAS;A;True;A;;;2026-10-05;True
BRENEPACNOR0;ENEP;ENESA PARTICIPACOES SA;09217349000154;OK;ACN;OR;ON;ESVUFR;ACOES NOMINATIVAS ACOES ORDINARIAS;A;True;A;;;2026-10-05;True
BRENERACNOR6;ENER;ENERGISA MATO GROSSO SUL - DISTRIBUIDORA ENERGIA S.A;15413826000150;OK;ACN;OR;ON;ESVUFR;ACOES NOMINATIVAS ACOES ORDINARIAS;A;True;A;;;2026-10-05;True
BRENEVACNOR8;ENEV;ENEVA S.A;04423567000121;OK;ACN;OR;ON;ESVUFR;ACOES NOMINATIVAS ACOES ORDINARIAS;A;True;A;;;2026-10-05;True
BRENGIACNOR0;ENGI;ENERGISA SA;00864214000106;OK;ACN;OR;ON;ESVUFR;ACOES NOMINATIVAS ACOES ORDINARIAS;A;True;A;;;2026-10-05;True
BRENGIACNPR7;ENGI;ENERGISA SA;00864214000106;OK;ACN;PR;PN;EPNNPR;ACOES NOMINATIVAS ACOES PREFERENCIAIS;A;True;A;;;2026-10-05;True
BRENGICDAM16;ENGI;ENERGISA SA;00864214000106;OK;CDA;M1;UNIT;EMXXXR;CERTIFICADO DE DEPOSITO DE ACOES CERTIFICADO DE DEPOSITO DE ACOES REPRESENTATIVO DE 1 ACAO ORDINARIA E 4 ACOES PR;A;True;A;;;2026-10-05;True
BRENGSACNOR9;ENGS;ENGESA ENGENHEIROS ESPECIALIZADOS SA;56991888000126;OK;ACN;OR;ON;ESVUFR;ACOES NOMINATIVAS ACOES ORDINARIAS;A;True;A;;;2026-10-05;True
BRENGSACNPA2;ENGS;ENGESA ENGENHEIROS ESPECIALIZADOS SA;56991888000126;OK;ACN;PA;PN;EPNNPR;ACOES NOMINATIVAS ACOES PREFERENCIAIS CLASSE A;A;True;A;;;2026-10-05;True
BRENJUACNOR9;ENJU;ENJOEI S.A.;16922038000151;OK;ACN;OR;ON;ESVUFR;ACOES NOMINATIVAS;A;True;N;;;2026-10-05;True
BRENLTACNOR7;ENLT;ENERTEL ENERGIA TELECOMUNICACOES PARTICIPACOES SA;00751913000140;OK;ACN;OR;ON;ESVUFR;ACOES NOMINATIVAS ACOES ORDINARIAS;A;True;A;;;2026-10-05;True
BRENMDACNPB0;ENMD;ENCOMIND AGROPECUARIA SA;24707242000188;OK;ACN;PB;PN;EPNNPR;ACOES NOMINATIVAS ACOES PREFERENCIAIS CLASSE B;A;True;A;;;2026-10-05;True
BRENMTACNOR5;ENMT;ENERGISA MATO GROSSO DISTRIBUIDORA ENERGIA SA;03467321000199;OK;ACN;OR;ON;ESVUFR;ACOES NOMINATIVAS ACOES ORDINARIAS;A;True;A;;;2026-10-05;True
BRENMTACNPR2;ENMT;ENERGISA MATO GROSSO DISTRIBUIDORA ENERGIA SA;03467321000199;OK;ACN;PR;PN;EPNNPR;ACOES NOMINATIVAS ACOES PREFERENCIAIS;A;True;A;;;2026-10-05;True
BRENNEACNOR5;ENNE;DOCASNET SA (EX EL M PARTICIPACOES SA);02207388000121;OK;ACN;OR;ON;ESVUFR;ACOES NOMINATIVAS ACOES ORDINARIAS;A;True;A;;;2026-10-05;True
BRENSAACNPA5;ENSA;ENISA ENGENHARIA IND SA;05083241000165;OK;ACN;PA;PN;EPNNPR;ACOES NOMINATIVAS;A;True;N;;;2026-10-05;True
BRENSAACNPR9;ENSA;ENISA ENGENHARIA IND SA;05083241000165;OK;ACN;PR;PN;EPNNPR;ACOES NOMINATIVAS ACOES PREFERENCIAIS;A;True;A;;;2026-10-05;True
BRENSEACNOR4;ENSE;ENERGISA SERGIPE DISTRIBUIDORA ENERGIA SA;13017462000163;OK;ACN;OR;ON;ESVUFR;ACOES NOMINATIVAS ACOES ORDINARIAS;A;True;A;;;2026-10-05;True
BRENSEACNPR1;ENSE;ENERGISA SERGIPE DISTRIBUIDORA ENERGIA SA;13017462000163;OK;ACN;PR;PN;EPNNPR;ACOES NOMINATIVAS ACOES PREFERENCIAIS;A;True;A;;;2026-10-05;True
BRENZMACNPR9;ENZM;ENGETRONICS AMAZONIA SA;15749799000190;OK;ACN;PR;PN;EPNNPR;ACOES NOMINATIVAS ACOES PREFERENCIAIS;A;True;A;;;2026-10-05;True
BREPARACNOR9;EPAR;EMBPAR PARTICIPACOES SA;42331462000131;OK;ACN;OR;ON;ESVUFR;ACOES NOMINATIVAS ACOES ORDINARIAS;A;True;N;;;2026-10-05;True
BREPARACNPR6;EPAR;EMBPAR PARTICIPACOES SA;42331462000131;OK;ACN;PR;PN;EPNNPR;ACOES NOMINATIVAS ACOES PREFERENCIAIS;A;True;N;;;2026-10-05;True
BREPCOACNOR2;EPCO;ENCALSO PARTICIPACOES CONCESSOES SA;21262638000170;OK;ACN;OR;ON;ESVUFR;ACOES NOMINATIVAS ACOES ORDINARIAS;A;True;A;;;2026-10-05;True
BREPEDACNOR1;EPED;MARTREX SA (EX EPEDA SIMMONS SA);56021785000133;OK;ACN;OR;ON;ESVUFR;ACOES NOMINATIVAS ACOES ORDINARIAS;A;True;A;;;2026-10-05;True
BREPEDACNPR8;EPED;MARTREX SA (EX EPEDA SIMMONS SA);56021785000133;OK;ACN;PR;PN;EPNNPR;ACOES NOMINATIVAS ACOES PREFERENCIAIS;A;True;A;;;2026-10-05;True
BREPLFACNOR1;EPLF;EPILIFE EMPREENDIMENTOS PARTICIPACOES SA;03701830000134;OK;ACN;OR;ON;ESVUFR;ACOES NOMINATIVAS ACOES ORDINARIAS;A;True;A;;;2026-10-05;True
BREPREACNPB2;EPRE;EMPRESA PREMOLDADOS SA EMPRESA;09138462000144;OK;ACN;PB;PN;EPNNPR;ACOES NOMINATIVAS ACOES NOMINATIVAS - PB;A;True;N;;;2026-10-05;True
BREPREACNPC0;EPRE;EMPRESA PREMOLDADOS SA EMPRESA;09138462000144;OK;ACN;PC;PN;EPNNPR;ACOES NOMINATIVAS ACOES PREFERENCIAIS CLASSE C;A;True;A;;;2026-10-05;True
BREPRSACNPB2;EPRS;EMPREENDIMENTOS AGROINDLS REUNIDOS SA EMPRESA;06133029000128;OK;ACN;PB;PN;EPNNPR;ACOES NOMINATIVAS ACOES PREFERENCIAIS CLASSE B;A;True;A;;;2026-10-05;True
BREPTRACNOR9;EPTR;EMPRESA TURISMO PERNAMBUCO SA EMPETUR;10931533000140;OK;ACN;OR;ON;ESVUFR;ACOES NOMINATIVAS ACOES ORDINARIAS;A;True;A;;;2026-10-05;True
BREPTRACNPR6;EPTR;EMPRESA TURISMO PERNAMBUCO SA EMPETUR;10931533000140;OK;ACN;PR;PN;EPNNPR;ACOES NOMINATIVAS ACOES PREFERENCIAIS;A;True;A;;;2026-10-05;True
BREQMAACNOR8;EQMA;EQUATORIAL MARANHÃO DISTRIBUIDORA DE ENERGIA S.A.;06272793000184;OK;ACN;OR;ON;ESVUFR;ACOES NOMINATIVAS ACOES ORDINARIAS;A;True;N;;;2026-10-05;True
BREQMAACNPA1;EQMA;EQUATORIAL MARANHÃO DISTRIBUIDORA DE ENERGIA S.A.;06272793000184;OK;ACN;PA;PN;EPNNPR;ACOES NOMINATIVAS ACOES PREFERENCIAIS CLASSE A;A;True;N;;;2026-10-05;True
BREQMAACNPB9;EQMA;EQUATORIAL MARANHÃO DISTRIBUIDORA DE ENERGIA S.A.;06272793000184;OK;ACN;PB;PN;EPNNPR;ACOES NOMINATIVAS ACOES PREFERENCIAIS CLASSE B;A;True;N;;;2026-10-05;True
BREQNXACNOR8;EQNX;EQUINOX PARTICIPACOES SA;;VAZIO;ACN;OR;ON;ESVUFR;ACOES NOMINATIVAS ACOES ORDINARIAS;A;True;A;;;2026-10-05;True
BREQPAACNOR1;EQPA;EQUATORIAL PARÁ DISTRIBUIDORA DE ENERGIA S.A.;04895728000180;OK;ACN;OR;ON;ESVUFR;ACOES NOMINATIVAS ACOES ORDINARIAS;A;True;N;;;2026-10-05;True
BREQPAACNPA4;EQPA;EQUATORIAL PARÁ DISTRIBUIDORA DE ENERGIA S.A.;04895728000180;OK;ACN;PA;PN;EPNNPR;ACOES NOMINATIVAS ACOES PREFERENCIAIS CLASSE A;A;True;N;;;2026-10-05;True
BREQPAACNPB2;EQPA;EQUATORIAL PARÁ DISTRIBUIDORA DE ENERGIA S.A.;04895728000180;OK;ACN;PB;PN;EPNNPR;ACOES NOMINATIVAS ACOES PREFERENCIAIS CLASSE B;A;True;N;;;2026-10-05;True
BREQPAACNPC0;EQPA;EQUATORIAL PARÁ DISTRIBUIDORA DE ENERGIA S.A.;04895728000180;OK;ACN;PC;PN;EPNNPR;ACOES NOMINATIVAS ACOES PREFERENCIAIS CLASSE C;A;True;N;;;2026-10-05;True
BREQTLACNOR0;EQTL;EQUATORIAL SA;03220438000173;OK;ACN;OR;ON;ESVUFR;ACOES NOMINATIVAS ACOES ORDINARIAS;A;True;A;;;2026-10-05;True
BRERBRACNOR3;ERBR;ERB ENERGIAS RENOVAVEIS BRASIL SA;09324653000109;OK;ACN;OR;ON;ESVUFR;ACOES NOMINATIVAS ACOES ORDINARIAS;A;True;A;;;2026-10-05;True
BRERBRACNPA6;ERBR;ERB ENERGIAS RENOVAVEIS BRASIL SA;09324653000109;OK;ACN;PA;PN;EPNNPR;ACOES NOMINATIVAS ACOES PREFERENCIAIS CLASSE A;A;True;A;;;2026-10-05;True
BRERBRACNPB4;ERBR;ERB ENERGIAS RENOVAVEIS BRASIL SA;09324653000109;OK;ACN;PB;PN;EPNNPR;ACOES NOMINATIVAS ACOES PREFERENCIAIS CLASSE B;A;True;A;;;2026-10-05;True
BRERICACNOR0;ERIC;ERICSSON TELECOMUNICACOES SA;33067745000127;OK;ACN;OR;ON;ESVUFR;ACOES NOMINATIVAS ACOES ORDINARIAS;A;True;A;;;2026-10-05;True
BRERICACNPR7;ERIC;ERICSSON TELECOMUNICACOES SA;33067745000127;OK;ACN;PR;PN;EPNNPR;ACOES NOMINATIVAS ACOES PREFERENCIAIS;A;True;A;;;2026-10-05;True
BRERPPACNOR7;ERPP;EUROPECAS PARTICIPACOES SA;21948093000150;OK;ACN;OR;ON;ESVUFR;ACOES NOMINATIVAS ACOES ORDINARIAS;A;True;A;;;2026-10-05;True
BRERVAACNPA0;ERVA;ERVA MOURA V CURU S/A-PEC AGRIC-ERMOVALE;07682719000107;OK;ACN;PA;PN;EPNNPR;ACOES NOMINATIVAS;A;True;N;;;2026-10-05;True
BRESCEACNOR7;ESCE;EDP ESPIRITO SANTO DISTRIBUICAO DE ENERGIA S.A.;28152650000171;OK;ACN;OR;ON;ESVUFR;ACOES NOMINATIVAS ACOES ORDINARIAS;A;True;A;;;2026-10-05;True
BRESGSACNOR8;ESGS;COMPANHIA DE GAS DO ESPIRITO SANTO - ES GAS;34307295000165;OK;ACN;OR;ON;ESVUFR;ACOES NOMINATIVAS;A;True;N;;;2026-10-05;True
BRESGSACNPR5;ESGS;COMPANHIA DE GAS DO ESPIRITO SANTO - ES GAS;34307295000165;OK;ACN;PR;PN;EPNNPR;ACOES NOMINATIVAS;A;True;N;;;2026-10-05;True
BRESMLACNPA4;ESML;ESMEL AGROPECUARIA SA;05579735000135;OK;ACN;PA;PN;EPNNPR;ACOES NOMINATIVAS ACOES PREFERENCIAIS CLASSE A;A;True;A;;;2026-10-05;True
BRESPAACNOR7;ESPA;MPM CORPÓREOS S.A.;26659061000159;OK;ACN;OR;ON;ESVUFR;ACOES NOMINATIVAS;A;True;N;;;2026-10-05;True
BRESPEACNPA2;ESPE;AGROPECUARIA NOVA ESPERANCA SA;04794962000110;OK;ACN;PA;PN;EPNNPR;ACOES NOMINATIVAS ACOES PREFERENCIAIS CLASSE A;A;True;A;;;2026-10-05;True
BRESPLACNPA7;ESPL;ESPLENDOR IND COM MOVEIS SA;08675282000139;OK;ACN;PA;PN;EPNNPR;ACOES NOMINATIVAS ACOES PREFERENCIAIS CLASSE A;A;True;A;;;2026-10-05;True
BRESPNACNPB1;ESPN;ESPLANADA CONFECCOES NORDESTE SA ESPLANORD;;VAZIO;ACN;PB;PN;EPNNPR;ACOES NOMINATIVAS ACOES PREFERENCIAIS CLASSE B;A;True;A;;;2026-10-05;True
BRESSDACNOR5;ESSD;ENERGISA SUL SUDESTE  DISTRIBUIDORA ENERGIA S.A.;07282377000120;OK;ACN;OR;ON;ESVUFR;ACOES NOMINATIVAS;A;True;N;;;2026-10-05;True
BRESSEACNPA6;ESSE;ESSENCIA AGROPECUARIA SA;01981423000100;OK;ACN;PA;PN;EPNNPR;ACOES NOMINATIVAS ACOES PN CLASSE A;A;True;N;;;2026-10-05;True
BRESSEACNPC2;ESSE;ESSENCIA AGROPECUARIA SA;01981423000100;OK;ACN;PC;PN;EPNNPR;ACOES NOMINATIVAS ACOES PREFERENCIAIS CLASSE C;A;True;A;;;2026-10-05;True
BRESTRACNOR3;ESTR;MANUFATURA BRINQUEDOS ESTRELA SA;61082004000150;OK;ACN;OR;ON;ESVUFR;ACOES NOMINATIVAS ACOES ORDINARIAS;A;True;A;;;2026-10-05;True
BRESTRACNPR0;ESTR;MANUFATURA BRINQUEDOS ESTRELA SA;61082004000150;OK;ACN;PR;PN;EPNNPR;ACOES NOMINATIVAS ACOES PREFERENCIAIS;A;True;A;;;2026-10-05;True
BRESTSACNOR1;ESTS;SPE CAMPO GRANDE INVESTIMENTOS IMOBILIARIOS SA;12401127000100;OK;ACN;OR;ON;ESVUFR;ACOES NOMINATIVAS ACOES ORDINARIAS;A;True;A;;;2026-10-05;True
BRESTVACNOR5;ESTV;REAL ESTATE V INVESTS IMOBILIARIOS PARTICIPACOES SA;12401129000190;OK;ACN;OR;ON;ESVUFR;ACOES NOMINATIVAS ACOES ORDINARIAS;A;True;A;;;2026-10-05;True
BRESTXACNOR1;ESTX;EMBU INVESTIMENTOS IMOBILIARIOS PARTICIPACOES SA;13721406000105;OK;ACN;OR;ON;ESVUFR;ACOES NOMINATIVAS ACOES ORDINARIAS;A;True;A;;;2026-10-05;True
BRETCNACNOR6;ETCN;ESTACON ENGENHARIA SA;;VAZIO;ACN;OR;ON;ESVUFR;ACOES NOMINATIVAS ACOES ORDINARIAS;A;True;A;;;2026-10-05;True
BRETCNACNPR3;ETCN;ESTACON ENGENHARIA SA;;VAZIO;ACN;PR;PN;EPNNPR;ACOES NOMINATIVAS ACOES PREFERENCIAIS;A;True;A;;;2026-10-05;True
BRETERACNOR3;ETER;ETERNIT SA;61092037000181;OK;ACN;OR;ON;ESVUFR;ACOES NOMINATIVAS ACOES ORDINARIAS;A;True;A;;;2026-10-05;True
BRETGOACNOR5;ETGO;EMPRESA TRANSPORTE URBANO ESTADO GOIAS SA;02102168000133;OK;ACN;OR;ON;ESVUFR;ACOES NOMINATIVAS ACOES ORDINARIAS;A;True;A;;;2026-10-05;True
BRETGOACNPR2;ETGO;EMPRESA TRANSPORTE URBANO ESTADO GOIAS SA;02102168000133;OK;ACN;PR;PN;EPNNPR;ACOES NOMINATIVAS ACOES PREFERENCIAIS;A;True;A;;;2026-10-05;True
BRETREACNOR3;ETRE;ESTRE AMBIENTAL SA;03147393000159;OK;ACN;OR;ON;ESVUFR;ACOES NOMINATIVAS ACOES ORDINARIAS;A;True;A;;;2026-10-05;True
BRETROACNOR2;ETRO;ELETRON SA;00514998000142;OK;ACN;OR;ON;ESVUFR;ACOES NOMINATIVAS ACOES ORDINARIAS;A;True;A;;;2026-10-05;True
BREUCAACNOR1;EUCA;EUCATEX SA IND COM;56643018000166;OK;ACN;OR;ON;ESVUFR;ACOES NOMINATIVAS ACOES ORDINARIAS;A;True;A;;;2026-10-05;True
BREUCAACNPR8;EUCA;EUCATEX SA IND COM;56643018000166;OK;ACN;PR;PN;EPNNPR;ACOES NOMINATIVAS ACOES PREFERENCIAIS;A;True;A;;;2026-10-05;True
BREUFAACNOR4;EUFA;EUROFARMA LABORATÓRIOS S/A;61190096000192;OK;ACN;OR;ON;ESVUFR;ACOES NOMINATIVAS;A;True;N;;;2026-10-05;True
BREVADACNPB8;EVAD;EVADIN INDUSTRIAS AMAZONIA SA;04180279000193;OK;ACN;PB;PN;EPNNPR;ACOES NOMINATIVAS;A;True;N;;;2026-10-05;True
BREVENACNOR8;EVEN;EVEN CONSTRUTORA INCORPORADORA SA;43470988000165;OK;ACN;OR;ON;ESVUFR;ACOES NOMINATIVAS ACOES ORDINARIAS;A;True;A;;;2026-10-05;True
BREVSTACNPA8;EVST;CONFECCOES ERVEST SA;09053141000147;OK;ACN;PA;PN;EPNNPR;ACOES NOMINATIVAS ACOES PREFERENCIAIS CLASSE A;A;True;A;;;2026-10-05;True
BREXCLACNOR2;EXCL;EXCEL LEASING SA ARREND MERCANTIL;;VAZIO;ACN;OR;ON;ESVUFR;ACOES NOMINATIVAS ACOES ORDINARIAS;A;True;A;;;2026-10-05;True
BREXOPACNOR8;EXOP;EXOPRO IND COM IMPORTACAO EXPORTACAO SA;04463465000130;OK;ACN;OR;ON;ESVUFR;ACOES NOMINATIVAS ACOES ORDINARIAS;A;True;A;;;2026-10-05;True
BREXPRACNPC0;EXPR;SA EXPORTACAO PRODUTOS PERNAMBUCANOS EXPROPER;10780534000131;OK;ACN;PC;PN;EPNNPR;ACOES NOMINATIVAS ACOES PREFERENCIAIS CLASSE C;A;True;A;;;2026-10-05;True
BREZTCACNOR0;EZTC;EZ TEC EMPREENDIMENTOS PARTICIPACOES SA;08312229000173;OK;ACN;OR;ON;ESVUFR;ACOES NOMINATIVAS ACOES ORDINARIAS;A;True;A;;;2026-10-05;True
BRF8ABACNPR4;F8AB;FAZENDA ÁGUA BRANCA S/A;06905699000115;OK;ACN;PR;PN;EPNNPR;ACOES NOMINATIVAS;A;True;N;;;2026-10-05;True
BRF8ALACNPA9;F8AL;FAZENDA ALVORADA S/A;04303822000100;OK;ACN;PA;PN;EPNNPR;ACOES NOMINATIVAS;A;True;N;;;2026-10-05;True
BRF8ALACNPB7;F8AL;FAZENDA ALVORADA S/A;04303822000100;OK;ACN;PB;PN;EPNNPR;ACOES NOMINATIVAS;A;True;N;;;2026-10-05;True
BRF8ALACNPR3;F8AL;FAZENDA ALVORADA S/A;04303822000100;OK;ACN;PR;PN;EPNNPR;ACOES NOMINATIVAS;A;True;N;;;2026-10-05;True
BRF8ARACNPR0;F8AR;FAZENDA ARUEIRA S/A;04982468000180;OK;ACN;PR;PN;EPNNPR;ACOES NOMINATIVAS;A;True;N;;;2026-10-05;True
BRF8BAACNPR4;F8BA;FAZENDA BOA AGUA S/A - BOASA;05242276000108;OK;ACN;PR;PN;EPNNPR;ACOES NOMINATIVAS;A;True;N;;;2026-10-05;True
BRF8BSACNPR6;F8BS;FAZENDA BOM SUCESSO S/A;04103206000106;OK;ACN;PR;PN;EPNNPR;ACOES NOMINATIVAS;A;True;N;;;2026-10-05;True
BRF8CGACNPR9;F8CG;FAZENDA CEGOIAS S/A;02250363000100;OK;ACN;PR;PN;EPNNPR;ACOES NOMINATIVAS;A;True;N;;;2026-10-05;True
BRF8DFACNPA5;F8DF;FRIGORIFICO DIAS S/A - FRIGODIAS;18642165000122;OK;ACN;PA;PN;EPNNPR;ACOES NOMINATIVAS;A;True;N;;;2026-10-05;True
BRF8FPACNPA9;F8FP;FRIGORÍFICO PARAGOMINAS S/A-FRIPAGO;04657540000101;OK;ACN;PA;PN;EPNNPR;ACOES NOMINATIVAS;A;True;N;;;2026-10-05;True
BRF8FPACNPR3;F8FP;FRIGORÍFICO PARAGOMINAS S/A-FRIPAGO;04657540000101;OK;ACN;PR;PN;EPNNPR;ACOES NOMINATIVAS;A;True;N;;;2026-10-05;True
BRF8KXACNPB1;F8KX;FAZENDA KANAXUE S/A;70491683000102;OK;ACN;PB;PN;EPNNPR;ACOES NOMINATIVAS CLASSE B;A;True;N;;;2026-10-05;True
BRF8KXACNPC9;F8KX;FAZENDA KANAXUE S/A;70491683000102;OK;ACN;PC;PN;EPNNPR;ACOES NOMINATIVAS PNC;A;True;N;;;2026-10-05;True
BRF8MPACNPR9;F8MP;FAZENDA MIRITIPITANGA S/A;04379517000194;OK;ACN;PR;PN;EPNNPR;ACOES NOMINATIVAS;A;True;N;;;2026-10-05;True
BRF8PGACNPA7;F8PG;FAZENDA PORANGABA S/A;04218855000144;OK;ACN;PA;PN;EPNNPR;ACOES NOMINATIVAS;A;True;N;;;2026-10-05;True
BRF8PGACNPR1;F8PG;FAZENDA PORANGABA S/A;04218855000144;OK;ACN;PR;PN;EPNNPR;ACOES NOMINATIVAS;A;True;N;;;2026-10-05;True
BRF8UNACNPR7;F8UN;FAZENDA UNIÃO S/A;05841556000124;OK;ACN;PR;PN;EPNNPR;ACOES NOMINATIVAS;A;True;N;;;2026-10-05;True
BRF9BRACNPR6;F9BR;FAZENDA BARREIRAS S/A;04340972000186;OK;ACN;PR;PN;EPNNPR;ACOES NOMINATIVAS;A;True;N;;;2026-10-05;True
BRF9BTACNPR2;F9BT;FAZENDAS BETITA S/A;05832563000160;OK;ACN;PR;PN;EPNNPR;ACOES NOMINATIVAS;A;True;N;;;2026-10-05;True
BRF9CIACNPA9;F9CI;FAZENDA CINCO IRMÃOS S/A;04526125000100;OK;ACN;PA;PN;EPNNPR;ACOES NOMINATIVAS;A;True;N;;;2026-10-05;True
BRF9MTACNPA5;F9MT;FRIMAT - FRIGORÍFICO E MATADOURO S/A;83764639000170;OK;ACN;PA;PN;EPNNPR;ACOES NOMINATIVAS;A;True;N;;;2026-10-05;True
BRF9NVACNPB7;F9NV;FAZENDA NOVA VIENA S/A;04947065000108;OK;ACN;PB;PN;EPNNPR;ACOES NOMINATIVAS;A;True;N;;;2026-10-05;True
BRF9RCACNPD4;F9RC;FAZENDA RIACHUELO S/A;05427356000120;OK;ACN;PD;PN;EPNNPR;ACOES NOMINATIVAS;A;True;N;;;2026-10-05;True
BRF9RFACNPA3;F9RF;FREY RONDONIA FLORESTAL S/A;05899141000101;OK;ACN;PA;PN;EPNNPR;ACOES NOMINATIVAS;A;True;N;;;2026-10-05;True
BRFACEACNPA5;FACE;MACAPA INDUSTRIA COMERCIA SA;34938597000131;OK;ACN;PA;PN;EPNNPR;ACOES NOMINATIVAS ACOES PREFERENCIAIS CLASSE A;A;True;A;;;2026-10-05;True
BRFACEACNPB3;FACE;MACAPA INDUSTRIA COMERCIA SA;34938597000131;OK;ACN;PB;PN;EPNNPR;ACOES NOMINATIVAS ACOES PREFERENCIAIS CLASSE B;A;True;A;;;2026-10-05;True
BRFACVACNPR3;FACV;FAZENDA CAMPO VERDE S.A.;04872040000184;OK;ACN;PR;PN;EPNNPR;ACOES NOMINATIVAS ACOES PREFERENCIAIS;A;True;A;;;2026-10-05;True
BRFAELACNOR3;FAEL;FAE FERRAGENS APARELHOS ELETRICOS;07281413000130;OK;ACN;OR;ON;ESVUFR;ACOES NOMINATIVAS ACOES ORDINARIAS;A;True;A;;;2026-10-05;True
BRFAELACNPA6;FAEL;FAE FERRAGENS APARELHOS ELETRICOS;07281413000130;OK;ACN;PA;PN;EPNNPR;ACOES NOMINATIVAS ACOES PREFERENCIAIS CLASSE A;A;True;A;;;2026-10-05;True
BRFAELACNPB4;FAEL;FAE FERRAGENS APARELHOS ELETRICOS;07281413000130;OK;ACN;PB;PN;EPNNPR;ACOES NOMINATIVAS ACOES PREFERENCIAIS CLASSE B;A;True;A;;;2026-10-05;True
BRFAELACNPC2;FAEL;FAE FERRAGENS APARELHOS ELETRICOS;07281413000130;OK;ACN;PC;PN;EPNNPR;ACOES NOMINATIVAS ACOES PREFERENCIAIS CLASSE C;A;True;A;;;2026-10-05;True
BRFAFRACNPA0;FAFR;FAZENDA FREI ANTONIO SA FAFRESA;09237934000116;OK;ACN;PA;PN;EPNNPR;ACOES NOMINATIVAS ACOES PREFERENCIAIS CLASSE A;A;True;A;;;2026-10-05;True
BRFAMSACNPR8;FAMS;FAZENDA MAMANGUAPE SA FAMASA;07483340000160;OK;ACN;PR;PN;EPNNPR;ACOES NOMINATIVAS ACOES PREFERENCIAIS;A;True;A;;;2026-10-05;True
BRFAPCACNOR8;FAPC;COFAP CIA FABRICADORA PECAS;57500001000112;OK;ACN;OR;ON;ESVUFR;ACOES NOMINATIVAS ACOES ORDINARIAS;A;True;A;;;2026-10-05;True
BRFAPCACNPR5;FAPC;COFAP CIA FABRICADORA PECAS;57500001000112;OK;ACN;PR;PN;EPNNPR;ACOES NOMINATIVAS ACOES PREFERENCIAIS;A;True;A;;;2026-10-05;True
BRFAQSACNPR9;FAQS;FAZENDA QUIXABA SA FAQUISA;06424931000101;OK;ACN;PR;PN;EPNNPR;ACOES NOMINATIVAS ACOES PREFERENCIAIS;A;True;A;;;2026-10-05;True
BRFARGACNPC4;FARG;FAZENDAS REUNIDAS GALHAO SA FARGA;23539950000194;OK;ACN;PC;PN;EPNNPR;ACOES NOMINATIVAS ACOES PREFERENCIAIS CLASSE C;A;True;A;;;2026-10-05;True
BRFAROACNOR9;FARO;FAROL SA IND GAUCHA FARELOS OLEOS;89007009000138;OK;ACN;OR;ON;ESVUFR;ACOES NOMINATIVAS ACOES ORDINARIAS;A;True;A;;;2026-10-05;True
BRFAROACNPR6;FARO;FAROL SA IND GAUCHA FARELOS OLEOS;89007009000138;OK;ACN;PR;PN;EPNNPR;ACOES NOMINATIVAS ACOES PREFERENCIAIS;A;True;A;;;2026-10-05;True
BRFASAACNOR6;FASA;FASA S.A.;00359742000108;OK;ACN;OR;ON;ESVUFR;ACOES NOMINATIVAS ACOES ORDINARIAS;A;True;N;;;2026-10-05;True
BRFATOACNOR5;FATO;FATOR EMPREENDIMENTOS IMOBILIARIOS SA;62528930000170;OK;ACN;OR;ON;ESVUFR;ACOES NOMINATIVAS ACOES ORDINARIAS;A;True;A;;;2026-10-05;True
BRFATOACNPR2;FATO;FATOR EMPREENDIMENTOS IMOBILIARIOS SA;62528930000170;OK;ACN;PR;PN;EPNNPR;ACOES NOMINATIVAS ACOES PREFERENCIAIS;A;True;A;;;2026-10-05;True
BRFBALACNOR9;FBAL;FIABESA ALAGOAS SA;02235902000132;OK;ACN;OR;ON;ESVUFR;ACOES NOMINATIVAS ACOES ORDINARIAS;A;True;A;;;2026-10-05;True
BRFBALACNPA2;FBAL;FIABESA ALAGOAS SA;02235902000132;OK;ACN;PA;PN;EPNNPR;ACOES NOMINATIVAS ACOES PREFERENCIAIS CLASSE A;A;True;A;;;2026-10-05;True
BRFBLIACNPA5;FBLI;FABILINE AGROPECUARIA SA;15721863000125;OK;ACN;PA;PN;EPNNPR;ACOES NOMINATIVAS ACOES PREFERENCIAIS CLASSE A;A;True;A;;;2026-10-05;True
BRFBLNACNPR9;FBLN;FYBERLINE SA;10323350000142;OK;ACN;PR;PN;EPNNPR;ACOES NOMINATIVAS ACOES PREFERENCIAIS;A;True;A;;;2026-10-05;True
BRFBMCACNOR3;FBMC;FIBAM CIA INDL;61410395000195;OK;ACN;OR;ON;ESVUFR;ACOES NOMINATIVAS ACOES ORDINARIAS;A;True;A;;;2026-10-05;True
BRFBMCACNPR0;FBMC;FIBAM CIA INDL;61410395000195;OK;ACN;PR;PN;EPNNPR;ACOES NOMINATIVAS ACOES PREFERENCIAIS;A;True;A;;;2026-10-05;True
BRFBRAACNOR6;FBRA;FERTIBRAS SA (EX FERTIBRAS SA ADUBOS INSETICIDAS);61442109000173;OK;ACN;OR;ON;ESVUFR;ACOES NOMINATIVAS ACOES ORDINARIAS;A;True;A;;;2026-10-05;True
BRFBRAACNPR3;FBRA;FERTIBRAS SA (EX FERTIBRAS SA ADUBOS INSETICIDAS);61442109000173;OK;ACN;PR;PN;EPNNPR;ACOES NOMINATIVAS ACOES PREFERENCIAIS;A;True;A;;;2026-10-05;True
BRFBRGACNPA6;FBRG;FERRO BRAGA SA FERBRASA;12515672000119;OK;ACN;PA;PN;EPNNPR;ACOES NOMINATIVAS ACOES PREFERENCIAIS CLASSE A;A;True;A;;;2026-10-05;True
BRFBSFACNPA6;FBSF;FAZENDA BARREIRO SANTA FE SA;09009762000123;OK;ACN;PA;PN;EPNNPR;ACOES NOMINATIVAS ACOES PREFERENCIAIS CLASSE A;A;True;A;;;2026-10-05;True
BRFBSGACNPA4;FBSG;FIABESA GUARARAPES SA;03083850000199;OK;ACN;PA;PN;EPNNPR;ACOES NOMINATIVAS ACOES PREFERENCIAIS CLASSE A;A;True;A;;;2026-10-05;True
BRFBSNACNPA0;FBSN;FIBRASA NORDESTE SA;00185368000171;OK;ACN;PA;PN;EPNNPR;ACOES NOMINATIVAS ACOES PREFERENCIAIS CLASSE A;A;True;A;;;2026-10-05;True
BRFBVTACNPB9;FBVT;FIBRAVESTE SA IND TEXTIL;06893119000117;OK;ACN;PB;PN;EPNNPR;ACOES NOMINATIVAS ACOES PREFERENCIAIS CLASSE B;A;True;A;;;2026-10-05;True
BRFCAPACNOR8;FCAP;SAM INDS SA;33017039000170;OK;ACN;OR;ON;ESVUFR;ACOES NOMINATIVAS ACOES ORDINARIAS;A;True;A;;;2026-10-05;True
BRFCAPACNPR5;FCAP;SAM INDS SA;33017039000170;OK;ACN;PR;PN;EPNNPR;ACOES NOMINATIVAS ACOES PREFERENCIAIS;A;True;A;;;2026-10-05;True
BRFCEPACNPC9;FCEP;FABRICA CELULOSE PAPEL AMAZONIA SA - FACEPA;04909479000134;OK;ACN;PC;PN;EPNNPR;ACOES NOMINATIVAS ACOES PREFERENCIAIS CLASSE C;A;True;A;;;2026-10-05;True
BRFCHTACNOR5;FCHT;FICHET SA;61157764000180;OK;ACN;OR;ON;ESVUFR;ACOES NOMINATIVAS ACOES ORDINARIAS;A;True;A;;;2026-10-05;True
BRFCHTACNPR2;FCHT;FICHET SA;61157764000180;OK;ACN;PR;PN;EPNNPR;ACOES NOMINATIVAS ACOES PREFERENCIAIS;A;True;A;;;2026-10-05;True
BRFCI4ACNPA9;FCI4;CISA-CINDERELA AGROPECUÁRIA S/A;14126270000158;OK;ACN;PA;PN;EPNNPR;ACOES NOMINATIVAS;A;True;N;;;2026-10-05;True
BRFCIMACNPR5;FCIM;ARTCIL-ARTEFATOS DE CIMENTO S/A;06353767000180;OK;ACN;PR;PN;EPNNPR;ACOES NOMINATIVAS;A;True;N;;;2026-10-05;True
BRFCMPACNPA6;FCMP;FICAMP SA IND TEXTIL;12941720000130;OK;ACN;PA;PN;EPNNPR;ACOES NOMINATIVAS ACOES PREFERENCIAIS CLASSE A;A;True;A;;;2026-10-05;True
BRFCNDACNPR4;FCND;FAZENDA CONDADO SA;06627889000118;OK;ACN;PR;PN;EPNNPR;ACOES NOMINATIVAS ACOES PREFERENCIAIS;A;True;A;;;2026-10-05;True
BRFCPNACNPR8;FCPN;FAZENDA CAMPOS NOVOS SA;14480040000192;OK;ACN;PR;PN;EPNNPR;ACOES NOMINATIVAS ACOES PREFERENCIAIS;A;True;A;;;2026-10-05;True
BRFCRCACNPA3;FCRC;FAZENDA CARACOL S.A.;02233776000187;OK;ACN;PA;PN;EPNNPR;ACOES NOMINATIVAS;A;True;N;;;2026-10-05;True
BRFCSAACNPA5;FCSA;TEXTIL BEZERRA MENEZES SA (EX FICASA SA FIACAO CARUARU);11401502000140;OK;ACN;PA;PN;EPNNPR;ACOES NOMINATIVAS ACOES PREFERENCIAIS CLASSE A;A;True;A;;;2026-10-05;True
BRFEMIACNPA7;FEMI;CIA FERROLIGAS MINAS GERAIS MINASLIGAS;16933590000145;OK;ACN;PA;PN;EPNNPR;ACOES NOMINATIVAS ACOES PREFERENCIAIS CLASSE A;A;True;A;;;2026-10-05;True
BRFERRACNOR4;FERR;FERROESTE ESTRADA FERRO PARANA OESTE SA;80544042000122;OK;ACN;OR;ON;ESVUFR;ACOES NOMINATIVAS ACOES ORDINARIAS;A;True;A;;;2026-10-05;True
BRFESAACNOR8;FESA;CIA FERRO LIGAS BAHIA FERBASA;15141799000103;OK;ACN;OR;ON;ESVUFR;ACOES NOMINATIVAS ACOES ORDINARIAS;A;True;A;;;2026-10-05;True
BRFESAACNPR5;FESA;CIA FERRO LIGAS BAHIA FERBASA;15141799000103;OK;ACN;PR;PN;EPNNPR;ACOES NOMINATIVAS ACOES PREFERENCIAIS;A;True;A;;;2026-10-05;True
BRFESTACNPA1;FEST;FAZENDA ESTRELA SA AGROPECUARIA;07090962000128;OK;ACN;PA;PN;EPNNPR;ACOES NOMINATIVAS ACOES PREFERENCIAIS CLASSE A;A;True;A;;;2026-10-05;True
BRFFBRACNPA8;FFBR;FAZENDA FRANCO BRASILEIRA SA;09443177000137;OK;ACN;PA;PN;EPNNPR;ACOES NOMINATIVAS ACOES PREFERENCIAIS CLASSE A;A;True;A;;;2026-10-05;True
BRFFRAACNPA0;FFRA;FRIGORIFICO FEIRA SANTANA SA FRIFEIRA;16489692000113;OK;ACN;PA;PN;EPNNPR;ACOES NOMINATIVAS ACOES PREFERENCIAIS CLASSE A;A;True;A;;;2026-10-05;True
BRFFTLACNOR0;FFTL;VALE FERTILIZANTES SA;19443985000158;OK;ACN;OR;ON;ESVUFR;ACOES NOMINATIVAS ACOES ORDINARIAS;A;True;A;;;2026-10-05;True
BRFFTLACNPR7;FFTL;VALE FERTILIZANTES SA;19443985000158;OK;ACN;PR;PN;EPNNPR;ACOES NOMINATIVAS ACOES PREFERENCIAIS;A;True;A;;;2026-10-05;True
BRFGACACNPR4;FGAC;AGROPECUARIA FRANGO ACU SA;84192079000190;OK;ACN;PR;PN;EPNNPR;ACOES NOMINATIVAS ACOES PREFERENCIAIS;A;True;A;;;2026-10-05;True
BRFGANACNPA7;FGAN;FRIGORIFICO ALTO NORTE SA;36882074000146;OK;ACN;PA;PN;EPNNPR;ACOES NOMINATIVAS ACOES PREFERENCIAIS CLASSE A;A;True;A;;;2026-10-05;True
BRFGARACNOR5;FGAR;FIGAR SA;;VAZIO;ACN;OR;ON;ESVUFR;ACOES NOMINATIVAS ACOES ORDINARIAS;A;True;A;;;2026-10-05;True
BRFGARACNPR2;FGAR;FIGAR SA;;VAZIO;ACN;PR;PN;EPNNPR;ACOES NOMINATIVAS ACOES PREFERENCIAIS;A;True;A;;;2026-10-05;True
BRFGBAACNPA2;FGBA;ROMA EMPREENDIMENTOS IMOBILIARIOS SA;36939312000102;OK;ACN;PA;PN;EPNNPR;ACOES NOMINATIVAS ACOES PN CLASSE A;A;True;N;;;2026-10-05;True
BRFGBAACNPC8;FGBA;ROMA EMPREENDIMENTOS IMOBILIARIOS SA;36939312000102;OK;ACN;PC;PN;EPNNPR;ACOES NOMINATIVAS ACOES PREFERENCIAIS CLASSE C;A;True;A;;;2026-10-05;True
BRFGIPACNPB3;FGIP;FABRICA GASES INDLS AGROPROTS FAGIP SA;15126501000196;OK;ACN;PB;PN;EPNNPR;ACOES NOMINATIVAS ACOES PREFERENCIAIS CLASSE B;A;True;A;;;2026-10-05;True
BRFGNEACNPA9;FGNE;FRIGORIFICO NOVO ESTADO SA;84618982000170;OK;ACN;PA;PN;EPNNPR;ACOES NOMINATIVAS ACOES PREFERENCIAIS CLASSE A;A;True;A;;;2026-10-05;True
BRFGOLACNOR9;FGOL;FRIGOL FOODS PARTICIPACOES SA;14962356000110;OK;ACN;OR;ON;ESVUFR;ACOES NOMINATIVAS ACOES ORDINARIAS;A;True;A;;;2026-10-05;True
BRFGOSACNOR4;FGOS;FRANGOSUL SA AGRO AVICOLA INDL;91374561000106;OK;ACN;OR;ON;ESVUFR;ACOES NOMINATIVAS ACOES ORDINARIAS;A;True;A;;;2026-10-05;True
BRFGOSACNPR1;FGOS;FRANGOSUL SA AGRO AVICOLA INDL;91374561000106;OK;ACN;PR;PN;EPNNPR;ACOES NOMINATIVAS ACOES PREFERENCIAIS;A;True;A;;;2026-10-05;True
BRFGR4ACNPA4;FGR4;GRANJA SANTA CRISTINA S/A;07869290000153;OK;ACN;PA;PN;EPNNPR;ACOES NOMINATIVAS;A;True;N;;;2026-10-05;True
BRFGRTACNOR5;FGRT;FRIGORIFICO REDENTOR SA;02165984000196;OK;ACN;OR;ON;ESVUFR;ACOES NOMINATIVAS;A;True;N;;;2026-10-05;True
BRFGRTACNPA8;FGRT;FRIGORIFICO REDENTOR SA;02165984000196;OK;ACN;PA;PN;EPNNPR;ACOES NOMINATIVAS;A;True;N;;;2026-10-05;True
BRFGRTACNPB6;FGRT;FRIGORIFICO REDENTOR SA;02165984000196;OK;ACN;PB;PN;EPNNPR;ACOES NOMINATIVAS;A;True;N;;;2026-10-05;True
BRFGTLACNPA1;FGTL;AGROPECUARIA FOGLIATELLI SA;01235081000171;OK;ACN;PA;PN;EPNNPR;ACOES NOMINATIVAS ACOES PREFERENCIAIS CLASSE A;A;True;A;;;2026-10-05;True
BRFGTLACNPR5;FGTL;AGROPECUARIA FOGLIATELLI SA;01235081000171;OK;ACN;PR;PN;EPNNPR;ACOES NOMINATIVAS ACOES PREFERENCIAIS;A;True;A;;;2026-10-05;True
BRFGUIACNOR2;FGUI;CIA TEXTIL FERREIRA GUIMARAES;33470022000174;OK;ACN;OR;ON;ESVUFR;ACOES NOMINATIVAS ACOES ORDINARIAS;A;True;A;;;2026-10-05;True
BRFGUIACNPR9;FGUI;CIA TEXTIL FERREIRA GUIMARAES;33470022000174;OK;ACN;PR;PN;EPNNPR;ACOES NOMINATIVAS ACOES PREFERENCIAIS;A;True;A;;;2026-10-05;True
BRFHERACNOR5;FHER;FERTILIZANTES HERINGER SA;22266175000188;OK;ACN;OR;ON;ESVUFR;ACOES NOMINATIVAS ACOES ORDINARIAS;A;True;A;;;2026-10-05;True
BRFIABACNPA8;FIAB;FIACAO AGUAS BELAS SA FIABESA;24278681000112;OK;ACN;PA;PN;EPNNPR;ACOES NOMINATIVAS ACOES PREFERENCIAIS CLASSE A;A;True;A;;;2026-10-05;True
BRFIASACNPB0;FIAS;FIACAO TECELAGEM SA FIASA;40926438000110;OK;ACN;PB;PN;EPNNPR;ACOES NOMINATIVAS ACOES PREFERENCIAIS CLASSE B;A;True;A;;;2026-10-05;True
BRFIATACNOR7;FIAT;FIAT AUTOMOVEIS SA;;VAZIO;ACN;OR;ON;ESVUFR;ACOES NOMINATIVAS ACOES ORDINARIAS;A;True;A;;;2026-10-05;True
BRFIBRACNOR9;FIBR;FIBRIA CELULOSE SA;60643228000121;OK;ACN;OR;ON;ESVUFR;ACOES NOMINATIVAS ACOES ORDINARIAS;A;True;A;;;2026-10-05;True
BRFICAACNOR3;FICA;FICAP SA;73847253000179;OK;ACN;OR;ON;ESVUFR;ACOES NOMINATIVAS ACOES ORDINARIAS;A;True;A;;;2026-10-05;True
BRFICAACNPR0;FICA;FICAP SA;73847253000179;OK;ACN;PR;PN;EPNNPR;ACOES NOMINATIVAS ACOES PREFERENCIAIS;A;True;A;;;2026-10-05;True
BRFIEIACNOR2;FIEI;FICA EMPREENDIMENTOS IMOBILIÁRIOS S.A.;07820907000146;OK;ACN;OR;ON;ESVUFR;ACOES NOMINATIVAS ACOES ORDINARIAS;A;True;N;;;2026-10-05;True
BRFIESACNPA4;FIES;FIACAO ESPIRITO SANTO SA;04312416000104;OK;ACN;PA;PN;EPNNPR;ACOES NOMINATIVAS ACOES PREFERENCIAIS CLASSE A;A;True;A;;;2026-10-05;True
BRFIESACNPB2;FIES;FIACAO ESPIRITO SANTO SA;04312416000104;OK;ACN;PB;PN;EPNNPR;ACOES NOMINATIVAS ACOES PREFERENCIAIS CLASSE B;A;True;A;;;2026-10-05;True
BRFIGEACNOR6;FIGE;INVESTS BEMGE SA (EX FINANCEIRA BEMGE SA CRED FINANC INVEST);01548981000179;OK;ACN;OR;ON;ESVUFR;ACOES NOMINATIVAS ACOES ORDINARIAS;A;True;A;;;2026-10-05;True
BRFIGEACNPR3;FIGE;INVESTS BEMGE SA (EX FINANCEIRA BEMGE SA CRED FINANC INVEST);01548981000179;OK;ACN;PR;PN;EPNNPR;ACOES NOMINATIVAS ACOES PREFERENCIAIS;A;True;A;;;2026-10-05;True
BRFINRACNOR4;FINR;FINORTE SA - INDUSTRIA TEXTIL;02092356000128;OK;ACN;OR;ON;ESVUFR;ACOES NOMINATIVAS ACOES ORDINARIAS;A;True;A;;;2026-10-05;True
BRFIOTACNOR8;FIOT;FIOTEX INDL SA;07648272000141;OK;ACN;OR;ON;ESVUFR;ACOES NOMINATIVAS ACOES ORDINARIAS;A;True;A;;;2026-10-05;True
BRFIOTACNPA1;FIOT;FIOTEX INDL SA;07648272000141;OK;ACN;PA;PN;EPNNPR;ACOES NOMINATIVAS ACOES PREFERENCIAIS CLASSE A;A;True;A;;;2026-10-05;True
BRFIOTACNPB9;FIOT;FIOTEX INDL SA;07648272000141;OK;ACN;PB;PN;EPNNPR;ACOES NOMINATIVAS ACOES PREFERENCIAIS CLASSE B;A;True;A;;;2026-10-05;True
BRFIOTACNPC7;FIOT;FIOTEX INDL SA;07648272000141;OK;ACN;PC;PN;EPNNPR;ACOES NOMINATIVAS ACOES PREFERENCIAIS CLASSE C;A;True;A;;;2026-10-05;True
BRFIPAACNPA8;FIPA;FIPAL SA FIACAO PARAIBANA ALGODAO;11902798000183;OK;ACN;PA;PN;EPNNPR;ACOES NOMINATIVAS ACOES PREFERENCIAIS CLASSE A;A;True;A;;;2026-10-05;True
BRFIPSACNPA0;FIPS;FIACAO PERNAMBUCO SA FIPESA;11961687000148;OK;ACN;PA;PN;EPNNPR;ACOES NOMINATIVAS ACOES PREFERENCIAIS CLASSE A;A;True;A;;;2026-10-05;True
BRFIQEACNOR5;FIQE;UNIFIQUE TELECOMUNICAÇÕES S.A.;02255187000108;OK;ACN;OR;ON;ESVUFR;ACOES NOMINATIVAS;A;True;N;;;2026-10-05;True
BRFIRMACNOR6;FIRM;FIRMEZA AGROINDL SA;03046338000172;OK;ACN;OR;ON;ESVUFR;ACOES NOMINATIVAS ACOES ORDINARIAS;A;True;A;;;2026-10-05;True
BRFIRMACNPA9;FIRM;FIRMEZA AGROINDL SA;03046338000172;OK;ACN;PA;PN;EPNNPR;ACOES NOMINATIVAS ACOES PREFERENCIAIS CLASSE A;A;True;A;;;2026-10-05;True
BRFJSAACNPA0;FJSA;FUJI SA MARMORES GRANITOS;41137225000171;OK;ACN;PA;PN;EPNNPR;ACOES NOMINATIVAS ACOES PREFERENCIAIS CLASSE A;A;True;A;;;2026-10-05;True
BRFJSMACNPD9;FJSM;J. S. MOVEIS S/A;04887121000158;OK;ACN;PD;PN;EPNNPR;ACOES NOMINATIVAS;A;True;N;;;2026-10-05;True
BRFJSNACNPA3;FJSN;FUJISAN LABORATORIO REAGENTES SA;11740271000108;OK;ACN;PA;PN;EPNNPR;ACOES NOMINATIVAS ACOES PREFERENCIAIS CLASSE A;A;True;A;;;2026-10-05;True
BRFLAMACNOR6;FLAM;FIBRA LEASING SA ARREND MERCANTIL;71590798000117;OK;ACN;OR;ON;ESVUFR;ACOES NOMINATIVAS ACOES ORDINARIAS;A;True;A;;;2026-10-05;True
BRFLBRACNOR3;FLBR;FERRAGENS DEMELLOT SA (EX FECHADURAS BRASIL SA);61196564000136;OK;ACN;OR;ON;ESVUFR;ACOES NOMINATIVAS ACOES ORDINARIAS;A;True;A;;;2026-10-05;True
BRFLBRACNPR0;FLBR;FERRAGENS DEMELLOT SA (EX FECHADURAS BRASIL SA);61196564000136;OK;ACN;PR;PN;EPNNPR;ACOES NOMINATIVAS ACOES PREFERENCIAIS;A;True;A;;;2026-10-05;True
BRFLCLACNOR4;FLCL;ENERGISA MINAS RIO - DISTRIBUIDORA DE ENERGIA SA;19527639000158;OK;ACN;OR;ON;ESVUFR;ACOES NOMINATIVAS ACOES ORDINARIAS;A;True;A;;;2026-10-05;True
BRFLCLACNPA7;FLCL;ENERGISA MINAS RIO - DISTRIBUIDORA DE ENERGIA SA;19527639000158;OK;ACN;PA;PN;EPNNPR;ACOES NOMINATIVAS ACOES PREFERENCIAIS CLASSE A;A;True;A;;;2026-10-05;True
BRFLCLACNPB5;FLCL;ENERGISA MINAS RIO - DISTRIBUIDORA DE ENERGIA SA;19527639000158;OK;ACN;PB;PN;EPNNPR;ACOES NOMINATIVAS ACOES PREFERENCIAIS CLASSE B;A;True;A;;;2026-10-05;True
BRFLCSACNOR9;FLCS;FELICS PARTICIPACOES EMPREENDIMENTOS SA;22555537000150;OK;ACN;OR;ON;ESVUFR;ACOES NOMINATIVAS ACOES ORDINARIAS;A;True;A;;;2026-10-05;True
BRFLDKACNOR4;FLDK;FLEXDISC TECNOLOGIA SA;51159713000133;OK;ACN;OR;ON;ESVUFR;ACOES NOMINATIVAS ACOES ORDINARIAS;A;True;A;;;2026-10-05;True
BRFLDKACNPR1;FLDK;FLEXDISC TECNOLOGIA SA;51159713000133;OK;ACN;PR;PN;EPNNPR;ACOES NOMINATIVAS ACOES PREFERENCIAIS;A;True;A;;;2026-10-05;True
BRFLEXACNOR5;FLEX;FLEX GESTAO RELACIONAMENTOS S.A.;10851805000100;OK;ACN;OR;ON;ESVUFR;ACOES NOMINATIVAS ACOES ORDINARIAS;A;True;N;;;2026-10-05;True
BRFLINACNOR7;FLIN;FIVES LILLE INDUSTRIAL NORDESTE SA;;VAZIO;ACN;OR;ON;ESVUFR;ACOES NOMINATIVAS ACOES ORDINARIAS;A;True;A;;;2026-10-05;True
BRFLINACNPA0;FLIN;FIVES LILLE INDUSTRIAL NORDESTE SA;;VAZIO;ACN;PA;PN;EPNNPR;ACOES NOMINATIVAS ACOES PREFERENCIAIS CLASSE A;A;True;A;;;2026-10-05;True
BRFLINACNPB8;FLIN;FIVES LILLE INDUSTRIAL NORDESTE SA;;VAZIO;ACN;PB;PN;EPNNPR;ACOES NOMINATIVAS ACOES PREFERENCIAIS CLASSE B;A;True;A;;;2026-10-05;True
BRFLOHACNOR7;FLOH;FLOHR & EREA INVESTIMENTO PARTICIPACOES S.A;07688434000175;OK;ACN;OR;ON;ESVUFR;ACOES NOMINATIVAS ACOES ORDINARIAS;A;True;A;;;2026-10-05;True
BRFLORACNPA9;FLOR;FLORESTA AGRICOLA SA FLORA;24343832000179;OK;ACN;PA;PN;EPNNPR;ACOES NOMINATIVAS ACOES PREFERENCIAIS CLASSE A;A;True;A;;;2026-10-05;True
BRFLPPACNPA0;FLPP;FLAPPER TECNOLOGIA S.A.;27028507000100;OK;ACN;PA;PN;EPNNPR;ACOES NOMINATIVAS;A;True;N;;;2026-10-05;True
BRFLPPACNPB8;FLPP;FLAPPER TECNOLOGIA S.A.;27028507000100;OK;ACN;PB;PN;EPNNPR;ACOES NOMINATIVAS;A;True;N;;;2026-10-05;True
BRFLRYACNOR5;FLRY;FLEURY SA;60840055000131;OK;ACN;OR;ON;ESVUFR;ACOES NOMINATIVAS ACOES ORDINARIAS;A;True;A;;;2026-10-05;True
BRFLYCACNPA0;FLYC;FLY ACAI PARA INDUSTRIA ALIMENTOS BEBIDAS SA;83663153000146;OK;ACN;PA;PN;EPNNPR;ACOES NOMINATIVAS ACOES PREFERENCIAIS CLASSE A;A;True;A;;;2026-10-05;True
BRFLYNACNOR4;FLYN;FLYNET SA;01492670000135;OK;ACN;OR;ON;ESVUFR;ACOES NOMINATIVAS ACOES ORDINARIAS;A;True;A;;;2026-10-05;True
BRFMBCACNPR0;FMBC;FAZENDA MOMBACA SA;04885018000179;OK;ACN;PR;PN;EPNNPR;ACOES NOMINATIVAS ACOES PREFERENCIAIS;A;True;A;;;2026-10-05;True
BRFMNPACNOR0;FMNP;FIRMINÓPOLIS TRANSMISSÃO S.A.;24253735000195;OK;ACN;OR;ON;ESVUFR;ACOES NOMINATIVAS DEP. EXCLUSIVO;A;True;N;;;2026-10-05;True
BRFMSAACNPB2;FMSA;FIACAO ALGODAO MOCO SA FAMOSA;08077430000113;OK;ACN;PB;PN;EPNNPR;ACOES NOMINATIVAS ACOES PREFERENCIAIS CLASSE B;A;True;A;;;2026-10-05;True
BRFMSBACNOR9;FMSB;FINANCIADORA MESBLA SA CRED FINANC INVEST;;VAZIO;ACN;OR;ON;ESVUFR;ACOES NOMINATIVAS ACOES ORDINARIAS;A;True;A;;;2026-10-05;True
BRFMSTACNPA4;FMST;FIMASA TEXTIL SA;09353897000101;OK;ACN;PA;PN;EPNNPR;ACOES NOMINATIVAS ACOES PREFERENCIAIS CLASSE A;A;True;A;;;2026-10-05;True
BRFNAGACNPA7;FNAG;FRANGO NORTE AGROINDUSTRIAL S.A;84191832000122;OK;ACN;PA;PN;EPNNPR;ACOES NOMINATIVAS ACOES PREFERENCIAIS CLASSE A;A;True;A;;;2026-10-05;True
BRFNEPACNOR7;FNEP;FENICIAPAR SA;74409467000126;OK;ACN;OR;ON;ESVUFR;ACOES NOMINATIVAS ACOES ORDINARIAS;A;True;A;;;2026-10-05;True
BRFNEPACNPR4;FNEP;FENICIAPAR SA;74409467000126;OK;ACN;PR;PN;EPNNPR;ACOES NOMINATIVAS ACOES PREFERENCIAIS;A;True;A;;;2026-10-05;True
BRFNIVACNOR6;FNIV;BCO FININVEST SA;33098518000169;OK;ACN;OR;ON;ESVUFR;ACOES NOMINATIVAS ACOES ORDINARIAS;A;True;A;;;2026-10-05;True
BRFNIVACNPR3;FNIV;BCO FININVEST SA;33098518000169;OK;ACN;PR;PN;EPNNPR;ACOES NOMINATIVAS ACOES PREFERENCIAIS;A;True;A;;;2026-10-05;True
BRFNRIACNPB5;FNRI;NOROESTE INDUSTRIAL DE MADEIRAS S/A;03853140000109;OK;ACN;PB;PN;EPNNPR;ACOES NOMINATIVAS;A;True;N;;;2026-10-05;True
BRFNTPACNPR2;FNTP;NORTAM PECUÁRIA S/A;04657458000179;OK;ACN;PR;PN;EPNNPR;ACOES NOMINATIVAS;A;True;N;;;2026-10-05;True
BRFNUVACNOR1;FNUV;FENAUVA FEIRA NACIONAL UVA TURISMO EMPREENDIMENTO SA;88581608000106;OK;ACN;OR;ON;ESVUFR;ACOES NOMINATIVAS ACOES ORDINARIAS;A;True;A;;;2026-10-05;True
BRFNXPACNOR7;FNXP;GIF V FENIX PARTICIPACOES SA;17643871000126;OK;ACN;OR;ON;ESVUFR;ACOES NOMINATIVAS ACOES ORDINARIAS;A;True;A;;;2026-10-05;True
BRFOMSACNOR2;FOMS;FORNO MINAS ALIMENTOS SA;03870455000580;OK;ACN;OR;ON;ESVUFR;ACOES NOMINATIVAS ACOES ORDINARIAS;A;True;A;;;2026-10-05;True
BRFONTACNPA1;FONT;FONTENELLE AGRICULTURA PECUARIA S.A;06063028000154;OK;ACN;PA;PN;EPNNPR;ACOES NOMINATIVAS ACOES PREFERENCIAIS CLASSE A;A;True;A;;;2026-10-05;True
BRFONTACNPB9;FONT;FONTENELLE AGRICULTURA PECUARIA S.A;06063028000154;OK;ACN;PB;PN;EPNNPR;ACOES NOMINATIVAS ACOES PREFERENCIAIS CLASSE B;A;True;A;;;2026-10-05;True
BRFPEDACNPD5;FPED;FABRICA PEDRA SA FIACAO TECELAGEM;10831642000196;OK;ACN;PD;PN;EPNNPR;ACOES NOMINATIVAS ACOES PREFERENCIAIS CLASSE D;A;True;A;;;2026-10-05;True
BRFPESACNPB7;FPES;CIA. AMAZÔNICA DE PESCA-CIAPESC;04933446000120;OK;ACN;PB;PN;EPNNPR;ACOES NOMINATIVAS;A;True;N;;;2026-10-05;True
BRFPRTACNOR6;FPRT;FORPART SA;00249786000185;OK;ACN;OR;ON;ESVUFR;ACOES NOMINATIVAS ACOES ORDINARIAS - E:1995;A;True;A;;;2026-10-05;True
BRFPRTACNPR3;FPRT;FORPART SA;00249786000185;OK;ACN;PR;PN;EPNNPR;ACOES NOMINATIVAS ACOES PREFERENCIAIS;A;True;A;;;2026-10-05;True
BRFPSAACNOR4;FPSA;FEPASA FERROVIA PAULISTA SA;60500998000115;OK;ACN;OR;ON;ESVUFR;ACOES NOMINATIVAS ACOES ORDINARIAS;A;True;A;;;2026-10-05;True
BRFPSRACNPB9;FPSR;FAZENDA PONTA SERRA SA;09248659000136;OK;ACN;PB;PN;EPNNPR;ACOES NOMINATIVAS ACOES PREFERENCIAIS CLASSE B;A;True;A;;;2026-10-05;True
BRFR0TACNPA9;FR0T;FROTA OCEÂNICA E AMAZONICA S/A;33478009000161;OK;ACN;PA;PN;EPNNPR;ACOES NOMINATIVAS ACOES PREFERENCIAIS CL;A;True;N;;;2026-10-05;True
BRFRASACNOR0;FRAS;FRASLE MOBILITY S.A.;88610126000129;OK;ACN;OR;ON;ESVUFR;ACOES NOMINATIVAS ACOES ORDINARIAS;A;True;A;;;2026-10-05;True
BRFRASACNPR7;FRAS;FRASLE MOBILITY S.A.;88610126000129;OK;ACN;PR;PN;EPNNPR;ACOES NOMINATIVAS ACOES PREFERENCIAIS;A;True;A;;;2026-10-05;True
BRFRAUACNPB7;FRAU;FAZENDAS REUNIDAS AURELIANO SA FRASA;08429995000112;OK;ACN;PB;PN;EPNNPR;ACOES NOMINATIVAS ACOES PREFERENCIAIS CLASSE B;A;True;A;;;2026-10-05;True
BRFRBSACNPA1;FRBS;FRIGORIFICO BELO JARDIM SA FRIBESA;24063901000190;OK;ACN;PA;PN;EPNNPR;ACOES NOMINATIVAS ACOES PREFERENCIAIS CLASSE A;A;True;A;;;2026-10-05;True
BRFRCEACNOR6;FRCE;DE FRANCE INDUSTRIA COMERCIO COSMETICOS SA;14546684000136;OK;ACN;OR;ON;ESVUFR;ACOES NOMINATIVAS ACOES ORDINARIAS;A;True;A;;;2026-10-05;True
BRFRCEACNPA9;FRCE;DE FRANCE INDUSTRIA COMERCIO COSMETICOS SA;14546684000136;OK;ACN;PA;PN;EPNNPR;ACOES NOMINATIVAS ACOES PREFERENCIAIS CLASSE A;A;True;A;;;2026-10-05;True
BRFRCLACNPR8;FRCL;FRICOL FRIGORIFICO COLINAS SA;02252559000134;OK;ACN;PR;PN;EPNNPR;ACOES NOMINATIVAS ACOES PREFERENCIAIS;A;True;A;;;2026-10-05;True
BRFRGAACNPA8;FRGA;FRIGORIFICO ARAPUTANGA SA FRIGOARA;00958181000163;OK;ACN;PA;PN;EPNNPR;ACOES NOMINATIVAS ACOES PREFERENCIAIS CLASSE A;A;True;A;;;2026-10-05;True
BRFRGLACNPA5;FRGL;FRIGOL FRIGORIFICO AGROINDUSTRIAL;00118357000179;OK;ACN;PA;PN;EPNNPR;ACOES NOMINATIVAS ACOES PREFERENCIAIS CLASSE A;A;True;A;;;2026-10-05;True
BRFRGSACNPB8;FRGS;FAZENDA RIO GRANDE SA;08777872000172;OK;ACN;PB;PN;EPNNPR;ACOES NOMINATIVAS ACOES PREFERENCIAIS CLASSE B;A;True;A;;;2026-10-05;True
BRFRGVACNPA4;FRGV;FRIGOVERDI SA;01983220000145;OK;ACN;PA;PN;EPNNPR;ACOES NOMINATIVAS ACOES PREFERENCIAIS CLASSE A;A;True;A;;;2026-10-05;True
BRFRICACNPB8;FRIC;FRIGORIFICO RIO CLARO SA FRICLARO;00515400000130;OK;ACN;PB;PN;EPNNPR;ACOES NOMINATIVAS ACOES PREFERENCIAIS CLASSE B;A;True;A;;;2026-10-05;True
BRFRIFACNPA3;FRIF;FRIGORIFICO FERNANDES SA;84578012000198;OK;ACN;PA;PN;EPNNPR;ACOES NOMINATIVAS ACOES PREFERENCIAIS CLASSE A;A;True;A;;;2026-10-05;True
BRFRIGACNOR8;FRIG;FRIGOBRAS CIA BRASILEIRA FRIGORIFICOS;60883212000196;OK;ACN;OR;ON;ESVUFR;ACOES NOMINATIVAS ACOES ORDINARIAS;A;True;A;;;2026-10-05;True
BRFRIGACNPR5;FRIG;FRIGOBRAS CIA BRASILEIRA FRIGORIFICOS;60883212000196;OK;ACN;PR;PN;EPNNPR;ACOES NOMINATIVAS ACOES PREFERENCIAIS;A;True;A;;;2026-10-05;True
BRFRIOACNOR2;FRIO;METALFRIO SOLUTIONS SA;04821041000108;OK;ACN;OR;ON;ESVUFR;ACOES NOMINATIVAS ACOES ORDINARIAS;A;True;A;;;2026-10-05;True
BRFRISACNOR3;FRIS;FRIGORIFICO RIO DOCE SA FRISA;27497684000135;OK;ACN;OR;ON;ESVUFR;ACOES NOMINATIVAS ACOES ORDINARIAS;A;True;A;;;2026-10-05;True
BRFRISACNPR0;FRIS;FRIGORIFICO RIO DOCE SA FRISA;27497684000135;OK;ACN;PR;PN;EPNNPR;ACOES NOMINATIVAS ACOES PREFERENCIAIS;A;True;A;;;2026-10-05;True
BRFRMFACNPA5;FRMF;FARMFRUIT AGROINDL SA;69909687000189;OK;ACN;PA;PN;EPNNPR;ACOES NOMINATIVAS ACOES PREFERENCIAIS CLASSE A;A;True;A;;;2026-10-05;True
BRFRMSACNPA8;FRMS;FORMOSA AGROPECUARIA SA;07481336000162;OK;ACN;PA;PN;EPNNPR;ACOES NOMINATIVAS ACOES PREFERENCIAIS CLASSE A;A;True;A;;;2026-10-05;True
BRFRNTACNPA4;FRNT;FRINORTE FRIGORIFICO NORTE ESPIRITO SANTO SA;27544717000150;OK;ACN;PA;PN;EPNNPR;ACOES NOMINATIVAS ACOES PREFERENCIAIS CLASSE A;A;True;A;;;2026-10-05;True
BRFRNVACNOR7;FRNV;CIA NAVEGACAO SAO FRANCISCO - FRANAVE;23533417000115;OK;ACN;OR;ON;ESVUFR;ACOES NOMINATIVAS ACOES ORDINARIAS;A;True;A;;;2026-10-05;True
BRFROEACNOR1;FROE;FERROVIA NOVOESTE SA;39115514000128;OK;ACN;OR;ON;ESVUFR;ACOES NOMINATIVAS ACOES ORDINARIAS;A;True;A;;;2026-10-05;True
BRFRPIACNPA2;FRPI;FRUTOS PIAUI SA FRUPISA;23523269000158;OK;ACN;PA;PN;EPNNPR;ACOES NOMINATIVAS ACOES PREFERENCIAIS CLASSE A;A;True;A;;;2026-10-05;True
BRFRPSACNOR8;FRPS;BRASIL FERROVIAS SA (EX FERROPASA FERRONORTE PARTICIPACOES SA);02457269000127;OK;ACN;OR;ON;ESVUFR;ACOES NOMINATIVAS ACOES ORDINARIAS;A;True;A;;;2026-10-05;True
BRFRPSACNPR5;FRPS;BRASIL FERROVIAS SA (EX FERROPASA FERRONORTE PARTICIPACOES SA);02457269000127;OK;ACN;PR;PN;EPNNPR;ACOES NOMINATIVAS ACOES PREFERENCIAIS;A;True;A;;;2026-10-05;True
BRFRQLACNPA4;FRQL;AGROPECUARIA FORQUILHA SA;04602181000187;OK;ACN;PA;PN;EPNNPR;ACOES NOMINATIVAS ACOES PREFERENCIAIS CLASSE A;A;True;A;;;2026-10-05;True
BRFRQLACNPB2;FRQL;AGROPECUARIA FORQUILHA SA;04602181000187;OK;ACN;PB;PN;EPNNPR;ACOES NOMINATIVAS ACOES PREFERENCIAIS CLASSE B;A;True;A;;;2026-10-05;True
BRFRRNACNOR5;FRRN;RUMO MALHA NORTE S.;24962466000136;OK;ACN;OR;ON;ESVUFR;ACOES NOMINATIVAS ACOES ORDINARIAS;A;True;A;;;2026-10-05;True
BRFRRNACNPA8;FRRN;RUMO MALHA NORTE S.;24962466000136;OK;ACN;PA;PN;EPNNPR;ACOES NOMINATIVAS ACOES PREFERENCIAIS CLASSE A;A;True;A;;;2026-10-05;True
BRFRRNACNPB6;FRRN;RUMO MALHA NORTE S.;24962466000136;OK;ACN;PB;PN;EPNNPR;ACOES NOMINATIVAS ACOES PREFERENCIAIS CLASSE B;A;True;A;;;2026-10-05;True
BRFRSAACNPA3;FRSA;FAZENDAS REUNIDAS SA - FRASA;07088867000190;OK;ACN;PA;PN;EPNNPR;ACOES NOMINATIVAS ACOES PREFERENCIAIS CLASSE A;A;True;A;;;2026-10-05;True
BRFRSIACNPA6;FRSI;FORASA INDUSTRIA ALIMENTICIA SA;03021552000174;OK;ACN;PA;PN;EPNNPR;ACOES NOMINATIVAS ACOES PREFERENCIAIS CLASSE A;A;True;A;;;2026-10-05;True
BRFRTAACNOR8;FRTA;POMIFRUTAS SA;86550951000150;OK;ACN;OR;ON;ESVUFR;ACOES NOMINATIVAS ACOES ORDINARIAS;A;True;A;;;2026-10-05;True
BRFRTPACNOR6;FRTP;FRUTOP PRODUTORA ALIMENTOS SA;05876107000111;OK;ACN;OR;ON;ESVUFR;ACOES NOMINATIVAS ACOES ORDINARIAS;A;True;A;;;2026-10-05;True
BRFRTPACNPB7;FRTP;FRUTOP PRODUTORA ALIMENTOS SA;05876107000111;OK;ACN;PB;PN;EPNNPR;ACOES NOMINATIVAS ACOES PREFERENCIAIS CLASSE B;A;True;A;;;2026-10-05;True
BRFRTRACNPR9;FRTR;FARTURA AGROPECUARIA SA;05427471000102;OK;ACN;PR;PN;EPNNPR;ACOES NOMINATIVAS ACOES PREFERENCIAIS;A;True;A;;;2026-10-05;True
BRFRTVACNPA7;FRTV;FRUTAVI COMERCIO IMPORTACAO E EXPORTACAO FRUTAS S.A;02565001000109;OK;ACN;PA;PN;EPNNPR;ACOES NOMINATIVAS ACOES PREFERENCIAIS CLASSE A;A;True;A;;;2026-10-05;True
BRFRTYACNOR8;FRTY;FROOTY COMERCIO INDUSTRIA ALIMENTOS SA;68093095000179;OK;ACN;OR;ON;ESVUFR;ACOES NOMINATIVAS ACOES ORDINARIAS;A;True;A;;;2026-10-05;True
BRFRTYACNPA1;FRTY;FROOTY COMERCIO INDUSTRIA ALIMENTOS SA;68093095000179;OK;ACN;PA;PN;EPNNPR;ACOES NOMINATIVAS ACOES PREFERENCIAIS CLASSE A;A;True;A;;;2026-10-05;True
BRFRTYACNPB9;FRTY;FROOTY COMERCIO INDUSTRIA ALIMENTOS SA;68093095000179;OK;ACN;PB;PN;EPNNPR;ACOES NOMINATIVAS ACOES PREFERENCIAIS CLASSE B;A;True;A;;;2026-10-05;True
BRFRTYACNPC7;FRTY;FROOTY COMERCIO INDUSTRIA ALIMENTOS SA;68093095000179;OK;ACN;PC;PN;EPNNPR;ACOES NOMINATIVAS ACOES PREFERENCIAIS CLASSE C;A;True;A;;;2026-10-05;True
BRFRVPACNPB3;FRVP;FAZENDAS REUNIDAS VALE RIO PRETO SA;11355252000150;OK;ACN;PB;PN;EPNNPR;ACOES NOMINATIVAS ACOES PREFERENCIAIS CLASSE B;A;True;A;;;2026-10-05;True
BRFRVSACNPA9;FRVS;FRIVASA FRIGORIFICO VALE TAPANA SA;34630186000184;OK;ACN;PA;PN;EPNNPR;ACOES NOMINATIVAS ACOES PREFERENCIAIS CLASSE A;A;True;A;;;2026-10-05;True
BRFSMRACNPA8;FSMR;FAZENDA SANTA MARIA RONDON SA;10244952000104;OK;ACN;PA;PN;EPNNPR;ACOES NOMINATIVAS ACOES PREFERENCIAIS CLASSE A;A;True;A;;;2026-10-05;True
BRFSMRACNPC4;FSMR;FAZENDA SANTA MARIA RONDON SA;10244952000104;OK;ACN;PC;PN;EPNNPR;ACOES NOMINATIVAS ACOES PREFERENCIAIS CLASSE C;A;True;A;;;2026-10-05;True
BRFTBAACNOR2;FTBA;FERTIBASE SA FERTILIZANTES BASICOS;43081082000159;OK;ACN;OR;ON;ESVUFR;ACOES NOMINATIVAS ACOES ORDINARIAS;A;True;A;;;2026-10-05;True
BRFTBAACNPR9;FTBA;FERTIBASE SA FERTILIZANTES BASICOS;43081082000159;OK;ACN;PR;PN;EPNNPR;ACOES NOMINATIVAS ACOES PREFERENCIAIS;A;True;A;;;2026-10-05;True
BRFTLRACNPA8;FTLR;FONTENELE LYRA SA;05001862000152;OK;ACN;PA;PN;EPNNPR;ACOES NOMINATIVAS ACOES PREFERENCIAIS CLASSE A;A;True;A;;;2026-10-05;True
BRFTNLACNPA7;FTNL;IRMAOS FONTENELE SA COM IND AGRICULTURA;07214885000170;OK;ACN;PA;PN;EPNNPR;ACOES NOMINATIVAS ACOES PREFERENCIAIS CLASSE A;A;True;A;;;2026-10-05;True
BRFTPNACNOR5;FTPN;FERTIPLAN SA ADUBOS INSETICIDAS;61549754000190;OK;ACN;OR;ON;ESVUFR;ACOES NOMINATIVAS ACOES ORDINARIAS;A;True;A;;;2026-10-05;True
BRFTPNACNPR2;FTPN;FERTIPLAN SA ADUBOS INSETICIDAS;61549754000190;OK;ACN;PR;PN;EPNNPR;ACOES NOMINATIVAS ACOES PREFERENCIAIS;A;True;A;;;2026-10-05;True
BRFTRDACNPA5;FTRD;FRUTICULTURA IRRIGACAO RENDA SA FRUTIRENDA;01458335000110;OK;ACN;PA;PN;EPNNPR;ACOES NOMINATIVAS ACOES PREFERENCIAIS CLASSE A;A;True;A;;;2026-10-05;True
BRFTROACNOR9;FTRO;FRUTOS TROPICAIS SA;13504691000102;OK;ACN;OR;ON;ESVUFR;ACOES NOMINATIVAS ACOES ORDINARIAS;A;True;A;;;2026-10-05;True
BRFTROACNPA2;FTRO;FRUTOS TROPICAIS SA;13504691000102;OK;ACN;PA;PN;EPNNPR;ACOES NOMINATIVAS ACOES PREFERENCIAIS CLASSE A;A;True;A;;;2026-10-05;True
BRFTROACNPB0;FTRO;FRUTOS TROPICAIS SA;13504691000102;OK;ACN;PB;PN;EPNNPR;ACOES NOMINATIVAS ACOES PREFERENCIAIS CLASSE B;A;True;A;;;2026-10-05;True
BRFTROACNPC8;FTRO;FRUTOS TROPICAIS SA;13504691000102;OK;ACN;PC;PN;EPNNPR;ACOES NOMINATIVAS ACOES PREFERENCIAIS CLASSE C;A;True;A;;;2026-10-05;True
BRFTROACNPD6;FTRO;FRUTOS TROPICAIS SA;13504691000102;OK;ACN;PD;PN;EPNNPR;ACOES NOMINATIVAS ACOES PREFERENCIAIS CLASSE D;A;True;A;;;2026-10-05;True
BRFTRPACNOR6;FTRP;FTRSPE 3 EMPREENDIMENTOS PARTICIPACOES SA;24219351000156;OK;ACN;OR;ON;ESVUFR;ACOES NOMINATIVAS ACOES ORDINARIAS;A;True;A;;;2026-10-05;True
BRFTRTACNOR8;FTRT;FUTURETEL SA;02465783000104;OK;ACN;OR;ON;ESVUFR;ACOES NOMINATIVAS ACOES ORDINARIAS;A;True;A;;;2026-10-05;True
BRFTRXACNOR0;FTRX;FABRICA TECIDOS CARLOS RENAUX SA;82981671000145;OK;ACN;OR;ON;ESVUFR;ACOES NOMINATIVAS ACOES ORDINARIAS;A;True;A;;;2026-10-05;True
BRFTRXACNPR7;FTRX;FABRICA TECIDOS CARLOS RENAUX SA;82981671000145;OK;ACN;PR;PN;EPNNPR;ACOES NOMINATIVAS ACOES PREFERENCIAIS;A;True;A;;;2026-10-05;True
BRFTSAACNOR6;FTSA;CIA FIACAO TECIDOS SANTO ANTONIO;25582727000155;OK;ACN;OR;ON;ESVUFR;ACOES NOMINATIVAS ACOES ORDINARIAS;A;True;A;;;2026-10-05;True
BRFTSAACNPA9;FTSA;CIA FIACAO TECIDOS SANTO ANTONIO;25582727000155;OK;ACN;PA;PN;EPNNPR;ACOES NOMINATIVAS ACOES PREFERENCIAIS CLASSE A;A;True;A;;;2026-10-05;True
BRFTSAACNPB7;FTSA;CIA FIACAO TECIDOS SANTO ANTONIO;25582727000155;OK;ACN;PB;PN;EPNNPR;ACOES NOMINATIVAS ACOES PREFERENCIAIS CLASSE B;A;True;A;;;2026-10-05;True
BRFTVLACNOR7;FTVL;FRUTOS VALE SA;08791139000102;OK;ACN;OR;ON;ESVUFR;ACOES NOMINATIVAS ACOES ORDINARIAS;A;True;A;;;2026-10-05;True
BRFTVLACNPA0;FTVL;FRUTOS VALE SA;08791139000102;OK;ACN;PA;PN;EPNNPR;ACOES NOMINATIVAS ACOES PREFERENCIAIS CLASSE A;A;True;A;;;2026-10-05;True
BRFTVLACNPB8;FTVL;FRUTOS VALE SA;08791139000102;OK;ACN;PB;PN;EPNNPR;ACOES NOMINATIVAS ACOES PREFERENCIAIS CLASSE B;A;True;A;;;2026-10-05;True
BRFTVLACNPC6;FTVL;FRUTOS VALE SA;08791139000102;OK;ACN;PC;PN;EPNNPR;ACOES NOMINATIVAS ACOES PREFERENCIAIS CLASSE C;A;True;A;;;2026-10-05;True
BRFTVPACNOR8;FTVP;FTV PARAISO PARTICIPACOES SA;12056625000154;OK;ACN;OR;ON;ESVUFR;ACOES NOMINATIVAS ACOES ORDINARIAS;A;True;A;;;2026-10-05;True
BRFUCHACNOR3;FUCH;IND MAQUINAS AGRICOLAS FUCHS SA;90724345000180;OK;ACN;OR;ON;ESVUFR;ACOES NOMINATIVAS ACOES ORDINARIAS;A;True;A;;;2026-10-05;True
BRFUCHACNPA6;FUCH;IND MAQUINAS AGRICOLAS FUCHS SA;90724345000180;OK;ACN;PA;PN;EPNNPR;ACOES NOMINATIVAS ACOES PREFERENCIAIS CLASSE A;A;True;A;;;2026-10-05;True
BRFUCHACNPB4;FUCH;IND MAQUINAS AGRICOLAS FUCHS SA;90724345000180;OK;ACN;PB;PN;EPNNPR;ACOES NOMINATIVAS ACOES PREFERENCIAIS CLASSE B;A;True;A;;;2026-10-05;True
BRFULWACNOR3;FULW;FULWOOD S.A.;17943792000130;OK;ACN;OR;ON;ESVUFR;ACOES NOMINATIVAS;A;True;N;;;2026-10-05;True
BRFURNACNOR9;FURN;FURNAS CENTRAIS ELETRICAS SA;23274194000119;OK;ACN;OR;ON;ESVUFR;ACOES NOMINATIVAS ACOES ORDINARIAS;A;True;A;;;2026-10-05;True
BRFURNACNPR6;FURN;FURNAS CENTRAIS ELETRICAS SA;23274194000119;OK;ACN;PR;PN;EPNNPR;ACOES NOMINATIVAS ACOES PREFERENCIAIS;A;True;A;;;2026-10-05;True
BRFVGPACNPA8;FVGP;FRIGORIFICO VALE GUAPORE SA;36936912000117;OK;ACN;PA;PN;EPNNPR;ACOES NOMINATIVAS ACOES PREFERENCIAIS CLASSE A;A;True;A;;;2026-10-05;True
BRFVITACNPA6;FVIT;FRUTIVITA SA;70209838000175;OK;ACN;PA;PN;EPNNPR;ACOES NOMINATIVAS ACOES PREFERENCIAIS CLASSE A;A;True;A;;;2026-10-05;True
BRFVRCACNOR0;FVRC;FV REPAROS CONSTRUCAO NAVAL SA;03024422000195;OK;ACN;OR;ON;ESVUFR;ACOES NOMINATIVAS ACOES ORDINARIAS;A;True;A;;;2026-10-05;True
BRFVRCACNPA3;FVRC;FV REPAROS CONSTRUCAO NAVAL SA;03024422000195;OK;ACN;PA;PN;EPNNPR;ACOES NOMINATIVAS ACOES PREFERENCIAIS CLASSE A;A;True;A;;;2026-10-05;True
BRFVRIACNPR4;FVRI;FAZENDA VITORIA REGIA INDUSTRIAL SA;04887113000101;OK;ACN;PR;PN;EPNNPR;ACOES NOMINATIVAS ACOES PREFERENCIAIS;A;True;A;;;2026-10-05;True
BRFZAGACNPA1;FZAG;FAZENDA AGROPASTORIL SAO PEDRO SA;04702692000170;OK;ACN;PA;PN;EPNNPR;ACOES NOMINATIVAS ACOES PREFERENCIAIS CLASSE A;A;True;A;;;2026-10-05;True
BRFZBJACNPA3;FZBJ;FAZENDA BOM JESUS SA;02247741000105;OK;ACN;PA;PN;EPNNPR;ACOES NOMINATIVAS ACOES PREFERENCIAIS CLASSE A;A;True;A;;;2026-10-05;True
BRFZCNACNPA3;FZCN;FAZENDA CONCEICAO SA;36881662000165;OK;ACN;PA;PN;EPNNPR;ACOES NOMINATIVAS ACOES PREFERENCIAIS CLASSE A;A;True;A;;;2026-10-05;True
BRFZCNACNPC9;FZCN;FAZENDA CONCEICAO SA;36881662000165;OK;ACN;PC;PN;EPNNPR;ACOES NOMINATIVAS ACOES PREFERENCIAIS CLASSE C;A;True;A;;;2026-10-05;True
BRFZGRACNPA5;FZGR;FAZENDA GUARA AGROINDL SA;11222650000106;OK;ACN;PA;PN;EPNNPR;ACOES NOMINATIVAS ACOES PREFERENCIAIS CLASSE A;A;True;A;;;2026-10-05;True
BRFZITACNPA7;FZIT;FAZENDA ITAGUARI SA FISA;04839932000183;OK;ACN;PA;PN;EPNNPR;ACOES NOMINATIVAS ACOES PREFERENCIAIS CLASSE A;A;True;A;;;2026-10-05;True
BRFZMBACNPA7;FZMB;FAZENDA MONTE BELO SA;05605118000167;OK;ACN;PA;PN;EPNNPR;ACOES NOMINATIVAS ACOES PREFERENCIAIS CLASSE A;A;True;A;;;2026-10-05;True
BRFZMIACNPR6;FZMI;FAZENDA MIRONGA SA;10233575000108;OK;ACN;PR;PN;EPNNPR;ACOES NOMINATIVAS ACOES PREFERENCIAIS;A;True;A;;;2026-10-05;True
BRFZNAACNPA7;FZNA;FAZENDA NOVA AMERICA SA;04112629000184;OK;ACN;PA;PN;EPNNPR;ACOES NOMINATIVAS ACOES PREFERENCIAIS CLASSE A;A;True;A;;;2026-10-05;True
BRFZNAACNPB5;FZNA;FAZENDA NOVA AMERICA SA;04112629000184;OK;ACN;PB;PN;EPNNPR;ACOES NOMINATIVAS ACOES PREFERENCIAIS CLASSE B;A;True;A;;;2026-10-05;True
BRFZOLACNPC8;FZOL;FAZENDA OLINDA SA;09761172000152;OK;ACN;PC;PN;EPNNPR;ACOES NOMINATIVAS ACOES PREFERENCIAIS CLASSE C;A;True;A;;;2026-10-05;True
BRFZPIACNPA5;FZPI;FAZENDA PIRI GRANDE SA;04994190000160;OK;ACN;PA;PN;EPNNPR;ACOES NOMINATIVAS ACOES PREFERENCIAIS CLASSE A;A;True;A;;;2026-10-05;True
BRFZREACNPA0;FZRE;FAZENDAS REUNIDAS ESPLANADA SA;08804577000168;OK;ACN;PA;PN;EPNNPR;ACOES NOMINATIVAS ACOES PREFERENCIAIS CLASSE A;A;True;A;;;2026-10-05;True
BRFZSBACNPA4;FZSB;FAZENDA SERRA BRANCA SA;07481989000141;OK;ACN;PA;PN;EPNNPR;ACOES NOMINATIVAS ACOES PREFERENCIAIS CLASSE A;A;True;A;;;2026-10-05;True
BRFZSLACNPR7;FZSL;FAZENDA SELECAO SA;06888051000188;OK;ACN;PR;PN;EPNNPR;ACOES NOMINATIVAS ACOES PREFERENCIAIS;A;True;A;;;2026-10-05;True
BRFZSMACNPR5;FZSM;FAZENDA SAMAMBAIA S.A.;04877635000122;OK;ACN;PR;PN;EPNNPR;ACOES NOMINATIVAS ACOES PREFERENCIAIS;A;True;A;;;2026-10-05;True
BRFZSTACNPA6;FZST;FAZENDA SANTA TEREZA SA;04197638000115;OK;ACN;PA;PN;EPNNPR;ACOES NOMINATIVAS ACOES PREFERENCIAIS CLASSE A;A;True;A;;;2026-10-05;True
BRFZSVACNPC8;FZSV;FAZENDA AGROPECARIA SERRA VERDE SA;07299449000141;OK;ACN;PC;PN;EPNNPR;ACOES NOMINATIVAS ACOES PREFERENCIAIS CLASSE C;A;True;A;;;2026-10-05;True
BRFZTBACNPR6;FZTB;FAZENDA TABOLEIRO SA;07103419000118;OK;ACN;PR;PN;EPNNPR;ACOES NOMINATIVAS ACOES PREFERENCIAIS;A;True;A;;;2026-10-05;True
BRFZVAACNPR4;FZVA;FAZENDA VARZEA SA;14497093000116;OK;ACN;PR;PN;EPNNPR;ACOES NOMINATIVAS ACOES PREFERENCIAIS;A;True;A;;;2026-10-05;True
BRG1SAACNPA8;G1SA;GALLETTI AGRO INDUSTRIAL S/A;06272611000175;OK;ACN;PA;PN;EPNNPR;ACOES NOMINATIVAS ACOES PREFERENCIAIS CL;A;True;N;;;2026-10-05;True
BRG1SAACNPB6;G1SA;GALLETTI AGRO INDUSTRIAL S/A;06272611000175;OK;ACN;PB;PN;EPNNPR;ACOES NOMINATIVAS ACOES PREFERENCIAIS CL;A;True;N;;;2026-10-05;True
BRG3CAACNPA8;G3CA;CARBOVEGETAL S/A IND E COMERCIO;17059056000114;OK;ACN;PA;PN;EPNNPR;ACOES NOMINATIVAS;A;True;N;;;2026-10-05;True
BRG3FNACNPA4;G3FN;AGROPEC GIFONI SALES S/A - AGISA;06016364000146;OK;ACN;PA;PN;EPNNPR;ACOES NOMINATIVAS;A;True;N;;;2026-10-05;True
BRG7FHACNPB5;G7FH;G.F. HOTÉIS E TURISMO S/A;01040435000122;OK;ACN;PB;PN;EPNNPR;ACOES NOMINATIVAS;A;True;N;;;2026-10-05;True
BRG8GCACNPA4;G8GC;GECOSA - INDS INTEGS GERVASIO COSTA S/A;06920516000130;OK;ACN;PA;PN;EPNNPR;ACOES NOMINATIVAS;A;True;N;;;2026-10-05;True
BRG9AIACNPA2;G9AI;GUEDESLANDIA AGROPECUARIA E INDUSTRIAL S A GAISA;07804966000120;OK;ACN;PA;PN;EPNNPR;ACOES NOMINATIVAS;A;True;N;;;2026-10-05;True
BRG9AIACNPB0;G9AI;GUEDESLANDIA AGROPECUARIA E INDUSTRIAL S A GAISA;07804966000120;OK;ACN;PB;PN;EPNNPR;ACOES NOMINATIVAS CALSSE B;A;True;N;;;2026-10-05;True
BRGAFPACNOR9;GAFP;CIMOB PARTICIPACOES SA (EX GAFISA PARTICIPACOES SA);34177279000103;OK;ACN;OR;ON;ESVUFR;ACOES NOMINATIVAS ACOES ORDINARIAS;A;True;A;;;2026-10-05;True
BRGAFPACNPR6;GAFP;CIMOB PARTICIPACOES SA (EX GAFISA PARTICIPACOES SA);34177279000103;OK;ACN;PR;PN;EPNNPR;ACOES NOMINATIVAS ACOES PREFERENCIAIS;A;True;A;;;2026-10-05;True
BRGALOACNOR0;GALO;DE MAIO GALLO SA IND COM PECAS AUTOMOTORES;61146650000134;OK;ACN;OR;ON;ESVUFR;ACOES NOMINATIVAS ACOES ORDINARIAS;A;True;A;;;2026-10-05;True
BRGALOACNPR7;GALO;DE MAIO GALLO SA IND COM PECAS AUTOMOTORES;61146650000134;OK;ACN;PR;PN;EPNNPR;ACOES NOMINATIVAS ACOES PREFERENCIAIS;A;True;A;;;2026-10-05;True
BRGAMZACNOR4;GAMZ;GERA AMAZONAS GERADORA ENERGIA AMAZONAS SA;07469933000171;OK;ACN;OR;ON;ESVUFR;ACOES NOMINATIVAS ACOES ORDINARIAS;A;True;A;;;2026-10-05;True
BRGAMZACNPA7;GAMZ;GERA AMAZONAS GERADORA ENERGIA AMAZONAS SA;07469933000171;OK;ACN;PA;PN;EPNNPR;ACOES NOMINATIVAS ACOES PREFERENCIAIS CLASSE A;A;True;A;;;2026-10-05;True
BRGAROACNOR7;GARO;GAROS INVESTIMENTOS PARTICIPACOES LTDA;29245232000191;OK;ACN;OR;ON;ESVUFR;ACOES NOMINATIVAS ACOES ORDINARIAS;A;True;N;;;2026-10-05;True
BRGASBACNOR2;GASB;GAS BRASILIANO DISTRIBUIDORA LTDA;;VAZIO;ACN;OR;ON;ESVUFR;ACOES NOMINATIVAS QUOTAS;A;True;A;;;2026-10-05;True
BRGASCACNOR0;GASC;RUMO MALHA PAULISTA S/A;02502844000166;OK;ACN;OR;ON;ESVUFR;ACOES NOMINATIVAS ACOES ORDINARIAS;A;True;A;;;2026-10-05;True
BRGASCACNPR7;GASC;RUMO MALHA PAULISTA S/A;02502844000166;OK;ACN;PR;PN;EPNNPR;ACOES NOMINATIVAS ACOES PREFERENCIAIS;A;True;A;;;2026-10-05;True
BRGAVNACNOR1;GAVN;GRANJA AVENORTE SA;01800130000171;OK;ACN;OR;ON;ESVUFR;ACOES NOMINATIVAS ACOES ORDINARIAS;A;True;A;;;2026-10-05;True
BRGAVNACNPR8;GAVN;GRANJA AVENORTE SA;01800130000171;OK;ACN;PR;PN;EPNNPR;ACOES NOMINATIVAS ACOES PREFERENCIAIS;A;True;A;;;2026-10-05;True
BRGAZOACNOR0;GAZO;GAZOLA SA IND METALURGICA;88611983000143;OK;ACN;OR;ON;ESVUFR;ACOES NOMINATIVAS ACOES ORDINARIAS;A;True;A;;;2026-10-05;True
BRGAZOACNPR7;GAZO;GAZOLA SA IND METALURGICA;88611983000143;OK;ACN;PR;PN;EPNNPR;ACOES NOMINATIVAS ACOES PREFERENCIAIS;A;True;A;;;2026-10-05;True
BRGDAEACNOR8;GDAE;GERDAU ACOES ESPECIAIS SA;07359641000186;OK;ACN;OR;ON;ESVUFR;ACOES NOMINATIVAS ACOES ORDINARIAS;A;True;A;;;2026-10-05;True
BRGDAEACNPR5;GDAE;GERDAU ACOES ESPECIAIS SA;07359641000186;OK;ACN;PR;PN;EPNNPR;ACOES NOMINATIVAS ACOES PREFERENCIAIS;A;True;A;;;2026-10-05;True
BRGDALACNOR3;GDAL;GERDAU ACOS LONGOS SA;07358761000169;OK;ACN;OR;ON;ESVUFR;ACOES NOMINATIVAS ACOES ORDINARIAS;A;True;A;;;2026-10-05;True
BRGDALACNPR0;GDAL;GERDAU ACOS LONGOS SA;07358761000169;OK;ACN;PR;PN;EPNNPR;ACOES NOMINATIVAS ACOES PREFERENCIAIS;A;True;A;;;2026-10-05;True
BRGDAMACNOR1;GDAM;GERDAU AMERICA SUL PARTICIPACOES SA;07430351000181;OK;ACN;OR;ON;ESVUFR;ACOES NOMINATIVAS ACOES ORDINARIAS;A;True;A;;;2026-10-05;True
BRGDAMACNPR8;GDAM;GERDAU AMERICA SUL PARTICIPACOES SA;07430351000181;OK;ACN;PR;PN;EPNNPR;ACOES NOMINATIVAS ACOES PREFERENCIAIS;A;True;A;;;2026-10-05;True
BRGDCMACNOR7;GDCM;GERDAU COML ACOS SA;07369685000197;OK;ACN;OR;ON;ESVUFR;ACOES NOMINATIVAS ACOES ORDINARIAS;A;True;A;;;2026-10-05;True
BRGDCMACNPR4;GDCM;GERDAU COML ACOS SA;07369685000197;OK;ACN;PR;PN;EPNNPR;ACOES NOMINATIVAS ACOES PREFERENCIAIS;A;True;A;;;2026-10-05;True
BRGDPSACNOR6;GDPS;GD PARTICIPACOES SA;34656852000153;OK;ACN;OR;ON;ESVUFR;ACOES NOMINATIVAS ACOES ORDINÁRIAS;A;True;A;;;2026-10-05;True
BRGENCACNOR3;GENC;GENCONSULTORIA SOCIEDADE CONSULTORIA GESTAO REPRESENTACOES LTDA;;VAZIO;ACN;OR;ON;ESVUFR;ACOES NOMINATIVAS COTAS;A;True;A;;;2026-10-05;True
BRGENTACNOR7;GENT;LG INFORMÁTICA S.A.;01468594000122;OK;ACN;OR;ON;ESVUFR;ACOES NOMINATIVAS;A;True;N;;;2026-10-05;True
BRGEOCACNOR1;GEOC;GEOCICLO BIOTECNOLOGIA SA;02583021000102;OK;ACN;OR;ON;ESVUFR;ACOES NOMINATIVAS ACOES ORDINARIAS;A;True;A;;;2026-10-05;True
BRGEOLACNOR2;GEOL;GEORADAR LEVANTAMENTO GEOFISICOS SA;03087282000102;OK;ACN;OR;ON;ESVUFR;ACOES NOMINATIVAS ACOES ORDINARIAS;A;True;A;;;2026-10-05;True
BRGEOTACNOR5;GEOT;GEOTECNICA SA;33143025000101;OK;ACN;OR;ON;ESVUFR;ACOES NOMINATIVAS ACOES ORDINARIAS;A;True;A;;;2026-10-05;True
BRGEPAACNOR2;GEPA;RIO PARANAPANEMA ENERGIA SA;02998301000181;OK;ACN;OR;ON;ESVUFR;ACOES NOMINATIVAS ACOES ORDINARIAS;A;True;A;;;2026-10-05;True
BRGEPAACNPR9;GEPA;RIO PARANAPANEMA ENERGIA SA;02998301000181;OK;ACN;PR;PN;EPNNPR;ACOES NOMINATIVAS ACOES PREFERENCIAIS;A;True;A;;;2026-10-05;True
BRGESAACNPC5;GESA;GEMASA-GRANJAS ESPECIAIS DO MARANHAO S.A.;06699599000180;OK;ACN;PC;PN;EPNNPR;ACOES NOMINATIVAS ACOES PREFERENCIAIS CLASSE C;A;True;A;;;2026-10-05;True
BRGESAACNPD3;GESA;GEMASA-GRANJAS ESPECIAIS DO MARANHAO S.A.;06699599000180;OK;ACN;PD;PN;EPNNPR;ACOES NOMINATIVAS;A;True;N;;;2026-10-05;True
BRGETTACNOR4;GETT;GETNET ADQ. E SERV MEIOS DE PGTO S.A - INST PGTO.;10440482000154;OK;ACN;OR;ON;ESVUFR;ACOES NOMINATIVAS;A;True;N;;;2026-10-05;True
BRGETTACNPR1;GETT;GETNET ADQ. E SERV MEIOS DE PGTO S.A - INST PGTO.;10440482000154;OK;ACN;PR;PN;EPNNPR;ACOES NOMINATIVAS;A;True;N;;;2026-10-05;True
BRGETTCDAM17;GETT;GETNET ADQ. E SERV MEIOS DE PGTO S.A - INST PGTO.;10440482000154;OK;CDA;M1;UNIT;EMXXXR;CERTIFICADO DE DEPOSITO DE ACOES 1 ON X 1 PN;A;True;A;;;2026-10-05;True
BRGFARACNOR5;GFAR;GOLDFARB INCORPORACOES CONSTRUCOES SA;58507286000186;OK;ACN;OR;ON;ESVUFR;ACOES NOMINATIVAS ACOES ORDINARIAS;A;True;A;;;2026-10-05;True
BRGFSAACNOR3;GFSA;GAFISA SA;01545826000107;OK;ACN;OR;ON;ESVUFR;ACOES NOMINATIVAS ACOES ORDINARIAS;A;True;A;;;2026-10-05;True
BRGFSAUNT002;GFSA;GAFISA SA;01545826000107;OK;UNT;ZZ;UNIT;MCMUXR;UNITS L: 06/25;A;True;N;2025-06-25;;2026-10-05;True
BRGFVPACNOR5;GFVP;GIF V PARTICIPACOES SA;21541309000169;OK;ACN;OR;ON;ESVUFR;ACOES NOMINATIVAS ACOES ORDINARIAS;A;True;A;;;2026-10-05;True
BRGGBRACNOR1;GGBR;GERDAU SA;33611500000119;OK;ACN;OR;ON;ESVUFR;ACOES NOMINATIVAS ACOES ORDINARIAS;A;True;A;;;2026-10-05;True
BRGGBRACNPR8;GGBR;GERDAU SA;33611500000119;OK;ACN;PR;PN;EPNNPR;ACOES NOMINATIVAS ACOES PREFERENCIAIS;A;True;A;;;2026-10-05;True
BRGGESACNOR3;GGES;GANGES PARTICIPACOES SA;02312126000127;OK;ACN;OR;ON;ESVUFR;ACOES NOMINATIVAS ACOES ORDINARIAS;A;True;A;;;2026-10-05;True
BRGGPSACNOR9;GGPS;GPS PARTICIPACOES EMPREENDIMENTOS SA;09229201000130;OK;ACN;OR;ON;ESVUFR;ACOES NOMINATIVAS ACOES ORDINARIAS;A;True;N;;;2026-10-05;True
BRGGPSACNPB0;GGPS;GPS PARTICIPACOES EMPREENDIMENTOS SA;09229201000130;OK;ACN;PB;PN;EPNNPR;ACOES NOMINATIVAS ACOES PREFERENCIAIS CLASSE B;A;True;N;;;2026-10-05;True
BRGIANACNOR8;GIAN;GIANNINI SA;61196119000176;OK;ACN;OR;ON;ESVUFR;ACOES NOMINATIVAS ACOES ORDINARIAS;A;True;A;;;2026-10-05;True
BRGIANACNPR5;GIAN;GIANNINI SA;61196119000176;OK;ACN;PR;PN;EPNNPR;ACOES NOMINATIVAS ACOES PREFERENCIAIS;A;True;A;;;2026-10-05;True
BRGIPSACNPA8;GIPS;GIPSITA SA MINERACAO IND COM;24443608000159;OK;ACN;PA;PN;EPNNPR;ACOES NOMINATIVAS ACOES PREFERENCIAIS CLASSE A;A;True;A;;;2026-10-05;True
BRGISAACNPB8;GISA;GARANHUNS INDL SA GISA;10229615000148;OK;ACN;PB;PN;EPNNPR;ACOES NOMINATIVAS ACOES PREFERENCIAIS CLASSE B;A;True;A;;;2026-10-05;True
BRGL0BACNPC8;GL0B;CIA. GRÁFICA E EDITORA GLOBO-GRAFISA;04930921000104;OK;ACN;PC;PN;EPNNPR;ACOES NOMINATIVAS;A;True;N;;;2026-10-05;True
BRGLASACNOR1;GLAS;GLASSLITE SA IND PLASTICOS;61338042000121;OK;ACN;OR;ON;ESVUFR;ACOES NOMINATIVAS ACOES ORDINARIAS;A;True;A;;;2026-10-05;True
BRGLASACNPR8;GLAS;GLASSLITE SA IND PLASTICOS;61338042000121;OK;ACN;PR;PN;EPNNPR;ACOES NOMINATIVAS ACOES PREFERENCIAIS;A;True;A;;;2026-10-05;True
BRGLICACNOR8;GLIC;GERADORA EOLICA BONS VENTOS SERRA I SA;14080223000110;OK;ACN;OR;ON;ESVUFR;ACOES NOMINATIVAS ACOES ORDINARIAS;A;True;A;;;2026-10-05;True
BRGMATACNOR7;GMAT;GRUPO MATEUS S.A;24990777000109;OK;ACN;OR;ON;ESVUFR;ACOES NOMINATIVAS;A;True;N;;;2026-10-05;True
BRGMECACNOR5;GMEC;GAZETA MERCANTIL SA;50747732000118;OK;ACN;OR;ON;ESVUFR;ACOES NOMINATIVAS ACOES ORDINARIAS;A;True;A;;;2026-10-05;True
BRGMECACNPR2;GMEC;GAZETA MERCANTIL SA;50747732000118;OK;ACN;PR;PN;EPNNPR;ACOES NOMINATIVAS ACOES PREFERENCIAIS;A;True;A;;;2026-10-05;True
BRGMOTACNOR8;GMOT;GURGEL MOTORES SA;58962275000196;OK;ACN;OR;ON;ESVUFR;ACOES NOMINATIVAS ACOES ORDINARIAS;A;True;A;;;2026-10-05;True
BRGMOTACNPR5;GMOT;GURGEL MOTORES SA;58962275000196;OK;ACN;PR;PN;EPNNPR;ACOES NOMINATIVAS ACOES PREFERENCIAIS;A;True;A;;;2026-10-05;True
BRGMRHACNOR6;GMRH;GERA MARANHAO GERADORA ENERGIA MARANHAO SA;09110880000123;OK;ACN;OR;ON;ESVUFR;ACOES NOMINATIVAS ACOES ORDINARIAS;A;True;A;;;2026-10-05;True
BRGMSAACNOR9;GMSA;PROMOAUTO PARTICIPACOES SA (EX GAMESA PARTICIPACOES SA);01394549000170;OK;ACN;OR;ON;ESVUFR;ACOES NOMINATIVAS ACOES ORDINARIAS;A;True;A;;;2026-10-05;True
BRGMSHACNOR4;GMSH;GMSH PARTICIPAÇÕES S/A;42542199000120;OK;ACN;OR;ON;ESVUFR;ACOES NOMINATIVAS;A;True;N;;;2026-10-05;True
BRGNDIACNOR2;GNDI;NOTRE DAME INTERMEDICA PARTICIPACOES SA;19853511000184;OK;ACN;OR;ON;ESVUFR;ACOES NOMINATIVAS ACOES ORDINARIAS;A;True;N;;;2026-10-05;True
BRGOAUACNOR1;GOAU;METALURGICA GERDAU SA;92690783000109;OK;ACN;OR;ON;ESVUFR;ACOES NOMINATIVAS ACOES ORDINARIAS;A;True;A;;;2026-10-05;True
BRGOAUACNPR8;GOAU;METALURGICA GERDAU SA;92690783000109;OK;ACN;PR;PN;EPNNPR;ACOES NOMINATIVAS ACOES PREFERENCIAIS;A;True;A;;;2026-10-05;True
BRGOLLACNOR7;GOLL;GOL LINHAS AEREAS INTELIGENTES S.A.;06164253000187;OK;ACN;OR;ON;ESVUFR;ACOES NOMINATIVAS ACOES ORDINARIAS;A;True;A;;;2026-10-05;True
BRGOLLACNPR4;GOLL;GOL LINHAS AEREAS INTELIGENTES S.A.;06164253000187;OK;ACN;PR;PN;EPNNPR;ACOES NOMINATIVAS ACOES PREFERENCIAIS;A;True;A;;;2026-10-05;True
BRGOYAACNOR3;GOYA;GOYANA SA IND BRASILEIRA MATERIAS PLASTICAS;60946035000140;OK;ACN;OR;ON;ESVUFR;ACOES NOMINATIVAS ACOES ORDINARIAS;A;True;A;;;2026-10-05;True
BRGOYAACNPR0;GOYA;GOYANA SA IND BRASILEIRA MATERIAS PLASTICAS;60946035000140;OK;ACN;PR;PN;EPNNPR;ACOES NOMINATIVAS ACOES PREFERENCIAIS;A;True;A;;;2026-10-05;True
BRGPARACNOR4;GPAR;CIA CELG PARTICIPACOES CELGPAR;08560444000193;OK;ACN;OR;ON;ESVUFR;ACOES NOMINATIVAS ACOES ORDINARIAS;A;True;A;;;2026-10-05;True
BRGPLAACNOR7;GPLA;GEPLAN HOTEIS SA;45086915000108;OK;ACN;OR;ON;ESVUFR;ACOES NOMINATIVAS ACOES ORDINARIAS;A;True;A;;;2026-10-05;True
BRGPLAACNPA0;GPLA;GEPLAN HOTEIS SA;45086915000108;OK;ACN;PA;PN;EPNNPR;ACOES NOMINATIVAS ACOES PREFERENCIAIS CLASSE A;A;True;A;;;2026-10-05;True
BRGPSAACNPA5;GPSA;GAMELEIRA AGROPASTORIL S/A - GAPASA;06689129000135;OK;ACN;PA;PN;EPNNPR;ACOES NOMINATIVAS;A;True;N;;;2026-10-05;True
BRGRANACNPA2;GRAN;GRANITOS SA;23445513000101;OK;ACN;PA;PN;EPNNPR;ACOES NOMINATIVAS ACOES PREFERENCIAIS CLASSE A;A;True;A;;;2026-10-05;True
BRGRAOACNOR7;GRAO;HUMBERG AGRIBRASIL COMÉRCIO E EXPORTAÇÃO DE GRÃOS S.A.;18483666000103;OK;ACN;OR;ON;ESVUFR;ACOES NOMINATIVAS;A;True;N;;;2026-10-05;True
BRGRAUACNOR4;GRAU;GRAUNA AEROSPACE SA;03011370000112;OK;ACN;OR;ON;ESVUFR;ACOES NOMINATIVAS ACOES ORDINARIAS;A;True;A;;;2026-10-05;True
BRGRDNACNPR0;GRDN;AGROPECUARIA GRENDENE SA;15053267000114;OK;ACN;PR;PN;EPNNPR;ACOES NOMINATIVAS ACOES PREFERENCIAIS;A;True;A;;;2026-10-05;True
BRGREEACNOR0;GREE;BARBER GREENE BRASIL IND COM SA;49033814000111;OK;ACN;OR;ON;ESVUFR;ACOES NOMINATIVAS ACOES ORDINARIAS;A;True;A;;;2026-10-05;True
BRGRGUACNOR1;GRGU;GRANJA GUANABARA SA;30812499000100;OK;ACN;OR;ON;ESVUFR;ACOES NOMINATIVAS ACOES ORDINARIAS;A;True;A;;;2026-10-05;True
BRGRGUACNPR8;GRGU;GRANJA GUANABARA SA;30812499000100;OK;ACN;PR;PN;EPNNPR;ACOES NOMINATIVAS ACOES PREFERENCIAIS;A;True;A;;;2026-10-05;True
BRGRJAACNPA0;GRJA;GRANJA SANTA MARTA S.A;04238176000137;OK;ACN;PA;PN;EPNNPR;ACOES NOMINATIVAS ACOES PREFERENCIAIS CLASSE A;A;True;A;;;2026-10-05;True
BRGRMAACNPA4;GRMA;GRAMACOSA GRANDE MARANHAO COMPENSADOS SA;06930747000125;OK;ACN;PA;PN;EPNNPR;ACOES NOMINATIVAS ACOES PREFERENCIAIS CLASSE A;A;True;A;;;2026-10-05;True
BRGRMAACNPB2;GRMA;GRAMACOSA GRANDE MARANHAO COMPENSADOS SA;06930747000125;OK;ACN;PB;PN;EPNNPR;ACOES NOMINATIVAS ACOES PREFERENCIAIS CLASSE B;A;True;A;;;2026-10-05;True
BRGRMZACNOR8;GRMZ;GRAMAZON GRANITOS AMAZONIA SA;84583137000106;OK;ACN;OR;ON;ESVUFR;ACOES NOMINATIVAS ACOES ORDINARIAS;A;True;A;;;2026-10-05;True
BRGRMZACNPA1;GRMZ;GRAMAZON GRANITOS AMAZONIA SA;84583137000106;OK;ACN;PA;PN;EPNNPR;ACOES NOMINATIVAS ACOES PREFERENCIAIS CLASSE A;A;True;A;;;2026-10-05;True
BRGRMZACNPB9;GRMZ;GRAMAZON GRANITOS AMAZONIA SA;84583137000106;OK;ACN;PB;PN;EPNNPR;ACOES NOMINATIVAS ACOES PREFERENCIAIS CLASSE B;A;True;A;;;2026-10-05;True
BRGRNDACNOR3;GRND;GRENDENE SA;89850341000160;OK;ACN;OR;ON;ESVUFR;ACOES NOMINATIVAS ACOES ORDINARIAS;A;True;A;;;2026-10-05;True
BRGRNEACNPB2;GRNE;GRANITOS NORDESTE BRASIL SA GRANORDESTE;09339342000105;OK;ACN;PB;PN;EPNNPR;ACOES NOMINATIVAS ACOES PREFERENCIAIS CLASSE B;A;True;A;;;2026-10-05;True
BRGRNLACNOR6;GRNL;GRANOLEO SA COM IND SEMENTES OLEAGINOSAS;88925029000125;OK;ACN;OR;ON;ESVUFR;ACOES NOMINATIVAS ACOES ORDINARIAS;A;True;A;;;2026-10-05;True
BRGRNLACNPR3;GRNL;GRANOLEO SA COM IND SEMENTES OLEAGINOSAS;88925029000125;OK;ACN;PR;PN;EPNNPR;ACOES NOMINATIVAS ACOES PREFERENCIAIS;A;True;A;;;2026-10-05;True
BRGRNTACNPA2;GRNT;GRANITOS EXPORTACAO NORDESTE SA;24064453000140;OK;ACN;PA;PN;EPNNPR;ACOES NOMINATIVAS ACOES PREFERENCIAIS CLASSE A;A;True;A;;;2026-10-05;True
BRGRPAACNOR4;GRPA;GRAPIA SA;00313162000180;OK;ACN;OR;ON;ESVUFR;ACOES NOMINATIVAS ACOES ORDINARIAS;A;True;A;;;2026-10-05;True
BRGRPAACNPR1;GRPA;GRAPIA SA;00313162000180;OK;ACN;PR;PN;EPNNPR;ACOES NOMINATIVAS ACOES PREFERENCIAIS;A;True;A;;;2026-10-05;True
BRGRRIACNPR0;GRRI;GURIRI HOTEIS TURISMO SA;31760176000175;OK;ACN;PR;PN;EPNNPR;ACOES NOMINATIVAS ACOES PREFERENCIAIS;A;True;A;;;2026-10-05;True
BRGRSAACNPA1;GRSA;GRANJA SANTANA SA GRASA;06865794000132;OK;ACN;PA;PN;EPNNPR;ACOES NOMINATIVAS ACOES PREFERENCIAIS CLASSE A;A;True;A;;;2026-10-05;True
BRGRSJACNPB0;GRSJ;GRANJAS SAO JOSE SA;07591258000159;OK;ACN;PB;PN;EPNNPR;ACOES NOMINATIVAS ACOES PREFERENCIAIS CLASSE B;A;True;A;;;2026-10-05;True
BRGRUAACNOR4;GRUA;GRUPO ATTITUDE SA;11382666000178;OK;ACN;OR;ON;ESVUFR;ACOES NOMINATIVAS ACOES ORDINARIAS;A;True;A;;;2026-10-05;True
BRGRUCACNOR0;GRUC;GRUCAI PARTICIPACOES SA;01258945000170;OK;ACN;OR;ON;ESVUFR;ACOES NOMINATIVAS ACOES ORDINARIAS;A;True;A;;;2026-10-05;True
BRGRUCACNPB1;GRUC;GRUCAI PARTICIPACOES SA;01258945000170;OK;ACN;PB;PN;EPNNPR;ACOES NOMINATIVAS ACOES PREFERENCIAIS CLASSE B;A;True;A;;;2026-10-05;True
BRGRVLACNPC8;GRVL;GRANVALE CIA AGROPECUARIA GRANDE VALE;09793167000121;OK;ACN;PC;PN;EPNNPR;ACOES NOMINATIVAS ACOES PREFERENCIAIS CLASSE C;A;True;A;;;2026-10-05;True
BRGSFRACNOR7;GSFR;GSFRP PARTICIPACOES SA;25176501000154;OK;ACN;OR;ON;ESVUFR;ACOES NOMINATIVAS ACOES ORDINARIAS;A;True;N;;;2026-10-05;True
BRGSHPACNOR7;GSHP;GENERAL SHOPPING E OUTLETS DO BRASIL S.A.;08764621000153;OK;ACN;OR;ON;ESVUFR;ACOES NOMINATIVAS ACOES ORDINARIAS;A;True;A;;;2026-10-05;True
BRGSMAACNPA2;GSMA;GRAOS SELECIONADOS MARANHAO SA;12147732000198;OK;ACN;PA;PN;EPNNPR;ACOES NOMINATIVAS ACOES PREFERENCIAIS CLASSE A;A;True;A;;;2026-10-05;True
BRGSSPACNOR4;GSSP;GA SELF STORAGE PARTICIPACOES SA;21567390000156;OK;ACN;OR;ON;ESVUFR;ACOES NOMINATIVAS ACOES ORDINARIAS;A;True;A;;;2026-10-05;True
BRGSTLACNPR8;GSTL;GRANJA SANTA LUCIA SA;09500430000147;OK;ACN;PR;PN;EPNNPR;ACOES NOMINATIVAS ACOES PREFERENCIAIS;A;True;A;;;2026-10-05;True
BRGTDPACNOR4;GTDP;GTD PARTICIPACOES SA;00649881000176;OK;ACN;OR;ON;ESVUFR;ACOES NOMINATIVAS ACOES ORDINARIAS;A;True;A;;;2026-10-05;True
BRGTDPACNPR1;GTDP;GTD PARTICIPACOES SA;00649881000176;OK;ACN;PR;PN;EPNNPR;ACOES NOMINATIVAS ACOES PREFERENCIAIS;A;True;A;;;2026-10-05;True
BRGTMCACNPR0;GTMC;GTM ARTEFATOS MADEIRAS S.A;00503428000157;OK;ACN;PR;PN;EPNNPR;ACOES NOMINATIVAS ACOES PREFERENCIAIS;A;True;A;;;2026-10-05;True
BRGUAIACNPR0;GUAI;GUAIUBA AGROPECUARIA SA;07574718000130;OK;ACN;PR;PN;EPNNPR;ACOES NOMINATIVAS ACOES PREFERENCIAIS;A;True;A;;;2026-10-05;True
BRGUNIACNOR6;GUNI;GRUPO UNI.CO S.A.;15825887000124;OK;ACN;OR;ON;ESVUFR;ACOES NOMINATIVAS NOV/2020;A;True;N;;;2026-10-05;True
BRGURGACNOR1;GURG;GURGEL SA PARTICIPACOES;62278783000127;OK;ACN;OR;ON;ESVUFR;ACOES NOMINATIVAS ACOES ORDINARIAS;A;True;A;;;2026-10-05;True
BRGURGACNPR8;GURG;GURGEL SA PARTICIPACOES;62278783000127;OK;ACN;PR;PN;EPNNPR;ACOES NOMINATIVAS ACOES PREFERENCIAIS;A;True;A;;;2026-10-05;True
BRGUTXACNOR2;GUTX;GUARARAPES TEXTIL SA;08573842000144;OK;ACN;OR;ON;ESVUFR;ACOES NOMINATIVAS ACOES ORDINARIAS;A;True;A;;;2026-10-05;True
BRGUTXACNPR9;GUTX;GUARARAPES TEXTIL SA;08573842000144;OK;ACN;PR;PN;EPNNPR;ACOES NOMINATIVAS ACOES PREFERENCIAIS;A;True;A;;;2026-10-05;True
BRGVIAACNOR1;GVIA;GEOVIA INDL SA;;VAZIO;ACN;OR;ON;ESVUFR;ACOES NOMINATIVAS ACOES ORDINARIAS;A;True;A;;;2026-10-05;True
BRGVIAACNPA4;GVIA;GEOVIA INDL SA;;VAZIO;ACN;PA;PN;EPNNPR;ACOES NOMINATIVAS ACOES PREFERENCIAIS CLASSE A;A;True;A;;;2026-10-05;True
BRGVIAACNPB2;GVIA;GEOVIA INDL SA;;VAZIO;ACN;PB;PN;EPNNPR;ACOES NOMINATIVAS ACOES PREFERENCIAIS CLASSE B;A;True;A;;;2026-10-05;True
BRGVLEACNPA0;GVLE;GRANVILLE SA;07653777000102;OK;ACN;PA;PN;EPNNPR;ACOES NOMINATIVAS ACOES PREFERENCIAIS CLASSE A;A;True;A;;;2026-10-05;True
BRGVNGACNOR8;GVNG;GOVERNANCA GESTAO PARTICIPACOES SA;07720291000131;OK;ACN;OR;ON;ESVUFR;ACOES NOMINATIVAS ACOES ORDINARIAS;A;True;A;;;2026-10-05;True
BRGVPPACNOR4;GVPP;GIF V PLUS PARTICIPAÇÕES LTDA;16820791000136;OK;ACN;OR;ON;ESVUFR;ACOES NOMINATIVAS;A;True;N;;;2026-10-05;True
BRGVTTACNOR8;GVTT;GVT HOLDING SA;03420904000164;OK;ACN;OR;ON;ESVUFR;ACOES NOMINATIVAS ACOES ORDINARIAS;A;True;A;;;2026-10-05;True
BRGXPEACNPA7;GXPE;AGROPECUARIA NOVA GUAXUPE SA;04588166000121;OK;ACN;PA;PN;EPNNPR;ACOES NOMINATIVAS ACOES PREFERENCIAIS CLASSE A;A;True;A;;;2026-10-05;True
BRH0RAACNPA1;H0RA;HORA DO AMAZONAS RELÓGIOS E INSTRUMENTOS  S/A;04536553000114;OK;ACN;PA;PN;EPNNPR;ACOES NOMINATIVAS;A;True;N;;;2026-10-05;True
BRH9RIACNPD9;H9RI;HORA NORTE S/A - RELOGIOS E INSTRUMENTOS;61826228000120;OK;ACN;PD;PN;EPNNPR;ACOES NOMINATIVAS;A;True;N;;;2026-10-05;True
BRHAGAACNOR7;HAGA;HAGA SA IND COM;30540991000166;OK;ACN;OR;ON;ESVUFR;ACOES NOMINATIVAS ACOES ORDINARIAS;A;True;A;;;2026-10-05;True
BRHAGAACNPR4;HAGA;HAGA SA IND COM;30540991000166;OK;ACN;PR;PN;EPNNPR;ACOES NOMINATIVAS ACOES PREFERENCIAIS;A;True;A;;;2026-10-05;True
BRHAPVACNOR4;HAPV;HAPVIDA PARTICIPACOES INVESTIMENTO SA;05197443000138;OK;ACN;OR;ON;ESVUFR;ACOES NOMINATIVAS ACOES ORDINARIAS;A;True;N;;;2026-10-05;True
BRHAPVCDAXX4;HAPV;HAPVIDA PARTICIPACOES INVESTIMENTO SA;05197443000138;OK;CDA;XX;UNIT;EMXXXR;CERTIFICADO DE DEPOSITO DE ACOES 5,2436 HAPV3 + R$5,126;A;True;N;;;2026-10-05;True
BRHAUSACNOR0;HAUS;HAUSCENTER SA;56444250000175;OK;ACN;OR;ON;ESVUFR;ACOES NOMINATIVAS ACOES ORDINARIAS;A;True;A;;;2026-10-05;True
BRHBORACNOR3;HBOR;HELBOR EMPREENDIMENTOS SA;49263189000102;OK;ACN;OR;ON;ESVUFR;ACOES NOMINATIVAS ACOES ORDINARIAS;A;True;A;;;2026-10-05;True
BRHBREACNOR4;HBRE;HBR REALTY EMPREENDIMENTOS IMOBILIARIOS S.A.;14785152000151;OK;ACN;OR;ON;ESVUFR;ACOES NOMINATIVAS;A;True;N;;;2026-10-05;True
BRHBRNACNPA8;HBRN;IND QUIMICA FARMACEUTICA NACIONAL SA INFAN;08939548000103;OK;ACN;PA;PN;EPNNPR;ACOES NOMINATIVAS ACOES PREFERENCIAIS CLASSE A;A;True;A;;;2026-10-05;True
BRHBRNACNPD2;HBRN;IND QUIMICA FARMACEUTICA NACIONAL SA INFAN;08939548000103;OK;ACN;PD;PN;EPNNPR;ACOES NOMINATIVAS ACOES PREFERENCIAIS CLASSE D;A;True;A;;;2026-10-05;True
BRHBSAACNOR0;HBSA;HIDROVIAS DO BRASIL SA;12648327000153;OK;ACN;OR;ON;ESVUFR;ACOES NOMINATIVAS ACOES ORDINARIAS;A;True;A;;;2026-10-05;True
BRHBTSACNOR0;HBTS;CIA HABITASUL PARTICIPACOES;87762563000103;OK;ACN;OR;ON;ESVUFR;ACOES NOMINATIVAS ACOES ORDINARIAS;A;True;A;;;2026-10-05;True
BRHBTSACNPA3;HBTS;CIA HABITASUL PARTICIPACOES;87762563000103;OK;ACN;PA;PN;EPNNPR;ACOES NOMINATIVAS ACOES PREFERENCIAIS CLASSE A;A;True;A;;;2026-10-05;True
BRHBTSACNPB1;HBTS;CIA HABITASUL PARTICIPACOES;87762563000103;OK;ACN;PB;PN;EPNNPR;ACOES NOMINATIVAS ACOES PREFERENCIAIS CLASSE B;A;True;A;;;2026-10-05;True
BRHCARACNOR0;HCAR;HOSPITAL CARE CALEDONIA S.A.;25249439000183;OK;ACN;OR;ON;ESVUFR;ACOES NOMINATIVAS;A;True;N;;;2026-10-05;True
BRHCBRACNOR8;HCBR;BR HOME CENTERS SA;11102250000159;OK;ACN;OR;ON;ESVUFR;ACOES NOMINATIVAS ACOES ORDINARIAS;A;True;A;;;2026-10-05;True
BRHCCRACNPR3;HCCR;HOTEL CAICARA SA;08603680000140;OK;ACN;PR;PN;EPNNPR;ACOES NOMINATIVAS ACOES PREFERENCIAIS;A;True;A;;;2026-10-05;True
BRHDGGACNOR8;HDGG;HOLDING GG1 PARTICIPACOES LTDA;07861269000101;OK;ACN;OR;ON;ESVUFR;ACOES NOMINATIVAS COTAS;A;True;A;;;2026-10-05;True
BRHDSVACNPA5;HDSV;HIDROSERVICE AMAZONIA SA AGROPECUARIA IND;05054358000110;OK;ACN;PA;PN;EPNNPR;ACOES NOMINATIVAS ACOES PREFERENCIAIS CLASSE A;A;True;A;;;2026-10-05;True
BRHDSVACNPD9;HDSV;HIDROSERVICE AMAZONIA SA AGROPECUARIA IND;05054358000110;OK;ACN;PD;PN;EPNNPR;ACOES NOMINATIVAS ACOES PREFERENCIAIS CLASSE D;A;True;A;;;2026-10-05;True
BRHEBQACNOR6;HEBQ;HERING SA BRINQUEDOS MUSICAIS;82647942000120;OK;ACN;OR;ON;ESVUFR;ACOES NOMINATIVAS ACOES ORDINARIAS;A;True;A;;;2026-10-05;True
BRHEBQACNPR3;HEBQ;HERING SA BRINQUEDOS MUSICAIS;82647942000120;OK;ACN;PR;PN;EPNNPR;ACOES NOMINATIVAS ACOES PREFERENCIAIS;A;True;A;;;2026-10-05;True
BRHECOACNPA2;HECO;HOTEIS ECOLOGICO PESCA TURISMO AMAZONAS SA;84522515000141;OK;ACN;PA;PN;EPNNPR;ACOES NOMINATIVAS ACOES PREFERENCIAIS CLASSE A;A;True;A;;;2026-10-05;True
BRHEDAACNOR6;HEDA;HÉDERA INVESTIMENTOS E PARTICIPAÇÕES S.A;12686989000118;OK;ACN;OR;ON;ESVUFR;ACOES NOMINATIVAS;A;True;N;;;2026-10-05;True
BRHELCACNPA8;HELC;HOTEIS ELDORADO CUIABA SA;54175476000192;OK;ACN;PA;PN;EPNNPR;ACOES NOMINATIVAS ACOES PREFERENCIAIS CLASSE A;A;True;A;;;2026-10-05;True
BRHETAACNOR2;HETA;HERCULES SA FABRICA TALHERES;92749225000163;OK;ACN;OR;ON;ESVUFR;ACOES NOMINATIVAS ACOES ORDINARIAS;A;True;A;;;2026-10-05;True
BRHETAACNPR9;HETA;HERCULES SA FABRICA TALHERES;92749225000163;OK;ACN;PR;PN;EPNNPR;ACOES NOMINATIVAS ACOES PREFERENCIAIS;A;True;A;;;2026-10-05;True
BRHEXAACNPR1;HEXA;HEXAGONAL HOTEIS TURISMO SA;31467236000166;OK;ACN;PR;PN;EPNNPR;ACOES NOMINATIVAS ACOES PREFERENCIAIS;A;True;A;;;2026-10-05;True
BRHFGVACNOR2;HFGV;HF GOVERNANCA SA;12225635000176;OK;ACN;OR;ON;ESVUFR;ACOES NOMINATIVAS ACOES ORDINARIAS;A;True;A;;;2026-10-05;True
BRHFNTACNPR9;HFNT;HOTEIS FONTE SA;08771578000153;OK;ACN;PR;PN;EPNNPR;ACOES NOMINATIVAS ACOES PREFERENCIAIS;A;True;A;;;2026-10-05;True
BRHGLBACNOR2;HGLB;HIGHLINE BRASIL II INFRAESTRUTURA TELECOMUNICACOES SA;27902165000105;OK;ACN;OR;ON;ESVUFR;ACOES NOMINATIVAS ACOES ORDINARIAS;A;True;N;;;2026-10-05;True
BRHGLNACNOR7;HGLN;HIGHLINE BRASIL INFRAESTRUTURA TELECOMUNICACOES SA;15215988000183;OK;ACN;OR;ON;ESVUFR;ACOES NOMINATIVAS ACOES ORDINARIAS;A;True;A;;;2026-10-05;True
BRHGLNACNPA0;HGLN;HIGHLINE BRASIL INFRAESTRUTURA TELECOMUNICACOES SA;15215988000183;OK;ACN;PA;PN;EPNNPR;ACOES NOMINATIVAS ACOES PREFERENCIAIS CLASSE A;A;True;A;;;2026-10-05;True
BRHGLNACNPB8;HGLN;HIGHLINE BRASIL INFRAESTRUTURA TELECOMUNICACOES SA;15215988000183;OK;ACN;PB;PN;EPNNPR;ACOES NOMINATIVAS ACOES PREFERENCIAIS CLASSE B;A;True;A;;;2026-10-05;True
BRHGLNACNPC6;HGLN;HIGHLINE BRASIL INFRAESTRUTURA TELECOMUNICACOES SA;15215988000183;OK;ACN;PC;PN;EPNNPR;ACOES NOMINATIVAS ACOES PREFERENCIAIS CLASSE C;A;True;A;;;2026-10-05;True
BRHGPSACNPA0;HGPS;HOTEIS GP SA;08008807000182;OK;ACN;PA;PN;EPNNPR;ACOES NOMINATIVAS ACOES PREFERENCIAIS CLASSE A;A;True;A;;;2026-10-05;True
BRHGPSACNPC6;HGPS;HOTEIS GP SA;08008807000182;OK;ACN;PC;PN;EPNNPR;ACOES NOMINATIVAS ACOES PREFERENCIAIS CLASSE C;A;True;A;;;2026-10-05;True
BRHGTXACNOR9;HGTX;CIA HERING (EX HERING TEXTIL SA);78876950000171;OK;ACN;OR;ON;ESVUFR;ACOES NOMINATIVAS ACOES ORDINARIAS;A;True;A;;;2026-10-05;True
BRHITAACNOR3;HITA;HOTEL ITABORAI PLAZA SPE S.A.;16725553000141;OK;ACN;OR;ON;ESVUFR;ACOES NOMINATIVAS ACOES ORDINARIAS;A;True;A;;;2026-10-05;True
BRHK0AACNPA4;HK0A;AGROPECUARIA HAKONE S/A;04871760000125;OK;ACN;PA;PN;EPNNPR;ACOES NOMINATIVAS;A;True;N;;;2026-10-05;True
BRHLDSACNPA6;HLDS;HOLANDESA AGROPECUARIA SA;08643660000100;OK;ACN;PA;PN;EPNNPR;ACOES NOMINATIVAS ACOES PREFERENCIAIS CLASSE A;A;True;A;;;2026-10-05;True
BRHLEYACNPA2;HLEY;HALLEY SA GRAFICA EDITORA;10308997000103;OK;ACN;PA;PN;EPNNPR;ACOES NOMINATIVAS ACOES PREFERENCIAIS CLASSE A;A;True;A;;;2026-10-05;True
BRHLJPACNOR6;HLJP;HOTEL LAJE PEDRA;89011456000160;OK;ACN;OR;ON;ESVUFR;ACOES NOMINATIVAS ACOES ORDINARIAS;A;True;A;;;2026-10-05;True
BRHLJPACNPR3;HLJP;HOTEL LAJE PEDRA;89011456000160;OK;ACN;PR;PN;EPNNPR;ACOES NOMINATIVAS ACOES PREFERENCIAIS;A;True;A;;;2026-10-05;True
BRHMOBACNOR4;HMOB;HMOBI PARTICIPAÇÕES S.A.;40159947000164;OK;ACN;OR;ON;ESVUFR;ACOES NOMINATIVAS;A;True;N;;;2026-10-05;True
BRHMSLACNPB5;HMSL;MARSOL HOTEIS TURISMO SA;09094368000130;OK;ACN;PB;PN;EPNNPR;ACOES NOMINATIVAS ACOES PREFERENCIAIS CLASSE B;A;True;A;;;2026-10-05;True
BRHMSNACNPA3;HMSN;HUMUS NORDESTE SA;08400426000144;OK;ACN;PA;PN;EPNNPR;ACOES NOMINATIVAS ACOES PREFERENCIAIS CLASSE A;A;True;A;;;2026-10-05;True
BRHMSNACNPB1;HMSN;HUMUS NORDESTE SA;08400426000144;OK;ACN;PB;PN;ESVUFR;ACOES NOMINATIVAS ACOES PREFERENCIAIS CLASSE B;A;True;N;;;2026-10-05;True
BRHNVRACNOR3;HNVR;MANUFACTURERS HANOVER ARREND MERCANTIL SA;;VAZIO;ACN;OR;ON;ESVUFR;ACOES NOMINATIVAS ACOES ORDINARIAS;A;True;A;;;2026-10-05;True
BRHOAMACNOR6;HOAM;CIA TROPICAL HOTEIS AMAZONIA;04382818000177;OK;ACN;OR;ON;ESVUFR;ACOES NOMINATIVAS ACOES ORDINARIAS;A;True;A;;;2026-10-05;True
BRHOAMACNPA9;HOAM;CIA TROPICAL HOTEIS AMAZONIA;04382818000177;OK;ACN;PA;PN;EPNNPR;ACOES NOMINATIVAS ACOES PREFERENCIAIS CLASSE A;A;True;A;;;2026-10-05;True
BRHOAMACNPB7;HOAM;CIA TROPICAL HOTEIS AMAZONIA;04382818000177;OK;ACN;PB;PN;EPNNPR;ACOES NOMINATIVAS ACOES PREFERENCIAIS CLASSE B;A;True;A;;;2026-10-05;True
BRHOCAACNOR7;HOCA;HOSPITAL CARE S.A.;27059485000145;OK;ACN;OR;ON;ESVUFR;ACOES NOMINATIVAS;A;True;N;;;2026-10-05;True
BRHOLWACNOR2;HOLW;HOLLOW TREE HOLDING SA;18259401000126;OK;ACN;OR;ON;ESVUFR;ACOES NOMINATIVAS ACOES ORDINARIAS;A;True;A;;;2026-10-05;True
BRHOOTACNOR2;HOOT;HOTEIS OTHON SA;33200049000147;OK;ACN;OR;ON;ESVUFR;ACOES NOMINATIVAS ACOES ORDINARIAS;A;True;A;;;2026-10-05;True
BRHOOTACNPR9;HOOT;HOTEIS OTHON SA;33200049000147;OK;ACN;PR;PN;EPNNPR;ACOES NOMINATIVAS ACOES PREFERENCIAIS;A;True;A;;;2026-10-05;True
BRHPIAACNOR1;HPIA;HARPIA OMEGA PARTICIPACOES SA;13407573000186;OK;ACN;OR;ON;ESVUFR;ACOES NOMINATIVAS ACOES ORDINARIAS;A;True;A;;;2026-10-05;True
BRHPTHACNPR0;HPTH;HILL PARK TURISMO HOTELARIA SA;30577779000173;OK;ACN;PR;PN;EPNNPR;ACOES NOMINATIVAS ACOES PREFERENCIAIS;A;True;A;;;2026-10-05;True
BRHSANACNOR5;HSAN;HOSPITAL LA SANTE SA;00949959000178;OK;ACN;OR;ON;ESVUFR;ACOES NOMINATIVAS ACOES ORDINARIAS;A;True;A;;;2026-10-05;True
BRHSBCACNOR6;HSBC;KIRTON BANK S.A. BANCO MULTIPLO;01701201000189;OK;ACN;OR;ON;ESVUFR;ACOES NOMINATIVAS ACOES ORDINARIAS;A;True;A;;;2026-10-05;True
BRHSBXACNOR2;HSBX;HSBX BAURU EMPREENDIMENTOS SA;67760702000144;OK;ACN;OR;ON;ESVUFR;ACOES NOMINATIVAS ACOES ORDINARIAS;A;True;A;;;2026-10-05;True
BRHSMEACNOR9;HSME;HSM EDUCACIONAL SA;10813031000115;OK;ACN;OR;ON;ESVUFR;ACOES NOMINATIVAS ACOES ORDINARIAS;A;True;A;;;2026-10-05;True
BRHTALACNOR7;HTAL;HOTEIS RIO ALEGRE SA;24693756000121;OK;ACN;OR;ON;ESVUFR;ACOES NOMINATIVAS ACOES ORDINARIAS;A;True;A;;;2026-10-05;True
BRHTALACNPA0;HTAL;HOTEIS RIO ALEGRE SA;24693756000121;OK;ACN;PA;PN;EPNNPR;ACOES NOMINATIVAS ACOES PREFERENCIAIS CLASSE A;A;True;A;;;2026-10-05;True
BRHTALACNPB8;HTAL;HOTEIS RIO ALEGRE SA;24693756000121;OK;ACN;PB;PN;EPNNPR;ACOES NOMINATIVAS ACOES PREFERENCIAIS CLASSE B;A;True;A;;;2026-10-05;True
BRHTALACNPC6;HTAL;HOTEIS RIO ALEGRE SA;24693756000121;OK;ACN;PC;PN;EPNNPR;ACOES NOMINATIVAS ACOES PREFERENCIAIS CLASSE C;A;True;A;;;2026-10-05;True
BRHTELACNOR9;HTEL;HAHNTEL SA;01533865000186;OK;ACN;OR;ON;ESVUFR;ACOES NOMINATIVAS ACOES ORDINARIAS;A;True;A;;;2026-10-05;True
BRHTELACNPA2;HTEL;HAHNTEL SA;01533865000186;OK;ACN;PA;PN;EPNNPR;ACOES NOMINATIVAS ACOES PREFERENCIAIS CLASSE A;A;True;A;;;2026-10-05;True
BRHTELACNPB0;HTEL;HAHNTEL SA;01533865000186;OK;ACN;PB;PN;EPNNPR;ACOES NOMINATIVAS ACOES PREFERENCIAIS CLASSE B;A;True;A;;;2026-10-05;True
BRHTELACNPC8;HTEL;HAHNTEL SA;01533865000186;OK;ACN;PC;PN;EPNNPR;ACOES NOMINATIVAS ACOES PREFERENCIAIS CLASSE C;A;True;A;;;2026-10-05;True
BRHTFLACNPR3;HTFL;HOTEIS TURISMO FLORESTA SA;11727781000137;OK;ACN;PR;PN;EPNNPR;ACOES NOMINATIVAS ACOES PREFERENCIAIS;A;True;A;;;2026-10-05;True
BRHTGLACNPA7;HTGL;HOTEIS GLOBAL SA;03150745000125;OK;ACN;PA;PN;EPNNPR;ACOES NOMINATIVAS ACOES PREFERENCIAIS CLASSE A;A;True;A;;;2026-10-05;True
BRHTJTACNPA4;HTJT;HOTEL JATIUCA SA;11197308000195;OK;ACN;PA;PN;EPNNPR;ACOES NOMINATIVAS ACOES PREFERENCIAIS CLASSE A;A;True;A;;;2026-10-05;True
BRHTPRACNPR9;HTPR;HOTEL PRAIA SOL SA;30686810000104;OK;ACN;PR;PN;EPNNPR;ACOES NOMINATIVAS ACOES PREFERENCIAIS;A;True;A;;;2026-10-05;True
BRHTRPACNPR9;HTRP;HOTEL RIO POTY SA;05819867000197;OK;ACN;PR;PN;EPNNPR;ACOES NOMINATIVAS ACOES PREFERENCIAIS;A;True;A;;;2026-10-05;True
BRHYDEACNOR6;HYDE;HYDE PARK SA;01180474000125;OK;ACN;OR;ON;ESVUFR;ACOES NOMINATIVAS ACOES ORDINARIAS;A;True;A;;;2026-10-05;True
BRHYPEACNOR0;HYPE;HYPERA S.A.;02932074000191;OK;ACN;OR;ON;ESVUFR;ACOES NOMINATIVAS ACOES ORDINARIAS;A;True;A;;;2026-10-05;True
BRI7MTACNPA6;I7MT;ITAPITANGA INDÚSTRIA DE CIMENTOS DE MATO GROSSO S/A;04869392000180;OK;ACN;PA;PN;EPNNPR;ACOES NOMINATIVAS;A;True;N;;;2026-10-05;True
BRI8DAACNPR7;I8DA;IRMÃOS DIAS AGROPECUÁRIA S/A;05549928000143;OK;ACN;PR;PN;EPNNPR;ACOES NOMINATIVAS;A;True;N;;;2026-10-05;True
BRI8IMACNPC3;I8IM;IMENSA S/A - IND METALURGICA DO NE;09093386000106;OK;ACN;PC;PN;EPNNPR;ACOES NOMINATIVAS;A;True;N;;;2026-10-05;True
BRI8RAACNPB1;I8RA;INDUSTRIAS REUNIDAS DO ACRE S/A-INDACRE;04109781000108;OK;ACN;PB;PN;EPNNPR;ACOES NOMINATIVAS;A;True;N;;;2026-10-05;True
BRI8RBACNPB9;I8RB;INDÚSTRIA E COM. RONDÔNIA DE BORRACHA S/A;05883301000124;OK;ACN;PB;PN;EPNNPR;ACOES NOMINATIVAS;A;True;N;;;2026-10-05;True
BRI8RDACNPB5;I8RD;INDS REUNS DO ARARIPE S/A - IRASA;09855115000132;OK;ACN;PB;PN;EPNNPR;ACOES NOMINATIVAS;A;True;N;;;2026-10-05;True
BRI8REACNPB3;I8RE;INDÚSTRIA E COM. RONDÔNIA  EXPORTADORA  S/A;05882485000108;OK;ACN;PB;PN;EPNNPR;ACOES NOMINATIVAS;A;True;N;;;2026-10-05;True
BRI9PMACNPA0;I9PM;INDS REUNS DE PLASTICO E MINERACAO S/A;01340982000123;OK;ACN;PA;PN;EPNNPR;ACOES NOMINATIVAS;A;True;N;;;2026-10-05;True
BRIAICACNPA0;IAIC;IMPERADOR AGRO INDUSTRIAL DE CEREAIS S/A;01772039000190;OK;ACN;PA;PN;EPNNPR;ACOES NOMINATIVAS;A;True;N;;;2026-10-05;True
BRIAMSACNOR5;IAMS;ITAMARATI LEASING ARREND MERCANTIL SA;60333085000151;OK;ACN;OR;ON;ESVUFR;ACOES NOMINATIVAS ACOES ORDINARIAS;A;True;A;;;2026-10-05;True
BRIAPIACNPC8;IAPI;IAPISA AGROPECUARIA INDL SA;13880695000195;OK;ACN;PC;PN;EPNNPR;ACOES NOMINATIVAS ACOES PREFERENCIAIS CLASSE C;A;True;A;;;2026-10-05;True
BRIASAACNPA3;IASA;ITAPEMIRIM AGRICULTURA SA IASA;21714589000160;OK;ACN;PA;PN;EPNNPR;ACOES NOMINATIVAS ACOES PREFERENCIAIS CLASSE A;A;True;A;;;2026-10-05;True
BRIBAPACNPB5;IBAP;IND BRAS ARTEFATOS PLASTICOS IBAP;07367055000183;OK;ACN;PB;PN;EPNNPR;ACOES NOMINATIVAS ACOES PREFERENCIAIS CLASSE B;A;True;A;;;2026-10-05;True
BRIBIOACNOR0;IBIO;INFINITY BIO ENERGY BRASIL PART SA;07704069000145;OK;ACN;OR;ON;ESVUFR;ACOES NOMINATIVAS ACOES ORDINARIAS;A;True;A;;;2026-10-05;True
BRIBMSACNOR3;IBMS;ITAP BEMIS LTDA;;VAZIO;ACN;OR;ON;ESVUFR;ACOES NOMINATIVAS COTAS;A;True;A;;;2026-10-05;True
BRIBNBACNOR7;IBNB;BCO BARCLAYS SA;61146577000109;OK;ACN;OR;ON;ESVUFR;ACOES NOMINATIVAS ACOES ORDINARIAS;A;True;A;;;2026-10-05;True
BRIBPIACNOR7;IBPI;IND BEBIDAS ANTARCTICA PIAUI SA;05234760000187;OK;ACN;OR;ON;ESVUFR;ACOES NOMINATIVAS ACOES ORDINARIAS;A;True;A;;;2026-10-05;True
BRIBPIACNPA0;IBPI;IND BEBIDAS ANTARCTICA PIAUI SA;05234760000187;OK;ACN;PA;PN;EPNNPR;ACOES NOMINATIVAS ACOES PREFERENCIAIS CLASSE A;A;True;A;;;2026-10-05;True
BRIBPIACNPB8;IBPI;IND BEBIDAS ANTARCTICA PIAUI SA;05234760000187;OK;ACN;PB;PN;EPNNPR;ACOES NOMINATIVAS ACOES PREFERENCIAIS CLASSE B;A;True;A;;;2026-10-05;True
BRIBRCACNOR6;IBRC;INBRAC SA CONDUTORES ELETRICOS;61081972000142;OK;ACN;OR;ON;ESVUFR;ACOES NOMINATIVAS ACOES ORDINARIAS;A;True;A;;;2026-10-05;True
BRIBRCACNPR3;IBRC;INBRAC SA CONDUTORES ELETRICOS;61081972000142;OK;ACN;PR;PN;EPNNPR;ACOES NOMINATIVAS ACOES PREFERENCIAIS;A;True;A;;;2026-10-05;True
BRIBRSACNPB3;IBRS;IND BRAS SAL SA IBRASAL;07197890000112;OK;ACN;PB;PN;EPNNPR;ACOES NOMINATIVAS ACOES PREFERENCIAIS CLASSE B;A;True;A;;;2026-10-05;True
BRICBRACNOR6;ICBR;INTERCEMENT BRASIL SA;62258884000136;OK;ACN;OR;ON;ESVUFR;ACOES NOMINATIVAS;A;True;N;;;2026-10-05;True
BRICFBACNOR1;ICFB;INDS C FABRINI SA;61142063000177;OK;ACN;OR;ON;ESVUFR;ACOES NOMINATIVAS ACOES ORDINARIAS;A;True;A;;;2026-10-05;True
BRICFBACNPR8;ICFB;INDS C FABRINI SA;61142063000177;OK;ACN;PR;PN;EPNNPR;ACOES NOMINATIVAS ACOES PREFERENCIAIS;A;True;A;;;2026-10-05;True
BRICPIACNOR5;ICPI;CIA CIMENTO PORTLAND ITAU;24030025000104;OK;ACN;OR;ON;ESVUFR;ACOES NOMINATIVAS ACOES ORDINARIAS;A;True;A;;;2026-10-05;True
BRICPIACNPR2;ICPI;CIA CIMENTO PORTLAND ITAU;24030025000104;OK;ACN;PR;PN;EPNNPR;ACOES NOMINATIVAS ACOES PREFERENCIAIS;A;True;A;;;2026-10-05;True
BRICPLACNPC8;ICPL;INCOPLASTINS SA;37240330000164;OK;ACN;PC;PN;EPNNPR;ACOES NOMINATIVAS ACOES PREFERENCIAIS CLASSE C;A;True;A;;;2026-10-05;True
BRICRPACNOR6;ICRP;ITAUCORP SA;02187254000196;OK;ACN;OR;ON;ESVUFR;ACOES NOMINATIVAS ACOES ORDINARIAS;A;True;A;;;2026-10-05;True
BRIDANACNPR2;IDAN;INDIANA AGROPECUARIA SA;04101556000125;OK;ACN;PR;PN;EPNNPR;ACOES NOMINATIVAS ACOES PREFERENCIAIS;A;True;A;;;2026-10-05;True
BRIDCOACNOR9;IDCO;BOMPRECO BAHIA SA (EX A BOMPRECO BAHIA SA);97422620000150;OK;ACN;OR;ON;ESVUFR;ACOES NOMINATIVAS ACOES ORDINARIAS;A;True;A;;;2026-10-05;True
BRIDCOACNPR6;IDCO;BOMPRECO BAHIA SA (EX A BOMPRECO BAHIA SA);97422620000150;OK;ACN;PR;PN;EPNNPR;ACOES NOMINATIVAS ACOES PREFERENCIAIS;A;True;A;;;2026-10-05;True
BRIDNOACNPA9;IDNO;INDUSTRIAS DUREINO SA;10981488000139;OK;ACN;PA;PN;ESVUFR;ACOES NOMINATIVAS ACOES PREFERENCIAIS CLASSE A;A;True;N;;;2026-10-05;True
BRIDPDACNPA7;IDPD;AGROPECUARIA INDEPENDENCIA SA;04597316000163;OK;ACN;PA;PN;EPNNPR;ACOES NOMINATIVAS ACOES PREFERENCIAIS CLASSE A;A;True;A;;;2026-10-05;True
BRIDPDACNPB5;IDPD;AGROPECUARIA INDEPENDENCIA SA;04597316000163;OK;ACN;PB;PN;EPNNPR;ACOES NOMINATIVAS ACOES PREFERENCIAIS CLASSE B;A;True;A;;;2026-10-05;True
BRIDRLACNOR3;IDRL;IDEROL SA EQUIPAMENTOS RODOVIARIOS;49058555000183;OK;ACN;OR;ON;ESVUFR;ACOES NOMINATIVAS ACOES ORDINARIAS;A;True;A;;;2026-10-05;True
BRIDRLACNPR0;IDRL;IDEROL SA EQUIPAMENTOS RODOVIARIOS;49058555000183;OK;ACN;PR;PN;EPNNPR;ACOES NOMINATIVAS ACOES PREFERENCIAIS;A;True;A;;;2026-10-05;True
BRIDSAACNPA7;IDSA;IND COM PROTEINAS NORDESTE SA INDUSA;15585631000197;OK;ACN;PA;PN;EPNNPR;ACOES NOMINATIVAS ACOES PREFERENCIAIS CLASSE A;A;True;A;;;2026-10-05;True
BRIDVCACNOR4;IDVC;INDUSVAL SA CORRETORA TITULOS E VALORES MOBILIARIOS;65913436000117;OK;ACN;OR;ON;ESVUFR;ACOES NOMINATIVAS ACOES ORDINARIAS;A;True;A;;;2026-10-05;True
BRIDVCACNPR1;IDVC;INDUSVAL SA CORRETORA TITULOS E VALORES MOBILIARIOS;65913436000117;OK;ACN;PR;PN;EPNNPR;ACOES NOMINATIVAS ACOES PREFERENCIAIS;A;True;A;;;2026-10-05;True
BRIENGACNOR0;IENG;INEPAR ENERGIA SA;02225714000123;OK;ACN;OR;ON;ESVUFR;ACOES NOMINATIVAS ACOES ORDINARIAS;A;True;A;;;2026-10-05;True
BRIENGACNPA3;IENG;INEPAR ENERGIA SA;02225714000123;OK;ACN;PA;PN;EPNNPR;ACOES NOMINATIVAS ACOES PREFERENCIAIS CLASSE A;A;True;A;;;2026-10-05;True
BRIENGACNPB1;IENG;INEPAR ENERGIA SA;02225714000123;OK;ACN;PB;PN;EPNNPR;ACOES NOMINATIVAS ACOES PREFERENCIAIS CLASSE B;A;True;A;;;2026-10-05;True
BRIFCMACNOR8;IFCM;INFRACOMMERCE CXAAS S.A.;38456921000136;OK;ACN;OR;ON;ESVUFR;ACOES NOMINATIVAS;A;True;N;;;2026-10-05;True
BRIFRPACNOR9;IFRP;INFRAESTRUTURA INVESTIMENTOS PARTICIPACOES II S.A;27059465000174;OK;ACN;OR;ON;ESVUFR;ACOES NOMINATIVAS ACOES ORDINARIAS;A;True;A;;;2026-10-05;True
BRIGBRACNOR7;IGBR;IGB ELETRONICA SA;43185362000107;OK;ACN;OR;ON;ESVUFR;ACOES NOMINATIVAS ACOES ORDINARIAS;A;True;A;;;2026-10-05;True
BRIGBSACNPB6;IGBS;IND GRAFICA BRASILEIRA SA IGB;10779288000106;OK;ACN;PB;PN;EPNNPR;ACOES NOMINATIVAS ACOES PREFERENCIAIS CLASSE B;A;True;A;;;2026-10-05;True
BRIGCPACNOR9;IGCP;IGUACU CELULOSE PAPEL SA;81304727000164;OK;ACN;OR;ON;ESVUFR;ACOES NOMINATIVAS ACOES ORDINARIAS;A;True;A;;;2026-10-05;True
BRIGNIACNOR1;IGNI;IGNIS ENTRETENIMENTO INFORMATICA SA;04398612000135;OK;ACN;OR;ON;ESVUFR;ACOES NOMINATIVAS ACOES ORDINARIAS;A;True;A;;;2026-10-05;True
BRIGNIACNPR8;IGNI;IGNIS ENTRETENIMENTO INFORMATICA SA;04398612000135;OK;ACN;PR;PN;EPNNPR;ACOES NOMINATIVAS ACOES PREFERENCIAIS;A;True;A;;;2026-10-05;True
BRIGSAACNPA0;IGSA;IRRIGACAO SANTO ANDRE SA ISA;33796830000126;OK;ACN;PA;PN;EPNNPR;ACOES NOMINATIVAS ACOES PREFERENCIAIS CLASSE A;A;True;A;;;2026-10-05;True
BRIGSNACNOR0;IGSN;IGUA SANEAMENTO SA;08159965000133;OK;ACN;OR;ON;ESVUFR;ACOES NOMINATIVAS ACOES ORDINARIAS;A;True;N;;;2026-10-05;True
BRIGTIACNOR8;IGTI;IGUATEMI S.A.;60543816000193;OK;ACN;OR;ON;ESVUFR;ACOES NOMINATIVAS ACOES ORDINARIAS;A;True;N;;;2026-10-05;True
BRIGTIACNPR5;IGTI;IGUATEMI S.A.;60543816000193;OK;ACN;PR;PN;EPNNPR;ACOES NOMINATIVAS ACOES PREFERENCIAIS;A;True;N;;;2026-10-05;True
BRIGTICDAM16;IGTI;IGUATEMI S.A.;60543816000193;OK;CDA;M1;UNIT;EMXXXR;CERTIFICADO DE DEPOSITO DE ACOES 1 ON X 2 PN;A;True;N;;;2026-10-05;True
BRIGUAACNOR3;IGUA;CIA IGUACU CAFE SOLUVEL;76255926000190;OK;ACN;OR;ON;ESVUFR;ACOES NOMINATIVAS ACOES ORDINARIAS;A;True;A;;;2026-10-05;True
BRIGUAACNPA6;IGUA;CIA IGUACU CAFE SOLUVEL;76255926000190;OK;ACN;PA;PN;EPNNPR;ACOES NOMINATIVAS ACOES PREFERENCIAIS CLASSE A;A;True;A;;;2026-10-05;True
BRIGUAACNPB4;IGUA;CIA IGUACU CAFE SOLUVEL;76255926000190;OK;ACN;PB;PN;EPNNPR;ACOES NOMINATIVAS ACOES PREFERENCIAIS CLASSE B;A;True;A;;;2026-10-05;True
BRIJPTACNPA0;IJPT;AMCOR EMBALAGENS DA AMAZONIA S/A;84127208000166;OK;ACN;PA;PN;EPNNPR;ACOES NOMINATIVAS ACOES PREFERENCIAIS CLASSE A;A;True;A;;;2026-10-05;True
BRILHAACNPB1;ILHA;ILHA AGROPECUARIA SA;06931323000185;OK;ACN;PB;PN;EPNNPR;ACOES NOMINATIVAS ACOES PREFERENCIAIS CLASSE B;A;True;A;;;2026-10-05;True
BRILLSACNOR4;ILLS;CIRCULO SA (EX IND LINHAS LEOPOLDO SCHMALZ SA);84043009000170;OK;ACN;OR;ON;ESVUFR;ACOES NOMINATIVAS ACOES ORDINARIAS;A;True;A;;;2026-10-05;True
BRILLSACNPR1;ILLS;CIRCULO SA (EX IND LINHAS LEOPOLDO SCHMALZ SA);84043009000170;OK;ACN;PR;PN;EPNNPR;ACOES NOMINATIVAS ACOES PREFERENCIAIS;A;True;A;;;2026-10-05;True
BRILMDACNOR4;ILMD;YARA BRASIL FERTILIZANTES SA;92660604000182;OK;ACN;OR;ON;ESVUFR;ACOES NOMINATIVAS ACOES ORDINARIAS;A;True;A;;;2026-10-05;True
BRILMDACNPR1;ILMD;YARA BRASIL FERTILIZANTES SA;92660604000182;OK;ACN;PR;PN;EPNNPR;ACOES NOMINATIVAS ACOES PREFERENCIAIS;A;True;A;;;2026-10-05;True
BRILNAACNPA1;ILNA;AGROPECUARIA ILHA NAZARE SA;04696894000157;OK;ACN;PA;PN;EPNNPR;ACOES NOMINATIVAS ACOES PREFERENCIAIS CLASSE A;A;True;A;;;2026-10-05;True
BRILPSACNPB6;ILPS;IND LATICINIOS PALMEIRA INDIOS SA ILPISA;09342379000192;OK;ACN;PB;PN;EPNNPR;ACOES NOMINATIVAS ACOES PREFERENCIAIS CLASSE B;A;True;A;;;2026-10-05;True
BRILSAACNPA0;ILSA;ILSA IND LUELLMA SA;33679069000142;OK;ACN;PA;PN;EPNNPR;ACOES NOMINATIVAS ACOES PREFERENCIAIS CLASSE A;A;True;A;;;2026-10-05;True
BRIM3TACNPA5;IM3T;IMETAMAR - INDUSTRIA MECANICA E METALURGICA S/A;12547840000158;OK;ACN;PA;PN;EPNNPR;ACOES NOMINATIVAS;A;True;N;;;2026-10-05;True
BRIMAPACNPA4;IMAP;IRMAOS ARNAUD AGROPECUARIA SA IMAP;08388092000130;OK;ACN;PA;PN;EPNNPR;ACOES NOMINATIVAS ACOES PREFERENCIAIS CLASSE A;A;True;A;;;2026-10-05;True
BRIMBEACNOR3;IMBE;IMBITUBA EMPREENDIMENTOS PARTICIPACOES SA;27276211000108;OK;ACN;OR;ON;ESVUFR;ACOES NOMINATIVAS ACOES ORDINARIAS;A;True;A;;;2026-10-05;True
BRIMBIACNOR4;IMBI;CIA DOCAS IMBITUBA;84208123000102;OK;ACN;OR;ON;ESVUFR;ACOES NOMINATIVAS ACOES ORDINARIAS;A;True;A;;;2026-10-05;True
BRIMBIACNPR1;IMBI;CIA DOCAS IMBITUBA;84208123000102;OK;ACN;PR;PN;EPNNPR;ACOES NOMINATIVAS ACOES PREFERENCIAIS;A;True;A;;;2026-10-05;True
BRIMCHACNOR4;IMCH;INTERNATIONAL MEAL COMPANY HOLDGINS SA;08936792000112;OK;ACN;OR;ON;ESVUFR;ACOES NOMINATIVAS ACOES ORDINARIAS;A;True;A;;;2026-10-05;True
BRIMCOACNOR0;IMCO;IMCOSUL SA;92783646000100;OK;ACN;OR;ON;ESVUFR;ACOES NOMINATIVAS ACOES ORDINARIAS;A;True;A;;;2026-10-05;True
BRIMCOACNPR7;IMCO;IMCOSUL SA;92783646000100;OK;ACN;PR;PN;EPNNPR;ACOES NOMINATIVAS ACOES PREFERENCIAIS;A;True;A;;;2026-10-05;True
BRIMCPACNOR7;IMCP;IMCOPA IMPORTACAO EXPORTACAO IND OLEOS SA;78571411000124;OK;ACN;OR;ON;ESVUFR;ACOES NOMINATIVAS ACOES ORDINARIAS;A;True;A;;;2026-10-05;True
BRIMFEACNOR4;IMFE;IMPORTADORA FERRAGENS SA;04893996000162;OK;ACN;OR;ON;ESVUFR;ACOES NOMINATIVAS ACOES ORDINARIAS;A;True;A;;;2026-10-05;True
BRIMPEACNOR3;IMPE;IMPERIO LISAMAR SA IND COM ALIMENTOS;33123118000166;OK;ACN;OR;ON;ESVUFR;ACOES NOMINATIVAS ACOES ORDINARIAS;A;True;A;;;2026-10-05;True
BRIMPEACNPR0;IMPE;IMPERIO LISAMAR SA IND COM ALIMENTOS;33123118000166;OK;ACN;PR;PN;EPNNPR;ACOES NOMINATIVAS ACOES PREFERENCIAIS;A;True;A;;;2026-10-05;True
BRIMPLACNPA1;IMPL;IND MARANHENSE PLASTICOS SA IMAPLAS;11104692000134;OK;ACN;PA;PN;EPNNPR;ACOES NOMINATIVAS ACOES PREFERENCIAIS CLASSE A;A;True;A;;;2026-10-05;True
BRIMSPACNOR3;IMSP;IMPRENSA OFICIAL ESTADO SA IMESP;48066047000184;OK;ACN;OR;ON;ESVUFR;ACOES NOMINATIVAS ACOES ORDINARIAS;A;True;A;;;2026-10-05;True
BRIN4IACNPR9;IN4I;INAIL INDEPENDÊNCIA AGRÍCOLA INDL. S/A;06697940000168;OK;ACN;PR;PN;EPNNPR;ACOES NOMINATIVAS;A;True;N;;;2026-10-05;True
BRIN6MACNPA2;IN6M;INTERMAR INDÚSTRIA E COMÉRCIO S/A;04377529000180;OK;ACN;PA;PN;EPNNPR;ACOES NOMINATIVAS;A;True;N;;;2026-10-05;True
BRINAPACNPA2;INAP;IND NACIONAL ACESSORIOS IRRIGACAO SA INAPI;05535711000184;OK;ACN;PA;PN;EPNNPR;ACOES NOMINATIVAS ACOES PREFERENCIAIS CLASSE A;A;True;A;;;2026-10-05;True
BRINAVACNPA0;INAV;INAVE SA IND NAVEGACAO;06425144000176;OK;ACN;PA;PN;EPNNPR;ACOES NOMINATIVAS ACOES PREFERENCIAIS CLASSE A;A;True;A;;;2026-10-05;True
BRINBDACNOR3;INBD;INBRANDS SA;09054385000144;OK;ACN;OR;ON;ESVUFR;ACOES NOMINATIVAS ACOES ORDINARIAS;A;True;A;;;2026-10-05;True
BRINCEACNPR6;INCE;IND NAVAL CEARA SA;07326937000109;OK;ACN;PR;PN;EPNNPR;ACOES NOMINATIVAS ACOES PREFERENCIAIS;A;True;A;;;2026-10-05;True
BRINCSACNOR9;INCS;INCOSPAL CONSTRUCOES PRE FABRICADAS SA;39801279000148;OK;ACN;OR;ON;ESVUFR;ACOES NOMINATIVAS ACOES ORDINARIAS CLASSE B;A;True;A;;;2026-10-05;True
BRINCSACNPB0;INCS;INCOSPAL CONSTRUCOES PRE FABRICADAS SA;39801279000148;OK;ACN;PB;PN;EPNNPR;ACOES NOMINATIVAS ACOES PREFERENCIAIS CLASSE B;A;True;A;;;2026-10-05;True
BRINEPACNOR1;INEP;INEPAR SA IND CONSTRUCOES;76627504000106;OK;ACN;OR;ON;ESVUFR;ACOES NOMINATIVAS ACOES ORDINARIAS;A;True;A;;;2026-10-05;True
BRINEPACNPR8;INEP;INEPAR SA IND CONSTRUCOES;76627504000106;OK;ACN;PR;PN;EPNNPR;ACOES NOMINATIVAS ACOES PREFERENCIAIS;A;True;A;;;2026-10-05;True
BRINFMACNOR5;INFM;INEPAR FEM EQUIPAMENTOS MONTAGENS SA;02258422000197;OK;ACN;OR;ON;ESVUFR;ACOES NOMINATIVAS ACOES ORDINARIAS;A;True;A;;;2026-10-05;True
BRINFMACNPR2;INFM;INEPAR FEM EQUIPAMENTOS MONTAGENS SA;02258422000197;OK;ACN;PR;PN;EPNNPR;ACOES NOMINATIVAS ACOES PREFERENCIAIS;A;True;A;;;2026-10-05;True
BRINGAACNPR5;INGA;INGA AGROFLORESTAL SA;04726386000174;OK;ACN;PR;PN;EPNNPR;ACOES NOMINATIVAS ACOES PREFERENCIAIS;A;True;A;;;2026-10-05;True
BRINLSACNPD7;INLS;INDS ELETRICAS ELITE SA INELSA;07212574000172;OK;ACN;PD;PN;EPNNPR;ACOES NOMINATIVAS ACOES PREFERENCIAIS CLASSE D;A;True;A;;;2026-10-05;True
BRINNBACNPA5;INNB;INOCULANTES FERRO LIGAS NIPOBRAS SA INONIBRAS;18891036000178;OK;ACN;PA;PN;EPNNPR;ACOES NOMINATIVAS ACOES PREFERENCIAIS CLASSE A;A;True;A;;;2026-10-05;True
BRINNCACNOR0;INNC;INC EMPREENDIMENTOS IMOBILIÁRIOS S.A.;09611768000176;OK;ACN;OR;ON;ESVUFR;ACOES NOMINATIVAS ACOES ORDINARIAS;A;True;N;;;2026-10-05;True
BRINNOACNOR5;INNO;INNOVACTION TECHNOLOGIES BRASIL SA;00942195000199;OK;ACN;OR;ON;ESVUFR;ACOES NOMINATIVAS ACOES ORDINARIAS;A;True;A;;;2026-10-05;True
BRINOVACNOR8;INOV;INOVADORA 2A TECNOLOGIA SA;07139809000148;OK;ACN;OR;ON;ESVUFR;ACOES NOMINATIVAS ACOES ORDINARIAS;A;True;A;;;2026-10-05;True
BRINPLACNOR6;INPL;LANDIS GYR INEPAR SA;58900754000188;OK;ACN;OR;ON;ESVUFR;ACOES NOMINATIVAS ACOES ORDINARIAS;A;True;A;;;2026-10-05;True
BRINSAACNPC2;INSA;IND ALIMENTOS NORDESTE SA INASA;06565402000110;OK;ACN;PC;PN;EPNNPR;ACOES NOMINATIVAS ACOES PREFERENCIAIS CLASSE C;A;True;A;;;2026-10-05;True
BRINSPACNOR1;INSP;INVESTPREV SEGUROS PREVIDENCIA S.A.;17479056000173;OK;ACN;OR;ON;ESVUFR;ACOES NOMINATIVAS ACOES ORDINARIAS;A;True;A;;;2026-10-05;True
BRINTBACNOR9;INTB;INTELBRAS SA IND TELECOMUNICACOES ELETRONICA BRASILEIRA;82901000000127;OK;ACN;OR;ON;ESVUFR;ACOES NOMINATIVAS;A;True;N;;;2026-10-05;True
BRINTCACNOR7;INTC;IN3 TECHNOLOGIES SA;00000000000000;DV_INVALIDO;ACN;OR;ON;ESVUFR;ACOES NOMINATIVAS ACOES ORDINARIAS;A;True;A;;;2026-10-05;True
BRINTCACNPR4;INTC;IN3 TECHNOLOGIES SA;00000000000000;DV_INVALIDO;ACN;PR;PN;EPNNPR;ACOES NOMINATIVAS ACOES PREFERENCIAIS;A;True;A;;;2026-10-05;True
BRINTLACNOR8;INTL;HAITONG BANCO INVESTIMENTO BRASIL SA;34111187000112;OK;ACN;OR;ON;ESVUFR;ACOES NOMINATIVAS ACOES ORDINARIAS;A;True;A;;;2026-10-05;True
BRINTLACNPR5;INTL;HAITONG BANCO INVESTIMENTO BRASIL SA;34111187000112;OK;ACN;PR;PN;EPNNPR;ACOES NOMINATIVAS ACOES PREFERENCIAIS;A;True;A;;;2026-10-05;True
BRINVPACNOR5;INVP;INVESPAR SA;;VAZIO;ACN;OR;ON;ESVUFR;ACOES NOMINATIVAS ACOES ORDINARIAS;A;True;A;;;2026-10-05;True
BRINVTACNPC6;INVT;INVESTCO SA;00644907000193;OK;ACN;PC;PN;EPNNPR;ACOES NOMINATIVAS ACOES PREFERENCIAIS CLASSE C;A;True;A;;;2026-10-05;True
BRINWEACNOR7;INWE;INNOVAWEB PARTICIPACOES SA;04043157000155;OK;ACN;OR;ON;ESVUFR;ACOES NOMINATIVAS ACOES ORDINARIAS;A;True;A;;;2026-10-05;True
BRIOCHACNOR0;IOCH;CIA IOCHPE;92753367000102;OK;ACN;OR;ON;ESVUFR;ACOES NOMINATIVAS ACOES ORDINARIAS;A;True;A;;;2026-10-05;True
BRIOCHACNPR7;IOCH;CIA IOCHPE;92753367000102;OK;ACN;PR;PN;EPNNPR;ACOES NOMINATIVAS ACOES PREFERENCIAIS;A;True;A;;;2026-10-05;True
BRIOGSACNPB9;IOGS;IND OLEOS GUIMARAES SA IOGSA;05777271000171;OK;ACN;PB;PN;EPNNPR;ACOES NOMINATIVAS ACOES PREFERENCIAIS CLASSE B;A;True;A;;;2026-10-05;True
BRIPCEACNPC3;IPCE;IND PESCA CEARA SA IPECEA;;VAZIO;ACN;PC;PN;EPNNPR;ACOES NOMINATIVAS ACOES PREFERENCIAIS CLASSE C;A;True;A;;;2026-10-05;True
BRIPJCACNPA6;IPJC;AGROPECUARIA VALE IPOJUCA SA;10690410000165;OK;ACN;PA;PN;EPNNPR;ACOES NOMINATIVAS ACOES PREFERENCIAIS CLASSE A;A;True;A;;;2026-10-05;True
BRIPLAACNOR3;IPLA;IPLAC BRASIL SA PLASTICOS INDLS;11029196000163;OK;ACN;OR;ON;ESVUFR;ACOES NOMINATIVAS ACOES ORDINARIAS;A;True;A;;;2026-10-05;True
BRIPLAACNPA6;IPLA;IPLAC BRASIL SA PLASTICOS INDLS;11029196000163;OK;ACN;PA;PN;EPNNPR;ACOES NOMINATIVAS ACOES PREFERENCIAIS CLASSE A;A;True;A;;;2026-10-05;True
BRIPLAACNPB4;IPLA;IPLAC BRASIL SA PLASTICOS INDLS;11029196000163;OK;ACN;PB;PN;EPNNPR;ACOES NOMINATIVAS ACOES PREFERENCIAIS CLASSE B;A;True;A;;;2026-10-05;True
BRIPNEACNPC0;IPNE;IND PRODUTOS METALURGICOS NORDESTE SA;08826349000199;OK;ACN;PC;PN;EPNNPR;ACOES NOMINATIVAS ACOES PREFERENCIAIS CLASSE C;A;True;A;;;2026-10-05;True
BRIPSCACNPB5;IPSC;IND FRIO PESCA SA IPESCA;07287998000104;OK;ACN;PB;PN;EPNNPR;ACOES NOMINATIVAS ACOES PREFERENCIAIS CLASSE B;A;True;A;;;2026-10-05;True
BRIPTQACNOR2;IPTQ;IPIRANGA PETROQUIMICA SA;;VAZIO;ACN;OR;ON;ESVUFR;ACOES NOMINATIVAS ACOES ORDINARIAS;A;True;A;;;2026-10-05;True
BRIPTQACNPR9;IPTQ;IPIRANGA PETROQUIMICA SA;;VAZIO;ACN;PR;PN;EPNNPR;ACOES NOMINATIVAS ACOES PREFERENCIAIS;A;True;A;;;2026-10-05;True
BRIPZAACNPA6;IPZA;IMPASA IMPERATRIZ AGROPASTORIL SA;00808469000151;OK;ACN;PA;PN;EPNNPR;ACOES NOMINATIVAS ACOES PREFERENCIAIS CLASSE A;A;True;A;;;2026-10-05;True
BRIRBRACNOR4;IRBR;IRB BRASIL RESSEGUROS SA;33376989000191;OK;ACN;OR;ON;ESVUFR;ACOES NOMINATIVAS ACOES ORDINARIAS;A;True;A;;;2026-10-05;True
BRIRBRACNPR1;IRBR;IRB BRASIL RESSEGUROS SA;33376989000191;OK;ACN;PR;PN;EPNNPR;ACOES NOMINATIVAS ACOES PREFERENCIAIS;A;True;A;;;2026-10-05;True
BRIRCMACNPB4;IRCM;MARINA IRACEMA PARK SA;07334600000135;OK;ACN;PB;PN;EPNNPR;ACOES NOMINATIVAS ACOES PREFERENCIAIS CLASSE B;A;True;A;;;2026-10-05;True
BRIRONACNOR6;IRON;ANGLO FERROUS BRAZIL SA;09295979000147;OK;ACN;OR;ON;ESVUFR;ACOES NOMINATIVAS ACOES ORDINARIAS;A;True;A;;;2026-10-05;True
BRIRRIACNOR9;IRRI;IRIRI PARTICIPACOES SA;01545832000156;OK;ACN;OR;ON;ESVUFR;ACOES NOMINATIVAS ACOES ORDINARIAS;A;True;A;;;2026-10-05;True
BRIRRIACNPA2;IRRI;IRIRI PARTICIPACOES SA;01545832000156;OK;ACN;PA;PN;EPNNPR;ACOES NOMINATIVAS ACOES PREFERENCIAIS CLASSE A;A;True;A;;;2026-10-05;True
BRISAEACNOR2;ISAE;ISA ENERGIA BRASIL S.A.;02998611000104;OK;ACN;OR;ON;ESVUFR;ACOES NOMINATIVAS ACOES ORDINARIAS;A;True;N;;;2026-10-05;True
BRISAEACNPR9;ISAE;ISA ENERGIA BRASIL S.A.;02998611000104;OK;ACN;PR;PN;EPNNPR;ACOES NOMINATIVAS ACOES PREFERENCIAIS;A;True;N;;;2026-10-05;True
BRISAMACNPR2;ISAM;ISAMA AGROPECUARIA LATICINIOS SA;08987612000121;OK;ACN;PR;PN;ESVUFR;ACOES NOMINATIVAS ACOES PREFERENCIAIS;A;True;N;;;2026-10-05;True
BRISCHACNOR1;ISCH;INDS SCHNEIDER SA;;VAZIO;ACN;OR;ON;ESVUFR;ACOES NOMINATIVAS ACOES ORDINARIAS;A;True;A;;;2026-10-05;True
BRISCHACNPR8;ISCH;INDS SCHNEIDER SA;;VAZIO;ACN;PR;PN;EPNNPR;ACOES NOMINATIVAS ACOES PREFERENCIAIS;A;True;A;;;2026-10-05;True
BRISHTACNOR5;ISHT;ISH TECH S.A.;42496531000167;OK;ACN;OR;ON;ESVUFR;ACOES NOMINATIVAS;A;True;N;;;2026-10-05;True
BRISMAACNOR5;ISMA;ISM AUTOMACAO SA;31972060000108;OK;ACN;OR;ON;ESVUFR;ACOES NOMINATIVAS ACOES ORDINARIAS;A;True;A;;;2026-10-05;True
BRISMAACNPA8;ISMA;ISM AUTOMACAO SA;31972060000108;OK;ACN;PA;PN;EPNNPR;ACOES NOMINATIVAS ACOES PREFERENCIAIS CLASSE A;A;True;A;;;2026-10-05;True
BRITAIACNPA4;ITAI;ITAIPU EMPREENDIMENTOS AGRICOLAS SA;12093365000197;OK;ACN;PA;PN;EPNNPR;ACOES NOMINATIVAS ACOES PREFERENCIAIS CLASSE A;A;True;A;;;2026-10-05;True
BRITBAACNPC5;ITBA;ITAUBA AGROINDL SA;01920494000195;OK;ACN;PC;PN;EPNNPR;ACOES NOMINATIVAS ACOES PREFERENCIAIS CLASSE C;A;True;A;;;2026-10-05;True
BRITBBACNOR4;ITBB;BCO ITAU BBA SA (EX BCO BEMGE SA);17298092000130;OK;ACN;OR;ON;ESVUFR;ACOES NOMINATIVAS ACOES ORDINARIAS;A;True;A;;;2026-10-05;True
BRITBBACNPR1;ITBB;BCO ITAU BBA SA (EX BCO BEMGE SA);17298092000130;OK;ACN;PR;PN;EPNNPR;ACOES NOMINATIVAS ACOES PREFERENCIAIS;A;True;A;;;2026-10-05;True
BRITCIACNOR7;ITCI;ITACITRUS AGROINDL EXPORTADORA SA;58828377000113;OK;ACN;OR;ON;ESVUFR;ACOES NOMINATIVAS ACOES ORDINARIAS;A;True;A;;;2026-10-05;True
BRITECACNOR6;ITEC;ITAUTEC SA GRUPO ITAUTEC;54526082000131;OK;ACN;OR;ON;ESVUFR;ACOES NOMINATIVAS ACOES ORDINARIAS;A;True;A;;;2026-10-05;True
BRITGAACNPA8;ITGA;ITAGUARANA SA;11482098000187;OK;ACN;PA;PN;EPNNPR;ACOES NOMINATIVAS ACOES PREFERENCIAIS CLASSE A;A;True;A;;;2026-10-05;True
BRITGSACNPA0;ITGS;ITAGUASSU AGROINDL SA;27184951000114;OK;ACN;PA;PN;EPNNPR;ACOES NOMINATIVAS ACOES PREFERENCIAIS CLASSE A;A;True;A;;;2026-10-05;True
BRITGTACNOR5;ITGT;INTEGRACAO TRANSMISSORA ENERGIA SA;07799081000180;OK;ACN;OR;ON;ESVUFR;ACOES NOMINATIVAS ACOES ORDINARIAS;A;True;A;;;2026-10-05;True
BRITGYACNPA8;ITGY;ITAGUAHY AGROPECUARIA SA ITAGUAHYSA;06893812000190;OK;ACN;PA;PN;EPNNPR;ACOES NOMINATIVAS ACOES PREFERENCIAIS CLASSE A;A;True;A;;;2026-10-05;True
BRITINACNOR4;ITIN;ITINGA PARTICIPACOES SA;01545830000167;OK;ACN;OR;ON;ESVUFR;ACOES NOMINATIVAS ACOES ORDINARIAS;A;True;A;;;2026-10-05;True
BRITINACNPR1;ITIN;ITINGA PARTICIPACOES SA;01545830000167;OK;ACN;PR;PN;EPNNPR;ACOES NOMINATIVAS ACOES PREFERENCIAIS;A;True;A;;;2026-10-05;True
BRITKAACNPR4;ITKA;ITAKAIU AGROPASTORIL SA;02395432000174;OK;ACN;PR;PN;EPNNPR;ACOES NOMINATIVAS ACOES PREFERENCIAIS;A;True;A;;;2026-10-05;True
BRITLMACNOR0;ITLM;IND BEBIDAS ANTARCTICA MINAS GERAIS SA;23536691000148;OK;ACN;OR;ON;ESVUFR;ACOES NOMINATIVAS ACOES ORDINARIAS;A;True;A;;;2026-10-05;True
BRITLMACNPA3;ITLM;IND BEBIDAS ANTARCTICA MINAS GERAIS SA;23536691000148;OK;ACN;PA;PN;EPNNPR;ACOES NOMINATIVAS ACOES PREFERENCIAIS CLASSE A;A;True;A;;;2026-10-05;True
BRITLMACNPB1;ITLM;IND BEBIDAS ANTARCTICA MINAS GERAIS SA;23536691000148;OK;ACN;PB;PN;EPNNPR;ACOES NOMINATIVAS ACOES PREFERENCIAIS CLASSE B;A;True;A;;;2026-10-05;True
BRITMIACNOR6;ITMI;IT MIDIA SA;02053099000115;OK;ACN;OR;ON;ESVUFR;ACOES NOMINATIVAS ACOES ORDINARIAS;A;True;A;;;2026-10-05;True
BRITMYACNOR3;ITMY;ITAMARATY FILTROS PAPEL SA;77558948000191;OK;ACN;OR;ON;ESVUFR;ACOES NOMINATIVAS ACOES ORDINARIAS;A;True;A;;;2026-10-05;True
BRITMYACNPR0;ITMY;ITAMARATY FILTROS PAPEL SA;77558948000191;OK;ACN;PR;PN;EPNNPR;ACOES NOMINATIVAS ACOES PREFERENCIAIS;A;True;A;;;2026-10-05;True
BRITNIACNOR4;ITNI;INTERNI SA INTERIORES VEICULOS;;VAZIO;ACN;OR;ON;ESVUFR;ACOES NOMINATIVAS ACOES ORDINARIAS;A;True;A;;;2026-10-05;True
BRITPBACNOR4;ITPB;ITAPEBI GERACAO ENERGIA SA;02397080000196;OK;ACN;OR;ON;ESVUFR;ACOES NOMINATIVAS ACOES ORDINARIAS;A;True;A;;;2026-10-05;True
BRITPLACNPC2;ITPL;INTERMOINHOS NORDESTE SA INTERPASTIL;;VAZIO;ACN;PC;PN;EPNNPR;ACOES NOMINATIVAS ACOES PREFERENCIAIS CLASSE C;A;True;A;;;2026-10-05;True
BRITPMACNPA4;ITPM;ITAPISSUMA SA;11482080000185;OK;ACN;PA;PN;EPNNPR;ACOES NOMINATIVAS ACOES PREFERENCIAIS CLASSE A;A;True;A;;;2026-10-05;True
BRITPRACNPA3;ITPR;ITAPOA SA PRODUTOS ELETRICOS;11563715000179;OK;ACN;PA;PN;EPNNPR;ACOES NOMINATIVAS ACOES PREFERENCIAIS CLASSE A;A;True;A;;;2026-10-05;True
BRITPSACNOR8;ITPS;BRAMPAC SA;61149084000114;OK;ACN;OR;ON;ESVUFR;ACOES NOMINATIVAS ACOES ORDINARIAS;A;True;A;;;2026-10-05;True
BRITPSACNPR5;ITPS;BRAMPAC SA;61149084000114;OK;ACN;PR;PN;EPNNPR;ACOES NOMINATIVAS ACOES PREFERENCIAIS;A;True;A;;;2026-10-05;True
BRITQQACNOR0;ITQQ;ITAQUAQ INVESTIMENTOS IMOBILIARIOS PARTICIPACOES SA;16657308000144;OK;ACN;OR;ON;ESVUFR;ACOES NOMINATIVAS ACOES ORDINARIAS;A;True;A;;;2026-10-05;True
BRITRAACNPA5;ITRA;ITAUEIRA AGROPECUARIA SA;07231103000101;OK;ACN;PA;PN;EPNNPR;ACOES NOMINATIVAS ACOES PREFERENCIAIS CLASSE A;A;True;A;;;2026-10-05;True
BRITRUACNOR0;ITRU;SE SA COM IMPORTACAO;01545828000198;OK;ACN;OR;ON;ESVUFR;ACOES NOMINATIVAS ACOES ORDINARIAS;A;True;A;;;2026-10-05;True
BRITRUACNPR7;ITRU;SE SA COM IMPORTACAO;01545828000198;OK;ACN;PR;PN;EPNNPR;ACOES NOMINATIVAS ACOES PREFERENCIAIS;A;True;A;;;2026-10-05;True
BRITSAACNOR0;ITSA;ITAUSA  SA;61532644000115;OK;ACN;OR;ON;ESVUFR;ACOES NOMINATIVAS ACOES ORDINARIAS;A;True;A;;;2026-10-05;True
BRITSAACNPR7;ITSA;ITAUSA  SA;61532644000115;OK;ACN;PR;PN;EPNNPR;ACOES NOMINATIVAS ACOES PREFERENCIAIS;A;True;A;;;2026-10-05;True
BRITTAACNOR8;ITTA;ITATIAIA INVESTIMENTOS IMOBILIARIOS PARTICIPACOES SA;13385440000156;OK;ACN;OR;ON;ESVUFR;ACOES NOMINATIVAS ACOES ORDINARIAS;A;True;A;;;2026-10-05;True
BRITTIACNOR1;ITTI;ITAUTEC INFORMATICA SA GRUPO ITAUTEC PHILCO;51764058000142;OK;ACN;OR;ON;ESVUFR;ACOES NOMINATIVAS ACOES ORDINARIAS;A;True;A;;;2026-10-05;True
BRITTIACNPR8;ITTI;ITAUTEC INFORMATICA SA GRUPO ITAUTEC PHILCO;51764058000142;OK;ACN;PR;PN;EPNNPR;ACOES NOMINATIVAS ACOES PREFERENCIAIS;A;True;A;;;2026-10-05;True
BRITUBACNOR4;ITUB;ITAU UNIBANCO HOLDING SA;60872504000123;OK;ACN;OR;ON;ESVUFR;ACOES NOMINATIVAS ACOES ORDINARIAS;A;True;A;;;2026-10-05;True
BRITUBACNPR1;ITUB;ITAU UNIBANCO HOLDING SA;60872504000123;OK;ACN;PR;PN;EPNNPR;ACOES NOMINATIVAS ACOES PREFERENCIAIS;A;True;A;;;2026-10-05;True
BRITUBCDAM15;ITUB;ITAU UNIBANCO HOLDING SA;60872504000123;OK;CDA;M1;UNIT;EMXXXR;CERTIFICADO DE DEPOSITO DE ACOES ON + BDR;A;True;N;;;2026-10-05;True
BRITUBCDAXX4;ITUB;ITAU UNIBANCO HOLDING SA;60872504000123;OK;CDA;XX;UNIT;EMXXXR;CERTIFICADO DE DEPOSITO DE ACOES PN + BDR;A;True;N;;;2026-10-05;True
BRIVCTACNOR0;IVCT;SOBRAL INVICTA SA;60594538000101;OK;ACN;OR;ON;ESVUFR;ACOES NOMINATIVAS ACOES ORDINARIAS;A;True;A;;;2026-10-05;True
BRIVCTACNPR7;IVCT;SOBRAL INVICTA SA;60594538000101;OK;ACN;PR;PN;EPNNPR;ACOES NOMINATIVAS ACOES PREFERENCIAIS;A;True;A;;;2026-10-05;True
BRIVILACNOR4;IVIL;COINVEST CIA INVESTS INTERLAGOS (EX INDS VILLARES SA);61460762000165;OK;ACN;OR;ON;ESVUFR;ACOES NOMINATIVAS ACOES ORDINARIAS;A;True;A;;;2026-10-05;True
BRIVILACNPR1;IVIL;COINVEST CIA INVESTS INTERLAGOS (EX INDS VILLARES SA);61460762000165;OK;ACN;PR;PN;EPNNPR;ACOES NOMINATIVAS ACOES PREFERENCIAIS;A;True;A;;;2026-10-05;True
BRIVLGACNOR8;IVLG;INVITEL LEGACY SA;10242478000181;OK;ACN;OR;ON;ESVUFR;ACOES NOMINATIVAS ACOES ORDINARIAS;A;True;A;;;2026-10-05;True
BRIVLPACNOR9;IVLP;INVESTVALE PARTICIPACOES SA INVESTVALEPAR;02812190000177;OK;ACN;OR;ON;ESVUFR;ACOES NOMINATIVAS ACOES ORDINARIAS;A;True;A;;;2026-10-05;True
BRIVPLACNOR9;IVPL;TELEINVEST PARTICIPACOES SA;48695928000164;OK;ACN;OR;ON;ESVUFR;ACOES NOMINATIVAS ACOES ORDINARIAS;A;True;A;;;2026-10-05;True
BRIVPLACNPR6;IVPL;TELEINVEST PARTICIPACOES SA;48695928000164;OK;ACN;PR;PN;EPNNPR;ACOES NOMINATIVAS ACOES PREFERENCIAIS;A;True;A;;;2026-10-05;True
BRIVPRACNOR6;IVPR;INVESTIMENTOS PARTICIPACOES INFRAESTRUTURA SA INVEPAR;03758318000124;OK;ACN;OR;ON;ESVUFR;ACOES NOMINATIVAS ACOES ORDINARIAS;A;True;A;;;2026-10-05;True
BRIVPRACNPR3;IVPR;INVESTIMENTOS PARTICIPACOES INFRAESTRUTURA SA INVEPAR;03758318000124;OK;ACN;PR;PN;EPNNPR;ACOES NOMINATIVAS ACOES PREFERENCIAIS;A;True;A;;;2026-10-05;True
BRIVPSACNOR4;IVPS;INVESTPREV SEGURADORA S.A;42366302000128;OK;ACN;OR;ON;ESVUFR;ACOES NOMINATIVAS ACOES ORDINARIAS;A;True;A;;;2026-10-05;True
BRIVSAACNPR3;IVSA;IND VESTUARIO NORDESTE SA INVESA;24064206000143;OK;ACN;PR;PN;EPNNPR;ACOES NOMINATIVAS ACOES PREFERENCIAIS;A;True;A;;;2026-10-05;True
BRIVSCACNOR2;IVSC;SANTA CATARINA PARTICIPACAO INVESTS SA INVESC;00897864000158;OK;ACN;OR;ON;ESVUFR;ACOES NOMINATIVAS ACOES ORDINARIAS;A;True;A;;;2026-10-05;True
BRIVTEACNOR6;IVTE;INVESTEC INVESTS TECNOLOGICOS SA;46112488000140;OK;ACN;OR;ON;ESVUFR;ACOES NOMINATIVAS ACOES ORDINARIAS;A;True;A;;;2026-10-05;True
BRIVTEACNPR3;IVTE;INVESTEC INVESTS TECNOLOGICOS SA;46112488000140;OK;ACN;PR;PN;EPNNPR;ACOES NOMINATIVAS ACOES PREFERENCIAIS;A;True;A;;;2026-10-05;True
BRIVTFACNOR3;IVTF;INVESTFARMA S.A.;31736707000194;OK;ACN;OR;ON;ESVUFR;ACOES NOMINATIVAS;A;True;N;;;2026-10-05;True
BRIVTRACNOR8;IVTR;INTERNET VENTURES SA;03600265000119;OK;ACN;OR;ON;ESVUFR;ACOES NOMINATIVAS ACOES ORDINARIAS;A;True;A;;;2026-10-05;True
BRIZEFACNPR3;IZEF;FAZENDA IZE SA;04261418000103;OK;ACN;PR;PN;EPNNPR;ACOES NOMINATIVAS ACOES PREFERENCIAIS;A;True;A;;;2026-10-05;True
BRJ1MAACNPA8;J1MA;JEMAR EMPREENDIMENTOS RURAIS SA;11100617000103;OK;ACN;PA;PN;EPNNPR;ACOES NOMINATIVAS ACOES PREFERENCIAIS CLASSE A;A;True;N;;;2026-10-05;True
BRJ4GRACNPR2;J4GR;JACUIPE AGROPECUARIA S/A;05262142000140;OK;ACN;PR;PN;EPNNPR;ACOES NOMINATIVAS;A;True;N;;;2026-10-05;True
BRJ8BSACNOR5;J8BS;JBS PARTICIPAÇÕES SOCIETÁRIAS S.A.;46855586000177;OK;ACN;OR;ON;ESVUFR;ACOES NOMINATIVAS CONTROLADOR;A;True;N;;;2026-10-05;True
BRJACYACNPA5;JACY;METALURGICA JACY SA;09259870000154;OK;ACN;PA;PN;EPNNPR;ACOES NOMINATIVAS ACOES PREFERENCIAIS CLASSE A;A;True;A;;;2026-10-05;True
BRJAHUACNOR9;JAHU;CIA AGROPECUARIA JAHU;05426846000101;OK;ACN;OR;ON;ESVUFR;ACOES NOMINATIVAS ACOES ORDINARIAS;A;True;A;;;2026-10-05;True
BRJAHUACNPA2;JAHU;CIA AGROPECUARIA JAHU;05426846000101;OK;ACN;PA;PN;EPNNPR;ACOES NOMINATIVAS ACOES PREFERENCIAIS CLASSE A;A;True;A;;;2026-10-05;True
BRJAHUACNPB0;JAHU;CIA AGROPECUARIA JAHU;05426846000101;OK;ACN;PB;PN;EPNNPR;ACOES NOMINATIVAS ACOES PREFERENCIAIS CLASSE B;A;True;A;;;2026-10-05;True
BRJAHYACNPA4;JAHY;JAHYR SEIXAS GONÇALVES AGRO INDUSTRIAL S/A;01795523000134;OK;ACN;PA;PN;EPNNPR;ACOES NOMINATIVAS;A;True;N;;;2026-10-05;True
BRJALLACNOR0;JALL;JALLES MACHADO S.A.;02635522000195;OK;ACN;OR;ON;ESVUFR;ACOES NOMINATIVAS;A;True;N;;;2026-10-05;True
BRJAPAACNPB5;JAPA;JAPARANDUBA AGROPASTORIL SA JAPASA;11133659000132;OK;ACN;PB;PN;EPNNPR;ACOES NOMINATIVAS ACOES PREFERENCIAIS CLASSE B;A;True;A;;;2026-10-05;True
BRJARIACNOR3;JARI;JARI CELULOSE SA;04815734000180;OK;ACN;OR;ON;ESVUFR;ACOES NOMINATIVAS ACOES ORDINARIAS;A;True;A;;;2026-10-05;True
BRJARIACNPA6;JARI;JARI CELULOSE SA;04815734000180;OK;ACN;PA;PN;EPNNPR;ACOES NOMINATIVAS ACOES PREFERENCIAIS CLASSE A;A;True;A;;;2026-10-05;True
BRJARIACNPB4;JARI;JARI CELULOSE SA;04815734000180;OK;ACN;PB;PN;EPNNPR;ACOES NOMINATIVAS ACOES PREFERENCIAIS CLASSE B;A;True;A;;;2026-10-05;True
BRJARIACNPC2;JARI;JARI CELULOSE SA;04815734000180;OK;ACN;PC;PN;EPNNPR;ACOES NOMINATIVAS ACOES PREFERENCIAIS CLASSE C;A;True;A;;;2026-10-05;True
BRJASDACNOR2;JASD;J A SAUDE ANIMAL INDUSTRIA COMERCIO PRODUTOS VETERINARIOS;03749465000138;OK;ACN;OR;ON;ESVUFR;ACOES NOMINATIVAS ACOES ORDINARIAS;A;True;A;;;2026-10-05;True
BRJASDACNPA5;JASD;J A SAUDE ANIMAL INDUSTRIA COMERCIO PRODUTOS VETERINARIOS;03749465000138;OK;ACN;PA;PN;EPNNPR;ACOES NOMINATIVAS ACOES PREFERENCIAIS CLASSE A;A;True;A;;;2026-10-05;True
BRJBNEACNPA2;JBNE;JOJOBA NORDESTE SA JOBENE;08239956000152;OK;ACN;PA;PN;EPNNPR;ACOES NOMINATIVAS ACOES PREFERENCIAIS CLASSE A;A;True;A;;;2026-10-05;True
BRJBNXACNOR9;JBNX;JBNX HOLDING S.A.;17680886000164;OK;ACN;OR;ON;ESVUFR;ACOES NOMINATIVAS;A;True;N;;;2026-10-05;True
BRJCBAACNOR0;JCBA;JC BARRETTO FERTILIZANTES SA;13151741000115;OK;ACN;OR;ON;ESVUFR;ACOES NOMINATIVAS ACOES ORDINARIAS;A;True;A;;;2026-10-05;True
BRJCBAACNPA3;JCBA;JC BARRETTO FERTILIZANTES SA;13151741000115;OK;ACN;PA;PN;EPNNPR;ACOES NOMINATIVAS ACOES PREFERENCIAIS CLASSE A;A;True;A;;;2026-10-05;True
BRJCBAACNPB1;JCBA;JC BARRETTO FERTILIZANTES SA;13151741000115;OK;ACN;PB;PN;EPNNPR;ACOES NOMINATIVAS ACOES PREFERENCIAIS CLASSE B;A;True;A;;;2026-10-05;True
BRJCRIACNPR6;JCRI;FAZENDAS REUNIDAS JACARAI SA;06638209000161;OK;ACN;PR;PN;EPNNPR;ACOES NOMINATIVAS ACOES PREFERENCIAIS;A;True;A;;;2026-10-05;True
BRJDHYACNPA8;JDHY;JUNDIAHY AGROPECUARIA SA;13357736000163;OK;ACN;PA;PN;EPNNPR;ACOES NOMINATIVAS ACOES PREFERENCIAIS CLASSE A;A;True;A;;;2026-10-05;True
BRJDOCACNOR7;JDOC;JARDIM OCEANICO INVESTS IMOBILIARIOS PARTICIPACOES SA;09109837000148;OK;ACN;OR;ON;ESVUFR;ACOES NOMINATIVAS ACOES ORDINARIAS;A;True;A;;;2026-10-05;True
BRJFABACNOR3;JFAB;JARAGUA FABRIL SA;84432426000104;OK;ACN;OR;ON;ESVUFR;ACOES NOMINATIVAS ACOES ORDINARIAS;A;True;A;;;2026-10-05;True
BRJFABACNPR0;JFAB;JARAGUA FABRIL SA;84432426000104;OK;ACN;PR;PN;EPNNPR;ACOES NOMINATIVAS ACOES PREFERENCIAIS;A;True;A;;;2026-10-05;True
BRJFENACNOR0;JFEN;JOAO FORTES ENGENHARIA SA;33035536000100;OK;ACN;OR;ON;ESVUFR;ACOES NOMINATIVAS ACOES ORDINARIAS;A;True;A;;;2026-10-05;True
BRJFPEACNOR5;JFPE;JUST FIT PARTICIPACOES EMPREENDIMENTOS SA;16738149000102;OK;ACN;OR;ON;ESVUFR;ACOES NOMINATIVAS ACOES ORDINARIAS;A;True;A;;;2026-10-05;True
BRJFPEACNPA8;JFPE;JUST FIT PARTICIPACOES EMPREENDIMENTOS SA;16738149000102;OK;ACN;PA;PN;EPNNPR;ACOES NOMINATIVAS ACOES PREFERENCIAIS CLASSE A;A;True;A;;;2026-10-05;True
BRJHSFACNOR2;JHSF;JHSF PARTICIPACOES SA;08294224000165;OK;ACN;OR;ON;ESVUFR;ACOES NOMINATIVAS ACOES ORDINARIAS;A;True;A;;;2026-10-05;True
BRJHSSACNOR5;JHSS;J H SANTOS SA COM IND;92754191000103;OK;ACN;OR;ON;ESVUFR;ACOES NOMINATIVAS ACOES ORDINARIAS;A;True;A;;;2026-10-05;True
BRJHSSACNPR2;JHSS;J H SANTOS SA COM IND;92754191000103;OK;ACN;PR;PN;EPNNPR;ACOES NOMINATIVAS ACOES PREFERENCIAIS;A;True;A;;;2026-10-05;True
BRJMALACNOR8;JMAL;JHSF MALLS S.A.;07859510000168;OK;ACN;OR;ON;ESVUFR;ACOES NOMINATIVAS ACOES ORDINARIAS;A;True;N;;;2026-10-05;True
BRJMCDACNPB2;JMCD;J MACEDO SA;14998371000119;OK;ACN;PB;PN;EPNNPR;ACOES NOMINATIVAS ACOES PREFERENCIAIS CLASSE B;A;True;A;;;2026-10-05;True
BRJOAGACNPB5;JOAG;JOACABA AGROPECUARIA SA;03143559000169;OK;ACN;PB;PN;EPNNPR;ACOES NOMINATIVAS ACOES PREFERENCIAIS CLASSE B;A;True;A;;;2026-10-05;True
BRJOBXACNPB8;JOBX;JOBEX AGROINDL SA;07332901000120;OK;ACN;PB;PN;EPNNPR;ACOES NOMINATIVAS ACOES PREFERENCIAIS CLASSE B;A;True;A;;;2026-10-05;True
BRJOCAACNPR0;JOCA;AGROPECUARIA JOSE CARNEIRO SA JOCARSA;07260789000169;OK;ACN;PR;PN;EPNNPR;ACOES NOMINATIVAS ACOES PREFERENCIAIS;A;True;A;;;2026-10-05;True
BRJOINACNOR3;JOIN;HUSKY SA;84685189000193;OK;ACN;OR;ON;ESVUFR;ACOES NOMINATIVAS ACOES ORDINARIAS;A;True;A;;;2026-10-05;True
BRJOINACNPR0;JOIN;HUSKY SA;84685189000193;OK;ACN;PR;PN;EPNNPR;ACOES NOMINATIVAS ACOES PREFERENCIAIS;A;True;A;;;2026-10-05;True
BRJOMAACNOR2;JOMA;JOMA SA;13092665000114;OK;ACN;OR;ON;ESVUFR;ACOES NOMINATIVAS ACOES ORDINARIAS;A;True;A;;;2026-10-05;True
BRJOOLACNOR5;JOOL;SUPERMERCADOS REAL SA;92192509000100;OK;ACN;OR;ON;ESVUFR;ACOES NOMINATIVAS ACOES ORDINARIAS;A;True;A;;;2026-10-05;True
BRJOOLACNPR2;JOOL;SUPERMERCADOS REAL SA;92192509000100;OK;ACN;PR;PN;EPNNPR;ACOES NOMINATIVAS ACOES PREFERENCIAIS;A;True;A;;;2026-10-05;True
BRJOPAACNOR5;JOPA;JOSAPAR JOAQUIM OLIVEIRA SA PARTICIPACOES;87456562000122;OK;ACN;OR;ON;ESVUFR;ACOES NOMINATIVAS ACOES ORDINARIAS;A;True;A;;;2026-10-05;True
BRJOPAACNPR2;JOPA;JOSAPAR JOAQUIM OLIVEIRA SA PARTICIPACOES;87456562000122;OK;ACN;PR;PN;EPNNPR;ACOES NOMINATIVAS ACOES PREFERENCIAIS;A;True;A;;;2026-10-05;True
BRJOTAACNPA0;JOTA;JOTA AGRICOLA SA;02912451000120;OK;ACN;PA;PN;EPNNPR;ACOES NOMINATIVAS ACOES PREFERENCIAIS CLASSE A;A;True;A;;;2026-10-05;True
BRJRSAACNPA5;JRSA;JUREMAL AGROPECUARIA SA JURASA;08981482000110;OK;ACN;PA;PN;EPNNPR;ACOES NOMINATIVAS ACOES PREFERENCIAIS CLASSE A;A;True;A;;;2026-10-05;True
BRJSLGACNOR2;JSLG;JSL SA;52548435000179;OK;ACN;OR;ON;ESVUFR;ACOES NOMINATIVAS ACOES ORDINARIAS;A;True;A;;;2026-10-05;True
BRJSRFACNPC0;JSRF;COTONIFICIO JOSE RUFINO SA;09929746000159;OK;ACN;PC;PN;EPNNPR;ACOES NOMINATIVAS ACOES PREFERENCIAIS CLASSE C;A;True;A;;;2026-10-05;True
BRJSTNACNOR1;JSTN;JUSTINO MORAES IRMAO SA;44944668000162;OK;ACN;OR;ON;ESVUFR;ACOES NOMINATIVAS ACOES ORDINARIAS;A;True;A;;;2026-10-05;True
BRJSTNACNPR8;JSTN;JUSTINO MORAES IRMAO SA;44944668000162;OK;ACN;PR;PN;EPNNPR;ACOES NOMINATIVAS ACOES PREFERENCIAIS;A;True;A;;;2026-10-05;True
BRJTAGACNPA6;JTAG;JATAI AGROINDUSTRIAL S.A.;01092049000184;OK;ACN;PA;PN;EPNNPR;ACOES NOMINATIVAS ACOES PREFERENCIAIS CLASSE A;A;True;A;;;2026-10-05;True
BRJTAMACNOR1;JTAM;FIACAO TECELAGEM JUTA AMAZONIA SA FITEJUTA;04559803000131;OK;ACN;OR;ON;ESVUFR;ACOES NOMINATIVAS ACOES ORDINARIAS;A;True;A;;;2026-10-05;True
BRJTAMACNPA4;JTAM;FIACAO TECELAGEM JUTA AMAZONIA SA FITEJUTA;04559803000131;OK;ACN;PA;PN;EPNNPR;ACOES NOMINATIVAS ACOES PREFERENCIAIS CLASSE A;A;True;A;;;2026-10-05;True
BRJTAMACNPB2;JTAM;FIACAO TECELAGEM JUTA AMAZONIA SA FITEJUTA;04559803000131;OK;ACN;PB;PN;EPNNPR;ACOES NOMINATIVAS ACOES PREFERENCIAIS CLASSE B;A;True;A;;;2026-10-05;True
BRJTAMACNPC0;JTAM;FIACAO TECELAGEM JUTA AMAZONIA SA FITEJUTA;04559803000131;OK;ACN;PC;PN;EPNNPR;ACOES NOMINATIVAS ACOES PREFERENCIAIS CLASSE C;A;True;A;;;2026-10-05;True
BRJTAMACNPD8;JTAM;FIACAO TECELAGEM JUTA AMAZONIA SA FITEJUTA;04559803000131;OK;ACN;PD;PN;EPNNPR;ACOES NOMINATIVAS ACOES PREFERENCIAIS CLASSE D;A;True;A;;;2026-10-05;True
BRJTSEACNOR0;JTSE;JTS EMPREENDIMENTOS IMOBILIARIOS SA;18938227000148;OK;ACN;OR;ON;ESVUFR;ACOES NOMINATIVAS ACOES ORDINARIAS;A;True;A;;;2026-10-05;True
BRJUNCACNPB4;JUNC;EMP JUNCO AGROPECUARIA SA JUNCO;07317282000102;OK;ACN;PB;PN;EPNNPR;ACOES NOMINATIVAS ACOES PREFERENCIAIS CLASSE B;A;True;A;;;2026-10-05;True
BRJUNGACNOR4;JUNG;JUNGFRAU PARTICIPACOES SA;00627379000164;OK;ACN;OR;ON;ESVUFR;ACOES NOMINATIVAS ACOES ORDINARIAS;A;True;A;;;2026-10-05;True
BRJURUACNOR6;JURU;JURUENA PARTICIPACOES INVESTIMENTOS SA;07655515000179;OK;ACN;OR;ON;ESVUFR;ACOES NOMINATIVAS ACOES ORDINARIAS;A;True;A;;;2026-10-05;True
BRJUTAACNOR4;JUTA;BRASILJUTA SA FIACAO TECELAGEM JUTA;33177734000108;OK;ACN;OR;ON;ESVUFR;ACOES NOMINATIVAS ACOES ORDINARIAS;A;True;A;;;2026-10-05;True
BRJUTAACNPR1;JUTA;BRASILJUTA SA FIACAO TECELAGEM JUTA;33177734000108;OK;ACN;PR;PN;EPNNPR;ACOES NOMINATIVAS ACOES PREFERENCIAIS;A;True;A;;;2026-10-05;True
BRJYSSACNOR0;JYSS;JBS SA;02916265000160;OK;ACN;OR;ON;ESVUFR;ACOES NOMINATIVAS ACOES ORDINARIAS;A;True;N;;;2026-10-05;True
BRKALSACNPA6;KALS;KA 2 LAUNDRY SERVICES SA;65698508000150;OK;ACN;PA;PN;EPNNPR;ACOES NOMINATIVAS ACOES PREFERENCIAIS CLASSE A;A;True;A;;;2026-10-05;True
BRKALUACNOR9;KALU;KALUNGA S.A.;43283811000150;OK;ACN;OR;ON;ESVUFR;ACOES NOMINATIVAS;A;True;N;;;2026-10-05;True
BRKAMRACNPR0;KAMR;CARCINICULTURA KAMMARON SA;07170657000146;OK;ACN;PR;PN;EPNNPR;ACOES NOMINATIVAS ACOES PREFERENCIAIS;A;True;A;;;2026-10-05;True
BRKBNVACNOR1;KBNV;KBNV REPRESENTACOES LTDA;;VAZIO;ACN;OR;ON;ESVUFR;ACOES NOMINATIVAS COTAS;A;True;A;;;2026-10-05;True
BRKBONACNOR6;KBON;KIBON SA INDS ALIMENTICIAS;57003881000111;OK;ACN;OR;ON;ESVUFR;ACOES NOMINATIVAS ACOES ORDINARIAS;A;True;A;;;2026-10-05;True
BRKEPLACNOR1;KEPL;KEPLER WEBER SA;91983056000169;OK;ACN;OR;ON;ESVUFR;ACOES NOMINATIVAS ACOES ORDINARIAS;A;True;A;;;2026-10-05;True
BRKI4KACNPR8;KI4K;AGROPECUÁRIA KIMAK S/A;05120340000170;OK;ACN;PR;PN;EPNNPR;ACOES NOMINATIVAS;A;True;N;;;2026-10-05;True
BRKLASACNOR3;KLAS;KALLAS INCORPORACOES CONSTRUCOES SA;09146451000106;OK;ACN;OR;ON;ESVUFR;ACOES NOMINATIVAS;A;True;N;;;2026-10-05;True
BRKLBCACNOR5;KLBC;BRACELL BAHIA SPECIALTY CELLULOSE S.A.;69037133000139;OK;ACN;OR;ON;ESVUFR;ACOES NOMINATIVAS ACOES ORDINARIAS;A;True;A;;;2026-10-05;True
BRKLBCACNPR2;KLBC;BRACELL BAHIA SPECIALTY CELLULOSE S.A.;69037133000139;OK;ACN;PR;PN;EPNNPR;ACOES NOMINATIVAS ACOES PREFERENCIAIS;A;True;A;;;2026-10-05;True
BRKLBNACNOR2;KLBN;KLABIN SA;89637490000145;OK;ACN;OR;ON;ESVUFR;ACOES NOMINATIVAS ACOES ORDINARIAS;A;True;A;;;2026-10-05;True
BRKLBNACNPR9;KLBN;KLABIN SA;89637490000145;OK;ACN;PR;PN;EPNNPR;ACOES NOMINATIVAS ACOES PREFERENCIAIS;A;True;A;;;2026-10-05;True
BRKLBNCDAM18;KLBN;KLABIN SA;89637490000145;OK;CDA;M1;UNIT;EMXXXR;CERTIFICADO DE DEPOSITO DE ACOES CERTIFICADO DE DEPOSITO DE ACOES REPRESENTATIVOS DE 1 AÇÃO ORDINARIA E 4 ACOES P;A;True;A;;;2026-10-05;True
BRKLBOACNPR7;KLBO;KILOMBO AGROPECUARIA SA;05005533000180;OK;ACN;PR;PN;EPNNPR;ACOES NOMINATIVAS ACOES PREFERENCIAIS;A;True;A;;;2026-10-05;True
BRKLICACNPB1;KLIC;KLICK NET SA;03515839000150;OK;ACN;PB;PN;EPNNPR;ACOES NOMINATIVAS ACOES PREFERENCIAIS CLASSE B;A;True;A;;;2026-10-05;True
BRKNWGACNOR8;KNWG;KNOWLEDGE FOR LIFE TECNOLOGIA SA;22443374000114;OK;ACN;OR;ON;ESVUFR;ACOES NOMINATIVAS ACOES ORDINARIAS;A;True;N;;;2026-10-05;True
BRKONTACNPC7;KONT;KONTIK SA HOTEIS TURISMO;;VAZIO;ACN;PC;PN;EPNNPR;ACOES NOMINATIVAS ACOES PREFERENCIAIS CLASSE C;A;True;A;;;2026-10-05;True
BRKPSLACNOR1;KPSL;KIPIT SELF STORAGE SA;17193271000103;OK;ACN;OR;ON;ESVUFR;ACOES NOMINATIVAS ACOES ORDINARIAS;A;True;A;;;2026-10-05;True
BRKRBRACNOR0;KRBR;KAROON PETROLEO & GAS SA;09347916000197;OK;ACN;OR;ON;ESVUFR;ACOES NOMINATIVAS ACOES ORDINARIAS;A;True;A;;;2026-10-05;True
BRKRONACNPA5;KRON;KRONORTE SA IMPLEMENTOS TRANSPORTE;12599825000153;OK;ACN;PA;PN;EPNNPR;ACOES NOMINATIVAS ACOES PREFERENCIAIS CLASSE A;A;True;A;;;2026-10-05;True
BRKRSAACNOR0;KRSA;KORA SAÚDE PARTICIPAÇÕES S.A;13270520000166;OK;ACN;OR;ON;ESVUFR;ACOES NOMINATIVAS;A;True;N;;;2026-10-05;True
BRKSBAACNPB5;KSBA;KSB AMAZONIA SA;34512327000164;OK;ACN;PB;PN;EPNNPR;ACOES NOMINATIVAS ACOES PREFERENCIAIS CLASSE B;A;True;A;;;2026-10-05;True
BRKSSAACNOR8;KSSA;KLABIN SEGALL SA;00187032000148;OK;ACN;OR;ON;ESVUFR;ACOES NOMINATIVAS ACOES ORDINARIAS;A;True;A;;;2026-10-05;True
BRKUALACNOR9;KUAL;KUALA SA (EX ARTEX SA);82640723000110;OK;ACN;OR;ON;ESVUFR;ACOES NOMINATIVAS ACOES ORDINARIAS;A;True;N;;;2026-10-05;True
BRKUALACNPR6;KUAL;KUALA SA (EX ARTEX SA);82640723000110;OK;ACN;PR;PN;EPNNPR;ACOES NOMINATIVAS ACOES PREFERENCIAIS;A;True;N;;;2026-10-05;True
BRL8MAACNPR3;L8MA;LAURO MEIRA AGROPECUARIA S/A;16720310000110;OK;ACN;PR;PN;EPNNPR;ACOES NOMINATIVAS;A;True;N;;;2026-10-05;True
BRLABAACNOR0;LABA;LABRA IND BRASILEIRA LAPIS SA;77964963000130;OK;ACN;OR;ON;ESVUFR;ACOES NOMINATIVAS ACOES ORDINARIAS;A;True;A;;;2026-10-05;True
BRLABAACNPR7;LABA;LABRA IND BRASILEIRA LAPIS SA;77964963000130;OK;ACN;PR;PN;EPNNPR;ACOES NOMINATIVAS ACOES PREFERENCIAIS;A;True;A;;;2026-10-05;True
BRLAELACNOR1;LAEL;LABO ELETRONICA SA;61489514000147;OK;ACN;OR;ON;ESVUFR;ACOES NOMINATIVAS ACOES ORDINARIAS;A;True;A;;;2026-10-05;True
BRLAELACNPR8;LAEL;LABO ELETRONICA SA;61489514000147;OK;ACN;PR;PN;EPNNPR;ACOES NOMINATIVAS ACOES PREFERENCIAIS;A;True;A;;;2026-10-05;True
BRLAMCACNPA6;LAMC;LAM CONFECCOES SA;23505233000141;OK;ACN;PA;PN;EPNNPR;ACOES NOMINATIVAS ACOES PREFERENCIAIS CLASSE A;A;True;A;;;2026-10-05;True
BRLAMEACNOR9;LAME;LOJAS AMERICANAS SA;33014556000196;OK;ACN;OR;ON;ESVUFR;ACOES NOMINATIVAS ACOES ORDINARIAS;A;True;A;;;2026-10-05;True
BRLAMECDAM18;LAME;LOJAS AMERICANAS SA;33014556000196;OK;CDA;M1;UNIT;EMXXXR;CERTIFICADO DE DEPOSITO DE ACOES LAME3 AMER3;A;True;A;;;2026-10-05;True
BRLAMECDAXX9;LAME;LOJAS AMERICANAS SA;33014556000196;OK;CDA;XX;UNIT;EMXXXR;CERTIFICADO DE DEPOSITO DE ACOES LAME4  AMER3;A;True;A;;;2026-10-05;True
BRLANDACNOR9;LAND;TERRA SANTA PROPRIEDADES AGRÍCOLAS S.A.;40337136000106;OK;ACN;OR;ON;ESVUFR;ACOES NOMINATIVAS;A;True;N;;;2026-10-05;True
BRLAPHACNOR5;LAPH;LOCARALPHA PARTICIPACOES SA;09497766000106;OK;ACN;OR;ON;ESVUFR;ACOES NOMINATIVAS ACOES ORDINARIAS;A;True;A;;;2026-10-05;True
BRLAPSACNOR2;LAPS;LAPSA LATICINIOS PERIZES SA;06041065000161;OK;ACN;OR;ON;ESVUFR;ACOES NOMINATIVAS ACOES ORDINARIAS;A;True;A;;;2026-10-05;True
BRLARKACNOR5;LARK;LARK SA MAQUINAS EQUIPAMENTOS;60631090000140;OK;ACN;OR;ON;ESVUFR;ACOES NOMINATIVAS ACOES ORDINARIAS;A;True;A;;;2026-10-05;True
BRLARKACNPR2;LARK;LARK SA MAQUINAS EQUIPAMENTOS;60631090000140;OK;ACN;PR;PN;EPNNPR;ACOES NOMINATIVAS ACOES PREFERENCIAIS;A;True;A;;;2026-10-05;True
BRLASAACNPC3;LASA;LATICINIOS SOBRALENSE SA LASSA;07815657000156;OK;ACN;PC;PN;EPNNPR;ACOES NOMINATIVAS ACOES PREFERENCIAIS CLASSE C;A;True;A;;;2026-10-05;True
BRLATSACNOR4;LATS;REXAM BEVERAGE CAN SOUTH AMERERICA SA;29506474000191;OK;ACN;OR;ON;ESVUFR;ACOES NOMINATIVAS ACOES ORDINARIAS;A;True;A;;;2026-10-05;True
BRLATSACNPB5;LATS;REXAM BEVERAGE CAN SOUTH AMERERICA SA;29506474000191;OK;ACN;PB;PN;EPNNPR;ACOES NOMINATIVAS ACOES PREFERENCIAIS CLASSE B;A;True;A;;;2026-10-05;True
BRLAVVACNOR4;LAVV;LAVVI EMPREENDIMENTOS IMOBILIARIOS S.A;26462693000128;OK;ACN;OR;ON;ESVUFR;ACOES NOMINATIVAS;A;True;N;;;2026-10-05;True
BRLAZTACNOR9;LAZT;LAGO AZUL TRANSMISSÃO S.A.;19698987000198;OK;ACN;OR;ON;ESVUFR;ACOES NOMINATIVAS DEP. EXCLUSIVO;A;True;N;;;2026-10-05;True
BRLBBCACNOR4;LBBC;BBC LEASING ARREND MERCANTIL SA;37623907000117;OK;ACN;OR;ON;ESVUFR;ACOES NOMINATIVAS ACOES ORDINARIAS;A;True;A;;;2026-10-05;True
BRLBICACNOR9;LBIC;CCB BRASIL ARRENDAMENTO MERCANTIL SA;69720910000145;OK;ACN;OR;ON;ESVUFR;ACOES NOMINATIVAS ACOES ORDINARIAS;A;True;A;;;2026-10-05;True
BRLBMCACNOR1;LBMC;LEASING BMC SA ARREND MERCANTIL;03120821000150;OK;ACN;OR;ON;ESVUFR;ACOES NOMINATIVAS ACOES ORDINARIAS;A;True;A;;;2026-10-05;True
BRLBMCACNPR8;LBMC;LEASING BMC SA ARREND MERCANTIL;03120821000150;OK;ACN;PR;PN;EPNNPR;ACOES NOMINATIVAS ACOES PREFERENCIAIS;A;True;A;;;2026-10-05;True
BRLBMOACNPB7;LBMO;LB MOVEIS SA;11567807000127;OK;ACN;PB;PN;EPNNPR;ACOES NOMINATIVAS ACOES PREFERENCIAIS CLASSE B;A;True;A;;;2026-10-05;True
BRLBRAACNOR4;LBRA;LIBRA TERMINAL RIO SA;02373517000151;OK;ACN;OR;ON;ESVUFR;ACOES NOMINATIVAS ACOES ORDINARIAS;A;True;A;;;2026-10-05;True
BRLBTCACNOR6;LBTC;LIBRA TERMINAL 35 SA;02373383000179;OK;ACN;OR;ON;ESVUFR;ACOES NOMINATIVAS ACOES ORDINARIAS;A;True;A;;;2026-10-05;True
BRLBTCACNPR3;LBTC;LIBRA TERMINAL 35 SA;02373383000179;OK;ACN;PR;PN;EPNNPR;ACOES NOMINATIVAS ACOES PREFERENCIAIS;A;True;A;;;2026-10-05;True
BRLCAMACNOR3;LCAM;COMPANHIA LOCAÇÃO AMÉRICAS;10215988000160;OK;ACN;OR;ON;ESVUFR;ACOES NOMINATIVAS ACOES ORDINARIAS;A;True;A;;;2026-10-05;True
BRLCCFACNOR3;LCCF;HSBC ASSET FINANCE (BRASIL) A.M. SA (EX CCF BR LEASING ARREND MERC SA);34262972000176;OK;ACN;OR;ON;ESVUFR;ACOES NOMINATIVAS ACOES ORDINARIAS;A;True;A;;;2026-10-05;True
BRLCCSACNPR3;LCCS;CAMPO LIMPO AGROPECUARIA INDUSTRIAL SA - CALISA;04257648000107;OK;ACN;PR;PN;EPNNPR;ACOES NOMINATIVAS ACOES PREFERENCIAIS;A;True;A;;;2026-10-05;True
BRLCHFACNPA5;LCHF;LECHEF SA INDS ALIMENTICIAS;09293606000137;OK;ACN;PA;PN;EPNNPR;ACOES NOMINATIVAS ACOES PREFERENCIAIS CLASSE A;A;True;A;;;2026-10-05;True
BRLCMAACNPA6;LCMA;AGROPASTORIL LAGOA CIMA SA LACIMA;08993933000139;OK;ACN;PA;PN;EPNNPR;ACOES NOMINATIVAS ACOES PREFERENCIAIS CLASSE A;A;True;A;;;2026-10-05;True
BRLCMBACNPA4;LCMB;LACERDA MELO BUFALOS SA LACESA;08962631000101;OK;ACN;PA;PN;EPNNPR;ACOES NOMINATIVAS ACOES PREFERENCIAIS CLASSE A;A;True;A;;;2026-10-05;True
BRLCSAACNOR0;LCSA;PARMALAT BRASIL SA IND ALIMENTOS;89940878000110;OK;ACN;OR;ON;ESVUFR;ACOES NOMINATIVAS ACOES ORDINARIAS;A;True;A;;;2026-10-05;True
BRLCSAACNPR7;LCSA;PARMALAT BRASIL SA IND ALIMENTOS;89940878000110;OK;ACN;PR;PN;EPNNPR;ACOES NOMINATIVAS ACOES PREFERENCIAIS;A;True;A;;;2026-10-05;True
BRLDRIACNOR3;LDRI;CIA LONDRIMALHAS HERINGER IND COM;78597697000117;OK;ACN;OR;ON;ESVUFR;ACOES NOMINATIVAS ACOES ORDINARIAS;A;True;A;;;2026-10-05;True
BRLDRIACNPR0;LDRI;CIA LONDRIMALHAS HERINGER IND COM;78597697000117;OK;ACN;PR;PN;EPNNPR;ACOES NOMINATIVAS ACOES PREFERENCIAIS;A;True;A;;;2026-10-05;True
BRLECOACNOR1;LECO;CIA LECO PRODUTOS ALIMENTICIOS;60434487000142;OK;ACN;OR;ON;ESVUFR;ACOES NOMINATIVAS ACOES ORDINARIAS;A;True;A;;;2026-10-05;True
BRLECOACNPR8;LECO;CIA LECO PRODUTOS ALIMENTICIOS;60434487000142;OK;ACN;PR;PN;EPNNPR;ACOES NOMINATIVAS ACOES PREFERENCIAIS;A;True;A;;;2026-10-05;True
BRLEIBACNOR5;LEIB;CONFECCOES LEI BASICA SA;04192831000163;OK;ACN;OR;ON;ESVUFR;ACOES NOMINATIVAS ACOES ORDINARIAS;A;True;A;;;2026-10-05;True
BRLEIBACNPR2;LEIB;CONFECCOES LEI BASICA SA;04192831000163;OK;ACN;PR;PN;EPNNPR;ACOES NOMINATIVAS ACOES PREFERENCIAIS;A;True;A;;;2026-10-05;True
BRLETOACNOR5;LETO;INDS MICHELETTO SA;88301163000155;OK;ACN;OR;ON;ESVUFR;ACOES NOMINATIVAS ACOES ORDINARIAS;A;True;A;;;2026-10-05;True
BRLETOACNPA8;LETO;INDS MICHELETTO SA;88301163000155;OK;ACN;PA;PN;EPNNPR;ACOES NOMINATIVAS ACOES PREFERENCIAIS CLASSE A;A;True;A;;;2026-10-05;True
BRLEVEACNOR2;LEVE;MAHLE METAL LEVE SA (EX METAL LEVE SA IND COM);60476884000187;OK;ACN;OR;ON;ESVUFR;ACOES NOMINATIVAS ACOES ORDINARIAS;A;True;A;;;2026-10-05;True
BRLFFEACNOR2;LFFE;JEREISSATI TELECOM SA;53790218000153;OK;ACN;OR;ON;ESVUFR;ACOES NOMINATIVAS ACOES ORDINARIAS;A;True;A;;;2026-10-05;True
BRLFFEACNPR9;LFFE;JEREISSATI TELECOM SA;53790218000153;OK;ACN;PR;PN;EPNNPR;ACOES NOMINATIVAS ACOES PREFERENCIAIS;A;True;A;;;2026-10-05;True
BRLGARACNPA6;LGAR;IRRIGACOES LAGOA ARROZ SA LAGOARROZ;12931424000159;OK;ACN;PA;PN;EPNNPR;ACOES NOMINATIVAS ACOES PREFERENCIAIS CLASSE A;A;True;A;;;2026-10-05;True
BRLGLOACNOR7;LGLO;LIVRARIA GLOBO SA;92724053000173;OK;ACN;OR;ON;ESVUFR;ACOES NOMINATIVAS ACOES ORDINARIAS;A;True;A;;;2026-10-05;True
BRLGLOACNPR4;LGLO;LIVRARIA GLOBO SA;92724053000173;OK;ACN;PR;PN;EPNNPR;ACOES NOMINATIVAS ACOES PREFERENCIAIS;A;True;A;;;2026-10-05;True
BRLGOIACNOR3;LGOI;LAGOA INVESTS IMOBILIARIOS PARTICIPACOES SA;09350896000103;OK;ACN;OR;ON;ESVUFR;ACOES NOMINATIVAS ACOES ORDINARIAS;A;True;A;;;2026-10-05;True
BRLHERACNOR3;LHER;LOJAS HERING SA;82640632000184;OK;ACN;OR;ON;ESVUFR;ACOES NOMINATIVAS ACOES ORDINARIAS;A;True;A;;;2026-10-05;True
BRLHERACNPR0;LHER;LOJAS HERING SA;82640632000184;OK;ACN;PR;PN;EPNNPR;ACOES NOMINATIVAS ACOES PREFERENCIAIS;A;True;A;;;2026-10-05;True
BRLIASACNOR7;LIAS;LIGAS ALUMINIO SA LIASA;17221771000101;OK;ACN;OR;ON;ESVUFR;ACOES NOMINATIVAS ACOES ORDINARIAS;A;True;A;;;2026-10-05;True
BRLIASACNPR4;LIAS;LIGAS ALUMINIO SA LIASA;17221771000101;OK;ACN;PR;PN;EPNNPR;ACOES NOMINATIVAS ACOES PREFERENCIAIS;A;True;A;;;2026-10-05;True
BRLIBPACNOR1;LIBP;TEGENER PARTICIPACOES SA (EX LIB PARTICIPACOES SA);00299045000109;OK;ACN;OR;ON;ESVUFR;ACOES NOMINATIVAS ACOES ORDINARIAS;A;True;A;;;2026-10-05;True
BRLIBRACNOR7;LIBR;LIBRA TERMINAIS SA;33813452000141;OK;ACN;OR;ON;ESVUFR;ACOES NOMINATIVAS ACOES ORDINARIAS;A;True;A;;;2026-10-05;True
BRLIBRACNPR4;LIBR;LIBRA TERMINAIS SA;33813452000141;OK;ACN;PR;PN;EPNNPR;ACOES NOMINATIVAS ACOES PREFERENCIAIS;A;True;A;;;2026-10-05;True
BRLIFCACNOR0;LIFC;LIFECENTER SISTEMA SAUDE S.A;04123021000155;OK;ACN;OR;ON;ESVUFR;ACOES NOMINATIVAS ACOES ORDINARIAS;A;True;A;;;2026-10-05;True
BRLIGBACNPR7;LIGB;LIGAS BRASIL SA LIBRA;10500221000182;OK;ACN;PR;PN;EPNNPR;ACOES NOMINATIVAS ACOES PREFERENCIAIS;A;True;A;;;2026-10-05;True
BRLIGHACNOR7;LIGH;LIGHT SERVICOS ELETRICIDADE SA;60444437000146;OK;ACN;OR;ON;ESVUFR;ACOES NOMINATIVAS ACOES ORDINARIAS;A;True;A;;;2026-10-05;True
BRLIGTACNOR2;LIGT;LIGHT SA;03378521000175;OK;ACN;OR;ON;ESVUFR;ACOES NOMINATIVAS ACOES ORDINARIAS;A;True;A;;;2026-10-05;True
BRLIMAACNOR0;LIMA;LIMASA SA;48071716000106;OK;ACN;OR;ON;ESVUFR;ACOES NOMINATIVAS ACOES ORDINARIAS;A;True;A;;;2026-10-05;True
BRLIMAACNPR7;LIMA;LIMASA SA;48071716000106;OK;ACN;PR;PN;EPNNPR;ACOES NOMINATIVAS ACOES PREFERENCIAIS;A;True;A;;;2026-10-05;True
BRLINHACNOR3;LINH;LINHARES GERACAO SA;10472905000118;OK;ACN;OR;ON;ESVUFR;ACOES NOMINATIVAS ACOES ORDINARIAS;A;True;A;;;2026-10-05;True
BRLINXACNPA3;LINX;LINX SA;06948969000175;OK;ACN;PA;PN;EPNNPR;ACOES NOMINATIVAS ACOES PREFERENCIAIS CLASSE A;A;True;A;;;2026-10-05;True
BRLINXACNPC9;LINX;LINX SA;06948969000175;OK;ACN;PC;PN;EPNNPR;ACOES NOMINATIVAS ACOES PREFERENCIAIS CLASSE C;A;True;A;;;2026-10-05;True
BRLIPRACNOR7;LIPR;ELETROBRAS PARTICIPACOES SA ELETROPAR;01104937000170;OK;ACN;OR;ON;ESVUFR;ACOES NOMINATIVAS ACOES ORDINARIAS;A;True;A;;;2026-10-05;True
BRLITSACNOR7;LITS;SAINT GOBAIN BRASIL PRODUTOS INDUSTRIAIS CONSTRUCAO LTDA;61064838000133;OK;ACN;OR;ON;ESVUFR;ACOES NOMINATIVAS ACOES ORDINARIAS;A;True;A;;;2026-10-05;True
BRLITSACNPR4;LITS;SAINT GOBAIN BRASIL PRODUTOS INDUSTRIAIS CONSTRUCAO LTDA;61064838000133;OK;ACN;PR;PN;EPNNPR;ACOES NOMINATIVAS ACOES PREFERENCIAIS;A;True;A;;;2026-10-05;True
BRLIVPACNOR9;LIVP;LIV UP COMERCIO DE ALIMENTOS LTDA.;23353693000100;OK;ACN;OR;ON;ESVUFR;ACOES NOMINATIVAS UNITS;A;True;N;;;2026-10-05;True
BRLIXCACNOR3;LIXC;CONSTRUTORA LIX CUNHA SA;46014635000149;OK;ACN;OR;ON;ESVUFR;ACOES NOMINATIVAS ACOES ORDINARIAS;A;True;A;;;2026-10-05;True
BRLIXCACNPR0;LIXC;CONSTRUTORA LIX CUNHA SA;46014635000149;OK;ACN;PR;PN;EPNNPR;ACOES NOMINATIVAS ACOES PREFERENCIAIS;A;True;A;;;2026-10-05;True
BRLJQQACNOR5;LJQQ;LOJAS QUERO-QUERO S.A.;96418264021802;OK;ACN;OR;ON;ESVUFR;ACOES NOMINATIVAS;A;True;N;;;2026-10-05;True
BRLLAMACNOR4;LLAM;BANCO HSBC SA;53518684000184;OK;ACN;OR;ON;ESVUFR;ACOES NOMINATIVAS ACOES ORDINARIAS;A;True;A;;;2026-10-05;True
BRLLBIACNOR0;LLBI;CVLB BRASIL S.A. – EM RECUPERAÇÃO JUDICIAL;16233389000155;OK;ACN;OR;ON;ESVUFR;ACOES NOMINATIVAS;A;True;N;;;2026-10-05;True
BRLLBIACNPR7;LLBI;CVLB BRASIL S.A. – EM RECUPERAÇÃO JUDICIAL;16233389000155;OK;ACN;PR;PN;EPNNPR;ACOES NOMINATIVAS;A;True;N;;;2026-10-05;True
BRLMARACNPR8;LMAR;FABRICA LAMINADOS MARMORES SA FLAMA;13045984000179;OK;ACN;PR;PN;EPNNPR;ACOES NOMINATIVAS ACOES PREFERENCIAIS;A;True;A;;;2026-10-05;True
BRLMEDACNOR3;LMED;LIFEMED INDUSTRIAL DE EQUIPAMENTOS E ARTIGOS MÉDICOS E HOSPITALARES S.A.;02357251000153;OK;ACN;OR;ON;ESVUFR;ACOES NOMINATIVAS;A;True;N;;;2026-10-05;True
BRLMNTACNPA3;LMNT;LAMINIT SA LAMINAS COMPENSADOS;23434996000149;OK;ACN;PA;PN;EPNNPR;ACOES NOMINATIVAS ACOES PREFERENCIAIS CLASSE A;A;True;A;;;2026-10-05;True
BRLMNTACNPB1;LMNT;LAMINIT SA LAMINAS COMPENSADOS;23434996000149;OK;ACN;PB;PN;EPNNPR;ACOES NOMINATIVAS ACOES PREFERENCIAIS CLASSE B;A;True;A;;;2026-10-05;True
BRLMSAACNOR9;LMSA;LINHA AMARELA SA LAMSA;00974211000125;OK;ACN;OR;ON;ESVUFR;ACOES NOMINATIVAS ACOES ORDINARIAS;A;True;A;;;2026-10-05;True
BRLMSAACNPR6;LMSA;LINHA AMARELA SA LAMSA;00974211000125;OK;ACN;PR;PN;EPNNPR;ACOES NOMINATIVAS ACOES PREFERENCIAIS;A;True;A;;;2026-10-05;True
BRLNDKACNOR8;LNDK;LANDMARK PROPERTIES SA;11298169000196;OK;ACN;OR;ON;ESVUFR;ACOES NOMINATIVAS ACOES ORDINARIAS;A;True;A;;;2026-10-05;True
BRLNMEACNOR2;LNME;LAMINACAO NACIONAL METAIS SA;57483190000162;OK;ACN;OR;ON;ESVUFR;ACOES NOMINATIVAS ACOES ORDINARIAS;A;True;A;;;2026-10-05;True
BRLNMEACNPR9;LNME;LAMINACAO NACIONAL METAIS SA;57483190000162;OK;ACN;PR;PN;EPNNPR;ACOES NOMINATIVAS ACOES PREFERENCIAIS;A;True;A;;;2026-10-05;True
BRLOARACNOR7;LOAR;LOJAS ARAPUA SA;00354053000100;OK;ACN;OR;ON;ESVUFR;ACOES NOMINATIVAS ACOES ORDINARIAS;A;True;A;;;2026-10-05;True
BRLOARACNPR4;LOAR;LOJAS ARAPUA SA;00354053000100;OK;ACN;PR;PN;EPNNPR;ACOES NOMINATIVAS ACOES PREFERENCIAIS;A;True;A;;;2026-10-05;True
BRLOBRACNOR5;LOBR;LOJAS BRASILEIRAS SA;33005703000161;OK;ACN;OR;ON;ESVUFR;ACOES NOMINATIVAS ACOES ORDINARIAS;A;True;A;;;2026-10-05;True
BRLOBRACNPR2;LOBR;LOJAS BRASILEIRAS SA;33005703000161;OK;ACN;PR;PN;EPNNPR;ACOES NOMINATIVAS ACOES PREFERENCIAIS;A;True;A;;;2026-10-05;True
BRLOGGACNOR7;LOGG;LOG COMMERCIAL PROPERTIES PARTICIPACOES SA;09041168000110;OK;ACN;OR;ON;ESVUFR;ACOES NOMINATIVAS ACOES ORDINARIAS;A;True;A;;;2026-10-05;True
BRLOGNACNOR3;LOGN;LOG-IN LOGISTICA INTERMODAL SA;42278291000124;OK;ACN;OR;ON;ESVUFR;ACOES NOMINATIVAS ACOES ORDINARIAS;A;True;A;;;2026-10-05;True
BRLOGOACNOR1;LOGO;LOGOCENTER SA;85213148000167;OK;ACN;OR;ON;ESVUFR;ACOES NOMINATIVAS ACOES ORDINARIAS;A;True;A;;;2026-10-05;True
BRLOGOACNV15;LOGO;LOGOCENTER SA;85213148000167;OK;ACN;V1;PN;EPVNPR;ACOES NOMINATIVAS ACOES PREFERENCIAIS COM DIREITO A VOTO;A;True;A;;;2026-10-05;True
BRLOGSACNOR2;LOGS;LOGASA IND COM SA;28165348000158;OK;ACN;OR;ON;ESVUFR;ACOES NOMINATIVAS ACOES ORDINARIAS;A;True;A;;;2026-10-05;True
BRLOGSACNPR9;LOGS;LOGASA IND COM SA;28165348000158;OK;ACN;PR;PN;EPNNPR;ACOES NOMINATIVAS ACOES PREFERENCIAIS;A;True;A;;;2026-10-05;True
BRLOGZACNOR7;LOGZ;LOGZ LOGISTICA BRASIL SA;10995163000105;OK;ACN;OR;ON;ESVUFR;ACOES NOMINATIVAS ACOES ORDINARIAS;A;True;N;;;2026-10-05;True
BRLORIACNPB1;LORI;COLORIN INDUSTRIAL S/A;03874401000169;OK;ACN;PB;PN;EPNNPR;ACOES NOMINATIVAS;A;True;N;;;2026-10-05;True
BRLORZACNOR4;LORZ;CIA LORENZ;82639543000118;OK;ACN;OR;ON;ESVUFR;ACOES NOMINATIVAS ACOES ORDINARIAS;A;True;A;;;2026-10-05;True
BRLORZACNPR1;LORZ;CIA LORENZ;82639543000118;OK;ACN;PR;PN;EPNNPR;ACOES NOMINATIVAS ACOES PREFERENCIAIS;A;True;A;;;2026-10-05;True
BRLOSAACNOR5;LOSA;BANEX SA CRED FINANC INVEST;33550104000129;OK;ACN;OR;ON;ESVUFR;ACOES NOMINATIVAS ACOES ORDINARIAS;A;True;A;;;2026-10-05;True
BRLOSAACNPR2;LOSA;BANEX SA CRED FINANC INVEST;33550104000129;OK;ACN;PR;PN;EPNNPR;ACOES NOMINATIVAS ACOES PREFERENCIAIS;A;True;A;;;2026-10-05;True
BRLPCAACNOR6;LPCA;LPC INDS ALIMENTICIAS SA;23643315000152;OK;ACN;OR;ON;ESVUFR;ACOES NOMINATIVAS ACOES ORDINARIAS;A;True;A;;;2026-10-05;True
BRLPSBACNOR0;LPSB;LPS BRASIL CONSULTORIA DE IMOVEIS SA;08078847000109;OK;ACN;OR;ON;ESVUFR;ACOES NOMINATIVAS ACOES ORDINARIAS;A;True;A;;;2026-10-05;True
BRLQDCACNOR8;LQDC;LIQUID CARBONIC NORDESTE SA;;VAZIO;ACN;OR;ON;ESVUFR;ACOES NOMINATIVAS ACOES ORDINARIAS;A;True;A;;;2026-10-05;True
BRLRENACNOR1;LREN;LOJAS RENNER SA;92754738000162;OK;ACN;OR;ON;ESVUFR;ACOES NOMINATIVAS ACOES ORDINARIAS;A;True;A;;;2026-10-05;True
BRLRMDACNPC4;LRMD;LAGOA RAMADA AGROPECUARIA SA;70492665000145;OK;ACN;PC;PN;EPNNPR;ACOES NOMINATIVAS ACOES PREFERENCIAIS CLASSE C;A;True;A;;;2026-10-05;True
BRLROBACNOR5;LROB;LAEROB PARTICIPACOES SA;02037966000129;OK;ACN;OR;ON;ESVUFR;ACOES NOMINATIVAS ACOES ORDINARIAS;A;True;A;;;2026-10-05;True
BRLSCPACNOR8;LSCP;COMPAQ FINANCIAL SERVICES ARREND MERCANTIL SA;97406706000190;OK;ACN;OR;ON;ESVUFR;ACOES NOMINATIVAS ACOES ORDINARIAS;A;True;A;;;2026-10-05;True
BRLSEHACNOR1;LSEH;LANIFICIO SEHBE SA INDS EXPORTACAO;91664706000103;OK;ACN;OR;ON;ESVUFR;ACOES NOMINATIVAS ACOES ORDINARIAS;A;True;A;;;2026-10-05;True
BRLSEHACNPR8;LSEH;LANIFICIO SEHBE SA INDS EXPORTACAO;91664706000103;OK;ACN;PR;PN;EPNNPR;ACOES NOMINATIVAS ACOES PREFERENCIAIS;A;True;A;;;2026-10-05;True
BRLSNEACNPB0;LSNE;LOUCA SANITARIA NORDESTE SA LOUSANE;08507915000108;OK;ACN;PB;PN;EPNNPR;ACOES NOMINATIVAS ACOES PREFERENCIAIS CLASSE B;A;True;A;;;2026-10-05;True
BRLSTRACNPB9;LSTR;LASTRO AGRICOLA SA;24125825000109;OK;ACN;PB;PN;EPNNPR;ACOES NOMINATIVAS ACOES PREFERENCIAIS CLASSE B;A;True;A;;;2026-10-05;True
BRLSVMACNOR5;LSVM;LATICINIOS SAO VICENTE MINAS SA;86454741000168;OK;ACN;OR;ON;ESVUFR;ACOES NOMINATIVAS ACOES ORDINARIAS;A;True;A;;;2026-10-05;True
BRLSVMACNPR2;LSVM;LATICINIOS SAO VICENTE MINAS SA;86454741000168;OK;ACN;PR;PN;EPNNPR;ACOES NOMINATIVAS ACOES PREFERENCIAIS;A;True;A;;;2026-10-05;True
BRLTAMACNOR7;LTAM;CIA INVESTS LATINOAMERICANA;00189469000110;OK;ACN;OR;ON;ESVUFR;ACOES NOMINATIVAS ACOES ORDINARIAS;A;True;A;;;2026-10-05;True
BRLTAMACNPR4;LTAM;CIA INVESTS LATINOAMERICANA;00189469000110;OK;ACN;PR;PN;EPNNPR;ACOES NOMINATIVAS ACOES PREFERENCIAIS;A;True;A;;;2026-10-05;True
BRLTECACNOR0;LTEC;LATINTECH CAPITAL SA;02628033000106;OK;ACN;OR;ON;ESVUFR;ACOES NOMINATIVAS ACOES ORDINARIAS;A;True;A;;;2026-10-05;True
BRLTELACNOR1;LTEL;LITEL PARTICIPACOES SA;00743065000127;OK;ACN;OR;ON;ESVUFR;ACOES NOMINATIVAS ACOES ORDINARIAS;A;True;A;;;2026-10-05;True
BRLTELACNPA4;LTEL;LITEL PARTICIPACOES SA;00743065000127;OK;ACN;PA;PN;EPNNPR;ACOES NOMINATIVAS ACOES PREFERENCIAIS CLASSE A;A;True;A;;;2026-10-05;True
BRLTLAACNOR9;LTLA;LITELA PARTICIPAÇÕES S.A.;05495546000184;OK;ACN;OR;ON;ESVUFR;ACOES NOMINATIVAS;A;True;N;;;2026-10-05;True
BRLTTSACNOR4;LTTS;LATTE SANEAMENTO E PARTICACOES S.A.;27317738000133;OK;ACN;OR;ON;ESVUFR;ACOES NOMINATIVAS;A;True;N;;;2026-10-05;True
BRLUMSACNOR7;LUMS;CNV CIA NACIONAL VESTUARIO;06571822000109;OK;ACN;OR;ON;ESVUFR;ACOES NOMINATIVAS ACOES ORDINARIAS;A;True;A;;;2026-10-05;True
BRLUMSACNPR4;LUMS;CNV CIA NACIONAL VESTUARIO;06571822000109;OK;ACN;PR;PN;EPNNPR;ACOES NOMINATIVAS ACOES PREFERENCIAIS;A;True;A;;;2026-10-05;True
BRLUPAACNOR8;LUPA;LUPATECH SA;89463822000112;OK;ACN;OR;ON;ESVUFR;ACOES NOMINATIVAS ACOES ORDINARIAS;A;True;A;;;2026-10-05;True
BRLUPOACNOR9;LUPO;LUPO S.A.;43948405000169;OK;ACN;OR;ON;ESVUFR;ACOES NOMINATIVAS;A;True;N;;;2026-10-05;True
BRLUXMACNOR7;LUXM;TREVISA INVESTS SA (EX TREVO INVESTS SA GRUPO TREVO);92660570000126;OK;ACN;OR;ON;ESVUFR;ACOES NOMINATIVAS ACOES ORDINARIAS;A;True;A;;;2026-10-05;True
BRLUXMACNPR4;LUXM;TREVISA INVESTS SA (EX TREVO INVESTS SA GRUPO TREVO);92660570000126;OK;ACN;PR;PN;EPNNPR;ACOES NOMINATIVAS ACOES PREFERENCIAIS;A;True;A;;;2026-10-05;True
BRLVRHACNOR7;LVRH;LIVRAMENTO HOLDING SA;14610209000181;OK;ACN;OR;ON;ESVUFR;ACOES NOMINATIVAS ACOES ORDINARIAS;A;True;A;;;2026-10-05;True
BRLVRHACNPR4;LVRH;LIVRAMENTO HOLDING SA;14610209000181;OK;ACN;PR;PN;EPNNPR;ACOES NOMINATIVAS ACOES PREFERENCIAIS;A;True;A;;;2026-10-05;True
BRLWSAACNOR8;LWSA;LOCAWEB SERVIÇOS DE INTERNET S.A.;02351877000152;OK;ACN;OR;ON;ESVUFR;ACOES NOMINATIVAS;A;True;N;;;2026-10-05;True
BRM3LZACNPR2;M3LZ;MELAMAZON-MEL DA AMAZÔNIA S/A;04202842000187;OK;ACN;PR;PN;EPNNPR;ACOES NOMINATIVAS;A;True;N;;;2026-10-05;True
BRM4ZSACNPB9;M4ZS;MAZSA-MADEIRAS DA AMAZÔNIA S/A;05832878000107;OK;ACN;PB;PN;EPNNPR;ACOES NOMINATIVAS;A;True;N;;;2026-10-05;True
BRM8CFACNPA8;M8CF;CAMARGO FERRAZ METALURGIA INDUSTRIAL S/A  ( * );23030398000104;OK;ACN;PA;PN;EPNNPR;ACOES NOMINATIVAS;A;True;N;;;2026-10-05;True
BRM8JMACNPR3;M8JM;MARAJOARA MECANIZAÇÃO S/A;04847570000172;OK;ACN;PR;PN;EPNNPR;ACOES NOMINATIVAS;A;True;N;;;2026-10-05;True
BRM8LNACNPA3;M8LN;MORLAN-METALÚRGICA ORLAN S/A;04358388000158;OK;ACN;PA;PN;EPNNPR;ACOES NOMINATIVAS;A;True;N;;;2026-10-05;True
BRM8MAACNPR2;M8MA;MADEIREIRA MATINHA S/A;05300363000166;OK;ACN;PR;PN;EPNNPR;ACOES NOMINATIVAS;A;True;N;;;2026-10-05;True
BRM8MLACNPD9;M8ML;MIGUEL LAMAR S/A COM. IND. E AGRICULTURA;06120190000167;OK;ACN;PD;PN;EPNNPR;ACOES NOMINATIVAS;A;True;N;;;2026-10-05;True
BRM8SAACNPR9;M8SA;MASA MECANIZAÇÃO AGRÍCOLA S/A;03788700000180;OK;ACN;PR;PN;EPNNPR;ACOES NOMINATIVAS;A;True;N;;;2026-10-05;True
BRM9ASACNPR7;M9AS;MEMORIA AGROPECUARIA S/A;06605703000120;OK;ACN;PR;PN;EPNNPR;ACOES NOMINATIVAS AÇÕES PREFERENCIAIS;A;True;N;;;2026-10-05;True
BRM9CSACNPR3;M9CS;MG-COMPENSADOS S/A (EX- MAGINCO COMPENSADOS S/A);04781837000176;OK;ACN;PR;PN;EPNNPR;ACOES NOMINATIVAS;A;True;N;;;2026-10-05;True
BRM9GVACNPB2;M9GV;MINERACAO GRANDE VALE COMERCIO E INDUSTRIA S/A;13184312000144;OK;ACN;PB;PN;EPNNPR;ACOES NOMINATIVAS CLASSE B;A;True;N;;;2026-10-05;True
BRM9NAACNPA4;M9NA;MINAS NORTE AGROINDUSTRIAL S/A;16530115000128;OK;ACN;PA;PN;EPNNPR;ACOES NOMINATIVAS;A;True;N;;;2026-10-05;True
BRM9TNACNPA4;M9TN;METALMAN S/A;54181904000190;OK;ACN;PA;PN;EPNNPR;ACOES NOMINATIVAS;A;True;N;;;2026-10-05;True
BRMACHACNOR1;MACH;MACHADINHO ENERGETICA SA;03076274000152;OK;ACN;OR;ON;ESVUFR;ACOES NOMINATIVAS ACOES ORDINARIAS;A;True;A;;;2026-10-05;True
BRMADEACNOR6;MADE;INDS MADEIRIT SA;60873874000185;OK;ACN;OR;ON;ESVUFR;ACOES NOMINATIVAS ACOES ORDINARIAS;A;True;A;;;2026-10-05;True
BRMADEACNPR3;MADE;INDS MADEIRIT SA;60873874000185;OK;ACN;PR;PN;EPNNPR;ACOES NOMINATIVAS ACOES PREFERENCIAIS;A;True;A;;;2026-10-05;True
BRMAFEACNOR1;MAFE;CIA INDL MERCANTIL ARTEFATOS FERRO CIMAF;61074506000130;OK;ACN;OR;ON;ESVUFR;ACOES NOMINATIVAS ACOES ORDINARIAS;A;True;A;;;2026-10-05;True
BRMAGGACNOR4;MAGG;MAGNESITA REFRATARIOS SA;08684547000165;OK;ACN;OR;ON;ESVUFR;ACOES NOMINATIVAS ACOES ORDINARIAS;A;True;A;;;2026-10-05;True
BRMAHSACNOR7;MAHS;BUNGE FERTILIZANTES SA (EX MANAH SA);61082822000153;OK;ACN;OR;ON;ESVUFR;ACOES NOMINATIVAS ACOES ORDINARIAS;A;True;A;;;2026-10-05;True
BRMAHSACNPR4;MAHS;BUNGE FERTILIZANTES SA (EX MANAH SA);61082822000153;OK;ACN;PR;PN;EPNNPR;ACOES NOMINATIVAS ACOES PREFERENCIAIS;A;True;A;;;2026-10-05;True
BRMAKRACNOR3;MAKR;MAKRO ATACADISTA SA;47427653000115;OK;ACN;OR;ON;ESVUFR;ACOES NOMINATIVAS ACOES ORDINARIAS;A;True;A;;;2026-10-05;True
BRMALOACNPA1;MALO;MALOUF IND COM TUBOS CONEXOES SA;33056698000116;OK;ACN;PA;PN;EPNNPR;ACOES NOMINATIVAS ACOES PREFERENCIAIS CLASSE A;A;True;A;;;2026-10-05;True
BRMANMACNPR5;MANM;V & M BRASIL SA;17170150000146;OK;ACN;PR;PN;EPNNPR;ACOES NOMINATIVAS ACOES PREFERENCIAIS;A;True;A;;;2026-10-05;True
BRMAOLACNOR8;MAOL;MARSIAJ OLIVEIRA SA;00090057000129;OK;ACN;OR;ON;ESVUFR;ACOES NOMINATIVAS ACOES ORDINARIAS;A;True;A;;;2026-10-05;True
BRMAORACNOR5;MAOR;MAORI SA;02535295000126;OK;ACN;OR;ON;ESVUFR;ACOES NOMINATIVAS ACOES ORDINARIAS;A;True;A;;;2026-10-05;True
BRMAORACNPR2;MAOR;MAORI SA;02535295000126;OK;ACN;PR;PN;EPNNPR;ACOES NOMINATIVAS ACOES PREFERENCIAIS;A;True;A;;;2026-10-05;True
BRMAPTACNOR8;MAPT;CEMEPE INVESTS SA;93828986000173;OK;ACN;OR;ON;ESVUFR;ACOES NOMINATIVAS ACOES ORDINARIAS;A;True;A;;;2026-10-05;True
BRMAPTACNPR5;MAPT;CEMEPE INVESTS SA;93828986000173;OK;ACN;PR;PN;EPNNPR;ACOES NOMINATIVAS ACOES PREFERENCIAIS;A;True;A;;;2026-10-05;True
BRMAQNACNOR9;MAQN;MAQUINA VENDAS BRASIL PARTICIPACOES S.A;18634167000170;OK;ACN;OR;ON;ESVUFR;ACOES NOMINATIVAS ACOES ORDINARIAS;A;True;A;;;2026-10-05;True
BRMAQNACNPR6;MAQN;MAQUINA VENDAS BRASIL PARTICIPACOES S.A;18634167000170;OK;ACN;PR;PN;EPNNPR;ACOES NOMINATIVAS ACOES PREFERENCIAIS;A;True;A;;;2026-10-05;True
BRMARIACNOR7;MARI;CLUB ADMINISTRADORA CARTOES CREDITO LTDA;08262343000136;OK;ACN;OR;ON;ESVUFR;ACOES NOMINATIVAS ACOES ORDINARIAS;A;True;A;;;2026-10-05;True
BRMARLACNOR1;MARL;MARLIM PARTICIPACOES SA;03301811000110;OK;ACN;OR;ON;ESVUFR;ACOES NOMINATIVAS ACOES ORDINARIAS;A;True;A;;;2026-10-05;True
BRMARLACNPR8;MARL;MARLIM PARTICIPACOES SA;03301811000110;OK;ACN;PR;PN;EPNNPR;ACOES NOMINATIVAS ACOES PREFERENCIAIS;A;True;A;;;2026-10-05;True
BRMARNACNPA0;MARN;MARICULTURA NETUNO S.A;02802091000104;OK;ACN;PA;PN;EPNNPR;ACOES NOMINATIVAS ACOES PREFERENCIAIS CLASSE A;A;True;A;;;2026-10-05;True
BRMAROACNPR2;MARO;IND MARONI SA;04554671000155;OK;ACN;PR;PN;EPNNPR;ACOES NOMINATIVAS ACOES PREFERENCIAIS;A;True;A;;;2026-10-05;True
BRMASAACNPA5;MASA;MAQUINE AGROPASTORIL SA MASA;05527296000117;OK;ACN;PA;PN;EPNNPR;ACOES NOMINATIVAS ACOES PREFERENCIAIS CLASSE A;A;True;A;;;2026-10-05;True
BRMASCACNPB9;MASC;MAISA IND COM SA;08573586000195;OK;ACN;PB;PN;EPNNPR;ACOES NOMINATIVAS ACOES PREFERENCIAIS CLASSE B;A;True;A;;;2026-10-05;True
BRMASOACNPR0;MASO;MASO INDL SA;15254139000139;OK;ACN;PR;PN;EPNNPR;ACOES NOMINATIVAS ACOES PREFERENCIAIS;A;True;A;;;2026-10-05;True
BRMASSACNOR4;MASS;CASA MASSON SA COM IND;92795673000101;OK;ACN;OR;ON;ESVUFR;ACOES NOMINATIVAS ACOES ORDINARIAS;A;True;A;;;2026-10-05;True
BRMASSACNPR1;MASS;CASA MASSON SA COM IND;92795673000101;OK;ACN;PR;PN;EPNNPR;ACOES NOMINATIVAS ACOES PREFERENCIAIS;A;True;A;;;2026-10-05;True
BRMATCACNOR6;MATC;MATEL TECNOLOGIA TELEINFORMATICA SA MATEC;56795362000170;OK;ACN;OR;ON;ESVUFR;ACOES NOMINATIVAS ACOES ORDINARIAS;A;True;A;;;2026-10-05;True
BRMATCACNPR3;MATC;MATEL TECNOLOGIA TELEINFORMATICA SA MATEC;56795362000170;OK;ACN;PR;PN;EPNNPR;ACOES NOMINATIVAS ACOES PREFERENCIAIS;A;True;A;;;2026-10-05;True
BRMATDACNOR4;MATD;HOSPITAL MATER DEI S.A.;16676520000159;OK;ACN;OR;ON;ESVUFR;ACOES NOMINATIVAS;A;True;N;;;2026-10-05;True
BRMATPACNPA1;MATP;MATAPI AGROPASTORIL SA;05962428000139;OK;ACN;PA;PN;EPNNPR;ACOES NOMINATIVAS ACOES PREFERENCIAIS CLASSE A;A;True;A;;;2026-10-05;True
BRMATSACNPA5;MATS;MONTE ALEGRE TEXTIL SA MATESA TEXTIL;41196791000154;OK;ACN;PA;PN;EPNNPR;ACOES NOMINATIVAS ACOES PREFERENCIAIS CLASSE A;A;True;A;;;2026-10-05;True
BRMAUAACNOR8;MAUA;CIMENTO MAUA SA;;VAZIO;ACN;OR;ON;ESVUFR;ACOES NOMINATIVAS ACOES ORDINARIAS;A;True;A;;;2026-10-05;True
BRMAXVACNPB9;MAXV;MAXVINIL TINTAS VERNIZES S.A;26523837000109;OK;ACN;PB;PN;EPNNPR;ACOES NOMINATIVAS ACOES PREFERENCIAIS CLASSE B;A;True;A;;;2026-10-05;True
BRMAXVACNPC7;MAXV;MAXVINIL TINTAS VERNIZES S.A;26523837000109;OK;ACN;PC;PN;EPNNPR;ACOES NOMINATIVAS ACOES PREFERENCIAIS CLASSE C;A;True;A;;;2026-10-05;True
BRMBMGACNOR0;MBMG;BMG LEASING SA ARREND MERCANTIL;34265561000134;OK;ACN;OR;ON;ESVUFR;ACOES NOMINATIVAS ACOES ORDINARIAS;A;True;A;;;2026-10-05;True
BRMBRDACNOR6;MBRD;MAXBRANDS SA;08083319000130;OK;ACN;OR;ON;ESVUFR;ACOES NOMINATIVAS ACOES ORDINARIAS;A;True;A;;;2026-10-05;True
BRMBRFACNOR1;MBRF;MARFRIG GLOBAL FOODS S.A;03853896000140;OK;ACN;OR;ON;ESVUFR;ACOES NOMINATIVAS ACOES ORDINARIAS;A;True;N;;;2026-10-05;True
BRMCHVACNPA0;MCHV;CIA AGROPASTORIL MATA CHUVA;03198421000167;OK;ACN;PA;PN;EPNNPR;ACOES NOMINATIVAS ACOES PREFERENCIAIS CLASSE A;A;True;A;;;2026-10-05;True
BRMCMAACNPR8;MCMA;MCM AGROPECUARIA SA;38143830000140;OK;ACN;PR;PN;EPNNPR;ACOES NOMINATIVAS ACOES PREFERENCIAIS;A;True;A;;;2026-10-05;True
BRMCMRACNPR2;MCMR;MARCOS MARCELINO SA;22975379000198;OK;ACN;PR;PN;EPNNPR;ACOES NOMINATIVAS ACOES PREFERENCIAIS;A;True;A;;;2026-10-05;True
BRMCNAACNOR9;MCNA;MARACANA EMPREENDIMENTOS IMOBILIARIOS SA;11702406000132;OK;ACN;OR;ON;ESVUFR;ACOES NOMINATIVAS ACOES ORDINARIAS;A;True;A;;;2026-10-05;True
BRMCOMACNPR9;MCOM;ESTALEIRO MICOM SA;04102588000145;OK;ACN;PR;PN;EPNNPR;ACOES NOMINATIVAS ACOES PREFERENCIAIS;A;True;A;;;2026-10-05;True
BRMCPCACNPB1;MCPC;MECANICA PESADA CONTINENTAL SA;12289856000108;OK;ACN;PB;PN;EPNNPR;ACOES NOMINATIVAS ACOES PREFERENCIAIS CLASSE B;A;True;A;;;2026-10-05;True
BRMCPTACNOR4;MCPT;MAISONNAVE CIA PARTICIPACOES;87191847000189;OK;ACN;OR;ON;ESVUFR;ACOES NOMINATIVAS ACOES ORDINARIAS;A;True;A;;;2026-10-05;True
BRMCPTACNPR1;MCPT;MAISONNAVE CIA PARTICIPACOES;87191847000189;OK;ACN;PR;PN;EPNNPR;ACOES NOMINATIVAS ACOES PREFERENCIAIS;A;True;A;;;2026-10-05;True
BRMCRTACNOR0;MCRT;MICROTEC SISTEMAS IND COM SA;45169406000130;OK;ACN;OR;ON;ESVUFR;ACOES NOMINATIVAS ACOES ORDINARIAS;A;True;A;;;2026-10-05;True
BRMCRTACNPR7;MCRT;MICROTEC SISTEMAS IND COM SA;45169406000130;OK;ACN;PR;PN;EPNNPR;ACOES NOMINATIVAS ACOES PREFERENCIAIS;A;True;A;;;2026-10-05;True
BRMCTOACNOR7;MCTO;MERCATTO A2 PARTICIPACOES SA;12211636000161;OK;ACN;OR;ON;ESVUFR;ACOES NOMINATIVAS ACOES ORDINARIAS;A;True;A;;;2026-10-05;True
BRMCTXACNPA1;MCTX;MARCOTEX SA IND TEXTIL;23536204000147;OK;ACN;PA;PN;EPNNPR;ACOES NOMINATIVAS ACOES PREFERENCIAIS CLASSE A;A;True;A;;;2026-10-05;True
BRMCWSACNOR2;MCWS;MCOM WIRELESS SA;01102291000191;OK;ACN;OR;ON;ESVUFR;ACOES NOMINATIVAS ACOES ORDINARIAS;A;True;A;;;2026-10-05;True
BRMCWSACNPR9;MCWS;MCOM WIRELESS SA;01102291000191;OK;ACN;PR;PN;EPNNPR;ACOES NOMINATIVAS ACOES PREFERENCIAIS;A;True;A;;;2026-10-05;True
BRMDAGACNOR1;MDAG;MADEIRIT AGRO FLORESTAL SA;;VAZIO;ACN;OR;ON;ESVUFR;ACOES NOMINATIVAS ACOES ORDINARIAS;A;True;A;;;2026-10-05;True
BRMDAGACNPR8;MDAG;MADEIRIT AGRO FLORESTAL SA;;VAZIO;ACN;PR;PN;EPNNPR;ACOES NOMINATIVAS ACOES PREFERENCIAIS;A;True;A;;;2026-10-05;True
BRMDALACNPR8;MDAL;MADAL SA;;VAZIO;ACN;PR;PN;EPNNPR;ACOES NOMINATIVAS ACOES PREFERENCIAIS;A;True;A;;;2026-10-05;True
BRMDCPACNPE3;MDCP;MADEIRAS COMPENSADOS AMAZONIA CIA AGROIND;04564258000171;OK;ACN;PE;PN;EPNNPR;ACOES NOMINATIVAS ACOES PREFERENCIAIS CLASSE E;A;True;A;;;2026-10-05;True
BRMDDTACNOR8;MDDT;MODDATA SA ENGENHARIA TELECOMUNICACAO INFORMATICA;42517177000100;OK;ACN;OR;ON;ESVUFR;ACOES NOMINATIVAS ACOES ORDINARIAS;A;True;A;;;2026-10-05;True
BRMDDTACNPR5;MDDT;MODDATA SA ENGENHARIA TELECOMUNICACAO INFORMATICA;42517177000100;OK;ACN;PR;PN;EPNNPR;ACOES NOMINATIVAS ACOES PREFERENCIAIS;A;True;A;;;2026-10-05;True
BRMDEFACNOR5;MDEF;MADEF SA IND COM;92696418000101;OK;ACN;OR;ON;ESVUFR;ACOES NOMINATIVAS ACOES ORDINARIAS;A;True;A;;;2026-10-05;True
BRMDEFACNPA8;MDEF;MADEF SA IND COM;92696418000101;OK;ACN;PA;PN;EPNNPR;ACOES NOMINATIVAS ACOES PREFERENCIAIS CLASSE A;A;True;A;;;2026-10-05;True
BRMDEFACNPB6;MDEF;MADEF SA IND COM;92696418000101;OK;ACN;PB;PN;EPNNPR;ACOES NOMINATIVAS ACOES PREFERENCIAIS CLASSE B;A;True;A;;;2026-10-05;True
BRMDIAACNOR7;MDIA;M DIAS BRANCO SA IND COM ALIMENTOS;07206816000115;OK;ACN;OR;ON;ESVUFR;ACOES NOMINATIVAS ACOES ORDINARIAS;A;True;A;;;2026-10-05;True
BRMDINACNOR0;MDIN;MUNDIAL INC;;VAZIO;ACN;OR;ON;ESVUFR;ACOES NOMINATIVAS ACOES ORDINARIAS;A;True;A;;;2026-10-05;True
BRMDNEACNOR9;MDNE;MOURA DUBEUX ENGENHARIA SA;12049631000184;OK;ACN;OR;ON;ESVUFR;ACOES NOMINATIVAS ACOES ORDINARIAS;A;True;A;;;2026-10-05;True
BRMDNTACNPA0;MDNT;MADENORTE SA LAMINADOS COMPENSADOS;04371548000107;OK;ACN;PA;PN;EPNNPR;ACOES NOMINATIVAS ACOES PREFERENCIAIS CLASSE A;A;True;A;;;2026-10-05;True
BRMDNTACNPC6;MDNT;MADENORTE SA LAMINADOS COMPENSADOS;04371548000107;OK;ACN;PC;PN;EPNNPR;ACOES NOMINATIVAS ACOES PREFERENCIAIS CLASSE C;A;True;A;;;2026-10-05;True
BRMDROACNOR9;MDRO;MADERO INDÚSTRIA E COMÉRCIO S.A.;13783221000478;OK;ACN;OR;ON;ESVUFR;ACOES NOMINATIVAS;A;True;N;;;2026-10-05;True
BRMDSIACNOR9;MDSI;MUNDIAL ASIA - HONG KONG;;VAZIO;ACN;OR;ON;ESVUFR;ACOES NOMINATIVAS ACOES ORDINARIAS;A;True;A;;;2026-10-05;True
BRMDTIACNOR7;MDTI;MDT INDUSTRIA COMERCIO IMPORTACAO EXPORTACAO IMPLANTES SA;01025974000192;OK;ACN;OR;ON;ESVUFR;ACOES NOMINATIVAS ACOES ORDINARIAS;A;True;A;;;2026-10-05;True
BRMDZZACNOR8;MDZZ;MADEZORZI SA;88610159000179;OK;ACN;OR;ON;ESVUFR;ACOES NOMINATIVAS ACOES ORDINARIAS;A;True;A;;;2026-10-05;True
BRMDZZACNPA1;MDZZ;MADEZORZI SA;88610159000179;OK;ACN;PA;PN;EPNNPR;ACOES NOMINATIVAS ACOES PREFERENCIAIS CLASSE A;A;True;A;;;2026-10-05;True
BRMDZZACNPB9;MDZZ;MADEZORZI SA;88610159000179;OK;ACN;PB;PN;EPNNPR;ACOES NOMINATIVAS ACOES PREFERENCIAIS CLASSE B;A;True;A;;;2026-10-05;True
BRMEALACNOR9;MEAL;INTERNATIONAL MEAL COMPANY ALIMENTACAO SA;17314329000120;OK;ACN;OR;ON;ESVUFR;ACOES NOMINATIVAS ACOES ORDINARIAS;A;True;A;;;2026-10-05;True
BRMEARACNPA9;MEAR;AGROPECUARIA RIO MEARIM SA;12091260000107;OK;ACN;PA;PN;EPNNPR;ACOES NOMINATIVAS ACOES PREFERENCIAIS CLASSE A;A;True;A;;;2026-10-05;True
BRMECPACNOR6;MECP;ALSTOM ENERGIA SA (EX MECANICA PESADA SA);60835410000184;OK;ACN;OR;ON;ESVUFR;ACOES NOMINATIVAS ACOES ORDINARIAS;A;True;A;;;2026-10-05;True
BRMECPACNPR3;MECP;ALSTOM ENERGIA SA (EX MECANICA PESADA SA);60835410000184;OK;ACN;PR;PN;EPNNPR;ACOES NOMINATIVAS ACOES PREFERENCIAIS;A;True;A;;;2026-10-05;True
BRMEDIACNOR9;MEDI;MEDIAL SAUDE SA;43358647000100;OK;ACN;OR;ON;ESVUFR;ACOES NOMINATIVAS ACOES ORDINARIAS;A;True;A;;;2026-10-05;True
BRMEDLACNOR3;MEDL;MERIDIONAL SA COM IND;61079976000196;OK;ACN;OR;ON;ESVUFR;ACOES NOMINATIVAS ACOES ORDINARIAS;A;True;A;;;2026-10-05;True
BRMEDLACNPR0;MEDL;MERIDIONAL SA COM IND;61079976000196;OK;ACN;PR;PN;EPNNPR;ACOES NOMINATIVAS ACOES PREFERENCIAIS;A;True;A;;;2026-10-05;True
BRMEGPACNOR7;MEGP;MEGAPART PARTICIPACOES SA;03587746000131;OK;ACN;OR;ON;ESVUFR;ACOES NOMINATIVAS ACOES ORDINARIAS;A;True;A;;;2026-10-05;True
BRMELKACNOR8;MELK;MELNICK EVEN DESENVOLVIMENTO IMOBILIÁRIO S.A.;12181987000177;OK;ACN;OR;ON;ESVUFR;ACOES NOMINATIVAS;A;True;N;;;2026-10-05;True
BRMENDACNOR9;MEND;MENDES JUNIOR ENGENHARIA SA;17162082000173;OK;ACN;OR;ON;ESVUFR;ACOES NOMINATIVAS ACOES ORDINARIAS;A;True;A;;;2026-10-05;True
BRMENDACNPA2;MEND;MENDES JUNIOR ENGENHARIA SA;17162082000173;OK;ACN;PA;PN;EPNNPR;ACOES NOMINATIVAS ACOES PREFERENCIAIS CLASSE A;A;True;A;;;2026-10-05;True
BRMENDACNPB0;MEND;MENDES JUNIOR ENGENHARIA SA;17162082000173;OK;ACN;PB;PN;EPNNPR;ACOES NOMINATIVAS ACOES PREFERENCIAIS CLASSE B;A;True;A;;;2026-10-05;True
BRMENEACNPB8;MENE;MADEIRAS ESPLENDIDOS NORDESTE SA;08170102000167;OK;ACN;PB;PN;EPNNPR;ACOES NOMINATIVAS ACOES PREFERENCIAIS CLASSE B;A;True;A;;;2026-10-05;True
BRMEOPACNOR1;MEOP;LAHOTELS SA;09017691000100;OK;ACN;OR;ON;ESVUFR;ACOES NOMINATIVAS ACOES ORDINARIAS;A;True;A;;;2026-10-05;True
BRMEPAACNOR0;MEPA;CIA PARAIBA CIMENTO PORTLAND CIMEPAR;10804300000187;OK;ACN;OR;ON;ESVUFR;ACOES NOMINATIVAS ACOES ORDINARIAS;A;True;A;;;2026-10-05;True
BRMEPAACNPB1;MEPA;CIA PARAIBA CIMENTO PORTLAND CIMEPAR;10804300000187;OK;ACN;PB;PN;EPNNPR;ACOES NOMINATIVAS ACOES PREFERENCIAIS CLASSE B;A;True;A;;;2026-10-05;True
BRMEPAACNPC9;MEPA;CIA PARAIBA CIMENTO PORTLAND CIMEPAR;10804300000187;OK;ACN;PC;PN;EPNNPR;ACOES NOMINATIVAS ACOES PREFERENCIAIS CLASSE C;A;True;A;;;2026-10-05;True
BRMERCACNOR2;MERC;MERCANTIL FINANCEIRA S.A. – CRÉDITO, FINANCIAMENTO E INVESTIMENTO;33040601000187;OK;ACN;OR;ON;ESVUFR;ACOES NOMINATIVAS ACOES ORDINARIAS;A;True;A;;;2026-10-05;True
BRMERCACNPR9;MERC;MERCANTIL FINANCEIRA S.A. – CRÉDITO, FINANCIAMENTO E INVESTIMENTO;33040601000187;OK;ACN;PR;PN;EPNNPR;ACOES NOMINATIVAS ACOES PREFERENCIAIS;A;True;A;;;2026-10-05;True
BRMESBACNOR2;MESB;MESBLA SA;33087156000100;OK;ACN;OR;ON;ESVUFR;ACOES NOMINATIVAS ACOES ORDINARIAS;A;True;A;;;2026-10-05;True
BRMESBACNPR9;MESB;MESBLA SA;33087156000100;OK;ACN;PR;PN;EPNNPR;ACOES NOMINATIVAS ACOES PREFERENCIAIS;A;True;A;;;2026-10-05;True
BRMFRAACNPB4;MFRA;MAFRA SA AGROPECUARIA;04972469000143;OK;ACN;PB;PN;EPNNPR;ACOES NOMINATIVAS ACOES PREFERENCIAIS CLASSE B;A;True;A;;;2026-10-05;True
BRMFRAACNPD0;MFRA;MAFRA SA AGROPECUARIA;04972469000143;OK;ACN;PD;PN;EPNNPR;ACOES NOMINATIVAS ACOES PREFERENCIAIS CLASSE D;A;True;A;;;2026-10-05;True
BRMFRIACNPA9;MFRI;MATO FRIO AGROINDL SA MAFRISA;05521299000143;OK;ACN;PA;PN;EPNNPR;ACOES NOMINATIVAS ACOES PREFERENCIAIS CLASSE A;A;True;A;;;2026-10-05;True
BRMGELACNOR6;MGEL;MANGELS INDL SA;61065298000102;OK;ACN;OR;ON;ESVUFR;ACOES NOMINATIVAS ACOES ORDINARIAS;A;True;A;;;2026-10-05;True
BRMGELACNPR3;MGEL;MANGELS INDL SA;61065298000102;OK;ACN;PR;PN;EPNNPR;ACOES NOMINATIVAS ACOES PREFERENCIAIS;A;True;A;;;2026-10-05;True
BRMGFBACNOR4;MGFB;M&G FIBRAS HOLDING S.A;18731866000138;OK;ACN;OR;ON;ESVUFR;ACOES NOMINATIVAS ACOES ORDINARIAS;A;True;A;;;2026-10-05;True
BRMGLUACNOR2;MGLU;MAGAZINE LUIZA SA;47960950000121;OK;ACN;OR;ON;ESVUFR;ACOES NOMINATIVAS ACOES ORDINARIAS;A;True;A;;;2026-10-05;True
BRMGMAACNPA5;MGMA;MGM AGROINDL SA;86806247000115;OK;ACN;PA;PN;EPNNPR;ACOES NOMINATIVAS ACOES PREFERENCIAIS CLASSE A;A;True;A;;;2026-10-05;True
BRMGNMACNPB6;MGNM;MAGNUM IND AMAZONIA SA;63715510000165;OK;ACN;PB;PN;EPNNPR;ACOES NOMINATIVAS ACOES PREFERENCIAIS CLASSE B;A;True;A;;;2026-10-05;True
BRMGSAACNPA2;MGSA;MAGESA MOJU AGROINDL ENERGETICA S.A;07915416000189;OK;ACN;PA;PN;EPNNPR;ACOES NOMINATIVAS ACOES PREFERENCIAIS CLASSE A;A;True;A;;;2026-10-05;True
BRMGSAACNPB0;MGSA;MAGESA MOJU AGROINDL ENERGETICA S.A;07915416000189;OK;ACN;PB;PN;EPNNPR;ACOES NOMINATIVAS ACOES PREFERENCIAIS CLASSE B;A;True;A;;;2026-10-05;True
BRMGSAACNPC8;MGSA;MAGESA MOJU AGROINDL ENERGETICA S.A;07915416000189;OK;ACN;PC;PN;EPNNPR;ACOES NOMINATIVAS ACOES PREFERENCIAIS CLASSE C;A;True;A;;;2026-10-05;True
BRMGTBACNOR5;MGTB;MOGI TABOAO INVESTS IMOBILIARIOS PARTICIPACOES SA;12237204000120;OK;ACN;OR;ON;ESVUFR;ACOES NOMINATIVAS ACOES ORDINARIAS;A;True;A;;;2026-10-05;True
BRMGUSACNPA0;MGUS;MARANHAO GUSA SA MARGUSA;10255321000190;OK;ACN;PA;PN;EPNNPR;ACOES NOMINATIVAS ACOES PREFERENCIAIS CLASSE A;A;True;A;;;2026-10-05;True
BRMHANACNOR8;MHAN;PATRIA INVESTIMENTOS IMOBILIARIOS SA;02533576000140;OK;ACN;OR;ON;ESVUFR;ACOES NOMINATIVAS ACOES ORDINARIAS;A;True;A;;;2026-10-05;True
BRMHOLACNOR3;MHOL;M HOLDINGS SA;00988131000129;OK;ACN;OR;ON;ESVUFR;ACOES NOMINATIVAS ACOES ORDINARIAS;A;True;A;;;2026-10-05;True
BRMHOLACNPR0;MHOL;M HOLDINGS SA;00988131000129;OK;ACN;PR;PN;EPNNPR;ACOES NOMINATIVAS ACOES PREFERENCIAIS;A;True;A;;;2026-10-05;True
BRMICRACNOR3;MICR;MICROLAB SA;33183526000103;OK;ACN;OR;ON;ESVUFR;ACOES NOMINATIVAS ACOES ORDINARIAS;A;True;A;;;2026-10-05;True
BRMICRACNPR0;MICR;MICROLAB SA;33183526000103;OK;ACN;PR;PN;EPNNPR;ACOES NOMINATIVAS ACOES PREFERENCIAIS;A;True;A;;;2026-10-05;True
BRMILSACNOR2;MILS;MILLS LOCAÇÃO, SERVIÇOS E LOGÍSTICA S.A;27093558000115;OK;ACN;OR;ON;ESVUFR;ACOES NOMINATIVAS ACOES ORDINARIAS;A;True;A;;;2026-10-05;True
BRMIMOACNOR9;MIMO;BRINQUEDOS MIMO SA;61322731000148;OK;ACN;OR;ON;ESVUFR;ACOES NOMINATIVAS ACOES ORDINARIAS;A;True;A;;;2026-10-05;True
BRMIMOACNPR6;MIMO;BRINQUEDOS MIMO SA;61322731000148;OK;ACN;PR;PN;EPNNPR;ACOES NOMINATIVAS ACOES PREFERENCIAIS;A;True;A;;;2026-10-05;True
BRMIPCACNOR7;MIPC;MASTER IND PLASTICA CEARENSE SA;07645294000158;OK;ACN;OR;ON;ESVUFR;ACOES NOMINATIVAS ACOES ORDINARIAS;A;True;A;;;2026-10-05;True
BRMIPCACNPR4;MIPC;MASTER IND PLASTICA CEARENSE SA;07645294000158;OK;ACN;PR;PN;EPNNPR;ACOES NOMINATIVAS ACOES PREFERENCIAIS;A;True;A;;;2026-10-05;True
BRMISNACNOR8;MISN;MAISON ECO SA;;VAZIO;ACN;OR;ON;ESVUFR;ACOES NOMINATIVAS ACOES ORDINARIAS;A;True;A;;;2026-10-05;True
BRMKIIACNOR5;MKII;MAKIRA II EMPREENDIMENTOS PARTICIPACOES SA;20738513000101;OK;ACN;OR;ON;ESVUFR;ACOES NOMINATIVAS ACOES ORDINARIAS;A;True;A;;;2026-10-05;True
BRMKRAACNOR3;MKRA;MAKIRA BRASIL SA;03912286000170;OK;ACN;OR;ON;ESVUFR;ACOES NOMINATIVAS ACOES ORDINARIAS;A;True;A;;;2026-10-05;True
BRMKSSACNOR3;MKSS;MKS SOLUÇÕES INTEGRADAS S.A.;00183256000181;OK;ACN;OR;ON;ESVUFR;ACOES NOMINATIVAS ACOES ORDINÁRIAS;A;True;N;;;2026-10-05;True
BRMLASACNOR9;MLAS;GRUPO MULTILASER S.A.;59717553000102;OK;ACN;OR;ON;ESVUFR;ACOES NOMINATIVAS;A;True;N;;;2026-10-05;True
BRMLBUACNOR3;MLBU;MALIBU HOLDING SA;22077330000118;OK;ACN;OR;ON;ESVUFR;ACOES NOMINATIVAS ACOES ORDINARIAS;A;True;N;;;2026-10-05;True
BRMLCFACNOR2;MLCF;MAHLE COFAP ANEIS SA;03002935000103;OK;ACN;OR;ON;ESVUFR;ACOES NOMINATIVAS ACOES ORDINARIAS;A;True;A;;;2026-10-05;True
BRMLCFACNPR9;MLCF;MAHLE COFAP ANEIS SA;03002935000103;OK;ACN;PR;PN;EPNNPR;ACOES NOMINATIVAS ACOES PREFERENCIAIS;A;True;A;;;2026-10-05;True
BRMLLAACNOR4;MLLA;MELLILA EMPREENDIMENTOS PARTICIPACOES SA;20300500000156;OK;ACN;OR;ON;ESVUFR;ACOES NOMINATIVAS ACOES ORDINARIAS;A;True;A;;;2026-10-05;True
BRMLOGACNOR5;MLOG;MULTILOG SA;78614229000103;OK;ACN;OR;ON;ESVUFR;ACOES NOMINATIVAS;A;True;N;;;2026-10-05;True
BRMLPAACNOR5;MLPA;MELPAPER SA;00020540000137;OK;ACN;OR;ON;ESVUFR;ACOES NOMINATIVAS ACOES ORDINARIAS;A;True;A;;;2026-10-05;True
BRMLPAACNPR2;MLPA;MELPAPER SA;00020540000137;OK;ACN;PR;PN;EPNNPR;ACOES NOMINATIVAS ACOES PREFERENCIAIS;A;True;A;;;2026-10-05;True
BRMLPPACNOR3;MLPP;JP PARTICIPACOES S.A;15463423000115;OK;ACN;OR;ON;ESVUFR;ACOES NOMINATIVAS ACOES ORDINARIAS;A;True;A;;;2026-10-05;True
BRMLSAACNOR9;MLSA;METALOSA IND METALURGICA SA;27485374000109;OK;ACN;OR;ON;ESVUFR;ACOES NOMINATIVAS ACOES ORDINARIAS;A;True;A;;;2026-10-05;True
BRMLSAACNPR6;MLSA;METALOSA IND METALURGICA SA;27485374000109;OK;ACN;PR;PN;EPNNPR;ACOES NOMINATIVAS ACOES PREFERENCIAIS;A;True;A;;;2026-10-05;True
BRMLTNACNOR0;MLTN;MULTINER SA;08935054000150;OK;ACN;OR;ON;ESVUFR;ACOES NOMINATIVAS ACOES ORDINARIAS;A;True;A;;;2026-10-05;True
BRMLTPACNOR5;MLTP;MULTIPLIC LEASING ARREND MERCANTIL SA;;VAZIO;ACN;OR;ON;ESVUFR;ACOES NOMINATIVAS ACOES ORDINARIAS;A;True;A;;;2026-10-05;True
BRMMAQACNOR1;MMAQ;MINASMAQUINAS SA;17161241000115;OK;ACN;OR;ON;ESVUFR;ACOES NOMINATIVAS ACOES ORDINARIAS;A;True;A;;;2026-10-05;True
BRMMAQACNPR8;MMAQ;MINASMAQUINAS SA;17161241000115;OK;ACN;PR;PN;EPNNPR;ACOES NOMINATIVAS ACOES PREFERENCIAIS;A;True;A;;;2026-10-05;True
BRMMBRACNOR7;MMBR;MAGNETI MARELLI BRASIL IND COM SA;51597433000107;OK;ACN;OR;ON;ESVUFR;ACOES NOMINATIVAS ACOES ORDINARIAS;A;True;A;;;2026-10-05;True
BRMMBRACNPR4;MMBR;MAGNETI MARELLI BRASIL IND COM SA;51597433000107;OK;ACN;PR;PN;EPNNPR;ACOES NOMINATIVAS ACOES PREFERENCIAIS;A;True;A;;;2026-10-05;True
BRMMCAACNOR1;MMCA;MAGNETI MARELLI COFAP AUTOPECAS SA;04285824000106;OK;ACN;OR;ON;ESVUFR;ACOES NOMINATIVAS ACOES ORDINARIAS;A;True;A;;;2026-10-05;True
BRMMCAACNPR8;MMCA;MAGNETI MARELLI COFAP AUTOPECAS SA;04285824000106;OK;ACN;PR;PN;EPNNPR;ACOES NOMINATIVAS ACOES PREFERENCIAIS;A;True;A;;;2026-10-05;True
BRMMCCACNOR7;MMCC;MAGNETI MARELLI COFAP CAMISAS SA;03343291000109;OK;ACN;OR;ON;ESVUFR;ACOES NOMINATIVAS ACOES ORDINARIAS;A;True;A;;;2026-10-05;True
BRMMCCACNPR4;MMCC;MAGNETI MARELLI COFAP CAMISAS SA;03343291000109;OK;ACN;PR;PN;EPNNPR;ACOES NOMINATIVAS ACOES PREFERENCIAIS;A;True;A;;;2026-10-05;True
BRMMCFACNOR0;MMCF;MAGNETI MARELLI COFAP CIA FABRICADORA PECAS;02865246000151;OK;ACN;OR;ON;ESVUFR;ACOES NOMINATIVAS ACOES ORDINARIAS;A;True;A;;;2026-10-05;True
BRMMCFACNPR7;MMCF;MAGNETI MARELLI COFAP CIA FABRICADORA PECAS;02865246000151;OK;ACN;PR;PN;EPNNPR;ACOES NOMINATIVAS ACOES PREFERENCIAIS;A;True;A;;;2026-10-05;True
BRMMTZACNOR2;MMTZ;METAL BRAZIL PARTICIPACOES SA;27218993000129;OK;ACN;OR;ON;ESVUFR;ACOES NOMINATIVAS ACOES ORDINARIAS;A;True;N;;;2026-10-05;True
BRMMXMACNOR2;MMXM;MMX MINERACAO METALICOS SA;02762115000149;OK;ACN;OR;ON;ESVUFR;ACOES NOMINATIVAS ACOES ORDINARIAS;A;True;A;;;2026-10-05;True
BRMN4AACNPB4;MN4A;MEINARA AGROPECUÁRIA S/A;04984803000189;OK;ACN;PB;PN;EPNNPR;ACOES NOMINATIVAS;A;True;N;;;2026-10-05;True
BRMNBIACNOR4;MNBI;MANABI SA;13444994000187;OK;ACN;OR;ON;ESVUFR;ACOES NOMINATIVAS ACOES ORDINARIAS;A;True;A;;;2026-10-05;True
BRMNBIACNPC3;MNBI;MANABI SA;13444994000187;OK;ACN;PC;PN;EPNNPR;ACOES NOMINATIVAS ACOES PREFERENCIAIS CLASSE C;A;True;A;;;2026-10-05;True
BRMNCOACNPA3;MNCO;MINASFER SA;16518649000139;OK;ACN;PA;PN;EPNNPR;ACOES NOMINATIVAS ACOES PREFERENCIAIS CLASSE A;A;True;A;;;2026-10-05;True
BRMNDLACNOR4;MNDL;MUNDIAL SA PRODUTOS CONSUMO;88610191000154;OK;ACN;OR;ON;ESVUFR;ACOES NOMINATIVAS ACOES ORDINARIAS;A;True;A;;;2026-10-05;True
BRMNDLACNPR1;MNDL;MUNDIAL SA PRODUTOS CONSUMO;88610191000154;OK;ACN;PR;PN;EPNNPR;ACOES NOMINATIVAS ACOES PREFERENCIAIS;A;True;A;;;2026-10-05;True
BRMNGZACNOR7;MNGZ;MENEGAZ SA IND COM;92012780000108;OK;ACN;OR;ON;ESVUFR;ACOES NOMINATIVAS ACOES ORDINARIAS;A;True;A;;;2026-10-05;True
BRMNGZACNPR4;MNGZ;MENEGAZ SA IND COM;92012780000108;OK;ACN;PR;PN;EPNNPR;ACOES NOMINATIVAS ACOES PREFERENCIAIS;A;True;A;;;2026-10-05;True
BRMNHTACNPA1;MNHT;MANAUS HOTEIS TURISMO SA;22778617000175;OK;ACN;PA;PN;EPNNPR;ACOES NOMINATIVAS ACOES PREFERENCIAIS CLASSE A;A;True;A;;;2026-10-05;True
BRMNMIACNOR1;MNMI;MNM METALURGICA NORTE MINAS SA;22670178000182;OK;ACN;OR;ON;ESVUFR;ACOES NOMINATIVAS ACOES ORDINARIAS;A;True;A;;;2026-10-05;True
BRMNMIACNPR8;MNMI;MNM METALURGICA NORTE MINAS SA;22670178000182;OK;ACN;PR;PN;EPNNPR;ACOES NOMINATIVAS ACOES PREFERENCIAIS;A;True;A;;;2026-10-05;True
BRMNPMACNPB7;MNPM;MINASPUMA NORDESTE SA;21479092000104;OK;ACN;PB;PN;EPNNPR;ACOES NOMINATIVAS ACOES PREFERENCIAIS CLASSE B;A;True;A;;;2026-10-05;True
BRMNPRACNOR5;MNPR;MINUPAR PARTICIPACOES SA;90076886000140;OK;ACN;OR;ON;ESVUFR;ACOES NOMINATIVAS ACOES ORDINARIAS;A;True;A;;;2026-10-05;True
BRMNSAACNOR5;MNSA;MANASA MADEIREIRA NACIONAL SA;60400009000111;OK;ACN;OR;ON;ESVUFR;ACOES NOMINATIVAS ACOES ORDINARIAS;A;True;A;;;2026-10-05;True
BRMNSAACNPR2;MNSA;MANASA MADEIREIRA NACIONAL SA;60400009000111;OK;ACN;PR;PN;EPNNPR;ACOES NOMINATIVAS ACOES PREFERENCIAIS;A;True;A;;;2026-10-05;True
BRMNZCACNOR6;MNZC;TERMINAL GARAGEM MENEZES CORTES;02664042000152;OK;ACN;OR;ON;ESVUFR;ACOES NOMINATIVAS ACOES ORDINARIAS;A;True;A;;;2026-10-05;True
BRMOARACNOR5;MOAR;MONTEIRO ARANHA SA;33102476000192;OK;ACN;OR;ON;ESVUFR;ACOES NOMINATIVAS ACOES ORDINARIAS;A;True;A;;;2026-10-05;True
BRMODLACNOR2;MODL;BANCO MODAL SA;30723886000162;OK;ACN;OR;ON;ESVUFR;ACOES NOMINATIVAS ACOES ORDINARIAS;A;True;A;;;2026-10-05;True
BRMODLACNPR9;MODL;BANCO MODAL SA;30723886000162;OK;ACN;PR;PN;EPNNPR;ACOES NOMINATIVAS ACOES PREFERENCIAIS;A;True;A;;;2026-10-05;True
BRMODLCDAM13;MODL;BANCO MODAL SA;30723886000162;OK;CDA;M1;UNIT;EMXXXR;CERTIFICADO DE DEPOSITO DE ACOES 1 ON + 2 PN;A;True;N;;;2026-10-05;True
BRMONPACNOR2;MONP;MONTICIANO PARTICIPACOES SA;09191251000175;OK;ACN;OR;ON;ESVUFR;ACOES NOMINATIVAS ACOES ORDINARIAS;A;True;A;;;2026-10-05;True
BRMONPACNPR9;MONP;MONTICIANO PARTICIPACOES SA;09191251000175;OK;ACN;PR;PN;EPNNPR;ACOES NOMINATIVAS ACOES PREFERENCIAIS;A;True;A;;;2026-10-05;True
BRMOSIACNOR6;MOSI;MOSAICO TECNOLOGIA AO CONSUMIDOR S.A.;09083175000184;OK;ACN;OR;ON;ESVUFR;ACOES NOMINATIVAS - SETEMBRO/2020;A;True;N;;;2026-10-05;True
BRMOTOACNOR2;MOTO;MOTORADIO SA COML INDL;61106068000144;OK;ACN;OR;ON;ESVUFR;ACOES NOMINATIVAS ACOES ORDINARIAS;A;True;A;;;2026-10-05;True
BRMOTOACNPR9;MOTO;MOTORADIO SA COML INDL;61106068000144;OK;ACN;PR;PN;EPNNPR;ACOES NOMINATIVAS ACOES PREFERENCIAIS;A;True;A;;;2026-10-05;True
BRMOTVACNOR7;MOTV;MOTIVA INFRAESTRUTURA DE MOBILIDADE S.A.;02846056000197;OK;ACN;OR;ON;ESVUFR;ACOES NOMINATIVAS ACOES ORDINARIAS;A;True;N;;;2026-10-05;True
BRMOVIACNOR0;MOVI;MOVIDA PARTICIPACOES;21314559000166;OK;ACN;OR;ON;ESVUFR;ACOES NOMINATIVAS ACOES ORDINARIAS;A;True;A;;;2026-10-05;True
BRMPLIACNPR5;MPLI;MAPELLI BRASIL SA;32498172000123;OK;ACN;PR;PN;EPNNPR;ACOES NOMINATIVAS ACOES PREFERENCIAIS;A;True;A;;;2026-10-05;True
BRMPLSACNPB8;MPLS;MERCONPLAS INDL PLASTICOS COM SA;40917346000173;OK;ACN;PB;PN;EPNNPR;ACOES NOMINATIVAS ACOES PREFERENCIAIS CLASSE B;A;True;A;;;2026-10-05;True
BRMPLUACNOR3;MPLU;MULTIPLUS SA;11094546000175;OK;ACN;OR;ON;ESVUFR;ACOES NOMINATIVAS ACOES ORDINARIAS;A;True;A;;;2026-10-05;True
BRMPSAACNPA3;MPSA;MACAPARANA AGROPECUARIA SA MAPASA;09454604000182;OK;ACN;PA;PN;EPNNPR;ACOES NOMINATIVAS ACOES PREFERENCIAIS CLASSE A;A;True;A;;;2026-10-05;True
BRMPTDACNOR2;MPTD;MAPPIN TRUST RECEBIVEIS SA;;VAZIO;ACN;OR;ON;ESVUFR;ACOES NOMINATIVAS ACOES ORDINARIAS;A;True;A;;;2026-10-05;True
BRMPTDACNPR9;MPTD;MAPPIN TRUST RECEBIVEIS SA;;VAZIO;ACN;PR;PN;EPNNPR;ACOES NOMINATIVAS ACOES PREFERENCIAIS;A;True;A;;;2026-10-05;True
BRMRAGACNPA4;MRAG;MEARIM AGRO INDL SA;06045876000130;OK;ACN;PA;PN;EPNNPR;ACOES NOMINATIVAS ACOES PREFERENCIAIS CLASSE A;A;True;A;;;2026-10-05;True
BRMRBAACNPA5;MRBA;MARICULTURA BAHIA SA;13120027000160;OK;ACN;PA;PN;EPNNPR;ACOES NOMINATIVAS ACOES PREFERENCIAIS CLASSE A;A;True;A;;;2026-10-05;True
BRMRBCACNPA1;MRBC;MALHARIA REBECA SA;23573181000140;OK;ACN;PA;PN;EPNNPR;ACOES NOMINATIVAS ACOES PREFERENCIAIS CLASSE A;A;True;A;;;2026-10-05;True
BRMRBIACNPR2;MRBI;MORUMBI AGROPECUARIA SA;00649102000132;OK;ACN;PR;PN;EPNNPR;ACOES NOMINATIVAS ACOES PREFERENCIAIS;A;True;A;;;2026-10-05;True
BRMRCAACNPR7;MRCA;MARRECAS AGROPECUARIA SA;12669370000103;OK;ACN;PR;PN;EPNNPR;ACOES NOMINATIVAS ACOES PREFERENCIAIS;A;True;A;;;2026-10-05;True
BRMRCIACNPA6;MRCI;MURICI AGROPECUARIA SA;15662075000105;OK;ACN;PA;PN;EPNNPR;ACOES NOMINATIVAS ACOES PREFERENCIAIS CLASSE A;A;True;A;;;2026-10-05;True
BRMRCJACNPA4;MRCJ;AGROPECUARIA MARACAJA SA;04657193000109;OK;ACN;PA;PN;EPNNPR;ACOES NOMINATIVAS ACOES PREFERENCIAIS CLASSE A;A;True;A;;;2026-10-05;True
BRMRDPACNPA9;MRDP;AGROPASTORIL MIRANDOPOLIS SA;04863478000104;OK;ACN;PA;PN;EPNNPR;ACOES NOMINATIVAS ACOES PREFERENCIAIS CLASSE A;A;True;A;;;2026-10-05;True
BRMRDPACNPB7;MRDP;AGROPASTORIL MIRANDOPOLIS SA;04863478000104;OK;ACN;PB;PN;EPNNPR;ACOES NOMINATIVAS ACOES PREFERENCIAIS CLASSE B;A;True;A;;;2026-10-05;True
BRMREIACNPB0;MREI;AGROPECUARIA MONTE REI SA;17562893000161;OK;ACN;PB;PN;EPNNPR;ACOES NOMINATIVAS ACOES PREFERENCIAIS CLASSE B;A;True;A;;;2026-10-05;True
BRMRELACNPR0;MREL;MARELLI MOVEIS PARA ESCRITORIOS SA;88766936000179;OK;ACN;PR;PN;EPNNPR;ACOES NOMINATIVAS ACOES PREFERENCIAIS;A;True;A;;;2026-10-05;True
BRMRGMACNPB7;MRGM;MIRAGEM SA FAZENDAS REUNIDAS;13132675000136;OK;ACN;PB;PN;EPNNPR;ACOES NOMINATIVAS ACOES PREFERENCIAIS CLASSE B;A;True;A;;;2026-10-05;True
BRMRIMACNPA5;MRIM;MEARIM AGROINDL SA;24275158000132;OK;ACN;PA;PN;EPNNPR;ACOES NOMINATIVAS ACOES PREFERENCIAIS CLASSE A;A;True;A;;;2026-10-05;True
BRMRLLACNOR8;MRLL;MARANELLO EMPREENDIMENTOS E PARTICIPAÇÕES S.A.;28779333000180;OK;ACN;OR;ON;ESVUFR;ACOES NOMINATIVAS;A;True;N;;;2026-10-05;True
BRMRLMACNOR6;MRLM;CIA PETROLIFERA MARLIM;02854397000104;OK;ACN;OR;ON;ESVUFR;ACOES NOMINATIVAS ACOES ORDINARIAS;A;True;A;;;2026-10-05;True
BRMRLMACNPR3;MRLM;CIA PETROLIFERA MARLIM;02854397000104;OK;ACN;PR;PN;EPNNPR;ACOES NOMINATIVAS ACOES PREFERENCIAIS;A;True;A;;;2026-10-05;True
BRMRMAACNPC8;MRMA;MARIMAR INDL SA;11027315000149;OK;ACN;PC;PN;EPNNPR;ACOES NOMINATIVAS ACOES PREFERENCIAIS CLASSE C;A;True;A;;;2026-10-05;True
BRMRNEACNPR6;MRNE;MARICULTURA NORDESTE SA MARINE;10845931000144;OK;ACN;PR;PN;EPNNPR;ACOES NOMINATIVAS ACOES PREFERENCIAIS;A;True;A;;;2026-10-05;True
BRMRODACNOR9;MROD;MONTE RODOVIAS S.A.;37702340000174;OK;ACN;OR;ON;ESVUFR;ACOES NOMINATIVAS;A;True;N;;;2026-10-05;True
BRMROEACNOR7;MROE;M ROSCOE SA ENGENHARIA IND COM;17155151000111;OK;ACN;OR;ON;ESVUFR;ACOES NOMINATIVAS ACOES ORDINARIAS;A;True;A;;;2026-10-05;True
BRMROEACNPR4;MROE;M ROSCOE SA ENGENHARIA IND COM;17155151000111;OK;ACN;PR;PN;EPNNPR;ACOES NOMINATIVAS ACOES PREFERENCIAIS;A;True;A;;;2026-10-05;True
BRMROSACNOR7;MROS;M R O S P E EMPREENDIMENTOS PARTICIPACOES SA;14841292000108;OK;ACN;OR;ON;ESVUFR;ACOES NOMINATIVAS ACOES ORDINARIAS;A;True;A;;;2026-10-05;True
BRMRPXACNPB5;MRPX;MARPEX INDUSTRIA PESCA SA;05603469000139;OK;ACN;PB;PN;EPNNPR;ACOES NOMINATIVAS ACOES PREFERENCIAIS CLASSE B;A;True;A;;;2026-10-05;True
BRMRRFACNOR7;MRRF;CIA MARANHENSE REFRIGERANTES;06272199000193;OK;ACN;OR;ON;ESVUFR;ACOES NOMINATIVAS ACOES ORDINARIAS;A;True;A;;;2026-10-05;True
BRMRRFACNPA0;MRRF;CIA MARANHENSE REFRIGERANTES;06272199000193;OK;ACN;PA;PN;EPNNPR;ACOES NOMINATIVAS ACOES PREFERENCIAIS CLASSE A;A;True;A;;;2026-10-05;True
BRMRRFACNPB8;MRRF;CIA MARANHENSE REFRIGERANTES;06272199000193;OK;ACN;PB;PN;EPNNPR;ACOES NOMINATIVAS ACOES PREFERENCIAIS CLASSE B;A;True;A;;;2026-10-05;True
BRMRRFACNPC6;MRRF;CIA MARANHENSE REFRIGERANTES;06272199000193;OK;ACN;PC;PN;EPNNPR;ACOES NOMINATIVAS ACOES PREFERENCIAIS CLASSE C;A;True;A;;;2026-10-05;True
BRMRRFACNPD4;MRRF;CIA MARANHENSE REFRIGERANTES;06272199000193;OK;ACN;PD;PN;EPNNPR;ACOES NOMINATIVAS ACOES PREFERENCIAIS CLASSE D;A;True;A;;;2026-10-05;True
BRMRSAACNOR6;MRSA;MRS LOGISTICA SA;01417222000177;OK;ACN;OR;ON;ESVUFR;ACOES NOMINATIVAS ACOES ORDINARIAS;A;True;A;;;2026-10-05;True
BRMRSAACNPA9;MRSA;MRS LOGISTICA SA;01417222000177;OK;ACN;PA;PN;EPNNPR;ACOES NOMINATIVAS ACOES PREFERENCIAIS CLASSE A;A;True;A;;;2026-10-05;True
BRMRSAACNPB7;MRSA;MRS LOGISTICA SA;01417222000177;OK;ACN;PB;PN;EPNNPR;ACOES NOMINATIVAS ACOES PREFERENCIAIS CLASSE B;A;True;A;;;2026-10-05;True
BRMRSLACNOR3;MRSL;MARISOL SA (EX MARISOL SA IND VESTUARIO);84429752000162;OK;ACN;OR;ON;ESVUFR;ACOES NOMINATIVAS ACOES ORDINARIAS;A;True;A;;;2026-10-05;True
BRMRSLACNPR0;MRSL;MARISOL SA (EX MARISOL SA IND VESTUARIO);84429752000162;OK;ACN;PR;PN;EPNNPR;ACOES NOMINATIVAS ACOES PREFERENCIAIS;A;True;A;;;2026-10-05;True
BRMRTMACNOR9;MRTM;MARITIMA SEGUROS SA;61383493000180;OK;ACN;OR;ON;ESVUFR;ACOES NOMINATIVAS ACOES ORDINARIAS;A;True;A;;;2026-10-05;True
BRMRTSACNPA9;MRTS;MERUOCA EMPREENDIMENTOS TURISTICOS SA MEROTUSA;06814586000104;OK;ACN;PA;PN;EPNNPR;ACOES NOMINATIVAS ACOES PREFERENCIAIS CLASSE A;A;True;A;;;2026-10-05;True
BRMRVEACNOR2;MRVE;MRV ENGENHARIA PARTICIPACOES SA;08343492000120;OK;ACN;OR;ON;ESVUFR;ACOES NOMINATIVAS ACOES ORDINARIAS;A;True;A;;;2026-10-05;True
BRMRVEUNT001;MRVE;MRV ENGENHARIA PARTICIPACOES SA;08343492000120;OK;UNT;ZZ;UNIT;MCMUXR;UNITS 1 ON MRVE E 1 ON LOGG;A;True;N;;;2026-10-05;True
BRMSANACNOR5;MSAN;BUNGE BRASIL SA (EX SERRANA SA);61074092000149;OK;ACN;OR;ON;ESVUFR;ACOES NOMINATIVAS ACOES ORDINARIAS;A;True;A;;;2026-10-05;True
BRMSANACNPR2;MSAN;BUNGE BRASIL SA (EX SERRANA SA);61074092000149;OK;ACN;PR;PN;EPNNPR;ACOES NOMINATIVAS ACOES PREFERENCIAIS;A;True;A;;;2026-10-05;True
BRMSCRACNOR2;MSCR;CIA FABRIL MASCARENHAS;16718231000175;OK;ACN;OR;ON;ESVUFR;ACOES NOMINATIVAS ACOES ORDINARIAS;A;True;A;;;2026-10-05;True
BRMSCRACNPA5;MSCR;CIA FABRIL MASCARENHAS;16718231000175;OK;ACN;PA;PN;EPNNPR;ACOES NOMINATIVAS ACOES PREFERENCIAIS CLASSE A;A;True;A;;;2026-10-05;True
BRMSCRACNPB3;MSCR;CIA FABRIL MASCARENHAS;16718231000175;OK;ACN;PB;PN;EPNNPR;ACOES NOMINATIVAS ACOES PREFERENCIAIS CLASSE B;A;True;A;;;2026-10-05;True
BRMSDBACNPA7;MSDB;MASSARANDUBA AGROPECUARIA SA;09467028000108;OK;ACN;PA;PN;EPNNPR;ACOES NOMINATIVAS ACOES PREFERENCIAIS CLASSE A;A;True;A;;;2026-10-05;True
BRMSGNACNPA5;MSGN;CIA AVICOLA MASSANGANA CIAMA;40999856000137;OK;ACN;PA;PN;EPNNPR;ACOES NOMINATIVAS ACOES PREFERENCIAIS CLASSE A;A;True;A;;;2026-10-05;True
BRMSOLACNOR0;MSOL;MICROSOL TECNOLOGIA SA;07108509000100;OK;ACN;OR;ON;ESVUFR;ACOES NOMINATIVAS ACOES ORDINARIAS;A;True;A;;;2026-10-05;True
BRMSOLACNPA3;MSOL;MICROSOL TECNOLOGIA SA;07108509000100;OK;ACN;PA;PN;EPNNPR;ACOES NOMINATIVAS ACOES PREFERENCIAIS CLASSE A;A;True;A;;;2026-10-05;True
BRMSPAACNOR0;MSPA;CIA MELHORAMENTOS SAO PAULO;60730348000166;OK;ACN;OR;ON;ESVUFR;ACOES NOMINATIVAS ACOES ORDINARIAS;A;True;A;;;2026-10-05;True
BRMSPAACNPR7;MSPA;CIA MELHORAMENTOS SAO PAULO;60730348000166;OK;ACN;PR;PN;EPNNPR;ACOES NOMINATIVAS ACOES PREFERENCIAIS;A;True;A;;;2026-10-05;True
BRMSPEACNOR2;MSPE;INVEST MULTIMERCADO SPE S.A;61304025000173;OK;ACN;OR;ON;ESVUFR;ACOES NOMINATIVAS;A;True;N;;;2026-10-05;True
BRMSROACNOR7;MSRO;MAESTRO LOCADORA VEICULOS SA;08795211000170;OK;ACN;OR;ON;ESVUFR;ACOES NOMINATIVAS ACOES ORDINARIAS;A;True;A;;;2026-10-05;True
BRMSTRACNOR6;MSTR;MASTER SA TECIDOS PLASTICOS;07645260000163;OK;ACN;OR;ON;ESVUFR;ACOES NOMINATIVAS ACOES ORDINARIAS;A;True;A;;;2026-10-05;True
BRMSTRACNPA9;MSTR;MASTER SA TECIDOS PLASTICOS;07645260000163;OK;ACN;PA;PN;EPNNPR;ACOES NOMINATIVAS ACOES PREFERENCIAIS CLASSE A;A;True;A;;;2026-10-05;True
BRMSTRACNPB7;MSTR;MASTER SA TECIDOS PLASTICOS;07645260000163;OK;ACN;PB;PN;EPNNPR;ACOES NOMINATIVAS ACOES PREFERENCIAIS CLASSE B;A;True;A;;;2026-10-05;True
BRMSUFACNOR9;MSUF;CIA MATERIAIS SULFUROSOS MATSULFUR;22664890000179;OK;ACN;OR;ON;ESVUFR;ACOES NOMINATIVAS ACOES ORDINARIAS;A;True;A;;;2026-10-05;True
BRMSUFACNPA2;MSUF;CIA MATERIAIS SULFUROSOS MATSULFUR;22664890000179;OK;ACN;PA;PN;EPNNPR;ACOES NOMINATIVAS ACOES PREFERENCIAIS CLASSE A;A;True;A;;;2026-10-05;True
BRMSUFACNPB0;MSUF;CIA MATERIAIS SULFUROSOS MATSULFUR;22664890000179;OK;ACN;PB;PN;EPNNPR;ACOES NOMINATIVAS ACOES PREFERENCIAIS CLASSE B;A;True;A;;;2026-10-05;True
BRMSUFACNPC8;MSUF;CIA MATERIAIS SULFUROSOS MATSULFUR;22664890000179;OK;ACN;PC;PN;EPNNPR;ACOES NOMINATIVAS ACOES PREFERENCIAIS CLASSE C;A;True;A;;;2026-10-05;True
BRMTALACNOR7;MTAL;CIMETAL SIDERURGIA SA;17379827000150;OK;ACN;OR;ON;ESVUFR;ACOES NOMINATIVAS ACOES ORDINARIAS;A;True;A;;;2026-10-05;True
BRMTALACNPB8;MTAL;CIMETAL SIDERURGIA SA;17379827000150;OK;ACN;PB;PN;EPNNPR;ACOES NOMINATIVAS ACOES PREFERENCIAIS CLASSE B;A;True;A;;;2026-10-05;True
BRMTAMACNPA8;MTAM;METALGRAFICA AMAZONIA SA METALMAZON;04218020000194;OK;ACN;PA;PN;EPNNPR;ACOES NOMINATIVAS ACOES PREFERENCIAIS CLASSE A;A;True;A;;;2026-10-05;True
BRMTAMACNPB6;MTAM;METALGRAFICA AMAZONIA SA METALMAZON;04218020000194;OK;ACN;PB;PN;EPNNPR;ACOES NOMINATIVAS ACOES PREFERENCIAIS CLASSE B;A;True;A;;;2026-10-05;True
BRMTCNACNOR9;MTCN;CONNEC SA TECNOLOGIA INFORMACAO;04514761000112;OK;ACN;OR;ON;ESVUFR;ACOES NOMINATIVAS ACOES ORDINARIAS;A;True;A;;;2026-10-05;True
BRMTCZACNPA6;MTCZ;BANDEIRANTE MOTOMECANIZACAO S.A;14118095000157;OK;ACN;PA;PN;EPNNPR;ACOES NOMINATIVAS ACOES PREFERENCIAIS CLASSE A;A;True;A;;;2026-10-05;True
BRMTDEACNOR6;MTDE;MÉTODO ENGENHARIA S.A.;58700428000127;OK;ACN;OR;ON;ESVUFR;ACOES NOMINATIVAS;A;True;N;;;2026-10-05;True
BRMTDOACNOR5;MTDO;METODO ENGENHARIA SA;43710946000154;OK;ACN;OR;ON;ESVUFR;ACOES NOMINATIVAS ACOES ORDINARIAS;A;True;A;;;2026-10-05;True
BRMTDOACNPR2;MTDO;METODO ENGENHARIA SA;43710946000154;OK;ACN;PR;PN;EPNNPR;ACOES NOMINATIVAS ACOES PREFERENCIAIS;A;True;A;;;2026-10-05;True
BRMTELACNOR9;MTEL;MULTITEL TECNOLOGIA SA;55413983000180;OK;ACN;OR;ON;ESVUFR;ACOES NOMINATIVAS ACOES ORDINARIAS;A;True;A;;;2026-10-05;True
BRMTELACNPR6;MTEL;MULTITEL TECNOLOGIA SA;55413983000180;OK;ACN;PR;PN;EPNNPR;ACOES NOMINATIVAS ACOES PREFERENCIAIS;A;True;A;;;2026-10-05;True
BRMTFTACNOR9;MTFT;MISTRAL AGROFLORESTAL SA;12353230000113;OK;ACN;OR;ON;ESVUFR;ACOES NOMINATIVAS ACOES ORDINARIAS;A;True;A;;;2026-10-05;True
BRMTGBACNOR5;MTGB;BCO ESTADO MATO GROSSO SA;03468907000178;OK;ACN;OR;ON;ESVUFR;ACOES NOMINATIVAS ACOES ORDINARIAS;A;True;A;;;2026-10-05;True
BRMTGEACNPB0;MTGE;MOTOGERAL AGROPECUARIA SA;05044359000184;OK;ACN;PB;PN;EPNNPR;ACOES NOMINATIVAS ACOES PREFERENCIAIS CLASSE B;A;True;A;;;2026-10-05;True
BRMTIGACNOR0;MTIG;METALGRAFICA IGUACU SA;80227184000166;OK;ACN;OR;ON;ESVUFR;ACOES NOMINATIVAS ACOES ORDINARIAS;A;True;A;;;2026-10-05;True
BRMTIGACNPR7;MTIG;METALGRAFICA IGUACU SA;80227184000166;OK;ACN;PR;PN;EPNNPR;ACOES NOMINATIVAS ACOES PREFERENCIAIS;A;True;A;;;2026-10-05;True
BRMTLNACNOR0;MTLN;METALON INDS REUNIDAS SA;33535246000117;OK;ACN;OR;ON;ESVUFR;ACOES NOMINATIVAS ACOES ORDINARIAS;A;True;A;;;2026-10-05;True
BRMTLPACNPA8;MTLP;METALPRESS SA;32439143000190;OK;ACN;PA;PN;EPNNPR;ACOES NOMINATIVAS ACOES PREFERENCIAIS CLASSE A;A;True;A;;;2026-10-05;True
BRMTNRACNOR7;MTNR;METANOR SA METANOL NORDESTE;16234171000115;OK;ACN;OR;ON;ESVUFR;ACOES NOMINATIVAS ACOES ORDINARIAS;A;True;A;;;2026-10-05;True
BRMTNRACNPA0;MTNR;METANOR SA METANOL NORDESTE;16234171000115;OK;ACN;PA;PN;EPNNPR;ACOES NOMINATIVAS ACOES PREFERENCIAIS CLASSE A;A;True;A;;;2026-10-05;True
BRMTNRACNPB8;MTNR;METANOR SA METANOL NORDESTE;16234171000115;OK;ACN;PB;PN;EPNNPR;ACOES NOMINATIVAS ACOES PREFERENCIAIS CLASSE B;A;True;A;;;2026-10-05;True
BRMTNRACNPC6;MTNR;METANOR SA METANOL NORDESTE;16234171000115;OK;ACN;PC;PN;EPNNPR;ACOES NOMINATIVAS ACOES PREFERENCIAIS CLASSE C;A;True;A;;;2026-10-05;True
BRMTPIACNPA4;MTPI;METALGRAFICA PIAUI SA METALPISA;05233705000172;OK;ACN;PA;PN;EPNNPR;ACOES NOMINATIVAS ACOES PREFERENCIAIS CLASSE A;A;True;A;;;2026-10-05;True
BRMTPSACNOR0;MTPS;MOTO PECAS TRANSMISSOES SA;16236440000182;OK;ACN;OR;ON;ESVUFR;ACOES NOMINATIVAS ACOES ORDINARIAS;A;True;A;;;2026-10-05;True
BRMTPSACNPR7;MTPS;MOTO PECAS TRANSMISSOES SA;16236440000182;OK;ACN;PR;PN;EPNNPR;ACOES NOMINATIVAS ACOES PREFERENCIAIS;A;True;A;;;2026-10-05;True
BRMTPTACNOR8;MTPT;MULTIPORTOS OPERADORA PORTUARIA SA;73298424000158;OK;ACN;OR;ON;ESVUFR;ACOES NOMINATIVAS ACOES ORDINARIAS;A;True;A;;;2026-10-05;True
BRMTPTACNPR5;MTPT;MULTIPORTOS OPERADORA PORTUARIA SA;73298424000158;OK;ACN;PR;PN;EPNNPR;ACOES NOMINATIVAS ACOES PREFERENCIAIS;A;True;A;;;2026-10-05;True
BRMTREACNOR6;MTRE;MITRE REALTY EMPREENDIMENTOS E PARTICIPAÇÕES S.A.;07882930000165;OK;ACN;OR;ON;ESVUFR;ACOES NOMINATIVAS;A;True;N;;;2026-10-05;True
BRMTRGACNOR1;MTRG;MTR-39 HOLIDNG S.A.;58532424000187;OK;ACN;OR;ON;ESVUFR;ACOES NOMINATIVAS;A;True;N;;;2026-10-05;True
BRMTROACNOR5;MTRO;CIA METROPOLITANO SAO PAULO METRO;62070362000106;OK;ACN;OR;ON;ESVUFR;ACOES NOMINATIVAS ACOES ORDINARIAS;A;True;A;;;2026-10-05;True
BRMTSAACNOR2;MTSA;METISA METALURGICA TIMBOENSE SA;86375425000109;OK;ACN;OR;ON;ESVUFR;ACOES NOMINATIVAS ACOES ORDINARIAS;A;True;A;;;2026-10-05;True
BRMTSAACNPR9;MTSA;METISA METALURGICA TIMBOENSE SA;86375425000109;OK;ACN;PR;PN;EPNNPR;ACOES NOMINATIVAS ACOES PREFERENCIAIS;A;True;A;;;2026-10-05;True
BRMTSFACNOR1;MTSF;MASTER SOFT BRASIL SA;02462247000155;OK;ACN;OR;ON;ESVUFR;ACOES NOMINATIVAS ACOES ORDINARIAS;A;True;A;;;2026-10-05;True
BRMTTDACNOR4;MTTD;MULTITRADE SA;;VAZIO;ACN;OR;ON;ESVUFR;ACOES NOMINATIVAS ACOES ORDINARIAS;A;True;A;;;2026-10-05;True
BRMTTDACNPR1;MTTD;MULTITRADE SA;;VAZIO;ACN;PR;PN;EPNNPR;ACOES NOMINATIVAS ACOES PREFERENCIAIS;A;True;A;;;2026-10-05;True
BRMTXTACNOR2;MTXT;MULTITEXTIL SA;22148316000168;OK;ACN;OR;ON;ESVUFR;ACOES NOMINATIVAS ACOES ORDINARIAS;A;True;A;;;2026-10-05;True
BRMTXTACNPR9;MTXT;MULTITEXTIL SA;22148316000168;OK;ACN;PR;PN;EPNNPR;ACOES NOMINATIVAS ACOES PREFERENCIAIS;A;True;A;;;2026-10-05;True
BRMTZOACNOR8;MTZO;METALURGICA MATARAZZO SA;47189014000169;OK;ACN;OR;ON;ESVUFR;ACOES NOMINATIVAS ACOES ORDINARIAS;A;True;A;;;2026-10-05;True
BRMTZOACNPR5;MTZO;METALURGICA MATARAZZO SA;47189014000169;OK;ACN;PR;PN;EPNNPR;ACOES NOMINATIVAS ACOES PREFERENCIAIS;A;True;A;;;2026-10-05;True
BRMUDRACNPR3;MUDR;AGROPECUARIA RIO MUDRIRE SA;46991311000160;OK;ACN;PR;PN;EPNNPR;ACOES NOMINATIVAS ACOES PREFERENCIAIS;A;True;A;;;2026-10-05;True
BRMULLACNOR2;MULL;MULLER SA IND COM;33010760000139;OK;ACN;OR;ON;ESVUFR;ACOES NOMINATIVAS ACOES ORDINARIAS;A;True;A;;;2026-10-05;True
BRMULLACNPR9;MULL;MULLER SA IND COM;33010760000139;OK;ACN;PR;PN;EPNNPR;ACOES NOMINATIVAS ACOES PREFERENCIAIS;A;True;A;;;2026-10-05;True
BRMULTACNOR5;MULT;MULTIPLAN EMPREENDIMENTOS IMOBILIARIOS SA;07816890000153;OK;ACN;OR;ON;ESVUFR;ACOES NOMINATIVAS ACOES ORDINARIAS;A;True;A;;;2026-10-05;True
BRMULTACNPR2;MULT;MULTIPLAN EMPREENDIMENTOS IMOBILIARIOS SA;07816890000153;OK;ACN;PR;PN;EPNNPR;ACOES NOMINATIVAS ACOES PREFERENCIAIS;A;True;A;;;2026-10-05;True
BRMUR4ACNPA7;MUR4;FAZENDA RANCHO MURAJÁ S/A;04697777000108;OK;ACN;PA;PN;EPNNPR;ACOES NOMINATIVAS;A;True;N;;;2026-10-05;True
BRMUUUACNOR4;MUUU;MAIS MU COMERCIO DE ALIMENTOS E BEBIDAS SA;21526148000134;OK;ACN;OR;ON;ESVUFR;ACOES NOMINATIVAS;A;True;N;;;2026-10-05;True
BRMUUUACNPA7;MUUU;MAIS MU COMERCIO DE ALIMENTOS E BEBIDAS SA;21526148000134;OK;ACN;PA;PN;EPNNPR;ACOES NOMINATIVAS;A;True;N;;;2026-10-05;True
BRMVRKACNOR9;MVRK;MAVERICK SA;02736473000187;OK;ACN;OR;ON;ESVUFR;ACOES NOMINATIVAS ACOES ORDINARIAS;A;True;A;;;2026-10-05;True
BRMWETACNOR6;MWET;WETZEL SA (EX METALURGICA WETZEL SA);84683671000194;OK;ACN;OR;ON;ESVUFR;ACOES NOMINATIVAS ACOES ORDINARIAS;A;True;A;;;2026-10-05;True
BRMWETACNPR3;MWET;WETZEL SA (EX METALURGICA WETZEL SA);84683671000194;OK;ACN;PR;PN;EPNNPR;ACOES NOMINATIVAS ACOES PREFERENCIAIS;A;True;A;;;2026-10-05;True
BRMWISACNOR9;MWIS;MWI SISTEMA COMUNICACAO SA;03306302000180;OK;ACN;OR;ON;ESVUFR;ACOES NOMINATIVAS ACOES ORDINARIAS;A;True;A;;;2026-10-05;True
BRMWISACNPB0;MWIS;MWI SISTEMA COMUNICACAO SA;03306302000180;OK;ACN;PB;PN;EPNNPR;ACOES NOMINATIVAS ACOES PREFERENCIAIS CLASSE B;A;True;A;;;2026-10-05;True
BRMWISACNPR6;MWIS;MWI SISTEMA COMUNICACAO SA;03306302000180;OK;ACN;PR;PN;EPNNPR;ACOES NOMINATIVAS ACOES PREFERENCIAIS;A;True;A;;;2026-10-05;True
BRMXCMACNOR3;MXCM;MAXCOMM SERVICOS SA;09382760000185;OK;ACN;OR;ON;ESVUFR;ACOES NOMINATIVAS ACOES ORDINARIAS;A;True;A;;;2026-10-05;True
BRMYKSACNOR1;MYKS;MYREKS SOLUCOES TECNOLOGICAS SA;14202486000155;OK;ACN;OR;ON;ESVUFR;ACOES NOMINATIVAS ACOES ORDINARIAS;A;True;A;;;2026-10-05;True
BRMYPKACNOR7;MYPK;IOCHPE MAXION SA;61156113000175;OK;ACN;OR;ON;ESVUFR;ACOES NOMINATIVAS ACOES ORDINARIAS;A;True;A;;;2026-10-05;True
BRN8TPACNPD4;N8TP;NORTUBO S/A-TUBOS E PERFILADOS;04939971000152;OK;ACN;PD;PN;EPNNPR;ACOES NOMINATIVAS;A;True;N;;;2026-10-05;True
BRN8TPACNPE2;N8TP;NORTUBO S/A-TUBOS E PERFILADOS;04939971000152;OK;ACN;PE;PN;EPNNPR;ACOES NOMINATIVAS;A;True;N;;;2026-10-05;True
BRN9LEACNPB7;N9LE;NORMANDIA SA-RECR LAZER EMP IMOBILIARIOS;10016426000197;OK;ACN;PB;PN;EPNNPR;ACOES NOMINATIVAS LEILAO FINOR;A;True;N;;;2026-10-05;True
BRNADRACNOR6;NADR;NADIR FIGUEIREDO S.A.;61067161000197;OK;ACN;OR;ON;ESVUFR;ACOES NOMINATIVAS ACOES ORDINARIAS;A;True;N;;;2026-10-05;True
BRNAIIACNOR4;NAII;NAI HOLDINGS SA;08035624000156;OK;ACN;OR;ON;ESVUFR;ACOES NOMINATIVAS ACOES ORDINARIAS;A;True;A;;;2026-10-05;True
BRNAIIACNPR1;NAII;NAI HOLDINGS SA;08035624000156;OK;ACN;PR;PN;EPNNPR;ACOES NOMINATIVAS ACOES PREFERENCIAIS;A;True;A;;;2026-10-05;True
BRNAOMACNOR4;NAOM;NAOMI PARTICIPACOES SA;14200586000142;OK;ACN;OR;ON;ESVUFR;ACOES NOMINATIVAS ACOES ORDINARIAS;A;True;A;;;2026-10-05;True
BRNATUACNOR6;NATU;NATURA COSMETICOS SA;71673990000177;OK;ACN;OR;ON;ESVUFR;ACOES NOMINATIVAS ACOES ORDINARIAS;A;True;A;;;2026-10-05;True
BRNATVACNOR4;NATV;NATIVA TRANSFORMADORES SA;43504489000141;OK;ACN;OR;ON;ESVUFR;ACOES NOMINATIVAS ACOES ORDINARIAS;A;True;A;;;2026-10-05;True
BRNATVACNPR1;NATV;NATIVA TRANSFORMADORES SA;43504489000141;OK;ACN;PR;PN;EPNNPR;ACOES NOMINATIVAS ACOES PREFERENCIAIS;A;True;A;;;2026-10-05;True
BRNCACACNOR0;NCAC;NOSSA CAIXA SA ADMINISTRADORA CARTOES CREDITO;;VAZIO;ACN;OR;ON;ESVUFR;ACOES NOMINATIVAS ACOES ORDINARIAS;A;True;A;;;2026-10-05;True
BRNCCPACNOR8;NCCP;NOSSA CAIXA CAPITALIZACAO SA;07681872000101;OK;ACN;OR;ON;ESVUFR;ACOES NOMINATIVAS ACOES ORDINARIAS;A;True;A;;;2026-10-05;True
BRNCFTACNOR3;NCFT;NACIONAL FACTORING SA;;VAZIO;ACN;OR;ON;ESVUFR;ACOES NOMINATIVAS ACOES ORDINARIAS;A;True;A;;;2026-10-05;True
BRNCNEACNOR9;NCNE;VBC ENERGIA SA (EX SERRA MESA ENERGIA SA);00095147000102;OK;ACN;OR;ON;ESVUFR;ACOES NOMINATIVAS ACOES ORDINARIAS;A;True;A;;;2026-10-05;True
BRNCNEACNPA2;NCNE;VBC ENERGIA SA (EX SERRA MESA ENERGIA SA);00095147000102;OK;ACN;PA;PN;EPNNPR;ACOES NOMINATIVAS ACOES PREFERENCIAIS CLASSE A;A;True;A;;;2026-10-05;True
BRNCNEACNPB0;NCNE;VBC ENERGIA SA (EX SERRA MESA ENERGIA SA);00095147000102;OK;ACN;PB;PN;EPNNPR;ACOES NOMINATIVAS ACOES PREFERENCIAIS CLASSE B;A;True;A;;;2026-10-05;True
BRNCSGACNOR3;NCSG;NOSSA CAIXA SEGUROS PREVIDENCIA SA;05304876000145;OK;ACN;OR;ON;ESVUFR;ACOES NOMINATIVAS ACOES ORDINARIAS;A;True;A;;;2026-10-05;True
BRNEASACNPA5;NEAS;NOVA ESPERANCA ALIMENTOS NORDESTE SA NEASA;08317760000139;OK;ACN;PA;PN;EPNNPR;ACOES NOMINATIVAS ACOES PREFERENCIAIS CLASSE A;A;True;A;;;2026-10-05;True
BRNEFAACNPR6;NEFA;NEFFA TURISMO EVENTOS COM SA;39814058000104;OK;ACN;PR;PN;EPNNPR;ACOES NOMINATIVAS ACOES PREFERENCIAIS;A;True;A;;;2026-10-05;True
BRNELSACNOR9;NELS;SANTANDER NOROESTE LEASING ARREND MERCANTIL SA (EX NOROESTE LEASING);;VAZIO;ACN;OR;ON;ESVUFR;ACOES NOMINATIVAS ACOES ORDINARIAS;A;True;A;;;2026-10-05;True
BRNEMOACNOR6;NEMO;SUZANO HOLDING SA;60651809000105;OK;ACN;OR;ON;ESVUFR;ACOES NOMINATIVAS ACOES ORDINARIAS;A;True;A;;;2026-10-05;True
BRNEMOACNPA9;NEMO;SUZANO HOLDING SA;60651809000105;OK;ACN;PA;PN;EPNNPR;ACOES NOMINATIVAS ACOES PREFERENCIAIS CLASSE A;A;True;A;;;2026-10-05;True
BRNEMOACNPB7;NEMO;SUZANO HOLDING SA;60651809000105;OK;ACN;PB;PN;EPNNPR;ACOES NOMINATIVAS ACOES PREFERENCIAIS CLASSE B;A;True;A;;;2026-10-05;True
BRNEOEACNOR3;NEOE;NEOENERGIA S.A.;01083200000118;OK;ACN;OR;ON;ESVUFR;ACOES NOMINATIVAS ACOES ORDINARIAS;A;True;N;;;2026-10-05;True
BRNEOVACNOR7;NEOV;NEOVIA TELECOMUNICACOES SA;04612069000127;OK;ACN;OR;ON;ESVUFR;ACOES NOMINATIVAS ACOES ORDINARIAS;A;True;A;;;2026-10-05;True
BRNEOVACNPR4;NEOV;NEOVIA TELECOMUNICACOES SA;04612069000127;OK;ACN;PR;PN;EPNNPR;ACOES NOMINATIVAS ACOES PREFERENCIAIS;A;True;A;;;2026-10-05;True
BRNEPAACNOR8;NEPA;CONEPAR CIA NORDESTE PARTICIPACOES;;VAZIO;ACN;OR;ON;ESVUFR;ACOES NOMINATIVAS ACOES ORDINARIAS;A;True;A;;;2026-10-05;True
BRNEPAACNPA1;NEPA;CONEPAR CIA NORDESTE PARTICIPACOES;;VAZIO;ACN;PA;PN;EPNNPR;ACOES NOMINATIVAS ACOES PREFERENCIAIS CLASSE A;A;True;A;;;2026-10-05;True
BRNEPAACNPB9;NEPA;CONEPAR CIA NORDESTE PARTICIPACOES;;VAZIO;ACN;PB;PN;EPNNPR;ACOES NOMINATIVAS ACOES PREFERENCIAIS CLASSE B;A;True;A;;;2026-10-05;True
BRNESBACNOR0;NESB;NESBER SA;50691344000162;OK;ACN;OR;ON;ESVUFR;ACOES NOMINATIVAS ACOES ORDINARIAS;A;True;A;;;2026-10-05;True
BRNETCACNOR6;NETC;NET SERVICOS COMUNICACAO SA;00108786000165;OK;ACN;OR;ON;ESVUFR;ACOES NOMINATIVAS ACOES ORDINARIAS;A;True;A;;;2026-10-05;True
BRNETCACNPR3;NETC;NET SERVICOS COMUNICACAO SA;00108786000165;OK;ACN;PR;PN;EPNNPR;ACOES NOMINATIVAS ACOES PREFERENCIAIS;A;True;A;;;2026-10-05;True
BRNEUGACNOR5;NEUG;ERNESTO NEUGEBAUER SA INDS REUNIDAS;92749167000178;OK;ACN;OR;ON;ESVUFR;ACOES NOMINATIVAS ACOES ORDINARIAS;A;True;A;;;2026-10-05;True
BRNEUGACNPR2;NEUG;ERNESTO NEUGEBAUER SA INDS REUNIDAS;92749167000178;OK;ACN;PR;PN;EPNNPR;ACOES NOMINATIVAS ACOES PREFERENCIAIS;A;True;A;;;2026-10-05;True
BRNEVVACNPA5;NEVV;NORDESTE VERDE VALE SA NVV;12864575000131;OK;ACN;PA;PN;EPNNPR;ACOES NOMINATIVAS ACOES PREFERENCIAIS CLASSE A;A;True;A;;;2026-10-05;True
BRNEWTACNOR4;NEWT;NEWTEL PARTICIPACOES SA;02604997000114;OK;ACN;OR;ON;ESVUFR;ACOES NOMINATIVAS ACOES ORDINARIAS;A;True;A;;;2026-10-05;True
BRNEXPACNOR0;NEXP;NEXPE PARTICIPAÇÕES S.A;08613550000198;OK;ACN;OR;ON;ESVUFR;ACOES NOMINATIVAS ACOES ORDINARIAS;A;True;N;;;2026-10-05;True
BRNFBIACNOR8;NFBI;NOVA FRONTEIRA BIOENERGIA SA;11725039000192;OK;ACN;OR;ON;ESVUFR;ACOES NOMINATIVAS ACOES ORDINARIAS;A;True;A;;;2026-10-05;True
BRNFRBACNOR9;NFRB;NOVA FERROBAN SA;04004203000107;OK;ACN;OR;ON;ESVUFR;ACOES NOMINATIVAS ACOES ORDINARIAS;A;True;A;;;2026-10-05;True
BRNFRBACNPR6;NFRB;NOVA FERROBAN SA;04004203000107;OK;ACN;PR;PN;EPNNPR;ACOES NOMINATIVAS ACOES PREFERENCIAIS;A;True;A;;;2026-10-05;True
BRNGRDACNOR3;NGRD;NEOGRID PARTICIPACOES S.A.;10139870000108;OK;ACN;OR;ON;ESVUFR;ACOES NOMINATIVAS;A;True;N;;;2026-10-05;True
BRNHCSACNOR1;NHCS;NOVO HAMBURGO CIA SEGUROS GERAIS;91677682000127;OK;ACN;OR;ON;ESVUFR;ACOES NOMINATIVAS ACOES ORDINARIAS;A;True;A;;;2026-10-05;True
BRNHOTACNPA7;NHOT;NORTE HOTELARIA SA;05441787000140;OK;ACN;PA;PN;EPNNPR;ACOES NOMINATIVAS ACOES PREFERENCIAIS CLASSE A;A;True;A;;;2026-10-05;True
BRNIPLACNOR6;NIPL;NIPLAN ENGENHARIA SA;64667728000154;OK;ACN;OR;ON;ESVUFR;ACOES NOMINATIVAS ACOES ORDINARIAS;A;True;A;;;2026-10-05;True
BRNISAACNOR3;NISA;NISA PARTICIPACOES SA;14200537000100;OK;ACN;OR;ON;ESVUFR;ACOES NOMINATIVAS ACOES ORDINARIAS;A;True;A;;;2026-10-05;True
BRNISSACNOR5;NISS;FARMÁCIA E DROGARIA NISSEI S.A.;79430682000122;OK;ACN;OR;ON;ESVUFR;ACOES NOMINATIVAS 10/2020;A;True;N;;;2026-10-05;True
BRNITYACNOR1;NITY;NITYAM EMPREENDIMENTOS E PARTICIPAÇÕES S.A.;11422075000187;OK;ACN;OR;ON;ESVUFR;ACOES NOMINATIVAS;A;True;N;;;2026-10-05;True
BRNKEPACNOR7;NKEP;NK 031 EMPREENDIMENTOS E PARTICIPAÇÕES S.A.;30613290000100;OK;ACN;OR;ON;ESVUFR;ACOES NOMINATIVAS;A;True;N;;;2026-10-05;True
BRNKEPACNPR4;NKEP;NK 031 EMPREENDIMENTOS E PARTICIPAÇÕES S.A.;30613290000100;OK;ACN;PR;PN;EPNNPR;ACOES NOMINATIVAS;A;True;N;;;2026-10-05;True
BRNMRTACNOR7;NMRT;NEUMARKT TRADE FINANCIAL CENTER SA;00192769000159;OK;ACN;OR;ON;ESVUFR;ACOES NOMINATIVAS ACOES ORDINARIAS;A;True;A;;;2026-10-05;True
BRNOAHACNOR4;NOAH;NOAH PARTICIPACOES SA;14200699000148;OK;ACN;OR;ON;ESVUFR;ACOES NOMINATIVAS ACOES ORDINARIAS;A;True;A;;;2026-10-05;True
BRNODAACNOR3;NODA;NOVADATA SISTEMAS COMPUTADORES SA;51754240000112;OK;ACN;OR;ON;ESVUFR;ACOES NOMINATIVAS ACOES ORDINARIAS;A;True;A;;;2026-10-05;True
BRNODAACNPA6;NODA;NOVADATA SISTEMAS COMPUTADORES SA;51754240000112;OK;ACN;PA;PN;EPNNPR;ACOES NOMINATIVAS ACOES PREFERENCIAIS CLASSE A;A;True;A;;;2026-10-05;True
BRNODAACNPB4;NODA;NOVADATA SISTEMAS COMPUTADORES SA;51754240000112;OK;ACN;PB;PN;EPNNPR;ACOES NOMINATIVAS ACOES PREFERENCIAIS CLASSE B;A;True;A;;;2026-10-05;True
BRNOGAACNOR6;NOGA;MANUFATURA ARTIGOS BORRACHAS NOGAM SA;61293643000165;OK;ACN;OR;ON;ESVUFR;ACOES NOMINATIVAS ACOES ORDINARIAS;A;True;A;;;2026-10-05;True
BRNOGAACNPB7;NOGA;MANUFATURA ARTIGOS BORRACHAS NOGAM SA;61293643000165;OK;ACN;PB;PN;EPNNPR;ACOES NOMINATIVAS ACOES PREFERENCIAIS CLASSE B;A;True;A;;;2026-10-05;True
BRNOIRACNPB7;NOIR;AGROPECUARIA NOIRUMBA S.A;05061809000147;OK;ACN;PB;PN;EPNNPR;ACOES NOMINATIVAS ACOES PREFERENCIAIS CLASSE B;A;True;A;;;2026-10-05;True
BRNOIRACNPC5;NOIR;AGROPECUARIA NOIRUMBA S.A;05061809000147;OK;ACN;PC;PN;EPNNPR;ACOES NOMINATIVAS ACOES PREFERENCIAIS CLASSE C;A;True;A;;;2026-10-05;True
BRNOOSACNOR2;NOOS;CONFIANZA SECURITIZADORA SA;02736470000143;OK;ACN;OR;ON;ESVUFR;ACOES NOMINATIVAS ACOES ORDINARIAS;A;True;A;;;2026-10-05;True
BRNORDACNOR7;NORD;NORDON INDS METALURGICAS SA;60884319000159;OK;ACN;OR;ON;ESVUFR;ACOES NOMINATIVAS ACOES ORDINARIAS;A;True;A;;;2026-10-05;True
BRNORQACNOR9;NORQ;NORDESTE QUIMICA SA NORQUISA;15659535000146;OK;ACN;OR;ON;ESVUFR;ACOES NOMINATIVAS ACOES ORDINARIAS;A;True;A;;;2026-10-05;True
BRNORQACNPR6;NORQ;NORDESTE QUIMICA SA NORQUISA;15659535000146;OK;ACN;PR;PN;EPNNPR;ACOES NOMINATIVAS ACOES PREFERENCIAIS;A;True;A;;;2026-10-05;True
BRNORSACNOR5;NORS;NORSE ENERGY BRASIL SA;07467619000150;OK;ACN;OR;ON;ESVUFR;ACOES NOMINATIVAS ACOES ORDINARIAS;A;True;A;;;2026-10-05;True
BRNOVIACNOR8;NOVI;NORTIS INCORPORADORA E CONSTRUTORA S.A.;26109297000111;OK;ACN;OR;ON;ESVUFR;ACOES NOMINATIVAS;A;True;N;;;2026-10-05;True
BRNOVTACNPC4;NOVT;NOVATERRA ALIMENTOS SA;10267300000195;OK;ACN;PC;PN;EPNNPR;ACOES NOMINATIVAS ACOES PREFERENCIAIS CLASSE C;A;True;A;;;2026-10-05;True
BRNPELACNOR5;NPEL;CONPEL CIA NORDESTINA PAPEL;09116278000101;OK;ACN;OR;ON;ESVUFR;ACOES NOMINATIVAS ACOES ORDINARIAS;A;True;A;;;2026-10-05;True
BRNPELACNPA8;NPEL;CONPEL CIA NORDESTINA PAPEL;09116278000101;OK;ACN;PA;PN;EPNNPR;ACOES NOMINATIVAS ACOES PREFERENCIAIS CLASSE A;A;True;A;;;2026-10-05;True
BRNPELACNPB6;NPEL;CONPEL CIA NORDESTINA PAPEL;09116278000101;OK;ACN;PB;PN;EPNNPR;ACOES NOMINATIVAS ACOES PREFERENCIAIS CLASSE B;A;True;A;;;2026-10-05;True
BRNPELACNPC4;NPEL;CONPEL CIA NORDESTINA PAPEL;09116278000101;OK;ACN;PC;PN;EPNNPR;ACOES NOMINATIVAS ACOES PREFERENCIAIS CLASSE C;A;True;A;;;2026-10-05;True
BRNPEXACNPA3;NPEX;NORDESTE INDL EQUIPAMENTOS PROT EXP SA NORPEX;41212366000101;OK;ACN;PA;PN;EPNNPR;ACOES NOMINATIVAS ACOES PREFERENCIAIS CLASSE A;A;True;A;;;2026-10-05;True
BRNPLCACNPR6;NPLC;NORTE PALACE HOTEL SA;36312916000124;OK;ACN;PR;PN;EPNNPR;ACOES NOMINATIVAS ACOES PREFERENCIAIS;A;True;A;;;2026-10-05;True
BRNPLTACNPR0;NPLT;NORPLAST PLASTICOS NORTE SA;22956049000155;OK;ACN;PR;PN;EPNNPR;ACOES NOMINATIVAS ACOES PREFERENCIAIS;A;True;A;;;2026-10-05;True
BRNPRKACNOR9;NPRK;NEWPARK II PARTICIPACOES SA;19165702000153;OK;ACN;OR;ON;ESVUFR;ACOES NOMINATIVAS ACOES ORDINARIAS;A;True;A;;;2026-10-05;True
BRNPSCACNPC3;NPSC;NORTE PESCA SA;10777183000100;OK;ACN;PC;PN;EPNNPR;ACOES NOMINATIVAS ACOES PREFERENCIAIS CLASSE C;A;True;A;;;2026-10-05;True
BRNQSAACNOR6;NQSA;NORDESTE QUIMICA PARTICIPACOES SA;73615395000100;OK;ACN;OR;ON;ESVUFR;ACOES NOMINATIVAS ACOES ORDINARIAS;A;True;A;;;2026-10-05;True
BRNRCNACNOR1;NRCN;NORCON SOCIEDADE NORDESTINA CONSTRUCOES SA;13015151000165;OK;ACN;OR;ON;ESVUFR;ACOES NOMINATIVAS ACOES ORDINARIAS;A;True;A;;;2026-10-05;True
BRNRDCACNPR9;NRDC;NORDICA IND RENDAS SA;11795531000134;OK;ACN;PR;PN;EPNNPR;ACOES NOMINATIVAS ACOES PREFERENCIAIS;A;True;A;;;2026-10-05;True
BRNRTQACNOR8;NRTQ;NORTEC QUIMICA SA;29950060000157;OK;ACN;OR;ON;ESVUFR;ACOES NOMINATIVAS ACOES ORDINARIAS;A;True;A;;;2026-10-05;True
BRNRTQACNPR5;NRTQ;NORTEC QUIMICA SA;29950060000157;OK;ACN;PR;PN;EPNNPR;ACOES NOMINATIVAS;A;True;N;;;2026-10-05;True
BRNSALACNPB8;NSAL;NORTE SALINEIRA SA IND COM NORSAL;08249021000157;OK;ACN;PB;PN;EPNNPR;ACOES NOMINATIVAS ACOES PREFERENCIAIS CLASSE B;A;True;A;;;2026-10-05;True
BRNSLFACNOR6;NSLF;NOVO SELF STORAGE SA;26634926000122;OK;ACN;OR;ON;ESVUFR;ACOES NOMINATIVAS ACOES ORDINARIAS;A;True;A;;;2026-10-05;True
BRNSOOACNOR2;NSOO;NORSKAN OFFSHORE SA;11589112000146;OK;ACN;OR;ON;ESVUFR;ACOES NOMINATIVAS ACOES ORDINARIAS;A;True;A;;;2026-10-05;True
BRNSOOACNPR9;NSOO;NORSKAN OFFSHORE SA;11589112000146;OK;ACN;PR;PN;EPNNPR;ACOES NOMINATIVAS ACOES PREFERENCIAIS;A;True;A;;;2026-10-05;True
BRNSOOCDAM12;NSOO;NORSKAN OFFSHORE SA;11589112000146;OK;CDA;M1;UNIT;EMXXXR;CERTIFICADO DE DEPOSITO DE ACOES CERTIFICADO DE DEPOSITO DE ACOES REPRESENTATIVO 1 ACAO ORDINARIA E 2 ACOES PREFE;A;True;A;;;2026-10-05;True
BRNTCOACNOR5;NTCO;NATURA &CO HOLDING S.A.;32785497000197;OK;ACN;OR;ON;ESVUFR;ACOES NOMINATIVAS;A;True;A;;;2026-10-05;True
BRNTENACNOR3;NTEN;NORTE ENERGIA SA;12300288000107;OK;ACN;OR;ON;ESVUFR;ACOES NOMINATIVAS ACOES ORDINARIAS;A;True;A;;;2026-10-05;True
BRNTESACNOR2;NTES;BELEZA PARTICIPACOES SA;14200618000100;OK;ACN;OR;ON;ESVUFR;ACOES NOMINATIVAS ACOES ORDINARIAS;A;True;A;;;2026-10-05;True
BRNTEXACNPA5;NTEX;NORTEX IND COM SA;24523508000132;OK;ACN;PA;PN;EPNNPR;ACOES NOMINATIVAS ACOES PREFERENCIAIS CLASSE A;A;True;A;;;2026-10-05;True
BRNTONACNOR2;NTON;NATURAL ONE SA;08192116000181;OK;ACN;OR;ON;ESVUFR;ACOES NOMINATIVAS ACOES ORDINARIAS;A;True;A;;;2026-10-05;True
BRNTRLACNPB0;NTRL;NUTRELA ALIMENTOS SA;87045217000104;OK;ACN;PB;PN;EPNNPR;ACOES NOMINATIVAS ACOES PREFERENCIAIS CLASSE B;A;True;A;;;2026-10-05;True
BRNTRSACNOR4;NTRS;NATURES ALIMENTOS SA;02307877000155;OK;ACN;OR;ON;ESVUFR;ACOES NOMINATIVAS ACOES ORDINARIAS;A;True;A;;;2026-10-05;True
BRNTRSACNPA7;NTRS;NATURES ALIMENTOS SA;02307877000155;OK;ACN;PA;PN;EPNNPR;ACOES NOMINATIVAS ACOES PREFERENCIAIS CLASSE A;A;True;A;;;2026-10-05;True
BRNTRSACNPR1;NTRS;NATURES ALIMENTOS SA;02307877000155;OK;ACN;PR;PN;EPNNPR;ACOES NOMINATIVAS ACOES PREFERENCIAIS;A;True;A;;;2026-10-05;True
BRNUTGACNPA6;NUTG;NUTRIGAS SA;39793260000105;OK;ACN;PA;PN;EPNNPR;ACOES NOMINATIVAS ACOES PREFERENCIAIS CLASSE A;A;True;A;;;2026-10-05;True
BRNUTRACNOR0;NUTR;NUTRIPLANT IND COM SA;51128999000190;OK;ACN;OR;ON;ESVUFR;ACOES NOMINATIVAS ACOES ORDINARIAS;A;True;A;;;2026-10-05;True
BRNVAAACNOR4;NVAA;NOVAAGRI INFRA ESTRUTURA ARMAZENAGEM ESCOAMENTE AGRICOLA SA;09077252000193;OK;ACN;OR;ON;ESVUFR;ACOES NOMINATIVAS ACOES ORDINARIAS;A;True;A;;;2026-10-05;True
BRNVAGACNPB2;NVAG;NOVA ALIANCA SA AGROPECUARIA;03208626000186;OK;ACN;PB;PN;EPNNPR;ACOES NOMINATIVAS ACOES PREFERENCIAIS CLASSE B;A;True;A;;;2026-10-05;True
BRNVAGACNPC0;NVAG;NOVA ALIANCA SA AGROPECUARIA;03208626000186;OK;ACN;PC;PN;EPNNPR;ACOES NOMINATIVAS ACOES PREFERENCIAIS CLASSE C;A;True;A;;;2026-10-05;True
BRNVALACNOR1;NVAL;NOVA ALIANCA SA;15101520000168;OK;ACN;OR;ON;ESVUFR;ACOES NOMINATIVAS ACOES ORDINARIAS;A;True;A;;;2026-10-05;True
BRNVBRACNOR6;NVBR;NOVOESTE BRASIL SA;07593583000150;OK;ACN;OR;ON;ESVUFR;ACOES NOMINATIVAS ACOES ORDINARIAS;A;True;A;;;2026-10-05;True
BRNVBRACNPR3;NVBR;NOVOESTE BRASIL SA;07593583000150;OK;ACN;PR;PN;EPNNPR;ACOES NOMINATIVAS ACOES PREFERENCIAIS;A;True;A;;;2026-10-05;True
BRNVCTACNOR0;NVCT;NOVA SHOPPING CENTER SA;;VAZIO;ACN;OR;ON;ESVUFR;ACOES NOMINATIVAS ACOES ORDINARIAS;A;True;A;;;2026-10-05;True
BRNVDLACNPA8;NVDL;FAZENDA NOVA DELHI AGROPECUARIA SA;07935638000163;OK;ACN;PA;PN;EPNNPR;ACOES NOMINATIVAS ACOES PREFERENCIAIS CLASSE A;A;True;A;;;2026-10-05;True
BRNVDLACNPC4;NVDL;FAZENDA NOVA DELHI AGROPECUARIA SA;07935638000163;OK;ACN;PC;PN;EPNNPR;ACOES NOMINATIVAS ACOES PREFERENCIAIS CLASSE C;A;True;A;;;2026-10-05;True
BRNVESACNPA1;NVES;CIA AGROINDL NOVA ESPERANCA;32625782000140;OK;ACN;PA;PN;EPNNPR;ACOES NOMINATIVAS ACOES PREFERENCIAIS CLASSE A;A;True;A;;;2026-10-05;True
BRNVFRACNPR4;NVFR;NOVA FRONTEIRA AGROPASTORIL SA;00294868000141;OK;ACN;PR;PN;EPNNPR;ACOES NOMINATIVAS ACOES PREFERENCIAIS;A;True;A;;;2026-10-05;True
BRNVITACNPA0;NVIT;FAZENDA NOVO INTENTO SA;05609029000199;OK;ACN;PA;PN;EPNNPR;ACOES NOMINATIVAS ACOES PREFERENCIAIS CLASSE A;A;True;A;;;2026-10-05;True
BRNVLIACNPA7;NVLI;NOVA DESCOBERTA ALIMENTOS SA NOVALI;10055820000134;OK;ACN;PA;PN;EPNNPR;ACOES NOMINATIVAS ACOES PREFERENCIAIS CLASSE A;A;True;A;;;2026-10-05;True
BRNVMDACNPC2;NVMD;AGROPECUARIA NOVO MUNDO SA;05374053000196;OK;ACN;PC;PN;EPNNPR;ACOES NOMINATIVAS ACOES PREFERENCIAIS CLASSE C;A;True;A;;;2026-10-05;True
BRNVMPACNOR7;NVMP;NOVA MARLIM PARTICIPACOES SA;04665504000181;OK;ACN;OR;ON;ESVUFR;ACOES NOMINATIVAS ACOES ORDINARIAS;A;True;A;;;2026-10-05;True
BRNVOLACNPB3;NVOL;CIA DESENVOLVIMENTO NOVA OLINDA;04050829000150;OK;ACN;PB;PN;EPNNPR;ACOES NOMINATIVAS ACOES PREFERENCIAIS CLASSE B;A;True;A;;;2026-10-05;True
BRNVOLACNPC1;NVOL;CIA DESENVOLVIMENTO NOVA OLINDA;04050829000150;OK;ACN;PC;PN;EPNNPR;ACOES NOMINATIVAS ACOES PREFERENCIAIS CLASSE C;A;True;A;;;2026-10-05;True
BRNVSLACNPA6;NVSL;NAVESUL INCORP EMPR ATLANTICO SUL SA;11429313000186;OK;ACN;PA;PN;EPNNPR;ACOES NOMINATIVAS ACOES PREFERENCIAIS CLASSE A;A;True;A;;;2026-10-05;True
BRNVSTACNPA9;NVST;AGROPECUARIA NOVA SERTANIA SA;12770335000178;OK;ACN;PA;PN;EPNNPR;ACOES NOMINATIVAS ACOES PREFERENCIAIS CLASSE A;A;True;A;;;2026-10-05;True
BRNVTTACNOR4;NVTT;NOVA ITATIAIA INVESTIMENTOS IMOBILIARIOS PARTICIPACOES SA;17771454000169;OK;ACN;OR;ON;ESVUFR;ACOES NOMINATIVAS ACOES ORDINARIAS;A;True;A;;;2026-10-05;True
BRNWPKACNOR9;NWPK;NEWPARK PARTICIPACOES SA;14743649000107;OK;ACN;OR;ON;ESVUFR;ACOES NOMINATIVAS ACOES ORDINARIAS;A;True;A;;;2026-10-05;True
BRNXVLACNOR3;NXVL;NOXVILLE INVESTIMENTOS SA;08168757000109;OK;ACN;OR;ON;ESVUFR;ACOES NOMINATIVAS ACOES ORDINARIAS;A;True;A;;;2026-10-05;True
BRNXVLACNPR0;NXVL;NOXVILLE INVESTIMENTOS SA;08168757000109;OK;ACN;PR;PN;EPNNPR;ACOES NOMINATIVAS ACOES PREFERENCIAIS;A;True;A;;;2026-10-05;True
BRNZREACNPB2;NZRE;NAZARE AGROINDL SA;06454920000166;OK;ACN;PB;PN;EPNNPR;ACOES NOMINATIVAS ACOES PREFERENCIAIS CLASSE B;A;True;A;;;2026-10-05;True
BRO7XZACNOR9;O7XZ;OXÔNIA SP PARTICIPAÇÕES S.A;42329537000140;OK;ACN;OR;ON;ESVUFR;ACOES NOMINATIVAS;A;True;N;;;2026-10-05;True
BRO8OVACNPC4;O8OV;OVECOSA ÓLEOS VEGETAIS COROATA S/A;06120430000123;OK;ACN;PC;PN;EPNNPR;ACOES NOMINATIVAS;A;True;N;;;2026-10-05;True
BROAHKACNOR0;OAHK;OAHAKA PARTICIPACOES SA;01856751000177;OK;ACN;OR;ON;ESVUFR;ACOES NOMINATIVAS ACOES ORDINARIAS;A;True;A;;;2026-10-05;True
BROAHKACNPR7;OAHK;OAHAKA PARTICIPACOES SA;01856751000177;OK;ACN;PR;PN;EPNNPR;ACOES NOMINATIVAS ACOES PREFERENCIAIS;A;True;A;;;2026-10-05;True
BROASEACNOR0;OASE;OAS EMPREENDIMENTOS SA;06324922000130;OK;ACN;OR;ON;ESVUFR;ACOES NOMINATIVAS ACOES ORDINARIAS;A;True;A;;;2026-10-05;True
BROBAHACNOR9;OBAH;GRUPO FARTURA DE HORTIFRUT S.A.;04972092000122;OK;ACN;OR;ON;ESVUFR;ACOES NOMINATIVAS NOV/2020;A;True;N;;;2026-10-05;True
BROBIOACNOR8;OBIO;OLEOPLAN S.A – ÓLEOS VEGETAIS PLANALTO;88676127000176;OK;ACN;OR;ON;ESVUFR;ACOES NOMINATIVAS;A;True;N;;;2026-10-05;True
BROBPHACNPA0;OBPH;OURO BRANCO PRAIA HOTEL SA;08599623000134;OK;ACN;PA;PN;EPNNPR;ACOES NOMINATIVAS ACOES PREFERENCIAIS CLASSE A;A;True;A;;;2026-10-05;True
BROBTCACNOR0;OBTC;ORANJEBTC S.A. – EDUCAÇÃO E INVESTIMENTO;59693110000129;OK;ACN;OR;ON;ESVUFR;ACOES NOMINATIVAS;A;True;N;;;2026-10-05;True
BROBTCACNPB1;OBTC;ORANJEBTC S.A. – EDUCAÇÃO E INVESTIMENTO;59693110000129;OK;ACN;PB;PN;EPNNPR;ACOES NOMINATIVAS;A;True;N;;;2026-10-05;True
BROCEAACNOR4;OCEA;OCEÂNICA ENGENHARIA E CONSULTORIA S.A.;29980141000108;OK;ACN;OR;ON;ESVUFR;ACOES NOMINATIVAS AÇÕES ORDINÁRIAS;A;True;N;;;2026-10-05;True
BRODBEACNOR0;ODBE;ODEBRECHT SA;15105588000115;OK;ACN;OR;ON;ESVUFR;ACOES NOMINATIVAS ACOES ORDINARIAS;A;True;A;;;2026-10-05;True
BRODBEACNPR7;ODBE;ODEBRECHT SA;15105588000115;OK;ACN;PR;PN;EPNNPR;ACOES NOMINATIVAS ACOES PREFERENCIAIS;A;True;A;;;2026-10-05;True
BRODBRACNOR2;ODBR;ODEBRECHT REALIZACOES SP 54 EMPREENDIMENTO IMOBILIARIO SA;17058110000107;OK;ACN;OR;ON;ESVUFR;ACOES NOMINATIVAS ACOES ORDINARIAS;A;True;A;;;2026-10-05;True
BRODDTACNOR4;ODDT;ODATA SA;17547424000173;OK;ACN;OR;ON;ESVUFR;ACOES NOMINATIVAS ACOES ORDINARIAS;A;True;A;;;2026-10-05;True
BRODERACNOR6;ODER;CONSERVAS ODERICH SA;97191902000194;OK;ACN;OR;ON;ESVUFR;ACOES NOMINATIVAS ACOES ORDINARIAS;A;True;A;;;2026-10-05;True
BRODERACNPR3;ODER;CONSERVAS ODERICH SA;97191902000194;OK;ACN;PR;PN;EPNNPR;ACOES NOMINATIVAS ACOES PREFERENCIAIS;A;True;A;;;2026-10-05;True
BRODESACNOR4;ODES;OMEGA DESENVOLVIMENTO ENERGIA SA;15191561000192;OK;ACN;OR;ON;ESVUFR;ACOES NOMINATIVAS ACOES ORDINARIAS;A;True;A;;;2026-10-05;True
BRODHUACNOR3;ODHU;ODEBRECHT UTILITIES SA;17382530000144;OK;ACN;OR;ON;ESVUFR;ACOES NOMINATIVAS ACOES ORDINARIAS;A;True;A;;;2026-10-05;True
BRODSAACNPB3;ODSA;OLHO D AGUA AGROPECUARIA S.A ODASA;08780843000160;OK;ACN;PB;PN;EPNNPR;ACOES NOMINATIVAS ACOES PREFERENCIAIS CLASSE B;A;True;A;;;2026-10-05;True
BRODTBACNOR8;ODTB;ODATA BRASIL SA;28165685000145;OK;ACN;OR;ON;ESVUFR;ACOES NOMINATIVAS ACOES ORDINARIAS;A;True;N;;;2026-10-05;True
BRODTRACNOR4;ODTR;OTP S.A;12251483000186;OK;ACN;OR;ON;ESVUFR;ACOES NOMINATIVAS;A;True;N;;;2026-10-05;True
BROEIIACNOR4;OEII;OMEGA ENERGIA IMPLANTACAO 1 SA;15191543000100;OK;ACN;OR;ON;ESVUFR;ACOES NOMINATIVAS ACOES ORDINARIAS;A;True;A;;;2026-10-05;True
BROFSAACNOR7;OFSA;OURO FINO SAUDE ANIMAL PARTICIPACOES SA;20258278000170;OK;ACN;OR;ON;ESVUFR;ACOES NOMINATIVAS ACOES ORDINARIAS;A;True;A;;;2026-10-05;True
BROGXPACNOR3;OGXP;OLEO GAS PARTICIPACOES SA;07957093000196;OK;ACN;OR;ON;ESVUFR;ACOES NOMINATIVAS ACOES ORDINARIAS;A;True;A;;;2026-10-05;True
BROGXPACNPA6;OGXP;OLEO GAS PARTICIPACOES SA;07957093000196;OK;ACN;PA;PN;EPNNPR;ACOES NOMINATIVAS ACOES PREFERENCIAIS CLASSE A;A;True;A;;;2026-10-05;True
BROGXPACNPB4;OGXP;OLEO GAS PARTICIPACOES SA;07957093000196;OK;ACN;PB;PN;EPNNPR;ACOES NOMINATIVAS ACOES PREFERENCIAIS CLASSE B;A;True;A;;;2026-10-05;True
BROIBRACNOR1;OIBR;OI SA;76535764000143;OK;ACN;OR;ON;ESVUFR;ACOES NOMINATIVAS ACOES ORDINARIAS;A;True;A;;;2026-10-05;True
BROIBRACNPR8;OIBR;OI SA;76535764000143;OK;ACN;PR;PN;EPNNPR;ACOES NOMINATIVAS ACOES PREFERENCIAIS;A;True;A;;;2026-10-05;True
BROLCLACNOR6;OLCL;OLICAL INDL SA;07249238000102;OK;ACN;OR;ON;ESVUFR;ACOES NOMINATIVAS ACOES ORDINARIAS;A;True;A;;;2026-10-05;True
BROLCLACNPA9;OLCL;OLICAL INDL SA;07249238000102;OK;ACN;PA;PN;EPNNPR;ACOES NOMINATIVAS ACOES PREFERENCIAIS CLASSE A;A;True;A;;;2026-10-05;True
BROLCLACNPB7;OLCL;OLICAL INDL SA;07249238000102;OK;ACN;PB;PN;EPNNPR;ACOES NOMINATIVAS ACOES PREFERENCIAIS CLASSE B;A;True;A;;;2026-10-05;True
BROLMAACNOR8;OLMA;OLMA SA OLEOS VEGETAIS;45240538000101;OK;ACN;OR;ON;ESVUFR;ACOES NOMINATIVAS ACOES ORDINARIAS;A;True;A;;;2026-10-05;True
BROLMAACNPR5;OLMA;OLMA SA OLEOS VEGETAIS;45240538000101;OK;ACN;PR;PN;EPNNPR;ACOES NOMINATIVAS ACOES PREFERENCIAIS;A;True;A;;;2026-10-05;True
BROLPLACNPR5;OLPL;FAZENDA OLIPAULA SA;07181365000109;OK;ACN;PR;PN;EPNNPR;ACOES NOMINATIVAS ACOES PREFERENCIAIS;A;True;A;;;2026-10-05;True
BROLVBACNOR7;OLVB;OLVEBRA SA;91156901000122;OK;ACN;OR;ON;ESVUFR;ACOES NOMINATIVAS ACOES ORDINARIAS;A;True;A;;;2026-10-05;True
BROLVBACNPR4;OLVB;OLVEBRA SA;91156901000122;OK;ACN;PR;PN;EPNNPR;ACOES NOMINATIVAS ACOES PREFERENCIAIS;A;True;A;;;2026-10-05;True
BROMGEACNOR0;OMGE;SERENA GERACAO S.A;09149503000106;OK;ACN;OR;ON;ESVUFR;ACOES NOMINATIVAS ACOES ORDINARIAS;A;True;A;;;2026-10-05;True
BRONCOACNOR6;ONCO;ONCOCLINICAS BRASIL SERVICOS MEDICOS SA;12104241000402;OK;ACN;OR;ON;ESVUFR;ACOES NOMINATIVAS ACOES ORDINARIAS;A;True;D;;;2026-10-05;True
BROPCMACNPR2;OPCM;OPENCOMMERCE S.A;73016198000175;OK;ACN;PR;PN;EPNNPR;ACOES NOMINATIVAS ACOES PREFERENCIAIS;A;True;A;;;2026-10-05;True
BROPCTACNOR0;OPCT;OCEANPACT SERVICOS MARITIMOS S.A.;09114805000130;OK;ACN;OR;ON;ESVUFR;ACOES NOMINATIVAS;A;True;N;;;2026-10-05;True
BROPDLACNOR5;OPDL;DALETH PARTICIPACOES SA;02312604000107;OK;ACN;OR;ON;ESVUFR;ACOES NOMINATIVAS ACOES ORDINARIAS;A;True;A;;;2026-10-05;True
BROPGMACNOR6;OPGM;GAMA PARTICIPACOES SA;02796775000140;OK;ACN;OR;ON;ESVUFR;ACOES NOMINATIVAS ACOES ORDINARIAS;A;True;A;;;2026-10-05;True
BROPLMACNPC5;OPLM;OLEOS PALMA SA AGROINDL OPALMA;15151269000146;OK;ACN;PC;PN;EPNNPR;ACOES NOMINATIVAS ACOES PREFERENCIAIS CLASSE C;A;True;A;;;2026-10-05;True
BROPLMACNPD3;OPLM;OLEOS PALMA SA AGROINDL OPALMA;15151269000146;OK;ACN;PD;PN;EPNNPR;ACOES NOMINATIVAS ACOES PREFERENCIAIS CLASSE D;A;True;A;;;2026-10-05;True
BROPREACNOR0;OPRE;RET PARTICIPACOES SA;02363917000186;OK;ACN;OR;ON;ESVUFR;ACOES NOMINATIVAS ACOES ORDINARIAS;A;True;A;;;2026-10-05;True
BROPSEACNOR8;OPSE;SUDESTE SA;02062747000108;OK;ACN;OR;ON;ESVUFR;ACOES NOMINATIVAS ACOES ORDINARIAS;A;True;A;;;2026-10-05;True
BROPTNACNOR7;OPTN;BCO OPPORTUNITY SA;33857830000199;OK;ACN;OR;ON;ESVUFR;ACOES NOMINATIVAS ACOES ORDINARIAS;A;True;A;;;2026-10-05;True
BROPTSACNOR6;OPTS;SUL 116 PARTICIPACOES SA;01957772000189;OK;ACN;OR;ON;ESVUFR;ACOES NOMINATIVAS ACOES ORDINARIAS;A;True;A;;;2026-10-05;True
BROPZIACNOR4;OPZI;ZAIN PARTICIPACOES SA;02363918000120;OK;ACN;OR;ON;ESVUFR;ACOES NOMINATIVAS ACOES ORDINARIAS;A;True;A;;;2026-10-05;True
BRORIOACNOR4;ORIO;ORION SA;61082863000140;OK;ACN;OR;ON;ESVUFR;ACOES NOMINATIVAS ACOES ORDINARIAS;A;True;A;;;2026-10-05;True
BRORIOACNPR1;ORIO;ORION SA;61082863000140;OK;ACN;PR;PN;EPNNPR;ACOES NOMINATIVAS ACOES PREFERENCIAIS;A;True;A;;;2026-10-05;True
BRORNAACNPR0;ORNA;ORNATO SA INDL PISOS AZULEJOS;28167955000157;OK;ACN;PR;PN;EPNNPR;ACOES NOMINATIVAS ACOES PREFERENCIAIS;A;True;A;;;2026-10-05;True
BRORNOACNPR1;ORNO;OURONORTE COMERCIAL DE METAIS NOBRES S/A;12085007000132;OK;ACN;PR;PN;EPNNPR;ACOES NOMINATIVAS ACOES PREFERENCIAIS;A;True;A;;;2026-10-05;True
BRORPSACNPR7;ORPS;ORPASA - OURO PRETO AGROPASTORIL SA;;VAZIO;ACN;PR;PN;EPNNPR;ACOES NOMINATIVAS ACOES PREFERENCIAIS;A;True;A;;;2026-10-05;True
BRORTEACNPA5;ORTE;AGROPECUARIA ORIENTE SA;19964360000131;OK;ACN;PA;PN;EPNNPR;ACOES NOMINATIVAS ACOES PREFERENCIAIS CLASSE A;A;True;A;;;2026-10-05;True
BRORVRACNOR0;ORVR;ORIZON VALORIZAÇÃO DE RESÍDUOS S.A.;11421994000136;OK;ACN;OR;ON;ESVUFR;ACOES NOMINATIVAS ACOES ORDINARIAS;A;True;N;;;2026-10-05;True
BRORVRUNT009;ORVR;ORIZON VALORIZAÇÃO DE RESÍDUOS S.A.;11421994000136;OK;UNT;ZZ;UNIT;MCMUXR;UNITS;A;True;N;;;2026-10-05;True
BROSRSACNOR4;OSRS;OPERSAN RESIDUOS INSDUSTRIAIS SA;07234499000140;OK;ACN;OR;ON;ESVUFR;ACOES NOMINATIVAS ACOES ORDINARIAS;A;True;A;;;2026-10-05;True
BROSXBACNOR8;OSXB;OSX BRASIL SA;09112685000132;OK;ACN;OR;ON;ESVUFR;ACOES NOMINATIVAS ACOES ORDINARIAS;A;True;A;;;2026-10-05;True
BROTSAACNOR8;OTSA;OLIVEIRA TRUST DISTRIBUIDORA DE TÍTULOS E VALORES MOBILIÁRIOS S.A.;36113876000191;OK;ACN;OR;ON;ESVUFR;ACOES NOMINATIVAS;A;True;N;;;2026-10-05;True
BROVBAACNPB1;OVBA;OLEOS VEGETAIS DA BAHIA S/A - OLVEBASA;14918916000130;OK;ACN;PB;PN;EPNNPR;ACOES NOMINATIVAS;A;True;N;;;2026-10-05;True
BROXITACNOR1;OXIT;OXITENO SA IND COM;62545686000153;OK;ACN;OR;ON;ESVUFR;ACOES NOMINATIVAS ACOES ORDINARIAS;A;True;A;;;2026-10-05;True
BROXITACNPR8;OXIT;OXITENO SA IND COM;62545686000153;OK;ACN;PR;PN;EPNNPR;ACOES NOMINATIVAS ACOES PREFERENCIAIS;A;True;A;;;2026-10-05;True
BROXITUNT000;OXIT;OXITENO SA IND COM;62545686000153;OK;UNT;ZZ;UNIT;MCAUXR;UNITS;A;True;N;;;2026-10-05;True
BROXNEACNOR3;OXNE;OXITENO NORDESTE SA IND COM;;VAZIO;ACN;OR;ON;ESVUFR;ACOES NOMINATIVAS ACOES ORDINARIAS;A;True;A;;;2026-10-05;True
BROXNEACNPA6;OXNE;OXITENO NORDESTE SA IND COM;;VAZIO;ACN;PA;PN;EPNNPR;ACOES NOMINATIVAS ACOES PREFERENCIAIS CLASSE A;A;True;A;;;2026-10-05;True
BROXNEACNPB4;OXNE;OXITENO NORDESTE SA IND COM;;VAZIO;ACN;PB;PN;EPNNPR;ACOES NOMINATIVAS ACOES PREFERENCIAIS CLASSE B;A;True;A;;;2026-10-05;True
BROXNRACNPR2;OXNR;OXIDOS NORDESTE SA OXINOR;11346301000198;OK;ACN;PR;PN;EPNNPR;ACOES NOMINATIVAS ACOES PREFERENCIAIS;A;True;A;;;2026-10-05;True
BROYAMACNPA4;OYAM;OYAMOTA BRASIL SA;22931471000156;OK;ACN;PA;PN;EPNNPR;ACOES NOMINATIVAS ACOES PREFERENCIAIS CLASSE A;A;True;A;;;2026-10-05;True
BRP4CRACNPR3;P4CR;PARACRÉVEA BORRACHA VEGETAL S/A;05090345000105;OK;ACN;PR;PN;EPNNPR;ACOES NOMINATIVAS;A;True;N;;;2026-10-05;True
BRP4MZACNPC7;P4MZ;PALMAZON S/A;04959029000156;OK;ACN;PC;PN;EPNNPR;ACOES NOMINATIVAS;A;True;N;;;2026-10-05;True
BRP4NTACNOR9;P4NT;PANTANAL TRANSMISSÃO S.A.;18726961000143;OK;ACN;OR;ON;ESVUFR;ACOES NOMINATIVAS DEP. EXCLUSIVO;A;True;N;;;2026-10-05;True
BRP4RAACNPD7;P4RA;VIDROS INDUSTRIAIS DO PARÁ S.A.-VIP;04905063000148;OK;ACN;PD;PN;EPNNPR;ACOES NOMINATIVAS;A;True;N;;;2026-10-05;True
BRP4RAACNPF2;P4RA;VIDROS INDUSTRIAIS DO PARÁ S.A.-VIP;04905063000148;OK;ACN;PF;PN;EPNNPR;ACOES NOMINATIVAS;A;True;N;;;2026-10-05;True
BRP5RDACNOR1;P5RD;MATRIZ COMPANHIA METALURGICA PRADA;56993900002932;OK;ACN;OR;ON;ESVUFR;ACOES NOMINATIVAS;A;True;A;;;2026-10-05;True
BRP8BFACNPA7;P8BF;PARABUFALOS S/A;04705836000142;OK;ACN;PA;PN;EPNNPR;ACOES NOMINATIVAS;A;True;N;;;2026-10-05;True
BRP8BFACNPR1;P8BF;PARABUFALOS S/A;04705836000142;OK;ACN;PR;PN;EPNNPR;ACOES NOMINATIVAS;A;True;N;;;2026-10-05;True
BRP8INACNPR0;P8IN;PREMOLDE-IND.DE ARTEFATOS DE CIMENTO S/A;06760102000191;OK;ACN;PR;PN;EPNNPR;ACOES NOMINATIVAS;A;True;N;;;2026-10-05;True
BRP8PAACNPR2;P8PA;PEASA-PECUÁRIA E AGRÍCOLA S/A   ( * );05777941000150;OK;ACN;PR;PN;EPNNPR;ACOES NOMINATIVAS;A;True;N;;;2026-10-05;True
BRP8PLACNPC1;P8PL;POLIPLAST S/A-PLÁSTICOS DA AMAZÔNIA;04897146000132;OK;ACN;PC;PN;EPNNPR;ACOES NOMINATIVAS;A;True;N;;;2026-10-05;True
BRP8PLACNPD9;P8PL;POLIPLAST S/A-PLÁSTICOS DA AMAZÔNIA;04897146000132;OK;ACN;PD;PN;EPNNPR;ACOES NOMINATIVAS;A;True;N;;;2026-10-05;True
BRP8PLACNPE7;P8PL;POLIPLAST S/A-PLÁSTICOS DA AMAZÔNIA;04897146000132;OK;ACN;PE;PN;EPNNPR;ACOES NOMINATIVAS;A;True;N;;;2026-10-05;True
BRP8PLACNPF4;P8PL;POLIPLAST S/A-PLÁSTICOS DA AMAZÔNIA;04897146000132;OK;ACN;PF;PN;EPNNPR;ACOES NOMINATIVAS;A;True;N;;;2026-10-05;True
BRP8T0ACNPB6;P8T0;PASTORIL AGROPECUÁRIA SANTIAGO S/A;03484110000164;OK;ACN;PB;PN;EPNNPR;ACOES NOMINATIVAS;A;True;N;;;2026-10-05;True
BRP9ACACNPB2;P9AC;PEDARA AGROPECUARIA INDUSTRIA E COMERCIO S/A;05778436000120;OK;ACN;PB;PN;EPNNPR;ACOES NOMINATIVAS CLASSE B;A;True;A;;;2026-10-05;True
BRP9SLACNPB5;P9SL;PECUÁRIA SANTA LUCIA S/A;05426838000165;OK;ACN;PB;PN;EPNNPR;ACOES NOMINATIVAS;A;True;N;;;2026-10-05;True
BRPAAPACNOR1;PAAP;PATI ALFERES PARTICIPACOES SA;01258947000160;OK;ACN;OR;ON;ESVUFR;ACOES NOMINATIVAS ACOES ORDINARIAS;A;True;A;;;2026-10-05;True
BRPAAPACNPR8;PAAP;PATI ALFERES PARTICIPACOES SA;01258947000160;OK;ACN;PR;PN;EPNNPR;ACOES NOMINATIVAS ACOES PREFERENCIAIS;A;True;A;;;2026-10-05;True
BRPACAACNOR9;PACA;IND OLEOS PACAEMBU SA;61085544000198;OK;ACN;OR;ON;ESVUFR;ACOES NOMINATIVAS ACOES ORDINARIAS;A;True;A;;;2026-10-05;True
BRPACAACNPR6;PACA;IND OLEOS PACAEMBU SA;61085544000198;OK;ACN;PR;PN;EPNNPR;ACOES NOMINATIVAS ACOES PREFERENCIAIS;A;True;A;;;2026-10-05;True
BRPACFACNOR8;PACF;PACIFIC RDSL PARTICIPACOES SA;21728500000114;OK;ACN;OR;ON;ESVUFR;ACOES NOMINATIVAS ACOES ORDINARIAS;A;True;N;;;2026-10-05;True
BRPAEEACNOR7;PAEE;CAPINAUA EMPREENDIMENTOS PARTICIPACOES SA;08932549000126;OK;ACN;OR;ON;ESVUFR;ACOES NOMINATIVAS ACOES ORDINARIAS;A;True;A;;;2026-10-05;True
BRPAESACNOR7;PAES;PAES MENDONCA SA;;VAZIO;ACN;OR;ON;ESVUFR;ACOES NOMINATIVAS ACOES ORDINARIAS;A;True;A;;;2026-10-05;True
BRPAGUACNPA1;PAGU;PAIAGUAS HOTEIS SA;01982156000188;OK;ACN;PA;PN;EPNNPR;ACOES NOMINATIVAS ACOES PREFERENCIAIS CLASSE A;A;True;A;;;2026-10-05;True
BRPALFACNOR9;PALF;CIA PAULISTA FORCA LUZ;33050196000188;OK;ACN;OR;ON;ESVUFR;ACOES NOMINATIVAS ACOES ORDINARIAS;A;True;A;;;2026-10-05;True
BRPALFACNPA2;PALF;CIA PAULISTA FORCA LUZ;33050196000188;OK;ACN;PA;PN;EPNNPR;ACOES NOMINATIVAS ACOES PREFERENCIAIS CLASSE A;A;True;A;;;2026-10-05;True
BRPALFACNPB0;PALF;CIA PAULISTA FORCA LUZ;33050196000188;OK;ACN;PB;PN;EPNNPR;ACOES NOMINATIVAS ACOES PREFERENCIAIS CLASSE B;A;True;A;;;2026-10-05;True
BRPALFACNPC8;PALF;CIA PAULISTA FORCA LUZ;33050196000188;OK;ACN;PC;PN;EPNNPR;ACOES NOMINATIVAS ACOES PREFERENCIAIS CLASSE C;A;True;A;;;2026-10-05;True
BRPALMACNPA8;PALM;PALMARES AGROINDL SA;06727283000154;OK;ACN;PA;PN;EPNNPR;ACOES NOMINATIVAS ACOES PREFERENCIAIS CLASSE A;A;True;A;;;2026-10-05;True
BRPANRACNPA3;PANR;PAN AGROPECUARIA RIOZINHO SA;04595112000193;OK;ACN;PA;PN;EPNNPR;ACOES NOMINATIVAS ACOES PREFERENCIAIS CLASSE A;A;True;A;;;2026-10-05;True
BRPANRACNPB1;PANR;PAN AGROPECUARIA RIOZINHO SA;04595112000193;OK;ACN;PB;PN;EPNNPR;ACOES NOMINATIVAS ACOES PN CLASSE B;A;True;N;;;2026-10-05;True
BRPAPSACNPB4;PAPS;PIQUIRI AGROPECUARIA SA PAPESA;08030025000140;OK;ACN;PB;PN;EPNNPR;ACOES NOMINATIVAS ACOES PREFERENCIAIS CLASSE B;A;True;A;;;2026-10-05;True
BRPARDACNOR1;PARD;INSTITUTO HERMES PARDINI SA;19378769000176;OK;ACN;OR;ON;ESVUFR;ACOES NOMINATIVAS ACOES ORDINARIAS;A;True;A;;;2026-10-05;True
BRPARKACNPR3;PARK;PARKS SA COMUNICACOES DIGITAIS;;VAZIO;ACN;PR;PN;EPNNPR;ACOES NOMINATIVAS ACOES PREFERENCIAIS;A;True;A;;;2026-10-05;True
BRPASCACNOR1;PASC;PASCHOALOTTO SERVICOS FINANCEIROS SA;05500934000106;OK;ACN;OR;ON;ESVUFR;ACOES NOMINATIVAS ACOES ORDINARIAS;A;True;A;;;2026-10-05;True
BRPASSACNOR7;PASS;COMPASS GÁS E ENERGIA S.A.;21389501000181;OK;ACN;OR;ON;ESVUFR;ACOES NOMINATIVAS;A;True;N;;;2026-10-05;True
BRPASSACNPA0;PASS;COMPASS GÁS E ENERGIA S.A.;21389501000181;OK;ACN;PA;PN;EPNNPR;ACOES NOMINATIVAS;A;True;N;;;2026-10-05;True
BRPASSACNPB8;PASS;COMPASS GÁS E ENERGIA S.A.;21389501000181;OK;ACN;PB;PN;EPNNPR;ACOES NOMINATIVAS;A;True;N;;;2026-10-05;True
BRPATIACNOR6;PATI;PANATLANTICA SA;92693019000189;OK;ACN;OR;ON;ESVUFR;ACOES NOMINATIVAS ACOES ORDINARIAS;A;True;A;;;2026-10-05;True
BRPATIACNPR3;PATI;PANATLANTICA SA;92693019000189;OK;ACN;PR;PN;EPNNPR;ACOES NOMINATIVAS ACOES PREFERENCIAIS;A;True;A;;;2026-10-05;True
BRPAURACNPR2;PAUR;AGROPECUARIA PAU RAINHA SA;22887129000104;OK;ACN;PR;PN;EPNNPR;ACOES NOMINATIVAS ACOES PREFERENCIAIS;A;True;A;;;2026-10-05;True
BRPB0IACNPR2;PB0I;CIA. AGROPECUÁRIA SÃO JOÃO DE PEIXE-BOI;04849055000121;OK;ACN;PR;PN;EPNNPR;ACOES NOMINATIVAS;A;True;N;;;2026-10-05;True
BRPBCAACNOR7;PBCA;PENA BRANCA AGROINDL SA;;VAZIO;ACN;OR;ON;ESVUFR;ACOES NOMINATIVAS ACOES ORDINARIAS;A;True;A;;;2026-10-05;True
BRPBCAACNPA0;PBCA;PENA BRANCA AGROINDL SA;;VAZIO;ACN;PA;PN;EPNNPR;ACOES NOMINATIVAS ACOES PREFERENCIAIS CLASSE A;A;True;A;;;2026-10-05;True
BRPBELACNOR0;PBEL;BELAPART SA;01608571000176;OK;ACN;OR;ON;ESVUFR;ACOES NOMINATIVAS ACOES ORDINARIAS;A;True;A;;;2026-10-05;True
BRPBIOACNOR5;PBIO;PARAISO BIOENERGIA SA;46363016000160;OK;ACN;OR;ON;ESVUFR;ACOES NOMINATIVAS ACOES ORDINARIAS;A;True;A;;;2026-10-05;True
BRPBIOACNPA8;PBIO;PARAISO BIOENERGIA SA;46363016000160;OK;ACN;PA;PN;EPNNPR;ACOES NOMINATIVAS ACOES PREFERENCIAIS CLASSE A;A;True;A;;;2026-10-05;True
BRPBKEACNOR2;PBKE;PBK EMPREENDIMENTOS IMOBILIARIOS SA;61997870000171;OK;ACN;OR;ON;ESVUFR;ACOES NOMINATIVAS ACOES ORDINARIAS;A;True;A;;;2026-10-05;True
BRPBOIACNPA8;PBOI;AGROPECUARIA PEIXE BOI SA;33655911000106;OK;ACN;PA;PN;EPNNPR;ACOES NOMINATIVAS ACOES PREFERENCIAIS CLASSE A;A;True;A;;;2026-10-05;True
BRPBPAACNOR9;PBPA;PB PARTICIPACOES SA;19760417000180;OK;ACN;OR;ON;ESVUFR;ACOES NOMINATIVAS ACOES ORDINARIAS;A;True;A;;;2026-10-05;True
BRPBUEACNPR8;PBUE;AGROPECUARIA PIMENTA BUENO SA;04930590000102;OK;ACN;PR;PN;EPNNPR;ACOES NOMINATIVAS ACOES PREFERENCIAIS;A;True;A;;;2026-10-05;True
BRPCARACNOR3;PCAR;COMPANHIA BRASILEIRA DISTRIBUICAO;47508411000156;OK;ACN;OR;ON;ESVUFR;ACOES NOMINATIVAS ACOES ORDINARIAS;A;True;A;;;2026-10-05;True
BRPCARACNPR0;PCAR;COMPANHIA BRASILEIRA DISTRIBUICAO;47508411000156;OK;ACN;PR;PN;EPNNPR;ACOES NOMINATIVAS ACOES PREFERENCIAIS;A;True;A;;;2026-10-05;True
BRPCARCDAXX3;PCAR;COMPANHIA BRASILEIRA DISTRIBUICAO;47508411000156;OK;CDA;XX;UNIT;EMXXXR;CERTIFICADO DE DEPOSITO DE ACOES 1 PCAR3 E 1 EXCO32;A;True;N;;;2026-10-05;True
BRPCFVACNOR4;PCFV;POCOS FERVEDOURO SA;17727199000157;OK;ACN;OR;ON;ESVUFR;ACOES NOMINATIVAS ACOES ORDINARIAS;A;True;A;;;2026-10-05;True
BRPCFVACNPR1;PCFV;POCOS FERVEDOURO SA;17727199000157;OK;ACN;PR;PN;EPNNPR;ACOES NOMINATIVAS ACOES PREFERENCIAIS;A;True;A;;;2026-10-05;True
BRPCMRACNPA1;PCMR;PRINCOMAR IND PESCA SA;15251358000164;OK;ACN;PA;PN;EPNNPR;ACOES NOMINATIVAS ACOES PREFERENCIAIS CLASSE A;A;True;A;;;2026-10-05;True
BRPCPAACNOR7;PCPA;PARCOM PARTICIPACOES SA;00185475000108;OK;ACN;OR;ON;ESVUFR;ACOES NOMINATIVAS ACOES ORDINARIAS;A;True;A;;;2026-10-05;True
BRPCPAACNPR4;PCPA;PARCOM PARTICIPACOES SA;00185475000108;OK;ACN;PR;PN;EPNNPR;ACOES NOMINATIVAS ACOES PREFERENCIAIS;A;True;A;;;2026-10-05;True
BRPCTBACNPA0;PCTB;PACATUBA HORTIGRANJEIRA SA;06625313000111;OK;ACN;PA;PN;EPNNPR;ACOES NOMINATIVAS ACOES PREFERENCIAIS CLASSE A;A;True;A;;;2026-10-05;True
BRPCZAACNPA9;PCZA;BISCOITOS PRINCEZA AMAZONIA SA;33205766000161;OK;ACN;PA;PN;EPNNPR;ACOES NOMINATIVAS ACOES PREFERENCIAIS CLASSE A;A;True;A;;;2026-10-05;True
BRPD4CACNPC7;PD4C;CIA. MELHORAMENTOS PAU DARCO-COMARCO;05426507000125;OK;ACN;PC;PN;EPNNPR;ACOES NOMINATIVAS;A;True;N;;;2026-10-05;True
BRPDALACNOR4;PDAL;PERDIGAO AGROINDL  SA;82829730000164;OK;ACN;OR;ON;ESVUFR;ACOES NOMINATIVAS ACOES ORDINARIAS;A;True;A;;;2026-10-05;True
BRPDALACNPR1;PDAL;PERDIGAO AGROINDL  SA;82829730000164;OK;ACN;PR;PN;EPNNPR;ACOES NOMINATIVAS ACOES PREFERENCIAIS;A;True;A;;;2026-10-05;True
BRPDAMACNOR2;PDAM;PRODAM PROCESSAMENTO DADOS AMAZONAS SA;04407920000180;OK;ACN;OR;ON;ESVUFR;ACOES NOMINATIVAS ACOES ORDINARIAS;A;True;A;;;2026-10-05;True
BRPDESACNOR1;PDES;P2 ESTALEIRO SA;14185954000120;OK;ACN;OR;ON;ESVUFR;ACOES NOMINATIVAS ACOES ORDINARIAS;A;True;A;;;2026-10-05;True
BRPDGDACNPA1;PDGD;PEDRA GRANDE S/A;02835678000110;OK;ACN;PA;PN;EPNNPR;ACOES NOMINATIVAS;A;True;N;;;2026-10-05;True
BRPDGOACNOR5;PDGO;PERDIGAO SA COM IND;86547619000136;OK;ACN;OR;ON;ESVUFR;ACOES NOMINATIVAS ACOES ORDINARIAS;A;True;A;;;2026-10-05;True
BRPDGOACNPR2;PDGO;PERDIGAO SA COM IND;86547619000136;OK;ACN;PR;PN;EPNNPR;ACOES NOMINATIVAS ACOES PREFERENCIAIS;A;True;A;;;2026-10-05;True
BRPDGPACNOR2;PDGP;PDG 63 EMPREENDIMENTOS E PARTICIPACOES SA;18174329000134;OK;ACN;OR;ON;ESVUFR;ACOES NOMINATIVAS ACOES ORDINARIAS;A;True;A;;;2026-10-05;True
BRPDGPACNPR9;PDGP;PDG 63 EMPREENDIMENTOS E PARTICIPACOES SA;18174329000134;OK;ACN;PR;PN;EPNNPR;ACOES NOMINATIVAS ACOES PREFERENCIAIS;A;True;A;;;2026-10-05;True
BRPDGRACNOR8;PDGR;PDG REALTY SA EMPREENDIMENTOS PARTICIPACOES;02950811000189;OK;ACN;OR;ON;ESVUFR;ACOES NOMINATIVAS ACOES ORDINARIAS;A;True;A;;;2026-10-05;True
BRPDLHACNPA2;PDLH;PAUDALHO AGROPECUARIA SA;09461567000130;OK;ACN;PA;PN;EPNNPR;ACOES NOMINATIVAS ACOES PREFERENCIAIS CLASSE A;A;True;A;;;2026-10-05;True
BRPDNVACNOR6;PDNV;P2 NAVEGACAO OFFSHORE SA;13944522000193;OK;ACN;OR;ON;ESVUFR;ACOES NOMINATIVAS ACOES ORDINARIAS;A;True;A;;;2026-10-05;True
BRPDONACNOR1;PDON;POSEIDON PARTICIPACOES SA;19560759000157;OK;ACN;OR;ON;ESVUFR;ACOES NOMINATIVAS ACOES ORDINARIAS;A;True;A;;;2026-10-05;True
BRPDRLACNOR8;PDRL;PEDRALIA EMPREENDIMENTOS IMOBILIARIOS SA;17102593000108;OK;ACN;OR;ON;ESVUFR;ACOES NOMINATIVAS ACOES ORDINARIAS;A;True;A;;;2026-10-05;True
BRPDRSACNOR3;PDRS;PONDEROSA ADMINISTRACAO IND COM SA;75028308000144;OK;ACN;OR;ON;ESVUFR;ACOES NOMINATIVAS ACOES ORDINARIAS;A;True;A;;;2026-10-05;True
BRPDRSACNPR0;PDRS;PONDEROSA ADMINISTRACAO IND COM SA;75028308000144;OK;ACN;PR;PN;EPNNPR;ACOES NOMINATIVAS ACOES PREFERENCIAIS;A;True;A;;;2026-10-05;True
BRPDRVACNPB8;PDRV;PEDREIRAS VALERIA SA;;VAZIO;ACN;PB;PN;EPNNPR;ACOES NOMINATIVAS ACOES PREFERENCIAIS CLASSE B;A;True;A;;;2026-10-05;True
BRPDSPACNOR7;PDSP;PRODESP TECNOLOGIA INFORMACAO;62577929000135;OK;ACN;OR;ON;ESVUFR;ACOES NOMINATIVAS ACOES ORDINARIAS;A;True;A;;;2026-10-05;True
BRPDTCACNOR3;PDTC;PADTEC  HOLDING  S.A;02365069000144;OK;ACN;OR;ON;ESVUFR;ACOES NOMINATIVAS ACOES ORDINARIAS;A;True;N;;;2026-10-05;True
BRPEABACNOR3;PEAB;CIA PARTICIPACOES ALIANCA BAHIA;01938783000111;OK;ACN;OR;ON;ESVUFR;ACOES NOMINATIVAS ACOES ORDINARIAS;A;True;A;;;2026-10-05;True
BRPEABACNPR0;PEAB;CIA PARTICIPACOES ALIANCA BAHIA;01938783000111;OK;ACN;PR;PN;EPNNPR;ACOES NOMINATIVAS ACOES PREFERENCIAIS;A;True;A;;;2026-10-05;True
BRPEFXACNOR6;PEFX;PETROFLEX IND COM SA;29667227000177;OK;ACN;OR;ON;ESVUFR;ACOES NOMINATIVAS ACOES ORDINARIAS;A;True;A;;;2026-10-05;True
BRPEFXACNPA9;PEFX;PETROFLEX IND COM SA;29667227000177;OK;ACN;PA;PN;EPNNPR;ACOES NOMINATIVAS ACOES PREFERENCIAIS CLASSE A;A;True;A;;;2026-10-05;True
BRPEOGACNOR3;PEOG;PERENCO PETROLEO GAS BRASIL PARTICIPACOES SA;12592795000153;OK;ACN;OR;ON;ESVUFR;ACOES NOMINATIVAS ACOES ORDINARIAS;A;True;A;;;2026-10-05;True
BRPEPLACNPB1;PEPL;FAZENDA PETROPOLIS SA;00745439000143;OK;ACN;PB;PN;EPNNPR;ACOES NOMINATIVAS ACOES PREFERENCIAIS CLASSE B;A;True;A;;;2026-10-05;True
BRPERNACNOR2;PERN;PERNAMBUCO SA INVEST;69910461000106;OK;ACN;OR;ON;ESVUFR;ACOES NOMINATIVAS ACOES ORDINARIAS;A;True;A;;;2026-10-05;True
BRPETRACNOR9;PETR;PETROLEO BRASILEIRO SA PETROBRAS;33000167000101;OK;ACN;OR;ON;ESVUFR;ACOES NOMINATIVAS ACOES ORDINARIAS;A;True;A;;;2026-10-05;True
BRPETRACNPR6;PETR;PETROLEO BRASILEIRO SA PETROBRAS;33000167000101;OK;ACN;PR;PN;EPNNPR;ACOES NOMINATIVAS ACOES PREFERENCIAIS;A;True;A;;;2026-10-05;True
BRPETTACNOR5;PETT;PETROTEC TRANSPORTES SA;;VAZIO;ACN;OR;ON;ESVUFR;ACOES NOMINATIVAS ACOES ORDINARIAS;A;True;A;;;2026-10-05;True
BRPETZACNOR2;PETZ;PET CENTER COMÉRCIO E PARTICIPAÇÕES S.A.;18328118000109;OK;ACN;OR;ON;ESVUFR;ACOES NOMINATIVAS;A;True;N;;;2026-10-05;True
BRPFAGACNPA2;PFAG;PINTO FORMOSO AGROPECUARIA SA;12822045000120;OK;ACN;PA;PN;EPNNPR;ACOES NOMINATIVAS ACOES PREFERENCIAIS CLASSE A;A;True;A;;;2026-10-05;True
BRPFORACNOR7;PFOR;PRIO FORTE S.A.;08926302000105;OK;ACN;OR;ON;ESVUFR;ACOES NOMINATIVAS ACOES ORDINARIAS;A;True;N;;;2026-10-05;True
BRPFRCACNPA5;PFRC;PREFERENCIA AGROPECUARIA SA;08794497000179;OK;ACN;PA;PN;EPNNPR;ACOES NOMINATIVAS ACOES PREFERENCIAIS CLASSE A;A;True;A;;;2026-10-05;True
BRPFRDACNOR0;PFRD;PERFILADOS RIO DOCE SA;03461082000160;OK;ACN;OR;ON;ESVUFR;ACOES NOMINATIVAS ACOES ORDINARIAS;A;True;A;;;2026-10-05;True
BRPFRDACNPR7;PFRD;PERFILADOS RIO DOCE SA;03461082000160;OK;ACN;PR;PN;EPNNPR;ACOES NOMINATIVAS ACOES PREFERENCIAIS;A;True;A;;;2026-10-05;True
BRPFRMACNOR1;PFRM;PROFARMA DISTRIBUIDORA PRODUTOS FARMACEUTICOS SA;45453214000151;OK;ACN;OR;ON;ESVUFR;ACOES NOMINATIVAS ACOES ORDINARIAS;A;True;A;;;2026-10-05;True
BRPGMNACNOR8;PGMN;EMPREENDIMENTOS PAGUE MENOS SA;06626253000151;OK;ACN;OR;ON;ESVUFR;ACOES NOMINATIVAS ACOES ORDINARIAS;A;True;A;;;2026-10-05;True
BRPIBRACNOR8;PIBR;PIRAMIDES BRASILIA SA IND COM;61105730000141;OK;ACN;OR;ON;ESVUFR;ACOES NOMINATIVAS ACOES ORDINARIAS;A;True;A;;;2026-10-05;True
BRPIBRACNPA1;PIBR;PIRAMIDES BRASILIA SA IND COM;61105730000141;OK;ACN;PA;PN;EPNNPR;ACOES NOMINATIVAS ACOES PREFERENCIAIS CLASSE A;A;True;A;;;2026-10-05;True
BRPIBRACNPB9;PIBR;PIRAMIDES BRASILIA SA IND COM;61105730000141;OK;ACN;PB;PN;EPNNPR;ACOES NOMINATIVAS ACOES PREFERENCIAIS CLASSE B;A;True;A;;;2026-10-05;True
BRPICOACNOR3;PICO;ABC SUPERMERCADOS SA (EX PICOS PARTICIPACOES SA);02258274000100;OK;ACN;OR;ON;ESVUFR;ACOES NOMINATIVAS ACOES ORDINARIAS;A;True;A;;;2026-10-05;True
BRPICOACNPR0;PICO;ABC SUPERMERCADOS SA (EX PICOS PARTICIPACOES SA);02258274000100;OK;ACN;PR;PN;EPNNPR;ACOES NOMINATIVAS ACOES PREFERENCIAIS;A;True;A;;;2026-10-05;True
BRPIJUACNOR5;PIJU;PIRAJU PARTICIPACOES SA;02387233000114;OK;ACN;OR;ON;ESVUFR;ACOES NOMINATIVAS ACOES ORDINARIAS;A;True;A;;;2026-10-05;True
BRPIJUACNPR2;PIJU;PIRAJU PARTICIPACOES SA;02387233000114;OK;ACN;PR;PN;EPNNPR;ACOES NOMINATIVAS ACOES PREFERENCIAIS;A;True;A;;;2026-10-05;True
BRPILCACNOR9;PILC;PILCOMAYO PARTICIPACOES SA;00108813000108;OK;ACN;OR;ON;ESVUFR;ACOES NOMINATIVAS ACOES ORDINARIAS;A;True;A;;;2026-10-05;True
BRPILCACNPR6;PILC;PILCOMAYO PARTICIPACOES SA;00108813000108;OK;ACN;PR;PN;EPNNPR;ACOES NOMINATIVAS ACOES PREFERENCIAIS;A;True;A;;;2026-10-05;True
BRPINEACNOR1;PINE;BCO PINE SA;62144175000120;OK;ACN;OR;ON;ESVUFR;ACOES NOMINATIVAS ACOES ORDINARIAS;A;True;A;;;2026-10-05;True
BRPINEACNPR8;PINE;BCO PINE SA;62144175000120;OK;ACN;PR;PN;EPNNPR;ACOES NOMINATIVAS ACOES PREFERENCIAIS;A;True;A;;;2026-10-05;True
BRPINEUNT000;PINE;BCO PINE SA;62144175000120;OK;UNT;ZZ;UNIT;MCMUXR;UNITS EX.: 02/2026;A;True;N;;;2026-10-05;True
BRPINVACNOR5;PINV;PRIMEINVEST EMPREENDIMENTOS IMOBILIARIOS S/A;09408965000192;OK;ACN;OR;ON;ESVUFR;ACOES NOMINATIVAS;A;True;N;;;2026-10-05;True
BRPIPNACNOR7;PIPN;PIRELLI PNEUS SA;59179838000137;OK;ACN;OR;ON;ESVUFR;ACOES NOMINATIVAS ACOES ORDINARIAS;A;True;A;;;2026-10-05;True
BRPIPNACNPR4;PIPN;PIRELLI PNEUS SA;59179838000137;OK;ACN;PR;PN;EPNNPR;ACOES NOMINATIVAS ACOES PREFERENCIAIS;A;True;A;;;2026-10-05;True
BRPIQAACNPR9;PIQA;AGROPECUARIA PIQUIA SA;04882908000127;OK;ACN;PR;PN;EPNNPR;ACOES NOMINATIVAS ACOES PREFERENCIAIS;A;True;A;;;2026-10-05;True
BRPIREACNOR2;PIRE;PIRELLI CABOS SA;61150751000189;OK;ACN;OR;ON;ESVUFR;ACOES NOMINATIVAS ACOES ORDINARIAS;A;True;A;;;2026-10-05;True
BRPIREACNPR9;PIRE;PIRELLI CABOS SA;61150751000189;OK;ACN;PR;PN;EPNNPR;ACOES NOMINATIVAS ACOES PREFERENCIAIS;A;True;A;;;2026-10-05;True
BRPISAACNOR8;PISA;PISA PAPEL IMPRENSA SA;78229309000145;OK;ACN;OR;ON;ESVUFR;ACOES NOMINATIVAS ACOES ORDINARIAS;A;True;A;;;2026-10-05;True
BRPISAACNPA1;PISA;PISA PAPEL IMPRENSA SA;78229309000145;OK;ACN;PA;PN;EPNNPR;ACOES NOMINATIVAS ACOES PREFERENCIAIS CLASSE A;A;True;A;;;2026-10-05;True
BRPISAACNPB9;PISA;PISA PAPEL IMPRENSA SA;78229309000145;OK;ACN;PB;PN;EPNNPR;ACOES NOMINATIVAS ACOES PREFERENCIAIS CLASSE B;A;True;A;;;2026-10-05;True
BRPITIACNOR9;PITI;LF TEL SA (EX PITIMBU PARTICIPACOES SA);02390206000109;OK;ACN;OR;ON;ESVUFR;ACOES NOMINATIVAS ACOES ORDINARIAS;A;True;A;;;2026-10-05;True
BRPLASACNOR2;PLAS;PLASCAR PARTICIPACOES INDUSTRIAIS SA;51928174000150;OK;ACN;OR;ON;ESVUFR;ACOES NOMINATIVAS ACOES ORDINARIAS;A;True;A;;;2026-10-05;True
BRPLFRACNPA6;PLFR;POLIFRIO NORDESTE SA;;VAZIO;ACN;PA;PN;EPNNPR;ACOES NOMINATIVAS ACOES PREFERENCIAIS CLASSE A;A;True;A;;;2026-10-05;True
BRPLFSACNOR1;PLFS;POLO FILMS INDUSTRIA COMERCIO SA;26051817000182;OK;ACN;OR;ON;ESVUFR;ACOES NOMINATIVAS ACOES ORDINARIAS;A;True;N;;;2026-10-05;True
BRPLFXACNOR1;PLFX;POLIFLEX BAHIA SA IND COM EXPORTACAO;;VAZIO;ACN;OR;ON;ESVUFR;ACOES NOMINATIVAS ACOES ORDINARIAS;A;True;A;;;2026-10-05;True
BRPLFXACNPA4;PLFX;POLIFLEX BAHIA SA IND COM EXPORTACAO;;VAZIO;ACN;PA;PN;EPNNPR;ACOES NOMINATIVAS ACOES PREFERENCIAIS CLASSE A;A;True;A;;;2026-10-05;True
BRPLFXACNPB2;PLFX;POLIFLEX BAHIA SA IND COM EXPORTACAO;;VAZIO;ACN;PB;PN;EPNNPR;ACOES NOMINATIVAS ACOES PREFERENCIAIS CLASSE B;A;True;A;;;2026-10-05;True
BRPLFXACNPC0;PLFX;POLIFLEX BAHIA SA IND COM EXPORTACAO;;VAZIO;ACN;PC;PN;EPNNPR;ACOES NOMINATIVAS ACOES PREFERENCIAIS CLASSE C;A;True;A;;;2026-10-05;True
BRPLGNACNPA3;PLGN;PRODUTOS LIGAS PLASTICAS BRASIL SA POLIGONO;12541066000178;OK;ACN;PA;PN;EPNNPR;ACOES NOMINATIVAS;A;True;N;;;2026-10-05;True
BRPLGNACNPB1;PLGN;PRODUTOS LIGAS PLASTICAS BRASIL SA POLIGONO;12541066000178;OK;ACN;PB;PN;EPNNPR;ACOES NOMINATIVAS ACOES PREFERENCIAIS CLASSE B;A;True;A;;;2026-10-05;True
BRPLMSACNPA0;PLMS;AGROINDL PALMASA SA;15282791000167;OK;ACN;PA;PN;EPNNPR;ACOES NOMINATIVAS ACOES PREFERENCIAIS CLASSE A;A;True;A;;;2026-10-05;True
BRPLNCACNPR6;PLNC;PLANICIE AGROPECUARIA SA;05011762000107;OK;ACN;PR;PN;EPNNPR;ACOES NOMINATIVAS ACOES PREFERENCIAIS;A;True;A;;;2026-10-05;True
BRPLNMACNPB9;PLNM;PLANALTO MEL AGROPECUARIO SA - PLAMAG;08088353000105;OK;ACN;PB;PN;EPNNPR;ACOES NOMINATIVAS ACOES PREFERENCIAIS CLASSE B;A;True;A;;;2026-10-05;True
BRPLPLACNOR5;PLPL;PLANO & PLANO DESENVOLVIMENTO IMOBILIÁRIO LTDA.;24230275000180;OK;ACN;OR;ON;ESVUFR;ACOES NOMINATIVAS 08/2020;A;True;N;;;2026-10-05;True
BRPLPTACNOR8;PLPT;POLONIA PARTICIPACOES SA;71722607000123;OK;ACN;OR;ON;ESVUFR;ACOES NOMINATIVAS ACOES ORDINARIAS;A;True;A;;;2026-10-05;True
BRPLPTACNPA1;PLPT;POLONIA PARTICIPACOES SA;71722607000123;OK;ACN;PA;PN;EPNNPR;ACOES NOMINATIVAS ACOES PREFERENCIAIS CLASSE A;A;True;A;;;2026-10-05;True
BRPLSPACNOR0;PLSP;PLASCORP PARTICIPAÇÕES S.A.;23481465000107;OK;ACN;OR;ON;ESVUFR;ACOES NOMINATIVAS;A;True;N;;;2026-10-05;True
BRPLTEACNOR2;PLTE;PLATAFORMA ELETRONICA SA;04859768000176;OK;ACN;OR;ON;ESVUFR;ACOES NOMINATIVAS ACOES ORDINARIAS;A;True;A;;;2026-10-05;True
BRPMAMACNOR3;PMAM;PARANAPANEMA SA;60398369000126;OK;ACN;OR;ON;ESVUFR;ACOES NOMINATIVAS ACOES ORDINARIAS;A;True;A;;;2026-10-05;True
BRPMETACNOR0;PMET;PRO METALURGIA SA;56994924000105;OK;ACN;OR;ON;ESVUFR;ACOES NOMINATIVAS ACOES ORDINARIAS;A;True;A;;;2026-10-05;True
BRPMETACNPA3;PMET;PRO METALURGIA SA;56994924000105;OK;ACN;PA;PN;EPNNPR;ACOES NOMINATIVAS ACOES PREFERENCIAIS CLASSE A;A;True;A;;;2026-10-05;True
BRPMETACNPB1;PMET;PRO METALURGIA SA;56994924000105;OK;ACN;PB;PN;EPNNPR;ACOES NOMINATIVAS ACOES PREFERENCIAIS CLASSE B;A;True;A;;;2026-10-05;True
BRPMRSACNPR1;PMRS;PRIMOROSA SA AGROPECUARIA IND COM;03504271000172;OK;ACN;PR;PN;EPNNPR;ACOES NOMINATIVAS ACOES PREFERENCIAIS;A;True;A;;;2026-10-05;True
BRPMSAACNOR0;PMSA;PREMESA SA IND COM;61142469000150;OK;ACN;OR;ON;ESVUFR;ACOES NOMINATIVAS ACOES ORDINARIAS;A;True;A;;;2026-10-05;True
BRPMSAACNPR7;PMSA;PREMESA SA IND COM;61142469000150;OK;ACN;PR;PN;EPNNPR;ACOES NOMINATIVAS ACOES PREFERENCIAIS;A;True;A;;;2026-10-05;True
BRPMTLACNOR5;PMTL;PROMETAL PRODUTOS METALURGICOS SA;61391603000156;OK;ACN;OR;ON;ESVUFR;ACOES NOMINATIVAS ACOES ORDINARIAS;A;True;A;;;2026-10-05;True
BRPMTLACNPR2;PMTL;PROMETAL PRODUTOS METALURGICOS SA;61391603000156;OK;ACN;PR;PN;EPNNPR;ACOES NOMINATIVAS ACOES PREFERENCIAIS;A;True;A;;;2026-10-05;True
BRPN3VACNPR5;PN3V;PRUDENTE  NEVES AGROPECUÁRIA S/A;02736122000176;OK;ACN;PR;PN;EPNNPR;ACOES NOMINATIVAS;A;True;N;;;2026-10-05;True
BRPNGUACNOR1;PNGU;AGROPECUARIA PINGUIM SA;02671917000143;OK;ACN;OR;ON;ESVUFR;ACOES NOMINATIVAS ACOES ORDINARIAS;A;True;A;;;2026-10-05;True
BRPNGUACNPA4;PNGU;AGROPECUARIA PINGUIM SA;02671917000143;OK;ACN;PA;PN;EPNNPR;ACOES NOMINATIVAS ACOES PREFERENCIAIS CLASSE A;A;True;A;;;2026-10-05;True
BRPNORACNOR1;PNOR;PRONOR PETROQUIMICA SA;13552070000102;OK;ACN;OR;ON;ESVUFR;ACOES NOMINATIVAS ACOES ORDINARIAS;A;True;A;;;2026-10-05;True
BRPNORACNPA4;PNOR;PRONOR PETROQUIMICA SA;13552070000102;OK;ACN;PA;PN;EPNNPR;ACOES NOMINATIVAS ACOES PREFERENCIAIS CLASSE A;A;True;A;;;2026-10-05;True
BRPNORACNPB2;PNOR;PRONOR PETROQUIMICA SA;13552070000102;OK;ACN;PB;PN;EPNNPR;ACOES NOMINATIVAS ACOES PREFERENCIAIS CLASSE B;A;True;A;;;2026-10-05;True
BRPNSCACNPC3;PNSC;PANASONIC AMAZONIA SA;04403408000165;OK;ACN;PC;PN;EPNNPR;ACOES NOMINATIVAS ACOES PREFERENCIAIS CLASSE C;A;True;A;;;2026-10-05;True
BRPNSUACNOR6;PNSU;PENINSULA INVESTIMENTOS IMOBILIARIOS PARTICIPACOES SA;20555859000174;OK;ACN;OR;ON;ESVUFR;ACOES NOMINATIVAS ACOES ORDINARIAS;A;True;A;;;2026-10-05;True
BRPNVLACNOR9;PNVL;DIMED SA (EX PANVEL SA DROGARIAS FARMACIAS);92665611000177;OK;ACN;OR;ON;ESVUFR;ACOES NOMINATIVAS ACOES ORDINARIAS;A;True;A;;;2026-10-05;True
BRPNXSACNOR0;PNXS;PANEX SA IND COM;61077830000101;OK;ACN;OR;ON;ESVUFR;ACOES NOMINATIVAS ACOES ORDINARIAS;A;True;A;;;2026-10-05;True
BRPNXSACNPR7;PNXS;PANEX SA IND COM;61077830000101;OK;ACN;PR;PN;EPNNPR;ACOES NOMINATIVAS ACOES PREFERENCIAIS;A;True;A;;;2026-10-05;True
BRPOINACNOR0;POIN;POINTER NETWORKS SA;04624699000111;OK;ACN;OR;ON;ESVUFR;ACOES NOMINATIVAS ACOES ORDINARIAS;A;True;A;;;2026-10-05;True
BRPOJUACNPC2;POJU;POJUCA SA;13250998000124;OK;ACN;PC;PN;EPNNPR;ACOES NOMINATIVAS ACOES PREFERENCIAIS CLASSE C;A;True;A;;;2026-10-05;True
BRPOLAACNOR1;POLA;IND BEBIDAS ANTARCTICA POLAR SA;95424479000108;OK;ACN;OR;ON;ESVUFR;ACOES NOMINATIVAS ACOES ORDINARIAS;A;True;A;;;2026-10-05;True
BRPOLAACNPR8;POLA;IND BEBIDAS ANTARCTICA POLAR SA;95424479000108;OK;ACN;PR;PN;EPNNPR;ACOES NOMINATIVAS ACOES PREFERENCIAIS;A;True;A;;;2026-10-05;True
BRPOLYACNPC0;POLY;POLYUTIL SA IND COM MATERIAS PLASTICAS;09139890000191;OK;ACN;PC;PN;EPNNPR;ACOES NOMINATIVAS;A;True;N;;;2026-10-05;True
BRPOLYACNPD8;POLY;POLYUTIL SA IND COM MATERIAS PLASTICAS;09139890000191;OK;ACN;PD;PN;EPNNPR;ACOES NOMINATIVAS ACOES PREFERENCIAIS CLASSE D;A;True;A;;;2026-10-05;True
BRPOMOACNOR0;POMO;MARCOPOLO SA;88611835000129;OK;ACN;OR;ON;ESVUFR;ACOES NOMINATIVAS ACOES ORDINARIAS;A;True;A;;;2026-10-05;True
BRPOMOACNPR7;POMO;MARCOPOLO SA;88611835000129;OK;ACN;PR;PN;EPNNPR;ACOES NOMINATIVAS ACOES PREFERENCIAIS;A;True;A;;;2026-10-05;True
BRPONOACNOR8;PONO;POLYNOR SA IND FIBRAS SINTETICAS PARAIBA;09126970000102;OK;ACN;OR;ON;ESVUFR;ACOES NOMINATIVAS ACOES ORDINARIAS;A;True;A;;;2026-10-05;True
BRPONOACNPA1;PONO;POLYNOR SA IND FIBRAS SINTETICAS PARAIBA;09126970000102;OK;ACN;PA;PN;EPNNPR;ACOES NOMINATIVAS ACOES PREFERENCIAIS CLASSE A;A;True;A;;;2026-10-05;True
BRPONOACNPB9;PONO;POLYNOR SA IND FIBRAS SINTETICAS PARAIBA;09126970000102;OK;ACN;PB;PN;EPNNPR;ACOES NOMINATIVAS ACOES PREFERENCIAIS CLASSE B;A;True;A;;;2026-10-05;True
BRPONOACNPC7;PONO;POLYNOR SA IND FIBRAS SINTETICAS PARAIBA;09126970000102;OK;ACN;PC;PN;EPNNPR;ACOES NOMINATIVAS ACOES PREFERENCIAIS CLASSE C;A;True;A;;;2026-10-05;True
BRPONOACNPD5;PONO;POLYNOR SA IND FIBRAS SINTETICAS PARAIBA;09126970000102;OK;ACN;PD;PN;EPNNPR;ACOES NOMINATIVAS ACOES PREFERENCIAIS CLASSE D;A;True;A;;;2026-10-05;True
BRPORCACNOR4;PORC;BRASIL FOODSERVICE GROUP SA BFG;10826798000189;OK;ACN;OR;ON;ESVUFR;ACOES NOMINATIVAS ACOES ORDINARIAS;A;True;A;;;2026-10-05;True
BRPORCACNPR1;PORC;BRASIL FOODSERVICE GROUP SA BFG;10826798000189;OK;ACN;PR;PN;EPNNPR;ACOES NOMINATIVAS ACOES PREFERENCIAIS;A;True;A;;;2026-10-05;True
BRPORPACNOR6;PORP;POLIPROPILENO PARTICIPACOES SA;01391425000131;OK;ACN;OR;ON;ESVUFR;ACOES NOMINATIVAS ACOES ORDINARIAS;A;True;A;;;2026-10-05;True
BRPORPACNPR3;PORP;POLIPROPILENO PARTICIPACOES SA;01391425000131;OK;ACN;PR;PN;EPNNPR;ACOES NOMINATIVAS ACOES PREFERENCIAIS;A;True;A;;;2026-10-05;True
BRPORTACNOR8;PORT;WILSON SONS HOLDINGS BRASIL S.A.;33130691000105;OK;ACN;OR;ON;ESVUFR;ACOES NOMINATIVAS;A;True;N;;;2026-10-05;True
BRPOSIACNOR9;POSI;POSITIVO TECNOLOGIA SA;81243735000148;OK;ACN;OR;ON;ESVUFR;ACOES NOMINATIVAS ACOES ORDINARIAS;A;True;A;;;2026-10-05;True
BRPOTYACNPA7;POTY;RIO POTY AGROPECUARIA SA;07472848000162;OK;ACN;PA;PN;EPNNPR;ACOES NOMINATIVAS ACOES PREFERENCIAIS CLASSE A;A;True;A;;;2026-10-05;True
BRPOWEACNOR0;POWE;FOCUS ENERGIA HOLDING PARTICIPAÇÕES S.A.;26735020000102;OK;ACN;OR;ON;ESVUFR;ACOES NOMINATIVAS;A;True;N;;;2026-10-05;True
BRPPARACNOR5;PPAR;POLPAR SA;59789545000171;OK;ACN;OR;ON;ESVUFR;ACOES NOMINATIVAS ACOES ORDINARIAS;A;True;A;;;2026-10-05;True
BRPPARACNPR2;PPAR;POLPAR SA;59789545000171;OK;ACN;PR;PN;EPNNPR;ACOES NOMINATIVAS ACOES PREFERENCIAIS;A;True;A;;;2026-10-05;True
BRPPEFACNOR2;PPEF;PPE FIOS ESMALTADOS SA;62255682000130;OK;ACN;OR;ON;ESVUFR;ACOES NOMINATIVAS ACOES ORDINARIAS;A;True;A;;;2026-10-05;True
BRPPHTACNPA9;PPHT;PAULISTA PRAIA HOTEL SA;00338915000101;OK;ACN;PA;PN;EPNNPR;ACOES NOMINATIVAS ACOES PREFERENCIAIS CLASSE A;A;True;A;;;2026-10-05;True
BRPPLAUNT007;PPLA;PPLA PARTICIPATIONS LTD.;15073274000188;OK;UNT;ZZ;UNIT;MCMUXR;UNITS UNITS REPRESENTATIVAS DE 1 BDR A E 2 BDR B DO PPLA PARTICIPATIONS LTD;A;True;A;;;2026-10-05;True
BRPPRNACNPR5;PPRN;PREPONA SISTEMAS TESTAGEM AVALIACAO SA;04007427000172;OK;ACN;PR;PN;EPNNPR;ACOES NOMINATIVAS ACOES PREFERENCIAIS;A;True;A;;;2026-10-05;True
BRPPSAACNOR3;PPSA;PROPASA PRODUTOS PAPEL SA;62794516000102;OK;ACN;OR;ON;ESVUFR;ACOES NOMINATIVAS ACOES ORDINARIAS;A;True;A;;;2026-10-05;True
BRPPSAACNPR0;PPSA;PROPASA PRODUTOS PAPEL SA;62794516000102;OK;ACN;PR;PN;EPNNPR;ACOES NOMINATIVAS ACOES PREFERENCIAIS;A;True;A;;;2026-10-05;True
BRPPTNACNPA7;PPTN;PAPETINS IND COM ARTEFATOS PAPEIS SA;37240355000168;OK;ACN;PA;PN;EPNNPR;ACOES NOMINATIVAS ACOES PREFERENCIAIS CLASSE A;A;True;A;;;2026-10-05;True
BRPQHDACNOR8;PQHD;PEQUENA CENTRAL HIDROELETRICA RIO DO BRACO SA;09024809000128;OK;ACN;OR;ON;ESVUFR;ACOES NOMINATIVAS ACOES ORDINARIAS;A;True;A;;;2026-10-05;True
BRPQTMACNOR4;PQTM;HOPI HARI SA (EX PARQUE TEMATICO PLAYCENTER SA);00924432000199;OK;ACN;OR;ON;ESVUFR;ACOES NOMINATIVAS ACOES ORDINARIAS;A;True;A;;;2026-10-05;True
BRPQTMACNPR1;PQTM;HOPI HARI SA (EX PARQUE TEMATICO PLAYCENTER SA);00924432000199;OK;ACN;PR;PN;EPNNPR;ACOES NOMINATIVAS ACOES PREFERENCIAIS;A;True;A;;;2026-10-05;True
BRPQUNACNOR0;PQUN;PETROQUIMICA UNIAO SA;61632964000147;OK;ACN;OR;ON;ESVUFR;ACOES NOMINATIVAS ACOES ORDINARIAS;A;True;A;;;2026-10-05;True
BRPQUNACNPR7;PQUN;PETROQUIMICA UNIAO SA;61632964000147;OK;ACN;PR;PN;EPNNPR;ACOES NOMINATIVAS ACOES PREFERENCIAIS;A;True;A;;;2026-10-05;True
BRPR0MACNPR6;PR0M;PROPEC-MINERALIZAÇÃO IND.COM E REPRES. S/A;05007794000139;OK;ACN;PR;PN;EPNNPR;ACOES NOMINATIVAS;A;True;N;;;2026-10-05;True
BRPR3VACNPC3;PR3V;PRODUTOS VEGETAIS PINDARÉ S/A-PROVESA;06194021000171;OK;ACN;PC;PN;EPNNPR;ACOES NOMINATIVAS;A;True;N;;;2026-10-05;True
BRPRARACNPB2;PRAR;PARANATINGA AGROPECUÁRIA SA;03476538000165;OK;ACN;PB;PN;EPNNPR;ACOES NOMINATIVAS ACOES PREFERENCIAIS CLASSE B;A;True;A;;;2026-10-05;True
BRPRBCACNOR1;PRBC;PARANA BCO SA;14388334000199;OK;ACN;OR;ON;ESVUFR;ACOES NOMINATIVAS ACOES ORDINARIAS;A;True;A;;;2026-10-05;True
BRPRBCACNPR8;PRBC;PARANA BCO SA;14388334000199;OK;ACN;PR;PN;EPNNPR;ACOES NOMINATIVAS ACOES PREFERENCIAIS;A;True;A;;;2026-10-05;True
BRPRBCCDAXX1;PRBC;PARANA BCO SA;14388334000199;OK;CDA;XX;UNIT;EMXXXR;CERTIFICADO DE DEPOSITO DE ACOES 1ON+7RECON+1PN+7RECPN;A;True;N;;;2026-10-05;True
BRPRBNACNOR8;PRBN;NEXA RECURSOS MINERAIS S.A.;42416651000107;OK;ACN;OR;ON;ESVUFR;ACOES NOMINATIVAS ACOES ORDINARIAS;A;True;A;;;2026-10-05;True
BRPRBNACNPR5;PRBN;NEXA RECURSOS MINERAIS S.A.;42416651000107;OK;ACN;PR;PN;EPNNPR;ACOES NOMINATIVAS ACOES PREFERENCIAIS;A;True;A;;;2026-10-05;True
BRPRCAACNOR3;PRCA;PRATICA PARTICIPACOES SA;10747021000129;OK;ACN;OR;ON;ESVUFR;ACOES NOMINATIVAS ACOES ORDINARIAS;A;True;A;;;2026-10-05;True
BRPRCBACNPA4;PRCB;AGROPECUARIA PRACUUBA SA;04730412000138;OK;ACN;PA;PN;EPNNPR;ACOES NOMINATIVAS ACOES PREFERENCIAIS CLASSE A;A;True;A;;;2026-10-05;True
BRPRCBACNPB2;PRCB;AGROPECUARIA PRACUUBA SA;04730412000138;OK;ACN;PB;PN;EPNNPR;ACOES NOMINATIVAS ACOES PREFERENCIAIS CLASSE B;A;True;A;;;2026-10-05;True
BRPRCPACNOR1;PRCP;PARINCORP SA;;VAZIO;ACN;OR;ON;ESVUFR;ACOES NOMINATIVAS ACOES ORDINARIAS;A;True;A;;;2026-10-05;True
BRPREQACNOR5;PREQ;PARANA EQUIPAMENTOS SA;76527951000185;OK;ACN;OR;ON;ESVUFR;ACOES NOMINATIVAS ACOES ORDINARIAS;A;True;A;;;2026-10-05;True
BRPREQACNPR2;PREQ;PARANA EQUIPAMENTOS SA;76527951000185;OK;ACN;PR;PN;EPNNPR;ACOES NOMINATIVAS ACOES PREFERENCIAIS;A;True;A;;;2026-10-05;True
BRPRGIACNPB8;PRGI;CIA AGROPASTORIL VALE PIRAGIBA;11486255000122;OK;ACN;PB;PN;EPNNPR;ACOES NOMINATIVAS ACOES PREFERENCIAIS CLASSE B;A;True;A;;;2026-10-05;True
BRPRGMACNPA2;PRGM;PARAGEM HOTEIS RODOVIARIOS TURISMO SA;03175429000108;OK;ACN;PA;PN;EPNNPR;ACOES NOMINATIVAS ACOES PREFERENCIAIS CLASSE A;A;True;A;;;2026-10-05;True
BRPRHYACNOR2;PRHY;CIA INDL PAPEL PIRAHY;33073008000137;OK;ACN;OR;ON;ESVUFR;ACOES NOMINATIVAS ACOES ORDINARIAS;A;True;A;;;2026-10-05;True
BRPRIOACNOR1;PRIO;PRIO S.A.;10629105000168;OK;ACN;OR;ON;ESVUFR;ACOES NOMINATIVAS ACOES ORDINARIAS;A;True;A;;;2026-10-05;True
BRPRMCACNOR8;PRMC;CIA PESQUISAS RECURSOS MINERAIS CPRM;;VAZIO;ACN;OR;ON;ESVUFR;ACOES NOMINATIVAS ACOES ORDINARIAS;A;True;A;;;2026-10-05;True
BRPRMCACNPR5;PRMC;CIA PESQUISAS RECURSOS MINERAIS CPRM;;VAZIO;ACN;PR;PN;EPNNPR;ACOES NOMINATIVAS ACOES PREFERENCIAIS;A;True;A;;;2026-10-05;True
BRPRMLACNOR9;PRML;PRUMO LOGISTICA S.A;08741499000108;OK;ACN;OR;ON;ESVUFR;ACOES NOMINATIVAS ACOES ORDINARIAS;A;True;A;;;2026-10-05;True
BRPRMNACNOR5;PRMN;PRODUTORES ENERGETICOS MANSO PROMAN;02291077000193;OK;ACN;OR;ON;ESVUFR;ACOES NOMINATIVAS ACOES ORDINARIAS;A;True;A;;;2026-10-05;True
BRPRMPACNOR0;PRMP;PARMA PARTICIPACOES S.A.;19464255000133;OK;ACN;OR;ON;ESVUFR;ACOES NOMINATIVAS ACOES ORDINARIAS;A;True;A;;;2026-10-05;True
BRPRMPACNPR7;PRMP;PARMA PARTICIPACOES S.A.;19464255000133;OK;ACN;PR;PN;EPNNPR;ACOES NOMINATIVAS ACOES PREFERENCIAIS;A;True;A;;;2026-10-05;True
BRPRNBACNPB9;PRNB;AGROPECUARIA PARANAIBA SA;04595195000110;OK;ACN;PB;PN;EPNNPR;ACOES NOMINATIVAS ACOES PREFERENCIAIS CLASSE B;A;True;A;;;2026-10-05;True
BRPRNPACNOR8;PRNP;CIA PARANAPRINT EMPREENDIMENTOS FLORESTAIS;;VAZIO;ACN;OR;ON;ESVUFR;ACOES NOMINATIVAS ACOES ORDINARIAS;A;True;A;;;2026-10-05;True
BRPRNRACNOR4;PRNR;PRINER SERVICOS INDUSTRIAIS S.A.;18593815000197;OK;ACN;OR;ON;ESVUFR;ACOES NOMINATIVAS ACOES ORDINARIAS;A;True;N;;;2026-10-05;True
BRPRNSACNOR2;PRNS;PARANA SHOPPING ADMINISTRADORA BENS SA;;VAZIO;ACN;OR;ON;ESVUFR;ACOES NOMINATIVAS ACOES ORDINARIAS;A;True;A;;;2026-10-05;True
BRPRNTACNPB1;PRNT;ALIMENTOS PROTEICOS NORTE SA PRONORTE;12616496000101;OK;ACN;PB;PN;EPNNPR;ACOES NOMINATIVAS ACOES PREFERENCIAIS CLASSE B;A;True;A;;;2026-10-05;True
BRPROAACNPA1;PROA;PRODUTOS AGRICOLAS SA PROASA;22963169000180;OK;ACN;PA;PN;EPNNPR;ACOES NOMINATIVAS ACOES PREFERENCIAIS CLASSE A;A;True;A;;;2026-10-05;True
BRPROSACNOR0;PROS;BCO PROSPER SA;33876475000103;OK;ACN;OR;ON;ESVUFR;ACOES NOMINATIVAS ACOES ORDINARIAS;A;True;A;;;2026-10-05;True
BRPROSACNPR7;PROS;BCO PROSPER SA;33876475000103;OK;ACN;PR;PN;EPNNPR;ACOES NOMINATIVAS ACOES PREFERENCIAIS;A;True;A;;;2026-10-05;True
BRPRPTACNOR5;PRPT;PROMPT PARTICIPACOES SA;02992449000109;OK;ACN;OR;ON;ESVUFR;ACOES NOMINATIVAS ACOES ORDINARIAS;A;True;A;;;2026-10-05;True
BRPRSCACNOR5;PRSC;PERSICO PIZZAMIGLIO SA;61091013000108;OK;ACN;OR;ON;ESVUFR;ACOES NOMINATIVAS ACOES ORDINARIAS;A;True;A;;;2026-10-05;True
BRPRSCACNPR2;PRSC;PERSICO PIZZAMIGLIO SA;61091013000108;OK;ACN;PR;PN;EPNNPR;ACOES NOMINATIVAS ACOES PREFERENCIAIS;A;True;A;;;2026-10-05;True
BRPRVAACNOR3;PRVA;PRIVALIA BRASIL S.A.;10464223000163;OK;ACN;OR;ON;ESVUFR;ACOES NOMINATIVAS;A;True;N;;;2026-10-05;True
BRPRVIACNOR6;PRVI;CIA PROVIDENCIA INDUSTRIA COMERCIO;76500180000132;OK;ACN;OR;ON;ESVUFR;ACOES NOMINATIVAS ACOES ORDINARIAS;A;True;A;;;2026-10-05;True
BRPRVTACNOR3;PRVT;PRIVATINVEST PARTICIPACOES SA;03587889000143;OK;ACN;OR;ON;ESVUFR;ACOES NOMINATIVAS ACOES ORDINARIAS;A;True;A;;;2026-10-05;True
BRPSBLACNOR0;PSBL;PRINCESA ISABEL INVESTIMENTOS IMOBILIARIOS PARTICIPACOES SA;26634807000170;OK;ACN;OR;ON;ESVUFR;ACOES NOMINATIVAS ACOES ORDINARIAS;A;True;A;;;2026-10-05;True
BRPSJAACNPA9;PSJA;PEDRAS SAO JOAO AGROPECUARIA SA;18851584000174;OK;ACN;PA;PN;EPNNPR;ACOES NOMINATIVAS ACOES PREFERENCIAIS CLASSE A;A;True;A;;;2026-10-05;True
BRPSRAACNPB0;PSRA;PASSIRA AGROPECUARIA SA;11219235000195;OK;ACN;PB;PN;EPNNPR;ACOES NOMINATIVAS ACOES PREFERENCIAIS CLASSE B;A;True;A;;;2026-10-05;True
BRPSSAACNOR7;PSSA;PORTO SEGURO SA;02149205000169;OK;ACN;OR;ON;ESVUFR;ACOES NOMINATIVAS ACOES ORDINARIAS;A;True;A;;;2026-10-05;True
BRPSSIACNOR0;PSSI;PASSEI DIRETO SA;13701645000101;OK;ACN;OR;ON;ESVUFR;ACOES NOMINATIVAS ACOES ORDINARIAS;A;True;N;;;2026-10-05;True
BRPSSIACNPA3;PSSI;PASSEI DIRETO SA;13701645000101;OK;ACN;PA;PN;EPNNPR;ACOES NOMINATIVAS ACOES PREFERENCIAIS CLASSE A;A;True;A;;;2026-10-05;True
BRPSSIACNPB1;PSSI;PASSEI DIRETO SA;13701645000101;OK;ACN;PB;PN;EPNNPR;ACOES NOMINATIVAS ACOES PREFERENCIAIS CLASSE B;A;True;A;;;2026-10-05;True
BRPSTEACNOR7;PSTE;PST ELETRONICA SA;84496066000104;OK;ACN;OR;ON;ESVUFR;ACOES NOMINATIVAS ACOES ORDINARIAS;A;True;A;;;2026-10-05;True
BRPTABACNOR1;PTAB;PARTICIPACOES ABC SA;00635156000149;OK;ACN;OR;ON;ESVUFR;ACOES NOMINATIVAS ACOES ORDINARIAS;A;True;A;;;2026-10-05;True
BRPTBLACNOR8;PTBL;PBG SA;83475913000191;OK;ACN;OR;ON;ESVUFR;ACOES NOMINATIVAS ACOES ORDINARIAS;A;True;A;;;2026-10-05;True
BRPTBPACNPR6;PTBP;PORTOBELLO PARTICIPACOES CERAMICAS SA;02810793000130;OK;ACN;PR;PN;EPNNPR;ACOES NOMINATIVAS ACOES PREFERENCIAIS;A;True;A;;;2026-10-05;True
BRPTCAACNOR9;PTCA;PRATICA PRODUTOS S.A.;08574411000100;OK;ACN;OR;ON;ESVUFR;ACOES NOMINATIVAS;A;True;N;;;2026-10-05;True
BRPTEXACNOR7;PTEX;POLTEX POLIDO TEXTIL SA;35980960000140;OK;ACN;OR;ON;ESVUFR;ACOES NOMINATIVAS ACOES ORDINARIAS;A;True;A;;;2026-10-05;True
BRPTEXACNPR4;PTEX;POLTEX POLIDO TEXTIL SA;35980960000140;OK;ACN;PR;PN;EPNNPR;ACOES NOMINATIVAS ACOES PREFERENCIAIS;A;True;A;;;2026-10-05;True
BRPTGYACNPB1;PTGY;CIA FRIGORIFICO POTENGY;08479123000169;OK;ACN;PB;PN;EPNNPR;ACOES NOMINATIVAS ACOES PREFERENCIAIS CLASSE B;A;True;A;;;2026-10-05;True
BRPTIPACNOR4;PTIP;CIA BRASILEIRA PETROLEO IPIRANGA;33069766000181;OK;ACN;OR;ON;ESVUFR;ACOES NOMINATIVAS ACOES ORDINARIAS;A;True;A;;;2026-10-05;True
BRPTIPACNPR1;PTIP;CIA BRASILEIRA PETROLEO IPIRANGA;33069766000181;OK;ACN;PR;PN;EPNNPR;ACOES NOMINATIVAS ACOES PREFERENCIAIS;A;True;A;;;2026-10-05;True
BRPTLAACNPA3;PTLA;CELULOSE PAPEL PERNAMBUCO SA CEPASA;10422699000131;OK;ACN;PA;PN;EPNNPR;ACOES NOMINATIVAS ACOES PREFERENCIAIS CLASSE A;A;True;A;;;2026-10-05;True
BRPTLSACNOR2;PTLS;PONTUAL LEASING SA ARREND MERCANTIL;68271295000174;OK;ACN;OR;ON;ESVUFR;ACOES NOMINATIVAS ACOES ORDINARIAS;A;True;A;;;2026-10-05;True
BRPTNTACNOR6;PTNT;PETTENATI SA IND TEXTIL;88613658000110;OK;ACN;OR;ON;ESVUFR;ACOES NOMINATIVAS ACOES ORDINARIAS;A;True;A;;;2026-10-05;True
BRPTNTACNPR3;PTNT;PETTENATI SA IND TEXTIL;88613658000110;OK;ACN;PR;PN;EPNNPR;ACOES NOMINATIVAS ACOES PREFERENCIAIS;A;True;A;;;2026-10-05;True
BRPTPAACNOR1;PTPA;EVORA SA;91820068000172;OK;ACN;OR;ON;ESVUFR;ACOES NOMINATIVAS ACOES ORDINARIAS;A;True;A;;;2026-10-05;True
BRPTPAACNPR8;PTPA;EVORA SA;91820068000172;OK;ACN;PR;PN;EPNNPR;ACOES NOMINATIVAS ACOES PREFERENCIAIS;A;True;A;;;2026-10-05;True
BRPTQSACNOR1;PTQS;PETROBRAS QUIMICA SA PETROQUISA;33795055000194;OK;ACN;OR;ON;ESVUFR;ACOES NOMINATIVAS ACOES ORDINARIAS;A;True;A;;;2026-10-05;True
BRPTQSACNPR8;PTQS;PETROBRAS QUIMICA SA PETROQUISA;33795055000194;OK;ACN;PR;PN;EPNNPR;ACOES NOMINATIVAS ACOES PREFERENCIAIS;A;True;A;;;2026-10-05;True
BRPTRLACNOR4;PTRL;PETROLEO LUBRIFICANTES NORDESTE SA PETROLUSA;;VAZIO;ACN;OR;ON;ESVUFR;ACOES NOMINATIVAS ACOES ORDINARIAS;A;True;A;;;2026-10-05;True
BRPTRLACNPA7;PTRL;PETROLEO LUBRIFICANTES NORDESTE SA PETROLUSA;;VAZIO;ACN;PA;PN;EPNNPR;ACOES NOMINATIVAS ACOES PREFERENCIAIS CLASSE A;A;True;A;;;2026-10-05;True
BRPTRLACNPB5;PTRL;PETROLEO LUBRIFICANTES NORDESTE SA PETROLUSA;;VAZIO;ACN;PB;PN;EPNNPR;ACOES NOMINATIVAS ACOES PREFERENCIAIS CLASSE B;A;True;A;;;2026-10-05;True
BRPTRLACNPC3;PTRL;PETROLEO LUBRIFICANTES NORDESTE SA PETROLUSA;;VAZIO;ACN;PC;PN;EPNNPR;ACOES NOMINATIVAS ACOES PREFERENCIAIS CLASSE C;A;True;A;;;2026-10-05;True
BRPTRTACNOR7;PTRT;PÁTRIA TERRAS AGRÍCOLAS III S.A.;22165101000155;OK;ACN;OR;ON;ESVUFR;ACOES NOMINATIVAS;A;True;N;;;2026-10-05;True
BRPTSLACNOR2;PTSL;PORTOSUL PARTICIPACOES S.A.;26743444000100;OK;ACN;OR;ON;ESVUFR;ACOES NOMINATIVAS ACOES ORDINARIAS;A;True;N;;;2026-10-05;True
BRPTSLACNPR9;PTSL;PORTOSUL PARTICIPACOES S.A.;26743444000100;OK;ACN;PR;PN;EPNNPR;ACOES NOMINATIVAS ACOES PREFERENCIAIS;A;True;A;;;2026-10-05;True
BRPTTAACNOR3;PTTA;PÁTRIA TERRAS AGRÍCOLAS II S.A.;27212303000124;OK;ACN;OR;ON;ESVUFR;ACOES NOMINATIVAS;A;True;N;;;2026-10-05;True
BRPTYNACNOR6;PTYN;PLASTRYN SA INDUSTRIA COMERCIO;05778981000116;OK;ACN;OR;ON;ESVUFR;ACOES NOMINATIVAS ACOES ORDINARIAS;A;True;A;;;2026-10-05;True
BRPUECACNPR6;PUEC;PUERI IND COM CONFECCOES SA;12215224000108;OK;ACN;PR;PN;EPNNPR;ACOES NOMINATIVAS ACOES PREFERENCIAIS;A;True;A;;;2026-10-05;True
BRPVLTACNOR6;PVLT;SOUTO VIDIGAL SA;60688256000165;OK;ACN;OR;ON;ESVUFR;ACOES NOMINATIVAS ACOES ORDINARIAS;A;True;A;;;2026-10-05;True
BRPVSAACNPB2;PVSA;PECUARIA PASTOS VERDES SA PAVESA;11623162000100;OK;ACN;PB;PN;EPNNPR;ACOES NOMINATIVAS ACOES PREFERENCIAIS CLASSE B;A;True;A;;;2026-10-05;True
BRPVTLACNOR6;PVTL;PRIVTEL INVESTS SA;;VAZIO;ACN;OR;ON;ESVUFR;ACOES NOMINATIVAS ACOES ORDINARIAS;A;True;A;;;2026-10-05;True
BRPWBRACNOR9;PWBR;PW BRASIL EXPORT SA;03734942000191;OK;ACN;OR;ON;ESVUFR;ACOES NOMINATIVAS ACOES ORDINARIAS;A;True;A;;;2026-10-05;True
BRPWBRACNPR6;PWBR;PW BRASIL EXPORT SA;03734942000191;OK;ACN;PR;PN;EPNNPR;ACOES NOMINATIVAS ACOES PREFERENCIAIS;A;True;A;;;2026-10-05;True
BRPXECACNOR3;PXEC;PEIXE SA;10782175000151;OK;ACN;OR;ON;ESVUFR;ACOES NOMINATIVAS ACOES ORDINARIAS;A;True;A;;;2026-10-05;True
BRPXECACNPR0;PXEC;PEIXE SA;10782175000151;OK;ACN;PR;PN;EPNNPR;ACOES NOMINATIVAS ACOES PREFERENCIAIS;A;True;A;;;2026-10-05;True
BRQGNEACNOR3;QGNE;QUIMICA GERAL NORDESTE SA;;VAZIO;ACN;OR;ON;ESVUFR;ACOES NOMINATIVAS ACOES ORDINARIAS;A;True;A;;;2026-10-05;True
BRQGNEACNPR0;QGNE;QUIMICA GERAL NORDESTE SA;;VAZIO;ACN;PR;PN;EPNNPR;ACOES NOMINATIVAS ACOES PREFERENCIAIS;A;True;A;;;2026-10-05;True
BRQGNPACNOR9;QGNP;QGN PARTICIPACOES SA;13608583000180;OK;ACN;OR;ON;ESVUFR;ACOES NOMINATIVAS ACOES ORDINARIAS;A;True;A;;;2026-10-05;True
BRQGNPACNPR6;QGNP;QGN PARTICIPACOES SA;13608583000180;OK;ACN;PR;PN;EPNNPR;ACOES NOMINATIVAS ACOES PREFERENCIAIS;A;True;A;;;2026-10-05;True
BRQLTXACNOR0;QLTX;QUALYTEXTIL SA;04011170000122;OK;ACN;OR;ON;ESVUFR;ACOES NOMINATIVAS ACOES ORDINARIAS;A;True;A;;;2026-10-05;True
BRQLTXACNPA3;QLTX;QUALYTEXTIL SA;04011170000122;OK;ACN;PA;PN;EPNNPR;ACOES NOMINATIVAS ACOES PREFERENCIAIS CLASSE A;A;True;A;;;2026-10-05;True
BRQMGCACNOR9;QMGC;QUADRADO MAGICO DESENVOLVIMENTO LICENCIMENTO SOFTWARE SA;14947607000198;OK;ACN;OR;ON;ESVUFR;ACOES NOMINATIVAS ACOES ORDINARIAS;A;True;N;;;2026-10-05;True
BRQMGCACNPR6;QMGC;QUADRADO MAGICO DESENVOLVIMENTO LICENCIMENTO SOFTWARE SA;14947607000198;OK;ACN;PR;PN;EPNNPR;ACOES NOMINATIVAS ACOES PREFERENCIAIS;A;True;A;;;2026-10-05;True
BRQMSNACNOR1;QMSN;QUIMISINOS SA;96736806000111;OK;ACN;OR;ON;ESVUFR;ACOES NOMINATIVAS ACOES ORDINARIAS;A;True;A;;;2026-10-05;True
BRQMSNACNPA4;QMSN;QUIMISINOS SA;96736806000111;OK;ACN;PA;PN;EPNNPR;ACOES NOMINATIVAS ACOES PREFERENCIAIS CLASSE A;A;True;A;;;2026-10-05;True
BRQMSNACNPB2;QMSN;QUIMISINOS SA;96736806000111;OK;ACN;PB;PN;EPNNPR;ACOES NOMINATIVAS ACOES PREFERENCIAIS CLASSE B;A;True;A;;;2026-10-05;True
BRQTLAACNOR8;QTLA;COML QUINTELLA COM EXPORTACAO SA;00994533000136;OK;ACN;OR;ON;ESVUFR;ACOES NOMINATIVAS ACOES ORDINARIAS;A;True;A;;;2026-10-05;True
BRQTLAACNPR5;QTLA;COML QUINTELLA COM EXPORTACAO SA;00994533000136;OK;ACN;PR;PN;EPNNPR;ACOES NOMINATIVAS ACOES PREFERENCIAIS;A;True;A;;;2026-10-05;True
BRQUALACNOR6;QUAL;QUALICORP CONSULTORIA E CORRETORA DE SEGUROS S.A.;11992680000193;OK;ACN;OR;ON;ESVUFR;ACOES NOMINATIVAS ACOES ORDINARIAS;A;True;A;;;2026-10-05;True
BRQUENACNOR4;QUEN;CIA THERMAS RIO QUENTE;01540533000129;OK;ACN;OR;ON;ESVUFR;ACOES NOMINATIVAS ACOES ORDINARIAS;A;True;A;;;2026-10-05;True
BRQUENACNPA7;QUEN;CIA THERMAS RIO QUENTE;01540533000129;OK;ACN;PA;PN;EPNNPR;ACOES NOMINATIVAS ACOES PREFERENCIAIS CLASSE A;A;True;A;;;2026-10-05;True
BRQUENACNPB5;QUEN;CIA THERMAS RIO QUENTE;01540533000129;OK;ACN;PB;PN;EPNNPR;ACOES NOMINATIVAS ACOES PREFERENCIAIS CLASSE B;A;True;A;;;2026-10-05;True
BRQUSWACNOR5;QUSW;QUALITY SOFTWARE S.A;35791391000194;OK;ACN;OR;ON;ESVUFR;ACOES NOMINATIVAS ACOES ORDINARIAS;A;True;A;;;2026-10-05;True
BRQVQPACNOR1;QVQP;524 PARTICIPACOES SA;01851771000155;OK;ACN;OR;ON;ESVUFR;ACOES NOMINATIVAS ACOES ORDINARIAS;A;True;A;;;2026-10-05;True
BRQVUMACNOR0;QVUM;521 PARTICIPACOES SA;01547749000116;OK;ACN;OR;ON;ESVUFR;ACOES NOMINATIVAS ACOES ORDINARIAS;A;True;A;;;2026-10-05;True
BRR0SJACNPA8;R0SJ;AGROPECUÁRIA RIO SÃO JOÃO S/A;05023692000107;OK;ACN;PA;PN;EPNNPR;ACOES NOMINATIVAS;A;True;N;;;2026-10-05;True
BRR1APACNPR5;R1AP;RIO PALMAS AGROPASTORIL S/A;00100685000148;OK;ACN;PR;PN;EPNNPR;ACOES NOMINATIVAS;A;True;N;;;2026-10-05;True
BRR8AGACNPA5;R8AG;ROBUSTA AGROPECUÁRIA S/A;04268165000108;OK;ACN;PA;PN;EPNNPR;ACOES NOMINATIVAS;A;True;N;;;2026-10-05;True
BRR8UNACNPA9;R8UN;REFRIGERANTES UNIÃO S/A;33724824000163;OK;ACN;PA;PN;EPNNPR;ACOES NOMINATIVAS;A;True;N;;;2026-10-05;True
BRR9ASACNPA8;R9AS;RACOES ARGO S/A;05279039000103;OK;ACN;PA;PN;EPNNPR;ACOES NOMINATIVAS;A;True;N;;;2026-10-05;True
BRRADLACNOR0;RADL;RAIA DROGASIL SA;61585865000151;OK;ACN;OR;ON;ESVUFR;ACOES NOMINATIVAS ACOES ORDINARIAS;A;True;A;;;2026-10-05;True
BRRADOACNOR4;RADO;RANDON SA VEICULOS IMPLEMENTOS;88610829000157;OK;ACN;OR;ON;ESVUFR;ACOES NOMINATIVAS ACOES ORDINARIAS;A;True;A;;;2026-10-05;True
BRRADOACNPR1;RADO;RANDON SA VEICULOS IMPLEMENTOS;88610829000157;OK;ACN;PR;PN;EPNNPR;ACOES NOMINATIVAS ACOES PREFERENCIAIS;A;True;A;;;2026-10-05;True
BRRAIAACNOR2;RAIA;RAIA SA;60605664000106;OK;ACN;OR;ON;ESVUFR;ACOES NOMINATIVAS ACOES ORDINARIAS;A;True;A;;;2026-10-05;True
BRRAILACNOR9;RAIL;RUMO SA;02387241000160;OK;ACN;OR;ON;ESVUFR;ACOES NOMINATIVAS ACOES ORDINARIAS;A;True;A;;;2026-10-05;True
BRRAIZACNOR9;RAIZ;RAÌZEN S.A.;33453598000123;OK;ACN;OR;ON;ESVUFR;ACOES NOMINATIVAS;A;True;N;;;2026-10-05;True
BRRAIZACNPR6;RAIZ;RAÌZEN S.A.;33453598000123;OK;ACN;PR;PN;EPNNPR;ACOES NOMINATIVAS;A;True;N;;;2026-10-05;True
BRRANIACNOR5;RANI;IRANI PAPEL E EMBALAGEM SA;92791243000103;OK;ACN;OR;ON;ESVUFR;ACOES NOMINATIVAS ACOES ORDINARIAS;A;True;A;;;2026-10-05;True
BRRANIACNPR2;RANI;IRANI PAPEL E EMBALAGEM SA;92791243000103;OK;ACN;PR;PN;EPNNPR;ACOES NOMINATIVAS ACOES PREFERENCIAIS;A;True;A;;;2026-10-05;True
BRRAPTACNOR7;RAPT;RANDONCORP S.A.;89086144000116;OK;ACN;OR;ON;ESVUFR;ACOES NOMINATIVAS ACOES ORDINARIAS;A;True;A;;;2026-10-05;True
BRRAPTACNPR4;RAPT;RANDONCORP S.A.;89086144000116;OK;ACN;PR;PN;EPNNPR;ACOES NOMINATIVAS ACOES PREFERENCIAIS;A;True;A;;;2026-10-05;True
BRRAROACNPC3;RARO;RAROS AGROIND PRODUTOS AROMATICOS SA;48606891000150;OK;ACN;PC;PN;EPNNPR;ACOES NOMINATIVAS ACOES PREFERENCIAIS CLASSE C;A;True;A;;;2026-10-05;True
BRRAYFACNPA1;RAYF;PARA INDUSTRIAS REUNIDAS RAYMUNDO FONTE SA;22949911000100;OK;ACN;PA;PN;EPNNPR;ACOES NOMINATIVAS ACOES PREFERENCIAIS CLASSE A;A;True;A;;;2026-10-05;True
BRRBCSACNOR5;RBCS;RB CAPITAL SECURITIZADORA SA;03559006000191;OK;ACN;OR;ON;ESVUFR;ACOES NOMINATIVAS ACOES ORDINARIAS;A;True;A;;;2026-10-05;True
BRRBNSACNOR2;RBNS;RODOBENS S.A;59981829000165;OK;ACN;OR;ON;ESVUFR;ACOES NOMINATIVAS;A;True;N;;;2026-10-05;True
BRRBNSACNPR9;RBNS;RODOBENS S.A;59981829000165;OK;ACN;PR;PN;EPNNPR;ACOES NOMINATIVAS;A;True;N;;;2026-10-05;True
BRRBNSCDAM14;RBNS;RODOBENS S.A;59981829000165;OK;CDA;M1;UNIT;EMXXXR;CERTIFICADO DE DEPOSITO DE ACOES 1ON + 2PN;A;True;N;;;2026-10-05;True
BRRBOEACNOR0;RBOE;RBO ENERGIA SA;13448298000149;OK;ACN;OR;ON;ESVUFR;ACOES NOMINATIVAS ACOES ORDINARIAS;A;True;A;;;2026-10-05;True
BRRBPEACNOR7;RBPE;RB CAPITAL PORTFOLIO EMPREENDIMENTOS IMOBILIARIOS SA;12557861000154;OK;ACN;OR;ON;ESVUFR;ACOES NOMINATIVAS ACOES ORDINARIAS;A;True;A;;;2026-10-05;True
BRRBRAACNOR1;RBRA;OPEA SECURITIZADORA S.A.;02773542000122;OK;ACN;OR;ON;ESVUFR;ACOES NOMINATIVAS ACOES ORDINARIAS;A;True;A;;;2026-10-05;True
BRRBRGACNOR8;RBRG;RIO BARIGUI PARTICIPACOES;11035354000198;OK;ACN;OR;ON;ESVUFR;ACOES NOMINATIVAS ACOES ORDINARIAS;A;True;A;;;2026-10-05;True
BRRCAGACNPA5;RCAG;RIO CLARO AGROINDL SA;69423127000110;OK;ACN;PA;PN;EPNNPR;ACOES NOMINATIVAS ACOES PREFERENCIAIS CLASSE A;A;True;A;;;2026-10-05;True
BRRCCMACNPR3;RCCM;RC CONSULT MARKET EMPREENDIMETOS TURISTICOS SA;24390403000152;OK;ACN;PR;PN;EPNNPR;ACOES NOMINATIVAS ACOES PREFERENCIAIS;A;True;A;;;2026-10-05;True
BRRCDRACNPC2;RCDR;AGROPECUARIA RONCADOR SA;;VAZIO;ACN;PC;PN;EPNNPR;ACOES NOMINATIVAS ACOES PREFERENCIAIS CLASSE C;A;True;A;;;2026-10-05;True
BRRCDRACNPD0;RCDR;AGROPECUARIA RONCADOR SA;;VAZIO;ACN;PD;PN;EPNNPR;ACOES NOMINATIVAS ACOES PREFERENCIAIS CLASSE D;A;True;A;;;2026-10-05;True
BRRCHDACNPC3;RCHD;RACHID ABDALLA SA IND COM;06260897000179;OK;ACN;PC;PN;EPNNPR;ACOES NOMINATIVAS;A;True;N;;;2026-10-05;True
BRRCMCACNOR6;RCMC;RACIMEC INFORMATICA BRASILEIRA SA;33643305000170;OK;ACN;OR;ON;ESVUFR;ACOES NOMINATIVAS ACOES ORDINARIAS;A;True;A;;;2026-10-05;True
BRRCMCACNPR3;RCMC;RACIMEC INFORMATICA BRASILEIRA SA;33643305000170;OK;ACN;PR;PN;EPNNPR;ACOES NOMINATIVAS ACOES PREFERENCIAIS;A;True;A;;;2026-10-05;True
BRRCPRACNOR7;RCPR;REAL CONSORCIO PARTICIPACOES SA;02670203000110;OK;ACN;OR;ON;ESVUFR;ACOES NOMINATIVAS ACOES ORDINARIAS;A;True;A;;;2026-10-05;True
BRRCPRACNPA0;RCPR;REAL CONSORCIO PARTICIPACOES SA;02670203000110;OK;ACN;PA;PN;EPNNPR;ACOES NOMINATIVAS ACOES PREFERENCIAIS CLASSE A;A;True;A;;;2026-10-05;True
BRRCPRACNPB8;RCPR;REAL CONSORCIO PARTICIPACOES SA;02670203000110;OK;ACN;PB;PN;EPNNPR;ACOES NOMINATIVAS ACOES PREFERENCIAIS CLASSE B;A;True;A;;;2026-10-05;True
BRRCPRACNPC6;RCPR;REAL CONSORCIO PARTICIPACOES SA;02670203000110;OK;ACN;PC;PN;EPNNPR;ACOES NOMINATIVAS ACOES PREFERENCIAIS CLASSE C;A;True;A;;;2026-10-05;True
BRRCPRACNPD4;RCPR;REAL CONSORCIO PARTICIPACOES SA;02670203000110;OK;ACN;PD;PN;EPNNPR;ACOES NOMINATIVAS ACOES PREFERENCIAIS CLASSE D;A;True;A;;;2026-10-05;True
BRRCPRACNPE2;RCPR;REAL CONSORCIO PARTICIPACOES SA;02670203000110;OK;ACN;PE;PN;EPNNPR;ACOES NOMINATIVAS ACOES PREFERENCIAIS CLASSE E;A;True;A;;;2026-10-05;True
BRRCPRACNPF9;RCPR;REAL CONSORCIO PARTICIPACOES SA;02670203000110;OK;ACN;PF;PN;EPNNPR;ACOES NOMINATIVAS ACOES PREFERENCIAIS CLASSE F;A;True;A;;;2026-10-05;True
BRRCROACNPA3;RCRO;AGROPECUARIA RICASTRO SA;04581971000123;OK;ACN;PA;PN;EPNNPR;ACOES NOMINATIVAS ACOES PREFERENCIAIS CLASSE A;A;True;A;;;2026-10-05;True
BRRCSLACNOR4;RCSL;RECRUSUL SA;91333666000117;OK;ACN;OR;ON;ESVUFR;ACOES NOMINATIVAS ACOES ORDINARIAS;A;True;A;;;2026-10-05;True
BRRCSLACNPR1;RCSL;RECRUSUL SA;91333666000117;OK;ACN;PR;PN;EPNNPR;ACOES NOMINATIVAS ACOES PREFERENCIAIS;A;True;A;;;2026-10-05;True
BRRCSTACNPB8;RCST;ROCHA SANTOS AGROIND SA;06246961000167;OK;ACN;PB;PN;EPNNPR;ACOES NOMINATIVAS ACOES PREFERENCIAIS CLASSE B;A;True;A;;;2026-10-05;True
BRRCTAACNPB6;RCTA;RIO CORTADO AGROPECUARIA S.A;01794426000127;OK;ACN;PB;PN;EPNNPR;ACOES NOMINATIVAS ACOES PREFERENCIAIS CLASSE B;A;True;A;;;2026-10-05;True
BRRDCDACNOR3;RDCD;REDECARD SA;01425787000104;OK;ACN;OR;ON;ESVUFR;ACOES NOMINATIVAS ACOES ORDINARIAS;A;True;A;;;2026-10-05;True
BRRDNIACNOR9;RDNI;RNI NEGOCIOS IMOBILIARIOS SA;67010660000124;OK;ACN;OR;ON;ESVUFR;ACOES NOMINATIVAS ACOES ORDINARIAS;A;True;A;;;2026-10-05;True
BRRDNRACNPA3;RDNR;RODANA RELOGIOS SA;22800833000170;OK;ACN;PA;PN;EPNNPR;ACOES NOMINATIVAS ACOES PREFERENCIAIS CLASSE A;A;True;A;;;2026-10-05;True
BRRDORACNOR8;RDOR;REDE D OR SAO LUIZ SA;06047087000139;OK;ACN;OR;ON;ESVUFR;ACOES NOMINATIVAS NOV/2020;A;True;N;;;2026-10-05;True
BRRDTRACNOR7;RDTR;REDENTOR ENERGIA SA;12126500000153;OK;ACN;OR;ON;ESVUFR;ACOES NOMINATIVAS ACOES ORDINARIAS;A;True;A;;;2026-10-05;True
BRRECFACNOR6;RECF;REALCAFE SOLUVEL BRASIL SA;28154847000140;OK;ACN;OR;ON;ESVUFR;ACOES NOMINATIVAS ACOES ORDINARIAS;A;True;A;;;2026-10-05;True
BRRECFACNPA9;RECF;REALCAFE SOLUVEL BRASIL SA;28154847000140;OK;ACN;PA;PN;EPNNPR;ACOES NOMINATIVAS ACOES PREFERENCIAIS CLASSE A;A;True;A;;;2026-10-05;True
BRRECFACNPB7;RECF;REALCAFE SOLUVEL BRASIL SA;28154847000140;OK;ACN;PB;PN;EPNNPR;ACOES NOMINATIVAS ACOES PREFERENCIAIS CLASSE B;A;True;A;;;2026-10-05;True
BRRECVACNOR3;RECV;PETRORECONCAVO S.A;03342704000130;OK;ACN;OR;ON;ESVUFR;ACOES NOMINATIVAS ACOES ORDINARIAS;A;True;A;;;2026-10-05;True
BRREDEACNOR7;REDE;REDE ENERGIA SA;61584140000149;OK;ACN;OR;ON;ESVUFR;ACOES NOMINATIVAS ACOES ORDINARIAS;A;True;A;;;2026-10-05;True
BRREDEACNPR4;REDE;REDE ENERGIA SA;61584140000149;OK;ACN;PR;PN;EPNNPR;ACOES NOMINATIVAS ACOES PREFERENCIAIS;A;True;A;;;2026-10-05;True
BRREEMACNOR8;REEM;RIMET EMPREENDIMENTOS INDLS COMLS SA (EX RHEEM);29388352000148;OK;ACN;OR;ON;ESVUFR;ACOES NOMINATIVAS ACOES ORDINARIAS;A;True;A;;;2026-10-05;True
BRREEMACNPR5;REEM;RIMET EMPREENDIMENTOS INDLS COMLS SA (EX RHEEM);29388352000148;OK;ACN;PR;PN;EPNNPR;ACOES NOMINATIVAS ACOES PREFERENCIAIS;A;True;A;;;2026-10-05;True
BRREFCACNPR3;REFC;REFINADORA CATARINENSE SA;86151586000100;OK;ACN;PR;PN;EPNNPR;ACOES NOMINATIVAS ACOES PREFERENCIAIS;A;True;A;;;2026-10-05;True
BRREM4ACNPB5;REM4;AGROPECUÁRIA REMANSO AÇU S/A;04978466000117;OK;ACN;PB;PN;EPNNPR;ACOES NOMINATIVAS;A;True;N;;;2026-10-05;True
BRREMIACNOR9;REMI;RE MONTE INVESTIMENTOS IMOBILIARIOS PARTICIPACOES SA;17407889000129;OK;ACN;OR;ON;ESVUFR;ACOES NOMINATIVAS ACOES ORDINARIAS;A;True;A;;;2026-10-05;True
BRRENTACNOR4;RENT;LOCALIZA RENT A CAR SA;16670085000155;OK;ACN;OR;ON;ESVUFR;ACOES NOMINATIVAS ACOES ORDINARIAS;A;True;A;;;2026-10-05;True
BRRENTACNPR1;RENT;LOCALIZA RENT A CAR SA;16670085000155;OK;ACN;PR;PN;EPNNPR;ACOES NOMINATIVAS;A;True;N;;;2026-10-05;True
BRRENTCDAXX4;RENT;LOCALIZA RENT A CAR SA;16670085000155;OK;CDA;XX;UNIT;EMXXXR;CERTIFICADO DE DEPOSITO DE ACOES CESTA - BONI RENT;A;True;N;;;2026-10-05;True
BRREPAACNOR9;REPA;ELECTROLUX BRASIL SA;76487032000125;OK;ACN;OR;ON;ESVUFR;ACOES NOMINATIVAS ACOES ORDINARIAS;A;True;A;;;2026-10-05;True
BRREPAACNPR6;REPA;ELECTROLUX BRASIL SA;76487032000125;OK;ACN;PR;PN;EPNNPR;ACOES NOMINATIVAS ACOES PREFERENCIAIS;A;True;A;;;2026-10-05;True
BRREXVACNOR9;REXV;REAL ESTATE XV INVESTIMENTOS IMOBILIARIOS PARTICIPACOES SA;17947891000190;OK;ACN;OR;ON;ESVUFR;ACOES NOMINATIVAS ACOES ORDINARIAS;A;True;A;;;2026-10-05;True
BRRFAGACNOR5;RFAG;REDE FEDERAL ARMAZENS GERAIS FERROVIARIOS SA;;VAZIO;ACN;OR;ON;ESVUFR;ACOES NOMINATIVAS ACOES ORDINARIAS;A;True;A;;;2026-10-05;True
BRRFGPACNPB4;RFGP;RIO FONTOURA AGROPECUARIA;04975108000150;OK;ACN;PB;PN;ESVUFR;ACOES NOMINATIVAS ACOES PREFERENCIAIS CLASSE B;A;True;N;;;2026-10-05;True
BRRFPRACNOR0;RFPR;REFRUPAR PARTICIPACOES SA;03150261000186;OK;ACN;OR;ON;ESVUFR;ACOES NOMINATIVAS ACOES ORDINARIAS;A;True;A;;;2026-10-05;True
BRRFPRACNPA3;RFPR;REFRUPAR PARTICIPACOES SA;03150261000186;OK;ACN;PA;PN;EPNNPR;ACOES NOMINATIVAS ACOES PREFERENCIAIS CLASSE A;A;True;A;;;2026-10-05;True
BRRFRIACNPA8;RFRI;REFRIMA SA EQUIPAMENTOS INDLS;04306213000105;OK;ACN;PA;PN;EPNNPR;ACOES NOMINATIVAS ACOES PREFERENCIAIS CLASSE A;A;True;A;;;2026-10-05;True
BRRGICACNOR5;RGIC;REGINA INDUSTRIA COMERCIO SA;52005378000181;OK;ACN;OR;ON;ESVUFR;ACOES NOMINATIVAS ACOES ORDINARIAS;A;True;N;;;2026-10-05;True
BRRGRTACNPC9;RGRT;REFRIGERANTES GAROTO IND COM SA;04922415000173;OK;ACN;PC;PN;EPNNPR;ACOES NOMINATIVAS ACOES PREFERENCIAIS CLASSE C;A;True;A;;;2026-10-05;True
BRRGRTACNPD7;RGRT;REFRIGERANTES GAROTO IND COM SA;04922415000173;OK;ACN;PD;PN;EPNNPR;ACOES NOMINATIVAS ACOES PREFERENCIAIS CLASSE D;A;True;A;;;2026-10-05;True
BRRGSAACNOR8;RGSA;RG ESTALEIROS SA;12487364000127;OK;ACN;OR;ON;ESVUFR;ACOES NOMINATIVAS ACOES ORDINARIAS;A;True;A;;;2026-10-05;True
BRRGUAACNOR4;RGUA;CIA INDL RIO GUAHYBA;92779438000138;OK;ACN;OR;ON;ESVUFR;ACOES NOMINATIVAS ACOES ORDINARIAS;A;True;A;;;2026-10-05;True
BRRGUAACNPR1;RGUA;CIA INDL RIO GUAHYBA;92779438000138;OK;ACN;PR;PN;EPNNPR;ACOES NOMINATIVAS ACOES PREFERENCIAIS;A;True;A;;;2026-10-05;True
BRRHDSACNOR0;RHDS;M&G POLIESTER;56806656000150;OK;ACN;OR;ON;ESVUFR;ACOES NOMINATIVAS ACOES ORDINARIAS;A;True;A;;;2026-10-05;True
BRRHEDACNOR0;RHED;RHEDE TECNOLOGIA SA;00739136000118;OK;ACN;OR;ON;ESVUFR;ACOES NOMINATIVAS ACOES ORDINARIAS;A;True;A;;;2026-10-05;True
BRRHEDACNPR7;RHED;RHEDE TECNOLOGIA SA;00739136000118;OK;ACN;PR;PN;EPNNPR;ACOES NOMINATIVAS ACOES PREFERENCIAIS;A;True;A;;;2026-10-05;True
BRRHERACNOR0;RHER;RENNER HERRMANN SA;92690700000173;OK;ACN;OR;ON;ESVUFR;ACOES NOMINATIVAS ACOES ORDINARIAS;A;True;A;;;2026-10-05;True
BRRHERACNPR7;RHER;RENNER HERRMANN SA;92690700000173;OK;ACN;PR;PN;EPNNPR;ACOES NOMINATIVAS ACOES PREFERENCIAIS;A;True;A;;;2026-10-05;True
BRRHFPACNOR1;RHFP;RHODIA STER FIPACK SA;15179682000119;OK;ACN;OR;ON;ESVUFR;ACOES NOMINATIVAS ACOES ORDINARIAS;A;True;A;;;2026-10-05;True
BRRHFPACNPR8;RHFP;RHODIA STER FIPACK SA;15179682000119;OK;ACN;PR;PN;EPNNPR;ACOES NOMINATIVAS ACOES PREFERENCIAIS;A;True;A;;;2026-10-05;True
BRRHPRACNOR6;RHPR;REAL HOLDINGS PARTICIPACOES SA;02670204000165;OK;ACN;OR;ON;ESVUFR;ACOES NOMINATIVAS ACOES ORDINARIAS;A;True;A;;;2026-10-05;True
BRRHPRACNPR3;RHPR;REAL HOLDINGS PARTICIPACOES SA;02670204000165;OK;ACN;PR;PN;EPNNPR;ACOES NOMINATIVAS ACOES PREFERENCIAIS;A;True;A;;;2026-10-05;True
BRRHPYACNOR2;RHPY;RI HAPPY BRINQUEDOS S.A.;58731662000111;OK;ACN;OR;ON;ESVUFR;ACOES NOMINATIVAS ACOES ORDINARIAS;A;True;N;;;2026-10-05;True
BRRI0CACNPC8;RI0C;AGROPECUARIA RIO CAUAXI S/A;05153515000145;OK;ACN;PC;PN;EPNNPR;ACOES NOMINATIVAS ACOES NOMINATIVAS - PC;A;True;N;;;2026-10-05;True
BRRI0CACNPD6;RI0C;AGROPECUARIA RIO CAUAXI S/A;05153515000145;OK;ACN;PD;PN;EPNNPR;ACOES NOMINATIVAS ACOES NOMINATIVAS - PD;A;True;N;;;2026-10-05;True
BRRIAAACNOR2;RIAA;GUARARAPES CONFECÇÕES S.A.;08402943000152;OK;ACN;OR;ON;ESVUFR;ACOES NOMINATIVAS ACOES ORDINARIAS;A;True;N;;;2026-10-05;True
BRRIAAACNPR9;RIAA;GUARARAPES CONFECÇÕES S.A.;08402943000152;OK;ACN;PR;PN;EPNNPR;ACOES NOMINATIVAS ACOES PREFERENCIAIS;A;True;N;;;2026-10-05;True
BRRIASACNPA7;RIAS;RIACHO AGROPECUARIA SA RIASA;10718971000125;OK;ACN;PA;PN;EPNNPR;ACOES NOMINATIVAS ACOES PREFERENCIAIS CLASSE A;A;True;A;;;2026-10-05;True
BRRIBCACNPD3;RIBC;RIBEIRO CORDEIRO INDL COM SA;04905212000179;OK;ACN;PD;PN;EPNNPR;ACOES NOMINATIVAS ACOES PREFERENCIAIS CLASSE D;A;True;A;;;2026-10-05;True
BRRIBEACNPB3;RIBE;RIBEIRO CHAVES SA INDS;13012554000150;OK;ACN;PB;PN;EPNNPR;ACOES NOMINATIVAS ACOES PREFERENCIAIS CLASSE B;A;True;A;;;2026-10-05;True
BRRICAACNOR8;RICA;RICASA ROLANDIA IND COM AGRICULTURA SA;80902018000118;OK;ACN;OR;ON;ESVUFR;ACOES NOMINATIVAS ACOES ORDINARIAS;A;True;A;;;2026-10-05;True
BRRICAACNPR5;RICA;RICASA ROLANDIA IND COM AGRICULTURA SA;80902018000118;OK;ACN;PR;PN;EPNNPR;ACOES NOMINATIVAS ACOES PREFERENCIAIS;A;True;A;;;2026-10-05;True
BRRICFACNOR7;RICF;AGROPECUARIA RICARDO FRANCO SA;02907052000171;OK;ACN;OR;ON;ESVUFR;ACOES NOMINATIVAS ACOES ORDINARIAS;A;True;A;;;2026-10-05;True
BRRICFACNPA0;RICF;AGROPECUARIA RICARDO FRANCO SA;02907052000171;OK;ACN;PA;PN;EPNNPR;ACOES NOMINATIVAS ACOES PREFERENCIAIS CLASSE A;A;True;A;;;2026-10-05;True
BRRIMAACNOR7;RIMA;RIMA IMPRESSORAS SA;51033975000157;OK;ACN;OR;ON;ESVUFR;ACOES NOMINATIVAS ACOES ORDINARIAS;A;True;A;;;2026-10-05;True
BRRIMAACNPA0;RIMA;RIMA IMPRESSORAS SA;51033975000157;OK;ACN;PA;PN;EPNNPR;ACOES NOMINATIVAS ACOES PREFERENCIAIS CLASSE A;A;True;A;;;2026-10-05;True
BRRIMAACNPB8;RIMA;RIMA IMPRESSORAS SA;51033975000157;OK;ACN;PB;PN;EPNNPR;ACOES NOMINATIVAS ACOES PREFERENCIAIS CLASSE B;A;True;A;;;2026-10-05;True
BRRIMOACNOR8;RIMO;RIMO SA IND COM;32430993000128;OK;ACN;OR;ON;ESVUFR;ACOES NOMINATIVAS ACOES ORDINARIAS;A;True;A;;;2026-10-05;True
BRRIMOACNPR5;RIMO;RIMO SA IND COM;32430993000128;OK;ACN;PR;PN;EPNNPR;ACOES NOMINATIVAS ACOES PREFERENCIAIS;A;True;A;;;2026-10-05;True
BRRIOBACNPA4;RIOB;AGROPECUARIA RIO BRILHANTE SA;04601738000165;OK;ACN;PA;PN;EPNNPR;ACOES NOMINATIVAS ACOES PREFERENCIAIS CLASSE A;A;True;A;;;2026-10-05;True
BRRIOBACNPB2;RIOB;AGROPECUARIA RIO BRILHANTE SA;04601738000165;OK;ACN;PB;PN;EPNNPR;ACOES NOMINATIVAS ACOES PREFERENCIAIS CLASSE B;A;True;A;;;2026-10-05;True
BRRIOEACNOR5;RIOE;RIOEST ESTACIONAMENTOS SA;03392498000173;OK;ACN;OR;ON;ESVUFR;ACOES NOMINATIVAS ACOES ORDINARIAS;A;True;A;;;2026-10-05;True
BRRIOEACNPR2;RIOE;RIOEST ESTACIONAMENTOS SA;03392498000173;OK;ACN;PR;PN;EPNNPR;ACOES NOMINATIVAS ACOES PREFERENCIAIS;A;True;A;;;2026-10-05;True
BRRIOPACNPA4;RIOP;RIO PRETO AGROPECUARIA SA;12780870000100;OK;ACN;PA;PN;EPNNPR;ACOES NOMINATIVAS ACOES PREFERENCIAIS CLASSE A;A;True;A;;;2026-10-05;True
BRRIOSACNOR5;RIOS;RIO ALTO ENERGIAS RENOVÁVEIS S.A.;38199406000118;OK;ACN;OR;ON;ESVUFR;ACOES NOMINATIVAS;A;True;N;;;2026-10-05;True
BRRIPCACNPB7;RIPC;RIOPEC RIO SANGUE PECUARIA S.A;04989745000186;OK;ACN;PB;PN;EPNNPR;ACOES NOMINATIVAS ACOES PREFERENCIAIS CLASSE B;A;True;A;;;2026-10-05;True
BRRIPCACNPC5;RIPC;RIOPEC RIO SANGUE PECUARIA S.A;04989745000186;OK;ACN;PC;PN;EPNNPR;ACOES NOMINATIVAS ACOES PREFERENCIAIS CLASSE C;A;True;A;;;2026-10-05;True
BRRIPCACNPD3;RIPC;RIOPEC RIO SANGUE PECUARIA S.A;04989745000186;OK;ACN;PD;PN;EPNNPR;ACOES NOMINATIVAS ACOES PREFERENCIAIS CLASSE D;A;True;A;;;2026-10-05;True
BRRIPIACNOR3;RIPI;REFINARIA PETROLEO RIOGRANDENSE SA;94845674000130;OK;ACN;OR;ON;ESVUFR;ACOES NOMINATIVAS ACOES ORDINARIAS;A;True;A;;;2026-10-05;True
BRRIPIACNPR0;RIPI;REFINARIA PETROLEO RIOGRANDENSE SA;94845674000130;OK;ACN;PR;PN;EPNNPR;ACOES NOMINATIVAS ACOES PREFERENCIAIS;A;True;A;;;2026-10-05;True
BRRIVAACNOR8;RIVA;RIVA 9 EMPREENDIMENTOS IMOBILIÁRIOS S.A.;13457942000145;OK;ACN;OR;ON;ESVUFR;ACOES NOMINATIVAS AÇÕES ORDINÁRIAS;A;True;N;;;2026-10-05;True
BRRJCPACNOR4;RJCP;RJ CAPITAL PARTNERS SA;08281683000104;OK;ACN;OR;ON;ESVUFR;ACOES NOMINATIVAS ACOES ORDINARIAS;A;True;A;;;2026-10-05;True
BRRJSAACNOR2;RJSA;RJS  S.A.;40018390000141;OK;ACN;OR;ON;ESVUFR;ACOES NOMINATIVAS;A;True;N;;;2026-10-05;True
BRRLFIACNOR8;RLFI;REAL ESTATE FI SA;20128669000170;OK;ACN;OR;ON;ESVUFR;ACOES NOMINATIVAS ACOES ORDINARIAS;A;True;A;;;2026-10-05;True
BRRLOGACNOR4;RLOG;COSAN LOGISTICA SA;17346997000139;OK;ACN;OR;ON;ESVUFR;ACOES NOMINATIVAS ACOES ORDINARIAS;A;True;A;;;2026-10-05;True
BRRLSIACNOR1;RLSI;REALESIS BRASILIA EMPREENDIMENTOS IMOBILIARIOS SA;10360551000110;OK;ACN;OR;ON;ESVUFR;ACOES NOMINATIVAS ACOES ORDINARIAS;A;True;A;;;2026-10-05;True
BRRLSPACNOR6;RLSP;REALESIS P2 EMPREENDIMENTOS IMOBILIARIOS SA;13391937000187;OK;ACN;OR;ON;ESVUFR;ACOES NOMINATIVAS ACOES ORDINARIAS;A;True;A;;;2026-10-05;True
BRRLXXACNOR0;RLXX;REAL ESTATE XXIII INVESTIMENTOS IMOBILIARIOS PARTICIPACOES SA;23399353000101;OK;ACN;OR;ON;ESVUFR;ACOES NOMINATIVAS ACOES ORDINARIAS;A;True;A;;;2026-10-05;True
BRRMEPACNOR4;RMEP;RME RIO MINAS ENERGIA PARTICIPACOES SA;07925628000147;OK;ACN;OR;ON;ESVUFR;ACOES NOMINATIVAS ACOES ORDINARIAS;A;True;A;;;2026-10-05;True
BRRMIDACNPA4;RMID;RIMA INDL SA;18279158000108;OK;ACN;PA;PN;EPNNPR;ACOES NOMINATIVAS ACOES PREFERENCIAIS CLASSE A;A;True;A;;;2026-10-05;True
BRRMNDACNPB2;RMND;CIA PESQUEIRA SAO RAIMUNDO;07621931000156;OK;ACN;PB;PN;EPNNPR;ACOES NOMINATIVAS ACOES PREFERENCIAIS CLASSE B;A;True;A;;;2026-10-05;True
BRRNEWACNOR8;RNEW;RENOVA ENERGIA SA;08534605000174;OK;ACN;OR;ON;ESVUFR;ACOES NOMINATIVAS ACOES ORDINARIAS;A;True;A;;;2026-10-05;True
BRRNEWACNPR5;RNEW;RENOVA ENERGIA SA;08534605000174;OK;ACN;PR;PN;EPNNPR;ACOES NOMINATIVAS ACOES PREFERENCIAIS;A;True;A;;;2026-10-05;True
BRRNEWCDAM15;RNEW;RENOVA ENERGIA SA;08534605000174;OK;CDA;M1;UNIT;EMXXXR;CERTIFICADO DE DEPOSITO DE ACOES CERTIFICADO DE DEPOSITO DE ACOES REPRESENTATIVO DE 1 ACAO ORDINARIA E 2 ACOES PR;A;True;A;;;2026-10-05;True
BRRNGRACNPC2;RNGR;AGROPECUARIA RIO NEGRO SA;04170783000102;OK;ACN;PC;PN;EPNNPR;ACOES NOMINATIVAS ACOES PREFERENCIAIS CLASSE C;A;True;A;;;2026-10-05;True
BRRNPTACNOR0;RNPT;RENNER PARTICIPACOES SA;02659727000100;OK;ACN;OR;ON;ESVUFR;ACOES NOMINATIVAS ACOES ORDINARIAS;A;True;A;;;2026-10-05;True
BRRNPTACNPR7;RNPT;RENNER PARTICIPACOES SA;02659727000100;OK;ACN;PR;PN;EPNNPR;ACOES NOMINATIVAS ACOES PREFERENCIAIS;A;True;A;;;2026-10-05;True
BRRNVSACNOR0;RNVS;RIBEIRAO NEVES INVESTIMENTOS IMOBILIARIOS PARTICIPACOES SA;17131758000161;OK;ACN;OR;ON;ESVUFR;ACOES NOMINATIVAS ACOES ORDINARIAS;A;True;A;;;2026-10-05;True
BRRODAACNOR4;RODA;ROUND PARTICIPACOES S.A.;48568846000159;OK;ACN;OR;ON;ESVUFR;ACOES NOMINATIVAS AÇÕES ORDINARIAS;A;True;N;;;2026-10-05;True
BRRODOACNOR5;RODO;RODOVIARIA SA IND IMPLEMENTOS TRANSPORTES;88612049000146;OK;ACN;OR;ON;ESVUFR;ACOES NOMINATIVAS ACOES ORDINARIAS;A;True;A;;;2026-10-05;True
BRRODOACNPR2;RODO;RODOVIARIA SA IND IMPLEMENTOS TRANSPORTES;88612049000146;OK;ACN;PR;PN;EPNNPR;ACOES NOMINATIVAS ACOES PREFERENCIAIS;A;True;A;;;2026-10-05;True
BRROLIACNOR0;ROLI;RODOVIARIO LIDERBRAS SA;;VAZIO;ACN;OR;ON;ESVUFR;ACOES NOMINATIVAS ACOES ORDINARIAS;A;True;A;;;2026-10-05;True
BRROMIACNOR8;ROMI;ROMI S.A.;56720428000163;OK;ACN;OR;ON;ESVUFR;ACOES NOMINATIVAS ACOES ORDINARIAS;A;True;A;;;2026-10-05;True
BRROMIACNPR5;ROMI;ROMI S.A.;56720428000163;OK;ACN;PR;PN;EPNNPR;ACOES NOMINATIVAS ACOES PREFERENCIAIS;A;True;A;;;2026-10-05;True
BRRONDACNPA0;ROND;RONDISTUR HOTEIS TURISMO SA;02981314000148;OK;ACN;PA;PN;EPNNPR;ACOES NOMINATIVAS ACOES PREFERENCIAIS CLASSE A;A;True;A;;;2026-10-05;True
BRROSIACNOR5;ROSI;AMADEO ROSSI SA METALURGICA MUNICOES;96735105000168;OK;ACN;OR;ON;ESVUFR;ACOES NOMINATIVAS ACOES ORDINARIAS;A;True;A;;;2026-10-05;True
BRROSIACNPR2;ROSI;AMADEO ROSSI SA METALURGICA MUNICOES;96735105000168;OK;ACN;PR;PN;EPNNPR;ACOES NOMINATIVAS ACOES PREFERENCIAIS;A;True;A;;;2026-10-05;True
BRRPADACNOR1;RPAD;ALFA HOLDINGS SA (EX REAL SA PARTICIPACOES ADMINISTRACAO);17167396000169;OK;ACN;OR;ON;ESVUFR;ACOES NOMINATIVAS ACOES ORDINARIAS;A;True;A;;;2026-10-05;True
BRRPADACNPA4;RPAD;ALFA HOLDINGS SA (EX REAL SA PARTICIPACOES ADMINISTRACAO);17167396000169;OK;ACN;PA;PN;EPNNPR;ACOES NOMINATIVAS ACOES PREFERENCIAIS CLASSE A;A;True;A;;;2026-10-05;True
BRRPADACNPB2;RPAD;ALFA HOLDINGS SA (EX REAL SA PARTICIPACOES ADMINISTRACAO);17167396000169;OK;ACN;PB;PN;EPNNPR;ACOES NOMINATIVAS ACOES PREFERENCIAIS CLASSE B;A;True;A;;;2026-10-05;True
BRRPARACNOR1;RPAR;RIPASA PARTICIPACOES SA;07098392000112;OK;ACN;OR;ON;ESVUFR;ACOES NOMINATIVAS ACOES ORDINARIAS;A;True;A;;;2026-10-05;True
BRRPARACNPR8;RPAR;RIPASA PARTICIPACOES SA;07098392000112;OK;ACN;PR;PN;EPNNPR;ACOES NOMINATIVAS ACOES PREFERENCIAIS;A;True;A;;;2026-10-05;True
BRRPCTACNOR3;RPCT;RAPIDAO COMETA LOGISTICA TRANSPORTE SA;10970887000102;OK;ACN;OR;ON;ESVUFR;ACOES NOMINATIVAS ACOES ORDINARIAS;A;True;A;;;2026-10-05;True
BRRPMGACNOR9;RPMG;REFINARIA PETROLEO MANGUINHOS SA;33412081000196;OK;ACN;OR;ON;ESVUFR;ACOES NOMINATIVAS ACOES ORDINARIAS;A;True;A;;;2026-10-05;True
BRRPMGACNPR6;RPMG;REFINARIA PETROLEO MANGUINHOS SA;33412081000196;OK;ACN;PR;PN;EPNNPR;ACOES NOMINATIVAS ACOES PREFERENCIAIS;A;True;A;;;2026-10-05;True
BRRPPRACNOR9;RPPR;REALPAR PARTICIPACOES SA;02670205000100;OK;ACN;OR;ON;ESVUFR;ACOES NOMINATIVAS ACOES ORDINARIAS;A;True;A;;;2026-10-05;True
BRRPPRACNPA2;RPPR;REALPAR PARTICIPACOES SA;02670205000100;OK;ACN;PA;PN;EPNNPR;ACOES NOMINATIVAS ACOES PREFERENCIAIS CLASSE A;A;True;A;;;2026-10-05;True
BRRPPRACNPB0;RPPR;REALPAR PARTICIPACOES SA;02670205000100;OK;ACN;PB;PN;EPNNPR;ACOES NOMINATIVAS ACOES PREFERENCIAIS CLASSE B;A;True;A;;;2026-10-05;True
BRRPTOACNPA1;RPTO;RIO PRETO AGROINDL SA;24072183000119;OK;ACN;PA;PN;EPNNPR;ACOES NOMINATIVAS ACOES PREFERENCIAIS CLASSE A;A;True;A;;;2026-10-05;True
BRRPVPACNOR1;RPVP;RPV PARTICIPACOES SOCIETARIAS SA;08417653000182;OK;ACN;OR;ON;ESVUFR;ACOES NOMINATIVAS ACOES ORDINARIAS;A;True;A;;;2026-10-05;True
BRRPWPACNOR9;RPWP;RIBEIRAO PRETO WATER PARK SA;72991714000110;OK;ACN;OR;ON;ESVUFR;ACOES NOMINATIVAS ACOES ORDINARIAS;A;True;A;;;2026-10-05;True
BRRPWPACNPR6;RPWP;RIBEIRAO PRETO WATER PARK SA;72991714000110;OK;ACN;PR;PN;EPNNPR;ACOES NOMINATIVAS ACOES PREFERENCIAIS;A;True;A;;;2026-10-05;True
BRRSANACNOR4;RSAN;CIA RIOGRANDENSE SANEAMENTO CORSAN;92802784000190;OK;ACN;OR;ON;ESVUFR;ACOES NOMINATIVAS;A;True;N;;;2026-10-05;True
BRRSANACNPR1;RSAN;CIA RIOGRANDENSE SANEAMENTO CORSAN;92802784000190;OK;ACN;PR;PN;EPNNPR;ACOES NOMINATIVAS;A;True;N;;;2026-10-05;True
BRRSFCACNPR3;RSFC;ROSE FRANCE CONFECCOES SA;12784567000185;OK;ACN;PR;PN;EPNNPR;ACOES NOMINATIVAS ACOES PREFERENCIAIS;A;True;A;;;2026-10-05;True
BRRSIDACNOR8;RSID;ROSSI RESIDENCIAL SA;61065751000180;OK;ACN;OR;ON;ESVUFR;ACOES NOMINATIVAS ACOES ORDINARIAS;A;True;A;;;2026-10-05;True
BRRSIPACNOR2;RSIP;RASIP AGROPASTORIL SA;94789468000150;OK;ACN;OR;ON;ESVUFR;ACOES NOMINATIVAS ACOES ORDINARIAS;A;True;A;;;2026-10-05;True
BRRSIPACNPR9;RSIP;RASIP AGROPASTORIL SA;94789468000150;OK;ACN;PR;PN;EPNNPR;ACOES NOMINATIVAS ACOES PREFERENCIAIS;A;True;A;;;2026-10-05;True
BRRSLNACNPA4;RSLN;CERAMICA ROSALINO SA;04791307000109;OK;ACN;PA;PN;EPNNPR;ACOES NOMINATIVAS ACOES PREFERENCIAIS CLASSE A;A;True;A;;;2026-10-05;True
BRRSTEACNOR3;RSTE;REAL ESTATE XVI INVESTIMENTOS IMOBILIARIOS PARTICIPACOES SA;17947906000110;OK;ACN;OR;ON;ESVUFR;ACOES NOMINATIVAS ACOES ORDINARIAS;A;True;A;;;2026-10-05;True
BRRSULACNOR6;RSUL;METALURGICA RIOSULENSE SA;85778074000106;OK;ACN;OR;ON;ESVUFR;ACOES NOMINATIVAS ACOES ORDINARIAS;A;True;A;;;2026-10-05;True
BRRSULACNPR3;RSUL;METALURGICA RIOSULENSE SA;85778074000106;OK;ACN;PR;PN;EPNNPR;ACOES NOMINATIVAS ACOES PREFERENCIAIS;A;True;A;;;2026-10-05;True
BRRTECACNOR7;RTEC;REASON TECNOLOGIA SA;85117687000100;OK;ACN;OR;ON;ESVUFR;ACOES NOMINATIVAS ACOES ORDINARIAS;A;True;A;;;2026-10-05;True
BRRTECACNPA0;RTEC;REASON TECNOLOGIA SA;85117687000100;OK;ACN;PA;PN;EPNNPR;ACOES NOMINATIVAS ACOES PREFERENCIAIS CLASSE A;A;True;A;;;2026-10-05;True
BRRULSACNOR6;RULS;RURAL LEASING SA ARREND MERCANTIL;60582608000101;OK;ACN;OR;ON;ESVUFR;ACOES NOMINATIVAS ACOES ORDINARIAS;A;True;A;;;2026-10-05;True
BRRULSACNPR3;RULS;RURAL LEASING SA ARREND MERCANTIL;60582608000101;OK;ACN;PR;PN;EPNNPR;ACOES NOMINATIVAS ACOES PREFERENCIAIS;A;True;A;;;2026-10-05;True
BRRUMOACNOR3;RUMO;RUMO LOGISTICA OPERADORA MULTIMODAL;71550388000142;OK;ACN;OR;ON;ESVUFR;ACOES NOMINATIVAS ACOES ORDINARIAS;A;True;A;;;2026-10-05;True
BRRURLACNOR8;RURL;BCO RURAL SA;33124959000198;OK;ACN;OR;ON;ESVUFR;ACOES NOMINATIVAS ACOES ORDINARIAS;A;True;A;;;2026-10-05;True
BRRURLACNPR5;RURL;BCO RURAL SA;33124959000198;OK;ACN;PR;PN;EPNNPR;ACOES NOMINATIVAS ACOES PREFERENCIAIS;A;True;A;;;2026-10-05;True
BRRVEEACNOR9;RVEE;REVEE S.A.;52841191000118;OK;ACN;OR;ON;ESVUFR;ACOES NOMINATIVAS;A;True;N;;;2026-10-05;True
BRRXIVACNOR0;RXIV;REAL ESTATE XXIV INVESTIMENTO IMOBILIARIOS PARTICIPACOES;21382110000135;OK;ACN;OR;ON;ESVUFR;ACOES NOMINATIVAS ACOES ORDINARIAS;A;True;A;;;2026-10-05;True
BRS4BIACNPC3;S4BI;SABINO OLIVEIRA INDÚSTRIAS S/A-SAVEIRA;04897666000145;OK;ACN;PC;PN;EPNNPR;ACOES NOMINATIVAS;A;True;N;;;2026-10-05;True
BRS4MIACNPR8;S4MI;SAMISA-SANTA INÊS MADEIRAS S/A;07308265000109;OK;ACN;PR;PN;EPNNPR;ACOES NOMINATIVAS;A;True;N;;;2026-10-05;True
BRS9CAACNPR5;S9CA;SUINO CAPRINO E AGROPECUARIA S A SUCASA;06891956000107;OK;ACN;PR;PN;EPNNPR;ACOES NOMINATIVAS AÇÕES PREFERENCIAIS;A;True;N;;;2026-10-05;True
BRS9DAACNPR3;S9DA;SPLICE DA AMAZÔNIA S/A;05400338000154;OK;ACN;PR;PN;EPNNPR;ACOES NOMINATIVAS;A;True;N;;;2026-10-05;True
BRS9VEACNPA3;S9VE;SOC AVICOLA DO NORDESTE S/A - SOAVE;06001804000191;OK;ACN;PA;PN;EPNNPR;ACOES NOMINATIVAS;A;True;N;;;2026-10-05;True
BRS9VEACNPB1;S9VE;SOC AVICOLA DO NORDESTE S/A - SOAVE;06001804000191;OK;ACN;PB;PN;EPNNPR;ACOES NOMINATIVAS;A;True;N;;;2026-10-05;True
BRSAAAACNPA0;SAAA;SANTO ANTONIO AGRICOLA SA;24453136000115;OK;ACN;PA;PN;EPNNPR;ACOES NOMINATIVAS ACOES PREFERENCIAIS CLASSE A;A;True;A;;;2026-10-05;True
BRSAAVACNOR3;SAAV;SAAG INVESTIMENTOS S.A;11616840000108;OK;ACN;OR;ON;ESVUFR;ACOES NOMINATIVAS ACOES ORDINARIAS;A;True;A;;;2026-10-05;True
BRSAAVACNPR0;SAAV;SAAG INVESTIMENTOS S.A;11616840000108;OK;ACN;PR;PN;EPNNPR;ACOES NOMINATIVAS ACOES PREFERENCIAIS;A;True;A;;;2026-10-05;True
BRSABZACNOR2;SABZ;SAO BRAZ SA IND COM ALIMENTOS;08811226000184;OK;ACN;OR;ON;ESVUFR;ACOES NOMINATIVAS ACOES ORDINARIAS;A;True;A;;;2026-10-05;True
BRSABZACNPR9;SABZ;SAO BRAZ SA IND COM ALIMENTOS;08811226000184;OK;ACN;PR;PN;EPNNPR;ACOES NOMINATIVAS ACOES PREFERENCIAIS;A;True;A;;;2026-10-05;True
BRSACRACNOR7;SACR;SASCAR PARTICIPACOES S.A;12984267000140;OK;ACN;OR;ON;ESVUFR;ACOES NOMINATIVAS ACOES ORDINARIAS;A;True;A;;;2026-10-05;True
BRSACSACNOR5;SACS;AEROFOTO CRUZEIRO SA;33037169000175;OK;ACN;OR;ON;ESVUFR;ACOES NOMINATIVAS ACOES ORDINARIAS;A;True;A;;;2026-10-05;True
BRSACSACNPR2;SACS;AEROFOTO CRUZEIRO SA;33037169000175;OK;ACN;PR;PN;EPNNPR;ACOES NOMINATIVAS ACOES PREFERENCIAIS;A;True;A;;;2026-10-05;True
BRSADEACNOR3;SADE;SV ENGENHARIA SA;61143772000177;OK;ACN;OR;ON;ESVUFR;ACOES NOMINATIVAS ACOES ORDINARIAS;A;True;A;;;2026-10-05;True
BRSADEACNPR0;SADE;SV ENGENHARIA SA;61143772000177;OK;ACN;PR;PN;EPNNPR;ACOES NOMINATIVAS ACOES PREFERENCIAIS;A;True;A;;;2026-10-05;True
BRSAELACNOR6;SAEL;ENERGISA PARAIBA DISTRIBUIDORA ENERGIA SA;09095183000140;OK;ACN;OR;ON;ESVUFR;ACOES NOMINATIVAS ACOES ORDINARIAS;A;True;A;;;2026-10-05;True
BRSAELACNPA9;SAEL;ENERGISA PARAIBA DISTRIBUIDORA ENERGIA SA;09095183000140;OK;ACN;PA;PN;EPNNPR;ACOES NOMINATIVAS ACOES PREFERENCIAIS CLASSE A;A;True;A;;;2026-10-05;True
BRSAELACNPB7;SAEL;ENERGISA PARAIBA DISTRIBUIDORA ENERGIA SA;09095183000140;OK;ACN;PB;PN;EPNNPR;ACOES NOMINATIVAS ACOES PREFERENCIAIS CLASSE B;A;True;A;;;2026-10-05;True
BRSAENACNOR2;SAEN;SAFIRA HOLDING S.A.;13522948000159;OK;ACN;OR;ON;ESVUFR;ACOES NOMINATIVAS;A;True;N;;;2026-10-05;True
BRSAFLACNOR3;SAFL;SAN FELICE PARTICIPACOES SA;20555883000103;OK;ACN;OR;ON;ESVUFR;ACOES NOMINATIVAS ACOES ORDINARIAS;A;True;A;;;2026-10-05;True
BRSAGPACNOR2;SAGP;ALLIS PARTICIPACOES SA;08648295000119;OK;ACN;OR;ON;ESVUFR;ACOES NOMINATIVAS ACOES ORDINARIAS;A;True;A;;;2026-10-05;True
BRSAGRACNOR8;SAGR;SEMENTES AGROCERES SA;56783681000166;OK;ACN;OR;ON;ESVUFR;ACOES NOMINATIVAS ACOES ORDINARIAS;A;True;A;;;2026-10-05;True
BRSAGRACNPR5;SAGR;SEMENTES AGROCERES SA;56783681000166;OK;ACN;PR;PN;EPNNPR;ACOES NOMINATIVAS ACOES PREFERENCIAIS;A;True;A;;;2026-10-05;True
BRSAISACNPA5;SAIS;SANTA ANGELICA AGROINDUSTRIAL S/A-SAISA;05759667000196;OK;ACN;PA;PN;EPNNPR;ACOES NOMINATIVAS;A;True;N;;;2026-10-05;True
BRSALMACNOR9;SALM;SEARA ALIMENTOS SA;02914460000150;OK;ACN;OR;ON;ESVUFR;ACOES NOMINATIVAS ACOES ORDINARIAS;A;True;A;;;2026-10-05;True
BRSALMACNPR6;SALM;SEARA ALIMENTOS SA;02914460000150;OK;ACN;PR;PN;EPNNPR;ACOES NOMINATIVAS ACOES PREFERENCIAIS;A;True;A;;;2026-10-05;True
BRSALTACNOR4;SALT;GRUPO SALTA EDUCAÇÃO S.A.;17765891000170;OK;ACN;OR;ON;ESVUFR;ACOES NOMINATIVAS;A;True;N;;;2026-10-05;True
BRSALTACNPA7;SALT;GRUPO SALTA EDUCAÇÃO S.A.;17765891000170;OK;ACN;PA;PN;EPNNPR;ACOES NOMINATIVAS;A;True;N;;;2026-10-05;True
BRSALTACNPB5;SALT;GRUPO SALTA EDUCAÇÃO S.A.;17765891000170;OK;ACN;PB;PN;EPNNPR;ACOES NOMINATIVAS;A;True;N;;;2026-10-05;True
BRSALTACNPR1;SALT;GRUPO SALTA EDUCAÇÃO S.A.;17765891000170;OK;ACN;PR;PN;EPNNPR;ACOES NOMINATIVAS;A;True;N;;;2026-10-05;True
BRSALUACNOR2;SALU;SALUS LATAM HOLDING SA;27317484000153;OK;ACN;OR;ON;ESVUFR;ACOES NOMINATIVAS ACOES ORDINARIAS;A;True;N;;;2026-10-05;True
BRSAMAACNPA5;SAMA;CERAMICA SANTA MARCIA SA SAMARSA;13034863000121;OK;ACN;PA;PN;EPNNPR;ACOES NOMINATIVAS ACOES PREFERENCIAIS CLASSE A;A;True;A;;;2026-10-05;True
BRSAMIACNOR5;SAMI;SA MINERACAO TRINDADE SAMITRI;17179391000156;OK;ACN;OR;ON;ESVUFR;ACOES NOMINATIVAS ACOES ORDINARIAS;A;True;A;;;2026-10-05;True
BRSAMIACNPR2;SAMI;SA MINERACAO TRINDADE SAMITRI;17179391000156;OK;ACN;PR;PN;EPNNPR;ACOES NOMINATIVAS ACOES PREFERENCIAIS;A;True;A;;;2026-10-05;True
BRSAMPACNPA3;SAMP;SAMPA SA MARIA PAZ AGROPASTORIL;41133406000120;OK;ACN;PA;PN;EPNNPR;ACOES NOMINATIVAS ACOES PREFERENCIAIS CLASSE A;A;True;A;;;2026-10-05;True
BRSANBACNOR8;SANB;BCO SANTANDER (BRASIL) SA;90400888000142;OK;ACN;OR;ON;ESVUFR;ACOES NOMINATIVAS ACOES ORDINARIAS;A;True;A;;;2026-10-05;True
BRSANBACNPR5;SANB;BCO SANTANDER (BRASIL) SA;90400888000142;OK;ACN;PR;PN;EPNNPR;ACOES NOMINATIVAS ACOES PREFERENCIAIS;A;True;A;;;2026-10-05;True
BRSANBCDAM13;SANB;BCO SANTANDER (BRASIL) SA;90400888000142;OK;CDA;M1;UNIT;EMXXXR;CERTIFICADO DE DEPOSITO DE ACOES CERTIFICADO DE DEPOSITO DE ACOES REPRESENTATIVO DE 1 ACOES ORDINARIAS E 1 ACOES;A;True;A;;;2026-10-05;True
BRSANBCDAXX8;SANB;BCO SANTANDER (BRASIL) SA;90400888000142;OK;CDA;XX;UNIT;EMXXXR;CERTIFICADO DE DEPOSITO DE ACOES SANB11 + GETT11;A;True;A;;;2026-10-05;True
BRSANOACNOR1;SANO;SANO SA IND COM;33033960000107;OK;ACN;OR;ON;ESVUFR;ACOES NOMINATIVAS ACOES ORDINARIAS;A;True;A;;;2026-10-05;True
BRSANOACNPR8;SANO;SANO SA IND COM;33033960000107;OK;ACN;PR;PN;EPNNPR;ACOES NOMINATIVAS ACOES PREFERENCIAIS;A;True;A;;;2026-10-05;True
BRSANYACNPB1;SANY;SANYO AMAZONIA SA;04398913000169;OK;ACN;PB;PN;EPNNPR;ACOES NOMINATIVAS ACOES PREFERENCIAIS CLASSE B;A;True;A;;;2026-10-05;True
BRSAPRACNOR9;SAPR;COMPANHIA SANEAMENTO PARANA SANEPAR;76484013000145;OK;ACN;OR;ON;ESVUFR;ACOES NOMINATIVAS ACOES ORDINARIAS;A;True;A;;;2026-10-05;True
BRSAPRACNPR6;SAPR;COMPANHIA SANEAMENTO PARANA SANEPAR;76484013000145;OK;ACN;PR;PN;EPNNPR;ACOES NOMINATIVAS ACOES PREFERENCIAIS;A;True;A;;;2026-10-05;True
BRSAPRCDAM13;SAPR;COMPANHIA SANEAMENTO PARANA SANEPAR;76484013000145;OK;CDA;M1;UNIT;EMXXXR;CERTIFICADO DE DEPOSITO DE ACOES CERTIFICADO DE DEPOSITO DE ACOES REPRESENTATIVO DE 1 ACAO ORDINARIA E 4 ACOES PR;A;True;N;;;2026-10-05;True
BRSAPUACNPA6;SAPU;AGROINDUSTRIAL SAPUCAIA;02680715000168;OK;ACN;PA;PN;EPNNPR;ACOES NOMINATIVAS ACOES PREFERENCIAIS CLASSE A;A;True;A;;;2026-10-05;True
BRSASGACNOR6;SASG;SUL AMERICA CIA NACIONAL SEGUROS;33041062000109;OK;ACN;OR;ON;ESVUFR;ACOES NOMINATIVAS ACOES ORDINARIAS;A;True;A;;;2026-10-05;True
BRSATPACNOR5;SATP;SATPAR CAPITALIZACAO SA;03558096000104;OK;ACN;OR;ON;ESVUFR;ACOES NOMINATIVAS ACOES ORDINARIAS;A;True;A;;;2026-10-05;True
BRSAUDACNOR9;SAUD;BRADSAÚDE S.A.;58119199000151;OK;ACN;OR;ON;ESVUFR;ACOES NOMINATIVAS ACOES ORDINARIAS;A;True;N;;;2026-10-05;True
BRSAWPACNOR9;SAWP;SERRA AZUL WATER PARK SA;00545378000170;OK;ACN;OR;ON;ESVUFR;ACOES NOMINATIVAS ACOES ORDINARIAS;A;True;A;;;2026-10-05;True
BRSAWPACNPR6;SAWP;SERRA AZUL WATER PARK SA;00545378000170;OK;ACN;PR;PN;EPNNPR;ACOES NOMINATIVAS ACOES PREFERENCIAIS;A;True;A;;;2026-10-05;True
BRSB1NACNPC9;SB1N;SÃO BERNARDO INDUSTRIAL S/A;04918447000103;OK;ACN;PC;PN;EPNNPR;ACOES NOMINATIVAS ACOES NOMINATIVAS - PC;A;True;N;;;2026-10-05;True
BRSBASACNPA0;SBAS;AGROPECUARIA SAO SEBASTIAO ARAGUAIA SA;15947450000163;OK;ACN;PA;PN;EPNNPR;ACOES NOMINATIVAS ACOES PREFERENCIAIS CLASSE A;A;True;A;;;2026-10-05;True
BRSBASACNPB8;SBAS;AGROPECUARIA SAO SEBASTIAO ARAGUAIA SA;15947450000163;OK;ACN;PB;PN;EPNNPR;ACOES NOMINATIVAS ACOES PREFERENCIAIS CLASSE B;A;True;A;;;2026-10-05;True
BRSBFGACNOR1;SBFG;GRUPO SBF SA;13217485000111;OK;ACN;OR;ON;ESVUFR;ACOES NOMINATIVAS ACOES ORDINARIAS;A;True;N;;;2026-10-05;True
BRSBINACNOR1;SBIN;CENTRO HOSPITALAR ALBERT SABIN SA;09866294000103;OK;ACN;OR;ON;ESVUFR;ACOES NOMINATIVAS ACOES ORDINARIAS;A;True;A;;;2026-10-05;True
BRSBMBACNOR8;SBMB;SAMBA MOBILE MULTIMIDIA SA;06165667000120;OK;ACN;OR;ON;ESVUFR;ACOES NOMINATIVAS ACOES ORDINARIAS;A;True;A;;;2026-10-05;True
BRSBNOACNPR6;SBNO;SABINO OLIVEIRA COM NAVEGACAO SA SANAVE;04872156000113;OK;ACN;PR;PN;EPNNPR;ACOES NOMINATIVAS ACOES PREFERENCIAIS;A;True;A;;;2026-10-05;True
BRSBNTACNOR8;SBNT;SAO BENTO INVESTIMENTOS IMOBILIARIOS PARTICIPACOES SA;20555840000128;OK;ACN;OR;ON;ESVUFR;ACOES NOMINATIVAS ACOES ORDINARIAS;A;True;A;;;2026-10-05;True
BRSBRHACNOR4;SBRH;SAUDE BRASIL HOLDING SA;22932773000149;OK;ACN;OR;ON;ESVUFR;ACOES NOMINATIVAS ACOES ORDINARIAS;A;True;A;;;2026-10-05;True
BRSBSPACNOR5;SBSP;COMPANHIA SANEAMENTO BASICO ESTADO SAO PAULO SABESP;43776517000180;OK;ACN;OR;ON;ESVUFR;ACOES NOMINATIVAS ACOES ORDINARIAS;A;True;A;;;2026-10-05;True
BRSCAMACNOR8;SCAM;BESC SA ARREND MERCANTIL;00510570000121;OK;ACN;OR;ON;ESVUFR;ACOES NOMINATIVAS ACOES ORDINARIAS;A;True;A;;;2026-10-05;True
BRSCARACNOR7;SCAR;SAO CARLOS EMPREENDIMENTOS PARTICIPACOES SA;29780061000109;OK;ACN;OR;ON;ESVUFR;ACOES NOMINATIVAS ACOES ORDINARIAS;A;True;A;;;2026-10-05;True
BRSCATACNOR3;SCAT;CIA INTEGRADA DESENVOLVIMENTO AGRICOLA SANTA CATARINA;83807586000128;OK;ACN;OR;ON;ESVUFR;ACOES NOMINATIVAS ACOES ORDINARIAS;A;True;A;;;2026-10-05;True
BRSCERACNOR9;SCER;BCO CREDIPLAN SA;13007703000193;OK;ACN;OR;ON;ESVUFR;ACOES NOMINATIVAS ACOES ORDINARIAS;A;True;A;;;2026-10-05;True
BRSCERACNPR6;SCER;BCO CREDIPLAN SA;13007703000193;OK;ACN;PR;PN;EPNNPR;ACOES NOMINATIVAS ACOES PREFERENCIAIS;A;True;A;;;2026-10-05;True
BRSCHAACNOR8;SCHA;CIA COML SCHRADER;82636887000173;OK;ACN;OR;ON;ESVUFR;ACOES NOMINATIVAS ACOES ORDINARIAS;A;True;A;;;2026-10-05;True
BRSCHAACNPR5;SCHA;CIA COML SCHRADER;82636887000173;OK;ACN;PR;PN;EPNNPR;ACOES NOMINATIVAS ACOES PREFERENCIAIS;A;True;A;;;2026-10-05;True
BRSCHIACNOR1;SCHI;BCO SCHAHIN SA;50585090000106;OK;ACN;OR;ON;ESVUFR;ACOES NOMINATIVAS ACOES ORDINARIAS;A;True;A;;;2026-10-05;True
BRSCHIACNPR8;SCHI;BCO SCHAHIN SA;50585090000106;OK;ACN;PR;PN;EPNNPR;ACOES NOMINATIVAS ACOES PREFERENCIAIS;A;True;A;;;2026-10-05;True
BRSCLOACNOR1;SCLO;CIA INDL SCHLOSSER SA;82981929000103;OK;ACN;OR;ON;ESVUFR;ACOES NOMINATIVAS ACOES ORDINARIAS;A;True;A;;;2026-10-05;True
BRSCLOACNPR8;SCLO;CIA INDL SCHLOSSER SA;82981929000103;OK;ACN;PR;PN;EPNNPR;ACOES NOMINATIVAS ACOES PREFERENCIAIS;A;True;A;;;2026-10-05;True
BRSCMIACNOR1;SCMI;PORCELANA SCHMIDT SA;85459691000149;OK;ACN;OR;ON;ESVUFR;ACOES NOMINATIVAS ACOES ORDINARIAS;A;True;A;;;2026-10-05;True
BRSCMIACNPA4;SCMI;PORCELANA SCHMIDT SA;85459691000149;OK;ACN;PA;PN;EPNNPR;ACOES NOMINATIVAS ACOES PREFERENCIAIS CLASSE A;A;True;A;;;2026-10-05;True
BRSCMIACNPB2;SCMI;PORCELANA SCHMIDT SA;85459691000149;OK;ACN;PB;PN;EPNNPR;ACOES NOMINATIVAS ACOES PREFERENCIAIS CLASSE B;A;True;A;;;2026-10-05;True
BRSCNRACNPA3;SCNR;SUCONOR SA;12726493000120;OK;ACN;PA;PN;EPNNPR;ACOES NOMINATIVAS ACOES PREFERENCIAIS CLASSE A;A;True;A;;;2026-10-05;True
BRSCRZACNOR4;SCRZ;SANTA CRUZ SEGUROS SA;92664937000180;OK;ACN;OR;ON;ESVUFR;ACOES NOMINATIVAS ACOES ORDINARIAS;A;True;A;;;2026-10-05;True
BRSCUAACNOR1;SCUA;SCUA SEGURANCA INFORMACAO SA;03321203000178;OK;ACN;OR;ON;ESVUFR;ACOES NOMINATIVAS ACOES ORDINARIAS;A;True;A;;;2026-10-05;True
BRSDACACNOR7;SDAC;SUDAMERIS ADMINISTRADORA CARTAO CRED SERVICOS SA;;VAZIO;ACN;OR;ON;ESVUFR;ACOES NOMINATIVAS ACOES ORDINARIAS;A;True;A;;;2026-10-05;True
BRSDCEACNOR9;SDCE;SIDERURGICA CEARENSE SA;89011795000147;OK;ACN;OR;ON;ESVUFR;ACOES NOMINATIVAS ACOES ORDINARIAS;A;True;A;;;2026-10-05;True
BRSDCEACNPA2;SDCE;SIDERURGICA CEARENSE SA;89011795000147;OK;ACN;PA;PN;EPNNPR;ACOES NOMINATIVAS ACOES PREFERENCIAIS CLASSE A;A;True;A;;;2026-10-05;True
BRSDCEACNPB0;SDCE;SIDERURGICA CEARENSE SA;89011795000147;OK;ACN;PB;PN;EPNNPR;ACOES NOMINATIVAS ACOES PREFERENCIAIS CLASSE B;A;True;A;;;2026-10-05;True
BRSDCEACNPC8;SDCE;SIDERURGICA CEARENSE SA;89011795000147;OK;ACN;PC;PN;EPNNPR;ACOES NOMINATIVAS ACOES PREFERENCIAIS CLASSE C;A;True;A;;;2026-10-05;True
BRSDELACNOR0;SDEL;SAUDE LATAM HOLDING SA;22932716000160;OK;ACN;OR;ON;ESVUFR;ACOES NOMINATIVAS ACOES ORDINARIAS;A;True;A;;;2026-10-05;True
BRSDMIACNOR9;SDMI;SID MICROELETRONICA SA;19882497000147;OK;ACN;OR;ON;ESVUFR;ACOES NOMINATIVAS ACOES ORDINARIAS;A;True;A;;;2026-10-05;True
BRSDMIACNPR6;SDMI;SID MICROELETRONICA SA;19882497000147;OK;ACN;PR;PN;EPNNPR;ACOES NOMINATIVAS ACOES PREFERENCIAIS;A;True;A;;;2026-10-05;True
BRSDOKACNOR1;SDOK;SADOKIN SA ELETRICA ELETRONICA;49039936000115;OK;ACN;OR;ON;ESVUFR;ACOES NOMINATIVAS ACOES ORDINARIAS;A;True;A;;;2026-10-05;True
BRSDOKACNPR8;SDOK;SADOKIN SA ELETRICA ELETRONICA;49039936000115;OK;ACN;PR;PN;EPNNPR;ACOES NOMINATIVAS ACOES PREFERENCIAIS;A;True;A;;;2026-10-05;True
BRSDPRACNOR3;SDPR;SIDEPAR PARTICIPACOES SA;;VAZIO;ACN;OR;ON;ESVUFR;ACOES NOMINATIVAS ACOES ORDINARIAS;A;True;A;;;2026-10-05;True
BRSDPRACNPR0;SDPR;SIDEPAR PARTICIPACOES SA;;VAZIO;ACN;PR;PN;EPNNPR;ACOES NOMINATIVAS ACOES PREFERENCIAIS;A;True;A;;;2026-10-05;True
BRSDRMACNOR0;SDRM;CIA SIDERURGICA AMAZONIA SIDERAMA;04561023000126;OK;ACN;OR;ON;ESVUFR;ACOES NOMINATIVAS ACOES ORDINARIAS;A;True;A;;;2026-10-05;True
BRSDRMACNPA3;SDRM;CIA SIDERURGICA AMAZONIA SIDERAMA;04561023000126;OK;ACN;PA;PN;EPNNPR;ACOES NOMINATIVAS ACOES PREFERENCIAIS CLASSE A;A;True;A;;;2026-10-05;True
BRSDRMACNPB1;SDRM;CIA SIDERURGICA AMAZONIA SIDERAMA;04561023000126;OK;ACN;PB;PN;EPNNPR;ACOES NOMINATIVAS ACOES PREFERENCIAIS CLASSE B;A;True;A;;;2026-10-05;True
BRSDVAACNOR7;SDVA;SDV ADMINISTRADORA SHOPPING CENTERS SA;93167658000173;OK;ACN;OR;ON;ESVUFR;ACOES NOMINATIVAS ACOES ORDINARIAS;A;True;A;;;2026-10-05;True
BRSEABACNOR7;SEAB;SEABRAS SERVICOS PETROLEO SA;14042551000122;OK;ACN;OR;ON;ESVUFR;ACOES NOMINATIVAS ACOES ORDINARIAS;A;True;A;;;2026-10-05;True
BRSEBBACNOR5;SEBB;PEARSON SISTEMAS BRASIL SA;02762122000140;OK;ACN;OR;ON;ESVUFR;ACOES NOMINATIVAS ACOES ORDINARIAS;A;True;A;;;2026-10-05;True
BRSEBBACNPR2;SEBB;PEARSON SISTEMAS BRASIL SA;02762122000140;OK;ACN;PR;PN;EPNNPR;ACOES NOMINATIVAS ACOES PREFERENCIAIS;A;True;A;;;2026-10-05;True
BRSEBEACNOR9;SEBE;KALIL SEHBE SA IND VESTUARIO;88610779000108;OK;ACN;OR;ON;ESVUFR;ACOES NOMINATIVAS ACOES ORDINARIAS;A;True;A;;;2026-10-05;True
BRSEBEACNPR6;SEBE;KALIL SEHBE SA IND VESTUARIO;88610779000108;OK;ACN;PR;PN;EPNNPR;ACOES NOMINATIVAS ACOES PREFERENCIAIS;A;True;A;;;2026-10-05;True
BRSEBPACNOR5;SEBP;SEB PARTICIPACOES SA;08948338000181;OK;ACN;OR;ON;ESVUFR;ACOES NOMINATIVAS ACOES ORDINARIAS;A;True;A;;;2026-10-05;True
BRSEBPACNPR2;SEBP;SEB PARTICIPACOES SA;08948338000181;OK;ACN;PR;PN;EPNNPR;ACOES NOMINATIVAS ACOES PREFERENCIAIS;A;True;A;;;2026-10-05;True
BRSECOACNPB7;SECO;SECOM AQUICULTURA IND COM SA;08156382000159;OK;ACN;PB;PN;EPNNPR;ACOES NOMINATIVAS ACOES PREFERENCIAIS CLASSE B;A;True;A;;;2026-10-05;True
BRSEDUACNOR1;SEDU;SOMOS EDUCACAO SA;02541982000154;OK;ACN;OR;ON;ESVUFR;ACOES NOMINATIVAS ACOES ORDINARIAS;A;True;A;;;2026-10-05;True
BRSEERACNOR5;SEER;SER EDUCACIONAL S.A.;04986320000113;OK;ACN;OR;ON;ESVUFR;ACOES NOMINATIVAS ACOES ORDINARIAS;A;True;A;;;2026-10-05;True
BRSEHBACNOR2;SEHB;SEHBE SA HOTEIS TURISMO;88658752000195;OK;ACN;OR;ON;ESVUFR;ACOES NOMINATIVAS ACOES ORDINARIAS;A;True;A;;;2026-10-05;True
BRSEHBACNPR9;SEHB;SEHBE SA HOTEIS TURISMO;88658752000195;OK;ACN;PR;PN;EPNNPR;ACOES NOMINATIVAS ACOES PREFERENCIAIS;A;True;A;;;2026-10-05;True
BRSEINACNOR5;SEIN;SERGIPE INDL SA;13006218000103;OK;ACN;OR;ON;ESVUFR;ACOES NOMINATIVAS ACOES ORDINARIAS;A;True;A;;;2026-10-05;True
BRSEINACNPA8;SEIN;SERGIPE INDL SA;13006218000103;OK;ACN;PA;PN;EPNNPR;ACOES NOMINATIVAS ACOES PREFERENCIAIS CLASSE A;A;True;A;;;2026-10-05;True
BRSEMEACNPR3;SEME;SEMEATO SA IND COM;62122718000299;OK;ACN;PR;PN;EPNNPR;ACOES NOMINATIVAS ACOES PREFERENCIAIS;A;True;A;;;2026-10-05;True
BRSEMPACNOR2;SEMP;SEMP TOSHIBA SA;61151445000167;OK;ACN;OR;ON;ESVUFR;ACOES NOMINATIVAS ACOES ORDINARIAS;A;True;A;;;2026-10-05;True
BRSEQLACNOR2;SEQL;SEQUOIA LOGÍSTICA E TRANSPORTES S.A.;01599101000193;OK;ACN;OR;ON;ESVUFR;ACOES NOMINATIVAS;A;True;N;;;2026-10-05;True
BRSETAACNOR9;SETA;SETA SA EXTRATIVA TANINO ACACIA;;VAZIO;ACN;OR;ON;ESVUFR;ACOES NOMINATIVAS ACOES ORDINARIAS;A;True;A;;;2026-10-05;True
BRSETIACNOR2;SETI;SETIBA PARTICIPACOES SA;08638269000100;OK;ACN;OR;ON;ESVUFR;ACOES NOMINATIVAS ACOES ORDINARIAS;A;True;A;;;2026-10-05;True
BRSFCIACNOR5;SFCI;CCB CIMPOR CIMENTOS BRASIL S.A;10919934000185;OK;ACN;OR;ON;ESVUFR;ACOES NOMINATIVAS ACOES ORDINARIAS;A;True;A;;;2026-10-05;True
BRSFCIACNPA8;SFCI;CCB CIMPOR CIMENTOS BRASIL S.A;10919934000185;OK;ACN;PA;PN;EPNNPR;ACOES NOMINATIVAS ACOES PREFERENCIAIS CLASSE A;A;True;A;;;2026-10-05;True
BRSFCIACNPB6;SFCI;CCB CIMPOR CIMENTOS BRASIL S.A;10919934000185;OK;ACN;PB;PN;EPNNPR;ACOES NOMINATIVAS ACOES PREFERENCIAIS CLASSE B;A;True;A;;;2026-10-05;True
BRSFLSACNOR5;SFLS;SAFRA LEASING SA ARREND MERCANTIL;62063177000194;OK;ACN;OR;ON;ESVUFR;ACOES NOMINATIVAS ACOES ORDINARIAS;A;True;A;;;2026-10-05;True
BRSFRAACNPA3;SFRA;SAO FRANCISCO IRRIGACAO SA SAFRA;25826744000190;OK;ACN;PA;PN;EPNNPR;ACOES NOMINATIVAS ACOES PREFERENCIAIS CLASSE A;A;True;A;;;2026-10-05;True
BRSFSAACNOR8;SFSA;BCO SOFISA SA;60889128000180;OK;ACN;OR;ON;ESVUFR;ACOES NOMINATIVAS ACOES ORDINARIAS;A;True;A;;;2026-10-05;True
BRSFSAACNPR5;SFSA;BCO SOFISA SA;60889128000180;OK;ACN;PR;PN;EPNNPR;ACOES NOMINATIVAS ACOES PREFERENCIAIS;A;True;A;;;2026-10-05;True
BRSFSPACNOR6;SFSP;SFSPV EMPREENDIMENTOS PARTICIPACOES SA;02220855000153;OK;ACN;OR;ON;ESVUFR;ACOES NOMINATIVAS ACOES ORDINARIAS;A;True;A;;;2026-10-05;True
BRSFSPACNPR3;SFSP;SFSPV EMPREENDIMENTOS PARTICIPACOES SA;02220855000153;OK;ACN;PR;PN;EPNNPR;ACOES NOMINATIVAS ACOES PREFERENCIAIS;A;True;A;;;2026-10-05;True
BRSFTRACNOR0;SFTR;SAFE TRACE IND COM SISTEMAS RASTREABILIDADE SA;07897701000114;OK;ACN;OR;ON;ESVUFR;ACOES NOMINATIVAS ACOES ORDINARIAS;A;True;A;;;2026-10-05;True
BRSFTWACNOR0;SFTW;SOFTWAY SA;01940175000141;OK;ACN;OR;ON;ESVUFR;ACOES NOMINATIVAS ACOES ORDINARIAS;A;True;A;;;2026-10-05;True
BRSFTYACNOR6;SFTY;SF SEVENTY THREE PARTICIPAÇÕES SOCIETÁRIAS S.A.;29739490000124;OK;ACN;OR;ON;ESVUFR;ACOES NOMINATIVAS;A;True;N;;;2026-10-05;True
BRSGENACNOR9;SGEN;SERGEN SERVICOS GERAIS ENGENHARIA SA;33161340000153;OK;ACN;OR;ON;ESVUFR;ACOES NOMINATIVAS ACOES ORDINARIAS;A;True;A;;;2026-10-05;True
BRSGENACNPR6;SGEN;SERGEN SERVICOS GERAIS ENGENHARIA SA;33161340000153;OK;ACN;PR;PN;EPNNPR;ACOES NOMINATIVAS ACOES PREFERENCIAIS;A;True;A;;;2026-10-05;True
BRSGERACNOR0;SGER;SUL GERADORA PARTICIPACOES SA;02689862000107;OK;ACN;OR;ON;ESVUFR;ACOES NOMINATIVAS ACOES ORDINARIAS;A;True;A;;;2026-10-05;True
BRSGONACNPA1;SGON;CIA AGROPEC INDL SAO GONCALO;11696036000178;OK;ACN;PA;PN;EPNNPR;ACOES NOMINATIVAS ACOES PREFERENCIAIS CLASSE A;A;True;A;;;2026-10-05;True
BRSGPSACNOR4;SGPS;SPRINGS GLOBAL PARTICIPACOES SA;07718269000157;OK;ACN;OR;ON;ESVUFR;ACOES NOMINATIVAS ACOES ORDINARIAS;A;True;A;;;2026-10-05;True
BRSGRLACNOR5;SGRL;SOGERAL LEASING SA ARREND MERCANTIL;;VAZIO;ACN;OR;ON;ESVUFR;ACOES NOMINATIVAS ACOES ORDINARIAS;A;True;A;;;2026-10-05;True
BRSGRLACNPR2;SGRL;SOGERAL LEASING SA ARREND MERCANTIL;;VAZIO;ACN;PR;PN;EPNNPR;ACOES NOMINATIVAS ACOES PREFERENCIAIS;A;True;A;;;2026-10-05;True
BRSGSAACNPR3;SGSA;SOCIEDADE AGROINDL BABACU SA SAGRISA;05293634000101;OK;ACN;PR;PN;EPNNPR;ACOES NOMINATIVAS ACOES PREFERENCIAIS;A;True;A;;;2026-10-05;True
BRSHALACNPA2;SHAL;SHALOM SA IND MADEIREIRA;11792520000109;OK;ACN;PA;PN;EPNNPR;ACOES NOMINATIVAS ACOES PREFERENCIAIS CLASSE A;A;True;A;;;2026-10-05;True
BRSHALACNPB0;SHAL;SHALOM SA IND MADEIREIRA;11792520000109;OK;ACN;PB;PN;EPNNPR;ACOES NOMINATIVAS ACOES PREFERENCIAIS CLASSE B;A;True;A;;;2026-10-05;True
BRSHAPACNOR0;SHAP;SHARP SA EQUIPAMENTOS ELETRONICOS;62607502000132;OK;ACN;OR;ON;ESVUFR;ACOES NOMINATIVAS ACOES ORDINARIAS;A;True;A;;;2026-10-05;True
BRSHAPACNPR7;SHAP;SHARP SA EQUIPAMENTOS ELETRONICOS;62607502000132;OK;ACN;PR;PN;EPNNPR;ACOES NOMINATIVAS ACOES PREFERENCIAIS;A;True;A;;;2026-10-05;True
BRSHOWACNOR7;SHOW;T4F ENTRETENIMENTO SA;02860694000162;OK;ACN;OR;ON;ESVUFR;ACOES NOMINATIVAS ACOES ORDINARIAS;A;True;A;;;2026-10-05;True
BRSHPAACNOR0;SHPA;SEHBE CIA PARTICIPACOES;88615315000194;OK;ACN;OR;ON;ESVUFR;ACOES NOMINATIVAS ACOES ORDINARIAS;A;True;A;;;2026-10-05;True
BRSHPAACNPR7;SHPA;SEHBE CIA PARTICIPACOES;88615315000194;OK;ACN;PR;PN;EPNNPR;ACOES NOMINATIVAS ACOES PREFERENCIAIS;A;True;A;;;2026-10-05;True
BRSHPBACNOR8;SHPB;SHOPPINGS BRASIL INVESTS PARTICIPACOES SA;13230046000149;OK;ACN;OR;ON;ESVUFR;ACOES NOMINATIVAS ACOES ORDINARIAS;A;True;A;;;2026-10-05;True
BRSHTMACNOR7;SHTM;SHOPTIME SA;01104894000122;OK;ACN;OR;ON;ESVUFR;ACOES NOMINATIVAS ACOES ORDINARIAS;A;True;A;;;2026-10-05;True
BRSHTMACNPR4;SHTM;SHOPTIME SA;01104894000122;OK;ACN;PR;PN;EPNNPR;ACOES NOMINATIVAS ACOES PREFERENCIAIS;A;True;A;;;2026-10-05;True
BRSHULACNOR7;SHUL;SCHULZ SA;84693183000168;OK;ACN;OR;ON;ESVUFR;ACOES NOMINATIVAS ACOES ORDINARIAS;A;True;A;;;2026-10-05;True
BRSHULACNPR4;SHUL;SCHULZ SA;84693183000168;OK;ACN;PR;PN;EPNNPR;ACOES NOMINATIVAS ACOES PREFERENCIAIS;A;True;A;;;2026-10-05;True
BRSIAPACNPA1;SIAP;SANTA ISABEL AGROPECUARIA SA SISAPI;06845176000120;OK;ACN;PA;PN;EPNNPR;ACOES NOMINATIVAS ACOES PREFERENCIAIS CLASSE A;A;True;A;;;2026-10-05;True
BRSIBRACNOR2;SIBR;VALE MANGANES SA;15144306000199;OK;ACN;OR;ON;ESVUFR;ACOES NOMINATIVAS ACOES ORDINARIAS;A;True;A;;;2026-10-05;True
BRSIBRACNPA5;SIBR;VALE MANGANES SA;15144306000199;OK;ACN;PA;PN;EPNNPR;ACOES NOMINATIVAS ACOES PREFERENCIAIS CLASSE A;A;True;A;;;2026-10-05;True
BRSIBRACNPB3;SIBR;VALE MANGANES SA;15144306000199;OK;ACN;PB;PN;EPNNPR;ACOES NOMINATIVAS ACOES PREFERENCIAIS CLASSE B;A;True;A;;;2026-10-05;True
BRSIBRACNPC1;SIBR;VALE MANGANES SA;15144306000199;OK;ACN;PC;PN;EPNNPR;ACOES NOMINATIVAS ACOES PREFERENCIAIS CLASSE C;A;True;A;;;2026-10-05;True
BRSIDIACNOR7;SIDI;SID INFORMATICA SA;77623163000155;OK;ACN;OR;ON;ESVUFR;ACOES NOMINATIVAS ACOES ORDINARIAS;A;True;A;;;2026-10-05;True
BRSIDIACNPR4;SIDI;SID INFORMATICA SA;77623163000155;OK;ACN;PR;PN;EPNNPR;ACOES NOMINATIVAS ACOES PREFERENCIAIS;A;True;A;;;2026-10-05;True
BRSIFCACNOR5;SIFC;SIFCO SA;60499605000109;OK;ACN;OR;ON;ESVUFR;ACOES NOMINATIVAS ACOES ORDINARIAS;A;True;A;;;2026-10-05;True
BRSIFCACNPR2;SIFC;SIFCO SA;60499605000109;OK;ACN;PR;PN;EPNNPR;ACOES NOMINATIVAS ACOES PREFERENCIAIS;A;True;A;;;2026-10-05;True
BRSILOACNOR8;SILO;CIA ARMAZENS SILOS ESTADO MINAS GERAIS CASEMG;17186370000168;OK;ACN;OR;ON;ESVUFR;ACOES NOMINATIVAS ACOES ORDINARIAS;A;True;A;;;2026-10-05;True
BRSILOACNPR5;SILO;CIA ARMAZENS SILOS ESTADO MINAS GERAIS CASEMG;17186370000168;OK;ACN;PR;PN;EPNNPR;ACOES NOMINATIVAS ACOES PREFERENCIAIS;A;True;A;;;2026-10-05;True
BRSIMAACNPC4;SIMA;SIMAS INDL SA;08406621000181;OK;ACN;PC;PN;EPNNPR;ACOES NOMINATIVAS ACOES PREFERENCIAIS CLASSE C;A;True;A;;;2026-10-05;True
BRSIMEACNOR7;SIME;SIMESC SA;82612532000144;OK;ACN;OR;ON;ESVUFR;ACOES NOMINATIVAS ACOES ORDINARIAS;A;True;A;;;2026-10-05;True
BRSIMEACNPR4;SIME;SIMESC SA;82612532000144;OK;ACN;PR;PN;EPNNPR;ACOES NOMINATIVAS ACOES PREFERENCIAIS;A;True;A;;;2026-10-05;True
BRSIMHACNOR0;SIMH;SIMPAR S.A.;07415333000120;OK;ACN;OR;ON;ESVUFR;ACOES NOMINATIVAS;A;True;N;;;2026-10-05;True
BRSIMRACNPA2;SIMR;SIDERURGICA NORTE BRASIL SA;07933914000154;OK;ACN;PA;PN;EPNNPR;ACOES NOMINATIVAS ACOES PREFERENCIAIS CLASSE A;A;True;A;;;2026-10-05;True
BRSIMRACNPC8;SIMR;SIDERURGICA NORTE BRASIL SA;07933914000154;OK;ACN;PC;PN;EPNNPR;ACOES NOMINATIVAS;A;True;N;;;2026-10-05;True
BRSIMSACNPB8;SIMS;SIDERURGICA MARANHAO SA SIMASA;10426518000145;OK;ACN;PB;PN;EPNNPR;ACOES NOMINATIVAS ACOES PREFERENCIAIS CLASSE B;A;True;A;;;2026-10-05;True
BRSIPAACNPA1;SIPA;SIPASA SERINGA INDL PARA SA;04363966000144;OK;ACN;PA;PN;EPNNPR;ACOES NOMINATIVAS ACOES PREFERENCIAIS CLASSE A;A;True;A;;;2026-10-05;True
BRSIPLACNOR5;SIPL;CIPLA SA;82166711000103;OK;ACN;OR;ON;ESVUFR;ACOES NOMINATIVAS ACOES ORDINARIAS;A;True;A;;;2026-10-05;True
BRSJAGACNPA8;SJAG;SAO JOSE AGROINDL SA;11484656000143;OK;ACN;PA;PN;EPNNPR;ACOES NOMINATIVAS ACOES PREFERENCIAIS CLASSE A;A;True;A;;;2026-10-05;True
BRSJOSACNOR1;SJOS;FIACAO TECELAGEM SAO JOSE SA;17159005000164;OK;ACN;OR;ON;ESVUFR;ACOES NOMINATIVAS ACOES ORDINARIAS;A;True;A;;;2026-10-05;True
BRSJOSACNPR8;SJOS;FIACAO TECELAGEM SAO JOSE SA;17159005000164;OK;ACN;PR;PN;EPNNPR;ACOES NOMINATIVAS ACOES PREFERENCIAIS;A;True;A;;;2026-10-05;True
BRSLAEACNOR6;SLAE;SOLAE BRASIL HOLDINGS SA;05615334000193;OK;ACN;OR;ON;ESVUFR;ACOES NOMINATIVAS ACOES ORDINARIAS;A;True;A;;;2026-10-05;True
BRSLALACNOR1;SLAL;SOLA SA INDS ALIMENTICIAS;32286411000181;OK;ACN;OR;ON;ESVUFR;ACOES NOMINATIVAS ACOES ORDINARIAS;A;True;A;;;2026-10-05;True
BRSLALACNPR8;SLAL;SOLA SA INDS ALIMENTICIAS;32286411000181;OK;ACN;PR;PN;EPNNPR;ACOES NOMINATIVAS ACOES PREFERENCIAIS;A;True;A;;;2026-10-05;True
BRSLAMACNPR6;SLAM;SUL AMAZONIA SA TERRAPL AGROPAST;00763425000152;OK;ACN;PR;PN;EPNNPR;ACOES NOMINATIVAS ACOES PREFERENCIAIS;A;True;A;;;2026-10-05;True
BRSLBRACNOR6;SLBR;SOLE BRASIL SA TELECOMUNICACOES COMERCIO EXTERIOR;;VAZIO;ACN;OR;ON;ESVUFR;ACOES NOMINATIVAS ACOES ORDINARIAS;A;True;A;;;2026-10-05;True
BRSLBRACNPR3;SLBR;SOLE BRASIL SA TELECOMUNICACOES COMERCIO EXTERIOR;;VAZIO;ACN;PR;PN;EPNNPR;ACOES NOMINATIVAS ACOES PREFERENCIAIS;A;True;A;;;2026-10-05;True
BRSLCEACNOR2;SLCE;SLC AGRICOLA SA;89096457000155;OK;ACN;OR;ON;ESVUFR;ACOES NOMINATIVAS ACOES ORDINARIAS;A;True;A;;;2026-10-05;True
BRSLCLACNPR4;SLCL;SOLAR COLIBRIS HOTEIS TURISMO SA;39301031000118;OK;ACN;PR;PN;EPNNPR;ACOES NOMINATIVAS ACOES PREFERENCIAIS;A;True;A;;;2026-10-05;True
BRSLCTACNOR0;SLCT;SELECTPART PARTICIPACOES SA;02604860000160;OK;ACN;OR;ON;ESVUFR;ACOES NOMINATIVAS ACOES ORDINARIAS;A;True;A;;;2026-10-05;True
BRSLDBACNOR6;SLDB;SULABENTURES SA;00601634000108;OK;ACN;OR;ON;ESVUFR;ACOES NOMINATIVAS ACOES ORDINARIAS;A;True;A;;;2026-10-05;True
BRSLEDACNOR0;SLED;SARAIVA SA LIVREIROS EDITORES;60500139000126;OK;ACN;OR;ON;ESVUFR;ACOES NOMINATIVAS ACOES ORDINARIAS;A;True;A;;;2026-10-05;True
BRSLEDACNPR7;SLED;SARAIVA SA LIVREIROS EDITORES;60500139000126;OK;ACN;PR;PN;EPNNPR;ACOES NOMINATIVAS ACOES PREFERENCIAIS;A;True;A;;;2026-10-05;True
BRSLESACNOR8;SLES;SOLESA SOLUCOES ESTRUTURAIS SA;04207677000156;OK;ACN;OR;ON;ESVUFR;ACOES NOMINATIVAS ACOES ORDINARIAS;A;True;A;;;2026-10-05;True
BRSLESACNPR5;SLES;SOLESA SOLUCOES ESTRUTURAIS SA;04207677000156;OK;ACN;PR;PN;EPNNPR;ACOES NOMINATIVAS ACOES PREFERENCIAIS;A;True;A;;;2026-10-05;True
BRSLNMACNOR2;SLNM;SOLANUM PARTICIPACOES SA;09356173000111;OK;ACN;OR;ON;ESVUFR;ACOES NOMINATIVAS ACOES ORDINARIAS;A;True;A;;;2026-10-05;True
BRSLNSACNPA2;SLNS;HOTEIS SALINAS SA;09276932000136;OK;ACN;PA;PN;EPNNPR;ACOES NOMINATIVAS ACOES PREFERENCIAIS CLASSE A;A;True;A;;;2026-10-05;True
BRSLNVACNPR0;SLNV;SILNAVE NAVEGACAO SA;05964994000180;OK;ACN;PR;PN;EPNNPR;ACOES NOMINATIVAS ACOES PREFERENCIAIS;A;True;A;;;2026-10-05;True
BRSLOGACNOR2;SLOG;SUL LOGISTICA SA;01585482000151;OK;ACN;OR;ON;ESVUFR;ACOES NOMINATIVAS ACOES ORDINARIAS;A;True;A;;;2026-10-05;True
BRSLOGACNPR9;SLOG;SUL LOGISTICA SA;01585482000151;OK;ACN;PR;PN;EPNNPR;ACOES NOMINATIVAS ACOES PREFERENCIAIS;A;True;A;;;2026-10-05;True
BRSLSAACNPB7;SLSA;SOLO SA IND COM AGRICULTURA;07037427000103;OK;ACN;PB;PN;EPNNPR;ACOES NOMINATIVAS ACOES PREFERENCIAIS CLASSE B;A;True;A;;;2026-10-05;True
BRSM3LACNPC6;SM3L;CIA. MADEIREIRA SÃO MIGUEL-COMIG;04971941000123;OK;ACN;PC;PN;EPNNPR;ACOES NOMINATIVAS;A;True;N;;;2026-10-05;True
BRSMAEACNOR4;SMAE;SMA EMPREENDIMENTOS PARTICIPACOES SA;00694303000151;OK;ACN;OR;ON;ESVUFR;ACOES NOMINATIVAS ACOES ORDINARIAS;A;True;A;;;2026-10-05;True
BRSMBRACNPB5;SMBR;SAMABRAS AGROPECUARIA SA;06069561000123;OK;ACN;PB;PN;EPNNPR;ACOES NOMINATIVAS ACOES PREFERENCIAIS CLASSE B;A;True;A;;;2026-10-05;True
BRSMFTACNOR1;SMFT;SMARTFIT ESCOLA GINASTICA DANCA SA;07594978000178;OK;ACN;OR;ON;ESVUFR;ACOES NOMINATIVAS ACOES ORDINARIAS;A;True;A;;;2026-10-05;True
BRSMFTACNPA4;SMFT;SMARTFIT ESCOLA GINASTICA DANCA SA;07594978000178;OK;ACN;PA;PN;EPNNPR;ACOES NOMINATIVAS ACOES PREFERENCIAIS CLASSE A;A;True;A;;;2026-10-05;True
BRSMFTACNPB2;SMFT;SMARTFIT ESCOLA GINASTICA DANCA SA;07594978000178;OK;ACN;PB;PN;EPNNPR;ACOES NOMINATIVAS ACOES PREFERENCIAIS CLASSE B;A;True;A;;;2026-10-05;True
BRSMFTACNPC0;SMFT;SMARTFIT ESCOLA GINASTICA DANCA SA;07594978000178;OK;ACN;PC;PN;EPNNPR;ACOES NOMINATIVAS ACOES PREFERENCIAIS CLASSE C;A;True;A;;;2026-10-05;True
BRSMFTACNPE6;SMFT;SMARTFIT ESCOLA GINASTICA DANCA SA;07594978000178;OK;ACN;PE;PN;EPNNPR;ACOES NOMINATIVAS ACOES PREFERENCIAIS CLASSE E;A;True;A;;;2026-10-05;True
BRSMFTACNPF3;SMFT;SMARTFIT ESCOLA GINASTICA DANCA SA;07594978000178;OK;ACN;PF;PN;EPNNPR;ACOES NOMINATIVAS ACOES PREFERENCIAIS CLASSE F;A;True;A;;;2026-10-05;True
BRSMFTACNPG1;SMFT;SMARTFIT ESCOLA GINASTICA DANCA SA;07594978000178;OK;ACN;PG;PN;EPNNPR;ACOES NOMINATIVAS ACOES PREFERENCIAIS CLASSE G;A;True;A;;;2026-10-05;True
BRSMGAACNPA2;SMGA;SAO MIGUEL AVICOLA SA;;VAZIO;ACN;PA;PN;EPNNPR;ACOES NOMINATIVAS ACOES PREFERENCIAIS CLASSE A;A;True;A;;;2026-10-05;True
BRSMLEACNOR1;SMLE;SMILES SA;15912764000120;OK;ACN;OR;ON;ESVUFR;ACOES NOMINATIVAS ACOES ORDINARIAS;A;True;A;;;2026-10-05;True
BRSMLHACNOR4;SMLH;LUMIERE SA;84684554000145;OK;ACN;OR;ON;ESVUFR;ACOES NOMINATIVAS ACOES ORDINARIAS;A;True;A;;;2026-10-05;True
BRSMLHACNPR1;SMLH;LUMIERE SA;84684554000145;OK;ACN;PR;PN;EPNNPR;ACOES NOMINATIVAS ACOES PREFERENCIAIS;A;True;A;;;2026-10-05;True
BRSMLSACNOR1;SMLS;SMILES FIDELIDADE SA;05730375000120;OK;ACN;OR;ON;ESVUFR;ACOES NOMINATIVAS ACOES ORDINARIAS;A;True;N;;;2026-10-05;True
BRSMNEACNPC6;SMNE;SOMAI NORDESTE SA;22673347000138;OK;ACN;PC;PN;EPNNPR;ACOES NOMINATIVAS ACOES PREFERENCIAIS CLASSE C;A;True;A;;;2026-10-05;True
BRSMSAACNPA7;SMSA;SEMASA SERVICO MOTOMECANICO AMAZONIA SA;05247192000159;OK;ACN;PA;PN;EPNNPR;ACOES NOMINATIVAS ACOES PREFERENCIAIS CLASSE A;A;True;A;;;2026-10-05;True
BRSMTLACNPA2;SMTL;SIMMENTHAL AGROPECUARIA SA;73644056000152;OK;ACN;PA;PN;EPNNPR;ACOES NOMINATIVAS ACOES PREFERENCIAIS CLASSE A;A;True;A;;;2026-10-05;True
BRSMTOACNOR3;SMTO;SAO MARTINHO SA;51466860000156;OK;ACN;OR;ON;ESVUFR;ACOES NOMINATIVAS ACOES ORDINARIAS;A;True;A;;;2026-10-05;True
BRSNCSACNPR5;SNCS;SUINOCULTURA CANINDE SA SUINOCASA;06827695000166;OK;ACN;PR;PN;EPNNPR;ACOES NOMINATIVAS ACOES PREFERENCIAIS;A;True;A;;;2026-10-05;True
BRSNDWACNOR8;SNDW;BRASIL MOVIMENTO SA;84489996000130;OK;ACN;OR;ON;ESVUFR;ACOES NOMINATIVAS ACOES ORDINARIAS;A;True;A;;;2026-10-05;True
BRSNMRACNPA2;SNMR;SOPAVE NORTE SA MERCANTIL RURAL;36946143000138;OK;ACN;PA;PN;EPNNPR;ACOES NOMINATIVAS ACOES PREFERENCIAIS CLASSE A;A;True;A;;;2026-10-05;True
BRSNMRACNPC8;SNMR;SOPAVE NORTE SA MERCANTIL RURAL;36946143000138;OK;ACN;PC;PN;EPNNPR;ACOES NOMINATIVAS ACOES PREFERENCIAIS CLASSE C;A;True;A;;;2026-10-05;True
BRSNOPACNPA2;SNOP;SINOP AGRO QUIMICA S/A;03538634000190;OK;ACN;PA;PN;EPNNPR;ACOES NOMINATIVAS ACOES PREFERENCIAIS CLASSE A;A;True;A;;;2026-10-05;True
BRSNORACNOR5;SNOR;SENDAS NORDESTE SA SENOR;21438403000197;OK;ACN;OR;ON;ESVUFR;ACOES NOMINATIVAS ACOES ORDINARIAS;A;True;A;;;2026-10-05;True
BRSNORACNPR2;SNOR;SENDAS NORDESTE SA SENOR;21438403000197;OK;ACN;PR;PN;EPNNPR;ACOES NOMINATIVAS ACOES PREFERENCIAIS;A;True;A;;;2026-10-05;True
BRSNRAACNOR4;SNRA;SONORA ESTÂNCIA S.A.;47902283000120;OK;ACN;OR;ON;ESVUFR;ACOES NOMINATIVAS ACOES ORDINARIAS;A;True;A;;;2026-10-05;True
BRSNRAACNPR1;SNRA;SONORA ESTÂNCIA S.A.;47902283000120;OK;ACN;PR;PN;EPNNPR;ACOES NOMINATIVAS ACOES PREFERENCIAIS;A;True;A;;;2026-10-05;True
BRSNSYACNOR2;SNSY;SANSUY SA IND PLASTICOS;14807945000124;OK;ACN;OR;ON;ESVUFR;ACOES NOMINATIVAS ACOES ORDINARIAS;A;True;A;;;2026-10-05;True
BRSNSYACNPA5;SNSY;SANSUY SA IND PLASTICOS;14807945000124;OK;ACN;PA;PN;EPNNPR;ACOES NOMINATIVAS ACOES PREFERENCIAIS CLASSE A;A;True;A;;;2026-10-05;True
BRSNSYACNPB3;SNSY;SANSUY SA IND PLASTICOS;14807945000124;OK;ACN;PB;PN;EPNNPR;ACOES NOMINATIVAS ACOES PREFERENCIAIS CLASSE B;A;True;A;;;2026-10-05;True
BRSNTEACNOR2;SNTE;SANTE ALIMENTACAO SERVICOS SA;05535705000127;OK;ACN;OR;ON;ESVUFR;ACOES NOMINATIVAS ACOES ORDINARIAS;A;True;A;;;2026-10-05;True
BRSNTEACNPA5;SNTE;SANTE ALIMENTACAO SERVICOS SA;05535705000127;OK;ACN;PA;PN;EPNNPR;ACOES NOMINATIVAS ACOES PREFERENCIAIS CLASSE A;A;True;A;;;2026-10-05;True
BRSOCOACNPA8;SOCO;SOCOCO SA AGROINDUSTRIAS AMAZONIA;05832555000113;OK;ACN;PA;PN;EPNNPR;ACOES NOMINATIVAS ACOES PREFERENCIAIS CLASSE A;A;True;A;;;2026-10-05;True
BRSOFIACNOR0;SOFI;SOFIMA SA;51936094000146;OK;ACN;OR;ON;ESVUFR;ACOES NOMINATIVAS ACOES ORDINARIAS;A;True;A;;;2026-10-05;True
BRSOFIACNPR7;SOFI;SOFIMA SA;51936094000146;OK;ACN;PR;PN;EPNNPR;ACOES NOMINATIVAS ACOES PREFERENCIAIS;A;True;A;;;2026-10-05;True
BRSOHGACNPA3;SOHG;SOHAGRO MARINA NORDESTE SA;13432174000175;OK;ACN;PA;PN;EPNNPR;ACOES NOMINATIVAS ACOES PREFERENCIAIS CLASSE A;A;True;A;;;2026-10-05;True
BRSOHGACNPB1;SOHG;SOHAGRO MARINA NORDESTE SA;13432174000175;OK;ACN;PB;PN;EPNNPR;ACOES NOMINATIVAS ACOES PREFERENCIAIS CLASSE B;A;True;A;;;2026-10-05;True
BRSOJAACNOR9;SOJA;BOA SAFRA SEMENTES S.A.;10807374000177;OK;ACN;OR;ON;ESVUFR;ACOES NOMINATIVAS;A;True;N;;;2026-10-05;True
BRSOLOACNOR6;SOLO;CARGILL FERTILIZANTES SA (EX SOLORRICO SA IND COM);61156501000156;OK;ACN;OR;ON;ESVUFR;ACOES NOMINATIVAS ACOES ORDINARIAS;A;True;A;;;2026-10-05;True
BRSOLOACNPR3;SOLO;CARGILL FERTILIZANTES SA (EX SOLORRICO SA IND COM);61156501000156;OK;ACN;PR;PN;EPNNPR;ACOES NOMINATIVAS ACOES PREFERENCIAIS;A;True;A;;;2026-10-05;True
BRSOMAACNOR3;SOMA;GRUPO DE MODA SOMA S.A.;10285590000108;OK;ACN;OR;ON;ESVUFR;ACOES NOMINATIVAS;A;True;N;;;2026-10-05;True
BRSONDACNOR5;SOND;SONDOTECNICA ENGENHARIA SOLOS SA;33386210000119;OK;ACN;OR;ON;ESVUFR;ACOES NOMINATIVAS ACOES ORDINARIAS;A;True;A;;;2026-10-05;True
BRSONDACNPA8;SOND;SONDOTECNICA ENGENHARIA SOLOS SA;33386210000119;OK;ACN;PA;PN;EPNNPR;ACOES NOMINATIVAS ACOES PREFERENCIAIS CLASSE A;A;True;A;;;2026-10-05;True
BRSONDACNPB6;SOND;SONDOTECNICA ENGENHARIA SOLOS SA;33386210000119;OK;ACN;PB;PN;EPNNPR;ACOES NOMINATIVAS ACOES PREFERENCIAIS CLASSE B;A;True;A;;;2026-10-05;True
BRSOPLACNPR0;SOPL;SOPAL HOTEIS CARIRIS SA;20533790000188;OK;ACN;PR;PN;EPNNPR;ACOES NOMINATIVAS ACOES PREFERENCIAIS;A;True;A;;;2026-10-05;True
BRSPALACNPB3;SPAL;SERRA PIPOCA ALIMENTOS SA;16164899000118;OK;ACN;PB;PN;EPNNPR;ACOES NOMINATIVAS ACOES PREFERENCIAIS CLASSE B;A;True;A;;;2026-10-05;True
BRSPAMACNPA3;SPAM;SPERAFICO AMAZONIA SA;24973927000176;OK;ACN;PA;PN;EPNNPR;ACOES NOMINATIVAS ACOES PREFERENCIAIS CLASSE A;A;True;A;;;2026-10-05;True
BRSPBAACNPA6;SPBA;FABRICA PAPEL BAHIA SA SAPELBA;15120066000192;OK;ACN;PA;PN;EPNNPR;ACOES NOMINATIVAS ACOES PREFERENCIAIS CLASSE A;A;True;A;;;2026-10-05;True
BRSPBAACNPD0;SPBA;FABRICA PAPEL BAHIA SA SAPELBA;15120066000192;OK;ACN;PD;PN;EPNNPR;ACOES NOMINATIVAS ACOES PREFERENCIAIS CLASSE D;A;True;A;;;2026-10-05;True
BRSPCIACNOR4;SPCI;SOCIEDADE PARTICIPACOES CIMENTEIRAS SA;01624528000102;OK;ACN;OR;ON;ESVUFR;ACOES NOMINATIVAS ACOES ORDINARIAS;A;True;A;;;2026-10-05;True
BRSPCIACNPB5;SPCI;SOCIEDADE PARTICIPACOES CIMENTEIRAS SA;01624528000102;OK;ACN;PB;PN;EPNNPR;ACOES NOMINATIVAS ACOES PREFERENCIAIS CLASSE B;A;True;A;;;2026-10-05;True
BRSPCIACNPR1;SPCI;SOCIEDADE PARTICIPACOES CIMENTEIRAS SA;01624528000102;OK;ACN;PR;PN;EPNNPR;ACOES NOMINATIVAS ACOES PREFERENCIAIS;A;True;A;;;2026-10-05;True
BRSPCRACNOR5;SPCR;SPE CRISTINA S.A;09077005000197;OK;ACN;OR;ON;ESVUFR;ACOES NOMINATIVAS ACOES ORDINARIAS;A;True;A;;;2026-10-05;True
BRSPDRACNPA6;SPDR;AGROPECUARIA SAO PEDRO SA;00085902000178;OK;ACN;PA;PN;EPNNPR;ACOES NOMINATIVAS ACOES PREFERENCIAIS CLASSE A;A;True;A;;;2026-10-05;True
BRSPE1ACNOR6;SPE1;SPE1 GLOBAL STIEBLER COLINA RESIDENCES EMPREENDIMENTO SA;10698963000164;OK;ACN;OR;ON;ESVUFR;ACOES NOMINATIVAS ACOES ORDINARIAS;A;True;A;;;2026-10-05;True
BRSPE2ACNOR4;SPE2;SPE2 GLOBAL PREMIO IDEALE CHARITAS EMPREENDIMENTO SA;10276098000168;OK;ACN;OR;ON;ESVUFR;ACOES NOMINATIVAS ACOES ORDINARIAS;A;True;A;;;2026-10-05;True
BRSPE3ACNOR2;SPE3;SPE3 GLOBAL MD CARLOS GONDIM EMPREENDIMENTO SA;09383921000155;OK;ACN;OR;ON;ESVUFR;ACOES NOMINATIVAS ACOES ORDINARIAS;A;True;A;;;2026-10-05;True
BRSPE6ACNOR5;SPE6;SPE6 SCON RESIDENCIAL RESERVA NATURAL EMPREENDIMENTO SA;10932706000145;OK;ACN;OR;ON;ESVUFR;ACOES NOMINATIVAS ACOES ORDINARIAS;A;True;A;;;2026-10-05;True
BRSPE7ACNOR3;SPE7;GLOBAL MD NATAL BRISA CONDOMINIO CLUBE EMPREENDIMENTO SA;10230260000107;OK;ACN;OR;ON;ESVUFR;ACOES NOMINATIVAS ACOES ORDINARIAS;A;True;A;;;2026-10-05;True
BRSPE9ACNOR9;SPE9;SPE9 GLOBAL OMEGAPAR VERDES VALES EMPREENDIMENTOS IMOBILIARIOS SA;05329262000118;OK;ACN;OR;ON;ESVUFR;ACOES NOMINATIVAS ACOES ORDINARIAS;A;True;A;;;2026-10-05;True
BRSPEHACNOR2;SPEH;SPE HOLDING FAZENDA BOA VISTA LTDA;18154579000102;OK;ACN;OR;ON;ESVUFR;ACOES NOMINATIVAS;A;True;N;;;2026-10-05;True
BRSPFGACNPA4;SPFG;SUPERFRIGO IND COM SA;03235330000154;OK;ACN;PA;PN;EPNNPR;ACOES NOMINATIVAS ACOES PREFERENCIAIS CLASSE A;A;True;A;;;2026-10-05;True
BRSPFGACNPC0;SPFG;SUPERFRIGO IND COM SA;03235330000154;OK;ACN;PC;PN;EPNNPR;ACOES NOMINATIVAS;A;True;N;;;2026-10-05;True
BRSPFRACNOR8;SPFR;SUPERFRIO ARMAZENS GERAIS SA;02060862000135;OK;ACN;OR;ON;ESVUFR;ACOES NOMINATIVAS ACOES ORDINARIAS;A;True;A;;;2026-10-05;True
BRSPFRACNPR5;SPFR;SUPERFRIO ARMAZENS GERAIS SA;02060862000135;OK;ACN;PR;PN;EPNNPR;ACOES NOMINATIVAS ACOES PREFERENCIAIS;A;True;A;;;2026-10-05;True
BRSPGRACNOR6;SPGR;SUPERAGRO SA FERTILIZANTES INSETICIDAS;72129083000124;OK;ACN;OR;ON;ESVUFR;ACOES NOMINATIVAS ACOES ORDINARIAS;A;True;A;;;2026-10-05;True
BRSPGRACNPR3;SPGR;SUPERAGRO SA FERTILIZANTES INSETICIDAS;72129083000124;OK;ACN;PR;PN;EPNNPR;ACOES NOMINATIVAS ACOES PREFERENCIAIS;A;True;A;;;2026-10-05;True
BRSPGSACNPB5;SPGS;SUPERGESSO SA IND COM;08121923000103;OK;ACN;PB;PN;EPNNPR;ACOES NOMINATIVAS ACOES PREFERENCIAIS CLASSE B;A;True;A;;;2026-10-05;True
BRSPIHACNOR3;SPIH;SUPERCENTRO PAULISTANIA SA IND HOTELEIRA;;VAZIO;ACN;OR;ON;ESVUFR;ACOES NOMINATIVAS ACOES ORDINARIAS;A;True;A;;;2026-10-05;True
BRSPIHACNPR0;SPIH;SUPERCENTRO PAULISTANIA SA IND HOTELEIRA;;VAZIO;ACN;PR;PN;EPNNPR;ACOES NOMINATIVAS ACOES PREFERENCIAIS;A;True;A;;;2026-10-05;True
BRSPLCACNOR8;SPLC;SPLICE BRASIL TELECOMUNICACOES ELETRONICA SA;45397007000127;OK;ACN;OR;ON;ESVUFR;ACOES NOMINATIVAS ACOES ORDINARIAS;A;True;A;;;2026-10-05;True
BRSPLCACNPR5;SPLC;SPLICE BRASIL TELECOMUNICACOES ELETRONICA SA;45397007000127;OK;ACN;PR;PN;EPNNPR;ACOES NOMINATIVAS ACOES PREFERENCIAIS;A;True;A;;;2026-10-05;True
BRSPNRACNOR2;SPNR;MULTI-CAR RIO TERMINAL VEICULOS SA (EX SPC-NOR PARTICIPACOES SA);02369513000108;OK;ACN;OR;ON;ESVUFR;ACOES NOMINATIVAS ACOES ORDINARIAS;A;True;A;;;2026-10-05;True
BRSPPEACNOR5;SPPE;AGIP DISTRIBUIDORA SA (EX CIA SAO PAULO DISTRIBUIDORA DERIVADOS PETR);61442752000105;OK;ACN;OR;ON;ESVUFR;ACOES NOMINATIVAS ACOES ORDINARIAS;A;True;A;;;2026-10-05;True
BRSPPEACNPR2;SPPE;AGIP DISTRIBUIDORA SA (EX CIA SAO PAULO DISTRIBUIDORA DERIVADOS PETR);61442752000105;OK;ACN;PR;PN;EPNNPR;ACOES NOMINATIVAS ACOES PREFERENCIAIS;A;True;A;;;2026-10-05;True
BRSPPLACNOR0;SPPL;SUPPLIERCARD PARTICIPACOES SA;12057680000169;OK;ACN;OR;ON;ESVUFR;ACOES NOMINATIVAS ACOES ORDINARIAS;A;True;A;;;2026-10-05;True
BRSPRIACNOR2;SPRI;SPRINGER SA;92929520000100;OK;ACN;OR;ON;ESVUFR;ACOES NOMINATIVAS ACOES ORDINARIAS;A;True;A;;;2026-10-05;True
BRSPRIACNPA5;SPRI;SPRINGER SA;92929520000100;OK;ACN;PA;PN;EPNNPR;ACOES NOMINATIVAS ACOES PREFERENCIAIS CLASSE A;A;True;A;;;2026-10-05;True
BRSPRIACNPB3;SPRI;SPRINGER SA;92929520000100;OK;ACN;PB;PN;EPNNPR;ACOES NOMINATIVAS ACOES PREFERENCIAIS CLASSE B - E:1996;A;True;A;;;2026-10-05;True
BRSPRTACNOR9;SPRT;LONGDIS SA (EX SPRINT OPPORTUNITY SA);02338534000158;OK;ACN;OR;ON;ESVUFR;ACOES NOMINATIVAS ACOES ORDINARIAS;A;True;A;;;2026-10-05;True
BRSPSAACNPA0;SPSA;SUINOCULTURA SAO PAULO SA SUPASA;08292617000130;OK;ACN;PA;PN;EPNNPR;ACOES NOMINATIVAS ACOES PREFERENCIAIS CLASSE A;A;True;A;;;2026-10-05;True
BRSQIAACNOR6;SQIA;SINQIA S.A.;04065791000199;OK;ACN;OR;ON;ESVUFR;ACOES NOMINATIVAS ACOES ORDINARIAS;A;True;N;;;2026-10-05;True
BRSQRMACNOR2;SQRM;ITAITINGA PARTICIPACOES SA;01258943000181;OK;ACN;OR;ON;ESVUFR;ACOES NOMINATIVAS ACOES ORDINARIAS;A;True;A;;;2026-10-05;True
BRSQSAACNPA8;SQSA;SUINOCULTURA QUEIROZ SA SUQUESA;08598757000130;OK;ACN;PA;PN;EPNNPR;ACOES NOMINATIVAS ACOES PREFERENCIAIS CLASSE A;A;True;A;;;2026-10-05;True
BRSQSAACNPB6;SQSA;SUINOCULTURA QUEIROZ SA SUQUESA;08598757000130;OK;ACN;PB;PN;EPNNPR;ACOES NOMINATIVAS ACOES PREFERENCIAIS CLASSE B;A;True;A;;;2026-10-05;True
BRSRAGACNPA1;SRAG;SERMAR AGROINDUSTRIAL SA;22967541000126;OK;ACN;PA;PN;EPNNPR;ACOES NOMINATIVAS ACOES PREFERENCIAIS CLASSE A;A;True;A;;;2026-10-05;True
BRSRBTACNOR9;SRBT;IND PAPEL PAPELAO SAO ROBERTO SA;60432648000169;OK;ACN;OR;ON;ESVUFR;ACOES NOMINATIVAS ACOES ORDINARIAS;A;True;A;;;2026-10-05;True
BRSRBTACNPR6;SRBT;IND PAPEL PAPELAO SAO ROBERTO SA;60432648000169;OK;ACN;PR;PN;EPNNPR;ACOES NOMINATIVAS ACOES PREFERENCIAIS;A;True;A;;;2026-10-05;True
BRSRITACNPA7;SRIT;FAZENDA SANTA RITA SA;73418758000118;OK;ACN;PA;PN;EPNNPR;ACOES NOMINATIVAS ACOES PREFERENCIAIS CLASSE A;A;True;A;;;2026-10-05;True
BRSRITACNPC3;SRIT;FAZENDA SANTA RITA SA;73418758000118;OK;ACN;PC;PN;ESVUFR;ACOES NOMINATIVAS ACOES PREFERENCIAIS CLASSE C;A;True;N;;;2026-10-05;True
BRSRMJACNPR4;SRMJ;AGROPECUARIA SANTA RITA MARAJO SA;04870226000102;OK;ACN;PR;PN;EPNNPR;ACOES NOMINATIVAS ACOES PREFERENCIAIS;A;True;A;;;2026-10-05;True
BRSRNAACNOR4;SRNA;SERENA ENERGIA S.A.;42500384000151;OK;ACN;OR;ON;ESVUFR;ACOES NOMINATIVAS;A;True;N;;;2026-10-05;True
BRSRPAACNPA2;SRPA;SPRINGER PLASTICOS AMAZONIA S.A.;04350484000150;OK;ACN;PA;PN;EPNNPR;ACOES NOMINATIVAS ACOES PREFERENCIAIS CLASSE A;A;True;A;;;2026-10-05;True
BRSRPTACNPA2;SRPT;FAZENDA SERRA PRATA SA;14433866000109;OK;ACN;PA;PN;EPNNPR;ACOES NOMINATIVAS ACOES PREFERENCIAIS CLASSE A;A;True;A;;;2026-10-05;True
BRSRSAACNOR3;SRSA;SERASA SA;62173620000180;OK;ACN;OR;ON;ESVUFR;ACOES NOMINATIVAS ACOES ORDINARIAS;A;True;A;;;2026-10-05;True
BRSSAVACNOR5;SSAV;SAV SA;;VAZIO;ACN;OR;ON;ESVUFR;ACOES NOMINATIVAS ACOES ORDINARIAS;A;True;A;;;2026-10-05;True
BRSSULACNOR4;SSUL;EMPRESA SANEAMENTO MATO GROSSO SUL SA SANESUL;03982931000120;OK;ACN;OR;ON;ESVUFR;ACOES NOMINATIVAS ACOES ORDINARIAS;A;True;A;;;2026-10-05;True
BRSTALACNPB5;STAL;SETAL TELECOM SA;67754762000154;OK;ACN;PB;PN;EPNNPR;ACOES NOMINATIVAS ACOES PREFERENCIAIS CLASSE B;A;True;A;;;2026-10-05;True
BRSTAMACNPC1;STAM;SEMP TOSHIBA AMAZONAS SA;04400552000148;OK;ACN;PC;PN;EPNNPR;ACOES NOMINATIVAS ACOES PREFERENCIAIS CLASSE C;A;True;A;;;2026-10-05;True
BRSTBPACNOR3;STBP;SANTOS BRASIL PARTICIPACOES SA;02762121000104;OK;ACN;OR;ON;ESVUFR;ACOES NOMINATIVAS ACOES ORDINARIAS;A;True;A;;;2026-10-05;True
BRSTBPACNPR0;STBP;SANTOS BRASIL PARTICIPACOES SA;02762121000104;OK;ACN;PR;PN;EPNNPR;ACOES NOMINATIVAS ACOES PREFERENCIAIS;A;True;A;;;2026-10-05;True
BRSTBPCDAM10;STBP;SANTOS BRASIL PARTICIPACOES SA;02762121000104;OK;CDA;M1;UNIT;EMXXXR;CERTIFICADO DE DEPOSITO DE ACOES CERTIFICADO DE DEPOSITO DE ACOES REPRESENTATIVO DE 1 ACAO ORDINARIA E 4 ACOES PR;A;True;A;;;2026-10-05;True
BRSTBRACNOR9;STBR;NUMERAL 80 PARTICIPACOES SA;02084220000176;OK;ACN;OR;ON;ESVUFR;ACOES NOMINATIVAS ACOES ORDINARIAS;A;True;A;;;2026-10-05;True
BRSTBRACNPR6;STBR;NUMERAL 80 PARTICIPACOES SA;02084220000176;OK;ACN;PR;PN;EPNNPR;ACOES NOMINATIVAS ACOES PREFERENCIAIS;A;True;A;;;2026-10-05;True
BRSTCTACNOR3;STCT;SANTACONSTANCIA TECELAGEM SA;61105474000192;OK;ACN;OR;ON;ESVUFR;ACOES NOMINATIVAS ACOES ORDINARIAS;A;True;A;;;2026-10-05;True
BRSTCTACNPR0;STCT;SANTACONSTANCIA TECELAGEM SA;61105474000192;OK;ACN;PR;PN;EPNNPR;ACOES NOMINATIVAS ACOES PREFERENCIAIS;A;True;A;;;2026-10-05;True
BRSTDRACNOR5;STDR;BCO SANTANDER SA;33517640000122;OK;ACN;OR;ON;ESVUFR;ACOES NOMINATIVAS ACOES ORDINARIAS;A;True;A;;;2026-10-05;True
BRSTDRACNPR2;STDR;BCO SANTANDER SA;33517640000122;OK;ACN;PR;PN;EPNNPR;ACOES NOMINATIVAS ACOES PREFERENCIAIS;A;True;A;;;2026-10-05;True
BRSTEBACNOR7;STEB;SETE BRASIL PARTICIPACOES SA;13127015000167;OK;ACN;OR;ON;ESVUFR;ACOES NOMINATIVAS ACOES ORDINARIAS;A;True;A;;;2026-10-05;True
BRSTFEACNPA1;STFE;LATICINIOS SANTA FE SA;12504627000169;OK;ACN;PA;PN;EPNNPR;ACOES NOMINATIVAS ACOES PREFERENCIAIS CLASSE A;A;True;A;;;2026-10-05;True
BRSTGMACNOR9;STGM;STEIN SP II PARTICIPACOES SA;12592746000110;OK;ACN;OR;ON;ESVUFR;ACOES NOMINATIVAS ACOES ORDINARIAS;A;True;A;;;2026-10-05;True
BRSTKFACNOR5;STKF;STATKRAFT ENERGIAS RENOVAVEIS SA;00622416000141;OK;ACN;OR;ON;ESVUFR;ACOES NOMINATIVAS ACOES ORDINARIAS;A;True;A;;;2026-10-05;True
BRSTMAACNOR2;STMA;CIA INDL SANTA MATILDE;19711282000163;OK;ACN;OR;ON;ESVUFR;ACOES NOMINATIVAS ACOES ORDINARIAS;A;True;A;;;2026-10-05;True
BRSTMAACNPR9;STMA;CIA INDL SANTA MATILDE;19711282000163;OK;ACN;PR;PN;EPNNPR;ACOES NOMINATIVAS ACOES PREFERENCIAIS;A;True;A;;;2026-10-05;True
BRSTNEACNOR2;STNE;SANTANENSE ENERGETICA SA;;VAZIO;ACN;OR;ON;ESVUFR;ACOES NOMINATIVAS ACOES ORDINARIAS;A;True;A;;;2026-10-05;True
BRSTNEACNPR9;STNE;SANTANENSE ENERGETICA SA;;VAZIO;ACN;PR;PN;EPNNPR;ACOES NOMINATIVAS ACOES PREFERENCIAIS;A;True;A;;;2026-10-05;True
BRSTNRACNPB5;STNR;SANTANA RIOS AGROPECUARIA SA;15741432000120;OK;ACN;PB;PN;EPNNPR;ACOES NOMINATIVAS ACOES PREFERENCIAIS CLASSE B;A;True;A;;;2026-10-05;True
BRSTOKACNOR7;STOK;ESTOK COMÉRCIO E REPRESENTAÇÕES S.A.;49732175000182;OK;ACN;OR;ON;ESVUFR;ACOES NOMINATIVAS;A;True;N;;;2026-10-05;True
BRSTRJACNOR2;STRJ;SATI RJ PARTICIPAÇÕES S.A.;19038402000103;OK;ACN;OR;ON;ESVUFR;ACOES NOMINATIVAS;A;True;N;;;2026-10-05;True
BRSTRPACNOR9;STRP;BOTUCATU TEXTIL SA;61087581000135;OK;ACN;OR;ON;ESVUFR;ACOES NOMINATIVAS ACOES ORDINARIAS;A;True;A;;;2026-10-05;True
BRSTRPACNPR6;STRP;BOTUCATU TEXTIL SA;61087581000135;OK;ACN;PR;PN;EPNNPR;ACOES NOMINATIVAS ACOES PREFERENCIAIS;A;True;A;;;2026-10-05;True
BRSTTRACNOR1;STTR;STARA S.A. - INDUSTRIA IMPLEMENTOS AGRICOLAS;91495499000100;OK;ACN;OR;ON;ESVUFR;ACOES NOMINATIVAS ACOES ORDINARIAS;A;True;N;;;2026-10-05;True
BRSTTZACNOR4;STTZ;SANTHER FABRICA PAPEL SANTA THEREZINHA SA;61101895000145;OK;ACN;OR;ON;ESVUFR;ACOES NOMINATIVAS ACOES ORDINARIAS;A;True;A;;;2026-10-05;True
BRSU4NACNPA4;SU4N;SUINORTE SUINOCULTURA NORTE ESPIRITO SANTO SA;30968945000162;OK;ACN;PA;PN;EPNNPR;ACOES NOMINATIVAS ACOES PREFERENCIAIS CLASSE A;A;True;N;;;2026-10-05;True
BRSUAMACNOR0;SUAM;SANTANDER LEASING SA ARREND MERCANTIL;47193149000106;OK;ACN;OR;ON;ESVUFR;ACOES NOMINATIVAS ACOES ORDINARIAS;A;True;A;;;2026-10-05;True
BRSUAPACNPA6;SUAP;SUAPE TEXTIL SA;12869038000184;OK;ACN;PA;PN;EPNNPR;ACOES NOMINATIVAS ACOES PREFERENCIAIS CLASSE A;A;True;A;;;2026-10-05;True
BRSUBRACNOR7;SUBR;SUL BRASILEIRO COM IMPORTACAO EXPORTACAO SA;;VAZIO;ACN;OR;ON;ESVUFR;ACOES NOMINATIVAS ACOES ORDINARIAS;A;True;A;;;2026-10-05;True
BRSUBRACNPR4;SUBR;SUL BRASILEIRO COM IMPORTACAO EXPORTACAO SA;;VAZIO;ACN;PR;PN;EPNNPR;ACOES NOMINATIVAS ACOES PREFERENCIAIS;A;True;A;;;2026-10-05;True
BRSUDEACNOR1;SUDE;SUDESTE SA IND COM;60894110000176;OK;ACN;OR;ON;ESVUFR;ACOES NOMINATIVAS ACOES ORDINARIAS;A;True;A;;;2026-10-05;True
BRSUDEACNPR8;SUDE;SUDESTE SA IND COM;60894110000176;OK;ACN;PR;PN;EPNNPR;ACOES NOMINATIVAS ACOES PREFERENCIAIS;A;True;A;;;2026-10-05;True
BRSUIAACNPR5;SUIA;SUINOS AVES NORDESTE SA SUIANE;07412240000142;OK;ACN;PR;PN;EPNNPR;ACOES NOMINATIVAS ACOES PREFERENCIAIS;A;True;A;;;2026-10-05;True
BRSUIMACNPA6;SUIM;SUIMPAR IND COM SA;05323183000108;OK;ACN;PA;PN;EPNNPR;ACOES NOMINATIVAS ACOES PREFERENCIAIS CLASSE A;A;True;A;;;2026-10-05;True
BRSUISACNPB1;SUIS;SUINOS CACHOEIRA SA SUISSA;08340796000133;OK;ACN;PB;PN;EPNNPR;ACOES NOMINATIVAS ACOES PREFERENCIAIS CLASSE B;A;True;A;;;2026-10-05;True
BRSULGACNOR9;SULG;COMPANHIA DE GÁS DO ESTADO DO RIO GRANDE DO SUL – SULGÁS;72300122000104;OK;ACN;OR;ON;ESVUFR;ACOES NOMINATIVAS;A;True;N;;;2026-10-05;True
BRSULTACNOR2;SULT;CONSTRUTORA SULTEPA SA;89723993000133;OK;ACN;OR;ON;ESVUFR;ACOES NOMINATIVAS ACOES ORDINARIAS;A;True;A;;;2026-10-05;True
BRSULTACNPR9;SULT;CONSTRUTORA SULTEPA SA;89723993000133;OK;ACN;PR;PN;EPNNPR;ACOES NOMINATIVAS ACOES PREFERENCIAIS;A;True;A;;;2026-10-05;True
BRSUNTACNOR8;SUNT;SUNTECH SA (EX SUNTECH INFORMATICA LTDA);01207219000129;OK;ACN;OR;ON;ESVUFR;ACOES NOMINATIVAS ACOES ORDINARIAS;A;True;A;;;2026-10-05;True
BRSUNTACNPA1;SUNT;SUNTECH SA (EX SUNTECH INFORMATICA LTDA);01207219000129;OK;ACN;PA;PN;EPNNPR;ACOES NOMINATIVAS ACOES PREFERENCIAIS CLASSE A;A;True;A;;;2026-10-05;True
BRSURSACNOR1;SURS;ELEVADORES SUR SA IND COM;90347840000118;OK;ACN;OR;ON;ESVUFR;ACOES NOMINATIVAS ACOES ORDINARIAS;A;True;A;;;2026-10-05;True
BRSURSACNPR8;SURS;ELEVADORES SUR SA IND COM;90347840000118;OK;ACN;PR;PN;EPNNPR;ACOES NOMINATIVAS ACOES PREFERENCIAIS;A;True;A;;;2026-10-05;True
BRSUZBACNOR0;SUZB;SUZANO S.A.;16404287000155;OK;ACN;OR;ON;ESVUFR;ACOES NOMINATIVAS ACOES ORDINARIAS;A;True;A;;;2026-10-05;True
BRSUZBACNPA3;SUZB;SUZANO S.A.;16404287000155;OK;ACN;PA;PN;EPNNPR;ACOES NOMINATIVAS ACOES PREFERENCIAIS CLASSE A;A;True;A;;;2026-10-05;True
BRSUZBACNPB1;SUZB;SUZANO S.A.;16404287000155;OK;ACN;PB;PN;EPNNPR;ACOES NOMINATIVAS ACOES PREFERENCIAIS CLASSE B;A;True;A;;;2026-10-05;True
BRSVFIACNOR5;SVFI;SEIVA SA FLORESTAS INDS;87043832000173;OK;ACN;OR;ON;ESVUFR;ACOES NOMINATIVAS ACOES ORDINARIAS;A;True;A;;;2026-10-05;True
BRSVFIACNPA8;SVFI;SEIVA SA FLORESTAS INDS;87043832000173;OK;ACN;PA;PN;EPNNPR;ACOES NOMINATIVAS ACOES PREFERENCIAIS CLASSE A;A;True;A;;;2026-10-05;True
BRSVFIACNPB6;SVFI;SEIVA SA FLORESTAS INDS;87043832000173;OK;ACN;PB;PN;EPNNPR;ACOES NOMINATIVAS ACOES PREFERENCIAIS CLASSE B;A;True;A;;;2026-10-05;True
BRSVFIACNPC4;SVFI;SEIVA SA FLORESTAS INDS;87043832000173;OK;ACN;PC;PN;EPNNPR;ACOES NOMINATIVAS ACOES PREFERENCIAIS CLASSE C;A;True;A;;;2026-10-05;True
BRSVITACNOR6;SVIT;SANTA VITORIA DO PALMAR HOLDING SA;12094666000135;OK;ACN;OR;ON;ESVUFR;ACOES NOMINATIVAS ACOES ORDINARIAS;A;True;A;;;2026-10-05;True
BRSVITACNPR3;SVIT;SANTA VITORIA DO PALMAR HOLDING SA;12094666000135;OK;ACN;PR;PN;EPNNPR;ACOES NOMINATIVAS ACOES PREFERENCIAIS;A;True;A;;;2026-10-05;True
BRSVNAACNPA9;SVNA;AGROPECUARIA SAVANA S.A.;03487501000132;OK;ACN;PA;PN;EPNNPR;ACOES NOMINATIVAS ACOES PREFERENCIAIS CLASSE A;A;True;A;;;2026-10-05;True
BRSVNAACNPB7;SVNA;AGROPECUARIA SAVANA S.A.;03487501000132;OK;ACN;PB;PN;EPNNPR;ACOES NOMINATIVAS ACOES PREFERENCIAIS CLASSE B;A;True;A;;;2026-10-05;True
BRSVPHACNOR6;SVPH;SALVADOR PRAIA HOTEL SA;15237191000187;OK;ACN;OR;ON;ESVUFR;ACOES NOMINATIVAS ACOES ORDINARIAS;A;True;A;;;2026-10-05;True
BRSVPHACNPC5;SVPH;SALVADOR PRAIA HOTEL SA;15237191000187;OK;ACN;PC;PN;EPNNPR;ACOES NOMINATIVAS ACOES PREFERENCIAIS CLASSE C;A;True;A;;;2026-10-05;True
BRSVXEACNOR7;SVXE;SERVIX ENGENHARIA SA;61467379000139;OK;ACN;OR;ON;ESVUFR;ACOES NOMINATIVAS ACOES ORDINARIAS;A;True;A;;;2026-10-05;True
BRSYNEACNOR2;SYNE;SYN PROP E TECH S.A.;08801621000186;OK;ACN;OR;ON;ESVUFR;ACOES NOMINATIVAS ACOES ORDINARIAS;A;True;N;;;2026-10-05;True
BRSYSTACNOR9;SYST;BTG PACTUAL SERVICOS FINANCEIROS S/A DTVM;59281253000123;OK;ACN;OR;ON;ESVUFR;ACOES NOMINATIVAS ACOES ORDINARIAS;A;True;A;;;2026-10-05;True
BRSYZZACNOR1;SYZZ;CASA ANGLO BRASILEIRA SA;61565511000145;OK;ACN;OR;ON;ESVUFR;ACOES NOMINATIVAS ACOES ORDINARIAS;A;True;N;;;2026-10-05;True
BRSYZZACNPR8;SYZZ;CASA ANGLO BRASILEIRA SA;61565511000145;OK;ACN;PR;PN;EPNNPR;ACOES NOMINATIVAS ACOES PREFERENCIAIS;A;True;N;;;2026-10-05;True
BRSZPQACNOR8;SZPQ;BRASKEM PETROQUIMICA SA;04705090000177;OK;ACN;OR;ON;ESVUFR;ACOES NOMINATIVAS ACOES ORDINARIAS;A;True;A;;;2026-10-05;True
BRSZPQACNPR5;SZPQ;BRASKEM PETROQUIMICA SA;04705090000177;OK;ACN;PR;PN;EPNNPR;ACOES NOMINATIVAS ACOES PREFERENCIAIS;A;True;A;;;2026-10-05;True
BRT8KCACNPB9;T8KC;TAXI AÉREO KOVACS S/A;04937397000101;OK;ACN;PB;PN;EPNNPR;ACOES NOMINATIVAS CLASSE B;A;True;N;;;2026-10-05;True
BRT8MDACNPR9;T8MD;TIRIRICAL MADEIRAS S/A;07150741000106;OK;ACN;PR;PN;EPNNPR;ACOES NOMINATIVAS;A;True;N;;;2026-10-05;True
BRT8PNACNPA7;T8PN;TUPINAMBARANA AGROPECUÁRIA S/A;04266227000134;OK;ACN;PA;PN;EPNNPR;ACOES NOMINATIVAS;A;True;N;;;2026-10-05;True
BRT9BRACNOR3;T9BR;TORRES DO BRASIL;38350109000121;OK;ACN;OR;ON;ESVUFR;ACOES NOMINATIVAS;A;True;N;;;2026-10-05;True
BRT9FRACNPC3;T9FR;TAMOYO FRIGORIFICOS REUNIDOS S/A;09259441000187;OK;ACN;PC;PN;EPNNPR;ACOES NOMINATIVAS;A;True;N;;;2026-10-05;True
BRTAEEACNOR9;TAEE;TRANSMISSORA ALIANCA ENERGIA ELETRICA SA;07859971000130;OK;ACN;OR;ON;ESVUFR;ACOES NOMINATIVAS ACOES ORDINARIAS;A;True;A;;;2026-10-05;True
BRTAEEACNPR6;TAEE;TRANSMISSORA ALIANCA ENERGIA ELETRICA SA;07859971000130;OK;ACN;PR;PN;EPNNPR;ACOES NOMINATIVAS ACOES PREFERENCIAIS;A;True;A;;;2026-10-05;True
BRTAEECDAM10;TAEE;TRANSMISSORA ALIANCA ENERGIA ELETRICA SA;07859971000130;OK;CDA;M1;UNIT;EMXXXR;CERTIFICADO DE DEPOSITO DE ACOES CERTIFICADO DE DEPOSITO DE ACOES REPRESENTATIVO DE 1 ACAO ORDINARIA E 2 ACOES PR;A;True;A;;;2026-10-05;True
BRTAGRACNPA9;TAGR;TOUROS AGRICOLA SA TAGRISA;41104969000190;OK;ACN;PA;PN;EPNNPR;ACOES NOMINATIVAS ACOES PREFERENCIAIS CLASSE A;A;True;A;;;2026-10-05;True
BRTAIPACNOR6;TAIP;TAIPE TRANCOSO EMPREENDIMENTOS SA;28573830000127;OK;ACN;OR;ON;ESVUFR;ACOES NOMINATIVAS ACOES ORDINARIAS;A;True;A;;;2026-10-05;True
BRTAISACNPR7;TAIS;TIANGUA AGROINDUSTRIAL SA TAISA;11809647000185;OK;ACN;PR;PN;EPNNPR;ACOES NOMINATIVAS ACOES PREFERENCIAIS;A;True;A;;;2026-10-05;True
BRTALTACNOR2;TALT;TRANSMISSORA ALTEROSA ENERGIA SA;11114380000101;OK;ACN;OR;ON;ESVUFR;ACOES NOMINATIVAS ACOES ORDINARIAS;A;True;A;;;2026-10-05;True
BRTALVACNOR8;TALV;TRANSMISSORA ALVORADA ENERGIA SA;10234351000110;OK;ACN;OR;ON;ESVUFR;ACOES NOMINATIVAS ACOES ORDINARIAS;A;True;A;;;2026-10-05;True
BRTALVACNPR5;TALV;TRANSMISSORA ALVORADA ENERGIA SA;10234351000110;OK;ACN;PR;PN;EPNNPR;ACOES NOMINATIVAS ACOES PREFERENCIAIS;A;True;A;;;2026-10-05;True
BRTAMLACNOR7;TAML;TAM LINHAS AEREAS SA;02012862000160;OK;ACN;OR;ON;ESVUFR;ACOES NOMINATIVAS ACOES ORDINARIAS;A;True;A;;;2026-10-05;True
BRTAMLACNPR4;TAML;TAM LINHAS AEREAS SA;02012862000160;OK;ACN;PR;PN;EPNNPR;ACOES NOMINATIVAS ACOES PREFERENCIAIS;A;True;A;;;2026-10-05;True
BRTAMMACNOR5;TAMM;TAM SA;01832635000118;OK;ACN;OR;ON;ESVUFR;ACOES NOMINATIVAS ACOES ORDINARIAS;A;True;A;;;2026-10-05;True
BRTAMMACNPR2;TAMM;TAM SA;01832635000118;OK;ACN;PR;PN;EPNNPR;ACOES NOMINATIVAS ACOES PREFERENCIAIS;A;True;A;;;2026-10-05;True
BRTASAACNOR7;TASA;TAURUS ARMAS S.A.;92781335000102;OK;ACN;OR;ON;ESVUFR;ACOES NOMINATIVAS ACOES ORDINARIAS;A;True;N;;;2026-10-05;True
BRTASAACNPR4;TASA;TAURUS ARMAS S.A.;92781335000102;OK;ACN;PR;PN;EPNNPR;ACOES NOMINATIVAS ACOES PREFERENCIAIS;A;True;N;;;2026-10-05;True
BRTATEACNOR7;TATE;TRANSULTRA SA ARMAZENS TRANSPORTE ESPECIALIZADO;;VAZIO;ACN;OR;ON;ESVUFR;ACOES NOMINATIVAS ACOES ORDINARIAS;A;True;A;;;2026-10-05;True
BRTATIACNPA1;TATI;TAT INDL ALIMENTOS NORDESTE SA;08009367000188;OK;ACN;PA;PN;EPNNPR;ACOES NOMINATIVAS ACOES PREFERENCIAIS CLASSE A;A;True;A;;;2026-10-05;True
BRTBASACNOR5;TBAS;INDS TEXTEIS BARBERO SA;71444681000125;OK;ACN;OR;ON;ESVUFR;ACOES NOMINATIVAS ACOES ORDINARIAS;A;True;A;;;2026-10-05;True
BRTBASACNPR2;TBAS;INDS TEXTEIS BARBERO SA;71444681000125;OK;ACN;PR;PN;EPNNPR;ACOES NOMINATIVAS ACOES PREFERENCIAIS;A;True;A;;;2026-10-05;True
BRTBCCACNPR2;TBCC;TERRA BRAVIA IND COMERCIO CEREAIS S.A.;37581436000121;OK;ACN;PR;PN;EPNNPR;ACOES NOMINATIVAS ACOES PREFERENCIAIS;A;True;A;;;2026-10-05;True
BRTBGIACNOR3;TBGI;TBG INVESTIMENTOS PARTICIPAÇÕES LTDA;30420144000168;OK;ACN;OR;ON;ESVUFR;ACOES NOMINATIVAS;A;True;N;;;2026-10-05;True
BRTBLMACNPB6;TBLM;TRAMONTINA BELÉM  S/A;14068605000129;OK;ACN;PB;PN;EPNNPR;ACOES NOMINATIVAS;A;True;N;;;2026-10-05;True
BRTBMTACNPA1;TBMT;TBM SA IND TEXTIL;07603376000130;OK;ACN;PA;PN;EPNNPR;ACOES NOMINATIVAS ACOES PREFERENCIAIS CLASSE A;A;True;A;;;2026-10-05;True
BRTBNPACNOR4;TBNP;TROMBINI PAPEL EMBALAGENS SA;;VAZIO;ACN;OR;ON;ESVUFR;ACOES NOMINATIVAS ACOES ORDINARIAS;A;True;A;;;2026-10-05;True
BRTBNPACNPR1;TBNP;TROMBINI PAPEL EMBALAGENS SA;;VAZIO;ACN;PR;PN;EPNNPR;ACOES NOMINATIVAS ACOES PREFERENCIAIS;A;True;A;;;2026-10-05;True
BRTBOAACNPR1;TBOA;FAZENDA TERRA BOA SA;04869053000102;OK;ACN;PR;PN;EPNNPR;ACOES NOMINATIVAS ACOES PREFERENCIAIS;A;True;A;;;2026-10-05;True
BRTBOIACNPA0;TBOI;FAZENDA TOCA BOI SA;14078067000153;OK;ACN;PA;PN;EPNNPR;ACOES NOMINATIVAS ACOES PREFERENCIAIS CLASSE A;A;True;A;;;2026-10-05;True
BRTBRCACNOR3;TBRC;TELEBRASILIA CELULAR SA;02320032000108;OK;ACN;OR;ON;ESVUFR;ACOES NOMINATIVAS ACOES ORDINARIAS;A;True;A;;;2026-10-05;True
BRTBRCACNPA6;TBRC;TELEBRASILIA CELULAR SA;02320032000108;OK;ACN;PA;PN;EPNNPR;ACOES NOMINATIVAS ACOES PREFERENCIAIS CLASSE A;A;True;A;;;2026-10-05;True
BRTBRCACNPB4;TBRC;TELEBRASILIA CELULAR SA;02320032000108;OK;ACN;PB;PN;EPNNPR;ACOES NOMINATIVAS ACOES PREFERENCIAIS CLASSE B;A;True;A;;;2026-10-05;True
BRTBSAACNPA8;TBSA;TEBASA SA;07298995000168;OK;ACN;PA;PN;EPNNPR;ACOES NOMINATIVAS ACOES PREFERENCIAIS CLASSE A;A;True;A;;;2026-10-05;True
BRTBSIACNPA1;TBSI;TEBRASA IND TEXTIL SA;09549635000117;OK;ACN;PA;PN;EPNNPR;ACOES NOMINATIVAS ACOES PREFERENCIAIS CLASSE A;A;True;A;;;2026-10-05;True
BRTBTBACNOR1;TBTB;TECIDOS E ARMARINHOS MIGUEL BARTOLOMEU S.A.;17359233000188;OK;ACN;OR;ON;ESVUFR;ACOES NOMINATIVAS;A;True;N;;;2026-10-05;True
BRTBUBACNPR6;TBUB;TIMBAUBA AGRICOLA SA;24398349000191;OK;ACN;PR;PN;EPNNPR;ACOES NOMINATIVAS ACOES PREFERENCIAIS;A;True;A;;;2026-10-05;True
BRTCBCACNOR5;TCBC;TECNOLOGIA BANCARIA SA;51427102000129;OK;ACN;OR;ON;ESVUFR;ACOES NOMINATIVAS ACOES ORDINARIAS;A;True;A;;;2026-10-05;True
BRTCBLACNOR6;TCBL;TECNOBLU SA INDUSTRIA COMERCIO;00056633000111;OK;ACN;OR;ON;ESVUFR;ACOES NOMINATIVAS ACOES ORDINARIAS;A;True;A;;;2026-10-05;True
BRTCBLACNPA9;TCBL;TECNOBLU SA INDUSTRIA COMERCIO;00056633000111;OK;ACN;PA;PN;EPNNPR;ACOES NOMINATIVAS ACOES PREFERENCIAIS CLASSE A;A;True;A;;;2026-10-05;True
BRTCDRACNOR9;TCDR;TORCEDOR SA;01529587000193;OK;ACN;OR;ON;ESVUFR;ACOES NOMINATIVAS ACOES ORDINARIAS;A;True;A;;;2026-10-05;True
BRTCDRACNPR6;TCDR;TORCEDOR SA;01529587000193;OK;ACN;PR;PN;EPNNPR;ACOES NOMINATIVAS ACOES PREFERENCIAIS;A;True;A;;;2026-10-05;True
BRTCHGACNPA6;TCHG;TE-CHAGA-U AGROPECUARIA SA;14031835000113;OK;ACN;PA;PN;EPNNPR;ACOES NOMINATIVAS ACOES PREFERENCIAIS CLASSE A;A;True;A;;;2026-10-05;True
BRTCHGACNPC2;TCHG;TE-CHAGA-U AGROPECUARIA SA;14031835000113;OK;ACN;PC;PN;EPNNPR;ACOES NOMINATIVAS ACOES PREFERENCIAIS CLASSE C;A;True;A;;;2026-10-05;True
BRTCHNACNOR9;TCHN;TECHNOS RELOGIOS SA;92672203000142;OK;ACN;OR;ON;ESVUFR;ACOES NOMINATIVAS ACOES ORDINARIAS;A;True;A;;;2026-10-05;True
BRTCHNACNPR6;TCHN;TECHNOS RELOGIOS SA;92672203000142;OK;ACN;PR;PN;EPNNPR;ACOES NOMINATIVAS ACOES PREFERENCIAIS;A;True;A;;;2026-10-05;True
BRTCNLACNOR1;TCNL;TECNOLOGICA SA;39803010000109;OK;ACN;OR;ON;ESVUFR;ACOES NOMINATIVAS ACOES ORDINARIAS;A;True;A;;;2026-10-05;True
BRTCNOACNOR5;TCNO;TECNOSOLO ENGENHARIA SA;33111246000190;OK;ACN;OR;ON;ESVUFR;ACOES NOMINATIVAS ACOES ORDINARIAS;A;True;A;;;2026-10-05;True
BRTCNOACNPR2;TCNO;TECNOSOLO ENGENHARIA SA;33111246000190;OK;ACN;PR;PN;EPNNPR;ACOES NOMINATIVAS ACOES PREFERENCIAIS;A;True;A;;;2026-10-05;True
BRTCNTACNPR1;TCNT;TECNOTRUTA SA;39314786000157;OK;ACN;PR;PN;EPNNPR;ACOES NOMINATIVAS ACOES PREFERENCIAIS;A;True;A;;;2026-10-05;True
BRTCQCACNOR3;TCQC;IND CARBOQUIMICA CATARINENSE SA;83881433000120;OK;ACN;OR;ON;ESVUFR;ACOES NOMINATIVAS ACOES ORDINARIAS;A;True;A;;;2026-10-05;True
BRTCQCACNPR0;TCQC;IND CARBOQUIMICA CATARINENSE SA;83881433000120;OK;ACN;PR;PN;EPNNPR;ACOES NOMINATIVAS ACOES PREFERENCIAIS;A;True;A;;;2026-10-05;True
BRTCSAACNOR3;TCSA;TECNISA SA;08065557000112;OK;ACN;OR;ON;ESVUFR;ACOES NOMINATIVAS ACOES ORDINARIAS;A;True;A;;;2026-10-05;True
BRTCTNACNPA7;TCTN;TRANSCONTINENTAL HOTEIS TURISMO SA;22871115000194;OK;ACN;PA;PN;EPNNPR;ACOES NOMINATIVAS ACOES PREFERENCIAIS CLASSE A;A;True;A;;;2026-10-05;True
BRTCVSACNPA2;TCVS;TACAIMBO AVICOLA SA TACAVISA;12881959000162;OK;ACN;PA;PN;EPNNPR;ACOES NOMINATIVAS ACOES PREFERENCIAIS CLASSE A;A;True;A;;;2026-10-05;True
BRTECGACNOR0;TECG;TECNOGERA LOCACAO TRANSFORMACAO ENERGIA SA;08100057000174;OK;ACN;OR;ON;ESVUFR;ACOES NOMINATIVAS ACOES ORDINARIAS;A;True;A;;;2026-10-05;True
BRTECGACNPA3;TECG;TECNOGERA LOCACAO TRANSFORMACAO ENERGIA SA;08100057000174;OK;ACN;PA;PN;EPNNPR;ACOES NOMINATIVAS ACOES PREFERENCIAIS CLASSE A;A;True;A;;;2026-10-05;True
BRTECGACNPB1;TECG;TECNOGERA LOCACAO TRANSFORMACAO ENERGIA SA;08100057000174;OK;ACN;PB;PN;EPNNPR;ACOES NOMINATIVAS ACOES PREFERENCIAIS CLASSE B;A;True;A;;;2026-10-05;True
BRTECNACNOR6;TECN;TECHNOS SA;09295063000197;OK;ACN;OR;ON;ESVUFR;ACOES NOMINATIVAS ACOES ORDINARIAS;A;True;A;;;2026-10-05;True
BRTECSACNPB6;TECS;TECONSUL HOTEIS TURISMO SA;10835387000150;OK;ACN;PB;PN;EPNNPR;ACOES NOMINATIVAS ACOES PREFERENCIAIS CLASSE B;A;True;A;;;2026-10-05;True
BRTEGAACNOR4;TEGA;TEGRA INCORPORADORA S.A.;30213493000109;OK;ACN;OR;ON;ESVUFR;ACOES NOMINATIVAS;A;True;N;;;2026-10-05;True
BRTEGRACNPA1;TEGR;TEGRASA TERRA GRANDE AGROPECUARIA SA;04881306000155;OK;ACN;PA;PN;EPNNPR;ACOES NOMINATIVAS ACOES PREFERENCIAIS CLASSE A;A;True;A;;;2026-10-05;True
BRTEKAACNOR6;TEKA;TEKA TECELAGEM KUEHNRICH SA;82636986000155;OK;ACN;OR;ON;ESVUFR;ACOES NOMINATIVAS ACOES ORDINARIAS;A;True;A;;;2026-10-05;True
BRTEKAACNPR3;TEKA;TEKA TECELAGEM KUEHNRICH SA;82636986000155;OK;ACN;PR;PN;EPNNPR;ACOES NOMINATIVAS ACOES PREFERENCIAIS;A;True;A;;;2026-10-05;True
BRTELBACNOR2;TELB;TELECOMUNICACOES BRASILEIRAS SA TELEBRAS;00336701000104;OK;ACN;OR;ON;ESVUFR;ACOES NOMINATIVAS ACOES ORDINARIAS;A;True;A;;;2026-10-05;True
BRTELBACNPR9;TELB;TELECOMUNICACOES BRASILEIRAS SA TELEBRAS;00336701000104;OK;ACN;PR;PN;EPNNPR;ACOES NOMINATIVAS ACOES PREFERENCIAIS;A;True;A;;;2026-10-05;True
BRTEMOACNOR3;TEMO;TERMOLAR SA;92780634000122;OK;ACN;OR;ON;ESVUFR;ACOES NOMINATIVAS ACOES ORDINARIAS;A;True;A;;;2026-10-05;True
BRTEMPACNOR0;TEMP;TEMPO PARTICIPACOES SA;06977739000134;OK;ACN;OR;ON;ESVUFR;ACOES NOMINATIVAS ACOES ORDINARIAS;A;True;A;;;2026-10-05;True
BRTENDACNOR4;TEND;CONSTRUTORA TENDA SA;71476527000135;OK;ACN;OR;ON;ESVUFR;ACOES NOMINATIVAS ACOES ORDINARIAS;A;True;A;;;2026-10-05;True
BRTEQUACNOR1;TEQU;TERMINAL QUIMICO ARATU SA TEQUIMAR;14688220000164;OK;ACN;OR;ON;ESVUFR;ACOES NOMINATIVAS ACOES ORDINARIAS;A;True;A;;;2026-10-05;True
BRTEQUACNPR8;TEQU;TERMINAL QUIMICO ARATU SA TEQUIMAR;14688220000164;OK;ACN;PR;PN;EPNNPR;ACOES NOMINATIVAS ACOES PREFERENCIAIS;A;True;A;;;2026-10-05;True
BRTERIACNOR4;TERI;TEREOS INTERNACIONAL SA;11566501000156;OK;ACN;OR;ON;ESVUFR;ACOES NOMINATIVAS ACOES ORDINARIAS;A;True;A;;;2026-10-05;True
BRTESAACNOR9;TESA;TERRA SANTA AGRO SA;05799312000120;OK;ACN;OR;ON;ESVUFR;ACOES NOMINATIVAS ACOES ORDINARIAS;A;True;A;;;2026-10-05;True
BRTESEACNOR1;TESE;SATMA-SUL AMERICA PARTICIPACOES SA (EX SUL AMERICA TERRESTRE MARITIMO);33429226000161;OK;ACN;OR;ON;ESVUFR;ACOES NOMINATIVAS ACOES ORDINARIAS;A;True;A;;;2026-10-05;True
BRTEXIACNPA5;TEXI;CIA TEXTIL TANGARA TEXITA;08061855000134;OK;ACN;PA;PN;EPNNPR;ACOES NOMINATIVAS ACOES PREFERENCIAIS CLASSE A;A;True;A;;;2026-10-05;True
BRTFASACNOR6;TFAS;TFA SECURITIZADORA SA;08253728000137;OK;ACN;OR;ON;ESVUFR;ACOES NOMINATIVAS ACOES ORDINARIAS;A;True;A;;;2026-10-05;True
BRTFCOACNOR1;TFCO;TRACK & FIELD CO S.A;59418806000147;OK;ACN;OR;ON;ESVUFR;ACOES NOMINATIVAS;A;True;N;;;2026-10-05;True
BRTFCOACNPR8;TFCO;TRACK & FIELD CO S.A;59418806000147;OK;ACN;PR;PN;EPRNPR;ACOES NOMINATIVAS;A;True;A;;;2026-10-05;True
BRTFTRACNPR5;TFTR;TERRA FUTURO IND COM SA;25015470000150;OK;ACN;PR;PN;EPNNPR;ACOES NOMINATIVAS ACOES PREFERENCIAIS;A;True;A;;;2026-10-05;True
BRTFUHACNOR7;TFUH;T4U HOLDING BRASIL SA;03801927000119;OK;ACN;OR;ON;ESVUFR;ACOES NOMINATIVAS ACOES ORDINARIAS;A;True;A;;;2026-10-05;True
BRTGCFACNOR7;TGCF;GARANCE TEXTILE SA;57014334000131;OK;ACN;OR;ON;ESVUFR;ACOES NOMINATIVAS ACOES ORDINARIAS;A;True;A;;;2026-10-05;True
BRTGCFACNPR4;TGCF;GARANCE TEXTILE SA;57014334000131;OK;ACN;PR;PN;EPNNPR;ACOES NOMINATIVAS ACOES PREFERENCIAIS;A;True;A;;;2026-10-05;True
BRTGMAACNOR7;TGMA;TEGMA GESTAO LOGISTICA SA;02351144000118;OK;ACN;OR;ON;ESVUFR;ACOES NOMINATIVAS ACOES ORDINARIAS;A;True;A;;;2026-10-05;True
BRTGPAACNOR0;TGPA;TG PARTICIPACOES SA;01898700000108;OK;ACN;OR;ON;ESVUFR;ACOES NOMINATIVAS ACOES ORDINARIAS;A;True;A;;;2026-10-05;True
BRTGRAACNOR6;TGRA;TANGARA IMPORTADORA EXPORTADORA SA;39787056000173;OK;ACN;OR;ON;ESVUFR;ACOES NOMINATIVAS ACOES ORDINARIAS;A;True;A;;;2026-10-05;True
BRTGRAACNPR3;TGRA;TANGARA IMPORTADORA EXPORTADORA SA;39787056000173;OK;ACN;PR;PN;EPNNPR;ACOES NOMINATIVAS ACOES PREFERENCIAIS;A;True;A;;;2026-10-05;True
BRTGUAACNPB1;TGUA;TAGUA AGROPECUARIA SA;03531316000106;OK;ACN;PB;PN;EPNNPR;ACOES NOMINATIVAS ACOES PREFERENCIAIS CLASSE B;A;True;A;;;2026-10-05;True
BRTGUAACNPC9;TGUA;TAGUA AGROPECUARIA SA;03531316000106;OK;ACN;PC;PN;EPNNPR;ACOES NOMINATIVAS ACOES PREFERENCIAIS CLASSE C;A;True;A;;;2026-10-05;True
BRTGUIACNPA6;TGUI;TEXTIL GUIMARAES SA TEGUISA;12031126000102;OK;ACN;PA;PN;EPNNPR;ACOES NOMINATIVAS ACOES PREFERENCIAIS CLASSE A;A;True;A;;;2026-10-05;True
BRTGUIACNPB4;TGUI;TEXTIL GUIMARAES SA TEGUISA;12031126000102;OK;ACN;PB;PN;EPNNPR;ACOES NOMINATIVAS ACOES PREFERENCIAIS CLASSE B;A;True;A;;;2026-10-05;True
BRTIETACNOR0;TIET;AES TIETE ENERGIA SA;04128563000110;OK;ACN;OR;ON;ESVUFR;ACOES NOMINATIVAS ACOES ORDINARIAS;A;True;A;;;2026-10-05;True
BRTIETACNPR7;TIET;AES TIETE ENERGIA SA;04128563000110;OK;ACN;PR;PN;EPNNPR;ACOES NOMINATIVAS ACOES PREFERENCIAIS;A;True;A;;;2026-10-05;True
BRTIETCDAM15;TIET;AES TIETE ENERGIA SA;04128563000110;OK;CDA;M1;UNIT;EMXXXR;CERTIFICADO DE DEPOSITO DE ACOES CERTIFICADO DE DEPOSITO DE ACOES REPRESENTATIVO DE 1 ACAO ORDINARIA E 4 ACOES PR;A;True;A;;;2026-10-05;True
BRTIGRACNOR9;TIGR;TIGRE S.A. PARTICIPAÇÕES;84684455000163;OK;ACN;OR;ON;ESVUFR;ACOES NOMINATIVAS ACOES ORDINARIAS;A;True;A;;;2026-10-05;True
BRTIMSACNOR5;TIMS;TIM S.A.;02421421000111;OK;ACN;OR;ON;ESVUFR;ACOES NOMINATIVAS SET/2020;A;True;N;;;2026-10-05;True
BRTJKSACNOR7;TJKS;T J K S P E EMPREENDIMENTOS PARTICIPACOES SA;08845740000130;OK;ACN;OR;ON;ESVUFR;ACOES NOMINATIVAS ACOES ORDINARIAS;A;True;A;;;2026-10-05;True
BRTKAGACNPB2;TKAG;TEKA AGROINDL SA;;VAZIO;ACN;PB;PN;EPNNPR;ACOES NOMINATIVAS ACOES PREFERENCIAIS CLASSE B;A;True;A;;;2026-10-05;True
BRTKNOACNOR8;TKNO;TEKNO SA IND COM;33467572000134;OK;ACN;OR;ON;ESVUFR;ACOES NOMINATIVAS ACOES ORDINARIAS;A;True;A;;;2026-10-05;True
BRTKNOACNPR5;TKNO;TEKNO SA IND COM;33467572000134;OK;ACN;PR;PN;EPNNPR;ACOES NOMINATIVAS ACOES PREFERENCIAIS;A;True;A;;;2026-10-05;True
BRTLCLACNOR5;TLCL;TCL LAVANDERIA SA;17192825000158;OK;ACN;OR;ON;ESVUFR;ACOES NOMINATIVAS ACOES ORDINARIAS;A;True;A;;;2026-10-05;True
BRTLCLACNPA8;TLCL;TCL LAVANDERIA SA;17192825000158;OK;ACN;PA;PN;EPNNPR;ACOES NOMINATIVAS ACOES PREFERENCIAIS CLASSE A;A;True;A;;;2026-10-05;True
BRTLCLACNPB6;TLCL;TCL LAVANDERIA SA;17192825000158;OK;ACN;PB;PN;EPNNPR;ACOES NOMINATIVAS ACOES PREFERENCIAIS CLASSE B;A;True;A;;;2026-10-05;True
BRTLHDACNOR1;TLHD;TELECOM HOLDING SA;;VAZIO;ACN;OR;ON;ESVUFR;ACOES NOMINATIVAS ACOES ORDINARIAS;A;True;A;;;2026-10-05;True
BRTLIPACNOR3;TLIP;TULIP ITAGUAI HOTELARIA SPE S.A.;13172241000160;OK;ACN;OR;ON;ESVUFR;ACOES NOMINATIVAS ACOES ORDINARIAS;A;True;A;;;2026-10-05;True
BRTLMPACNOR5;TLMP;TELEMAR PARTICIPACOES SA;02107946000187;OK;ACN;OR;ON;ESVUFR;ACOES NOMINATIVAS ACOES ORDINARIAS;A;True;A;;;2026-10-05;True
BRTLPCACNOR6;TLPC;TULIP CAMPOS HOTELARIA SPE SA;12126845000107;OK;ACN;OR;ON;ESVUFR;ACOES NOMINATIVAS ACOES ORDINARIAS;A;True;A;;;2026-10-05;True
BRTLRDACNOR0;TLRD;TALLARD TECHNOLOGIES SA GRUPO ITAUTEC;06135938000103;OK;ACN;OR;ON;ESVUFR;ACOES NOMINATIVAS ACOES ORDINARIAS;A;True;A;;;2026-10-05;True
BRTLUNACNOR3;TLUN;TELEUNION SA;;VAZIO;ACN;OR;ON;ESVUFR;ACOES NOMINATIVAS ACOES ORDINARIAS;A;True;A;;;2026-10-05;True
BRTLUXACNOR2;TLUX;TRILUX PARTICIPACOES SA;32185928000184;OK;ACN;OR;ON;ESVUFR;ACOES NOMINATIVAS ACOES ORDINARIAS;A;True;A;;;2026-10-05;True
BRTLUXACNPR9;TLUX;TRILUX PARTICIPACOES SA;32185928000184;OK;ACN;PR;PN;EPNNPR;ACOES NOMINATIVAS ACOES PREFERENCIAIS;A;True;A;;;2026-10-05;True
BRTLVTACNOR8;TLVT;TELINVEST SA;02476710000118;OK;ACN;OR;ON;ESVUFR;ACOES NOMINATIVAS ACOES ORDINARIAS;A;True;A;;;2026-10-05;True
BRTMACACNOR6;TMAC;AMAZONIA CELULAR SA MARANHAO (EX TELMA CELULAR SA);02340278000133;OK;ACN;OR;ON;ESVUFR;ACOES NOMINATIVAS ACOES ORDINARIAS;A;True;A;;;2026-10-05;True
BRTMACACNPA9;TMAC;AMAZONIA CELULAR SA MARANHAO (EX TELMA CELULAR SA);02340278000133;OK;ACN;PA;PN;EPNNPR;ACOES NOMINATIVAS ACOES PREFERENCIAIS CLASSE A;A;True;A;;;2026-10-05;True
BRTMACACNPB7;TMAC;AMAZONIA CELULAR SA MARANHAO (EX TELMA CELULAR SA);02340278000133;OK;ACN;PB;PN;EPNNPR;ACOES NOMINATIVAS ACOES PREFERENCIAIS CLASSE B;A;True;A;;;2026-10-05;True
BRTMACACNPC5;TMAC;AMAZONIA CELULAR SA MARANHAO (EX TELMA CELULAR SA);02340278000133;OK;ACN;PC;PN;EPNNPR;ACOES NOMINATIVAS ACOES PREFERENCIAIS CLASSE C;A;True;A;;;2026-10-05;True
BRTMACACNPD3;TMAC;AMAZONIA CELULAR SA MARANHAO (EX TELMA CELULAR SA);02340278000133;OK;ACN;PD;PN;EPNNPR;ACOES NOMINATIVAS ACOES PREFERENCIAIS CLASSE D;A;True;A;;;2026-10-05;True
BRTMACACNPE1;TMAC;AMAZONIA CELULAR SA MARANHAO (EX TELMA CELULAR SA);02340278000133;OK;ACN;PE;PN;EPNNPR;ACOES NOMINATIVAS ACOES PREFERENCIAIS CLASSE E;A;True;A;;;2026-10-05;True
BRTMARACNOR4;TMAR;TELEMAR NORTE LESTE SA;33000118000179;OK;ACN;OR;ON;ESVUFR;ACOES NOMINATIVAS ACOES ORDINARIAS;A;True;A;;;2026-10-05;True
BRTMARACNPA7;TMAR;TELEMAR NORTE LESTE SA;33000118000179;OK;ACN;PA;PN;EPNNPR;ACOES NOMINATIVAS ACOES PREFERENCIAIS CLASSE A;A;True;A;;;2026-10-05;True
BRTMARACNPB5;TMAR;TELEMAR NORTE LESTE SA;33000118000179;OK;ACN;PB;PN;EPNNPR;ACOES NOMINATIVAS ACOES PREFERENCIAIS CLASSE B;A;True;A;;;2026-10-05;True
BRTMCPACNOR4;TMCP;TELEMIG CELULAR PARTICIPACOES SA;02558118000165;OK;ACN;OR;ON;ESVUFR;ACOES NOMINATIVAS ACOES ORDINARIAS;A;True;A;;;2026-10-05;True
BRTMCPACNPR1;TMCP;TELEMIG CELULAR PARTICIPACOES SA;02558118000165;OK;ACN;PR;PN;EPNNPR;ACOES NOMINATIVAS ACOES PREFERENCIAIS;A;True;A;;;2026-10-05;True
BRTMGCACNOR3;TMGC;TELEMIG CELULAR SA;02320739000106;OK;ACN;OR;ON;ESVUFR;ACOES NOMINATIVAS ACOES ORDINARIAS;A;True;A;;;2026-10-05;True
BRTMGCACNPA6;TMGC;TELEMIG CELULAR SA;02320739000106;OK;ACN;PA;PN;EPNNPR;ACOES NOMINATIVAS ACOES PREFERENCIAIS CLASSE A;A;True;A;;;2026-10-05;True
BRTMGCACNPB4;TMGC;TELEMIG CELULAR SA;02320739000106;OK;ACN;PB;PN;EPNNPR;ACOES NOMINATIVAS ACOES PREFERENCIAIS CLASSE B;A;True;A;;;2026-10-05;True
BRTMGCACNPC2;TMGC;TELEMIG CELULAR SA;02320739000106;OK;ACN;PC;PN;EPNNPR;ACOES NOMINATIVAS ACOES PREFERENCIAIS CLASSE C;A;True;A;;;2026-10-05;True
BRTMGCACNPD0;TMGC;TELEMIG CELULAR SA;02320739000106;OK;ACN;PD;PN;EPNNPR;ACOES NOMINATIVAS ACOES PREFERENCIAIS CLASSE D;A;True;A;;;2026-10-05;True
BRTMGCACNPE8;TMGC;TELEMIG CELULAR SA;02320739000106;OK;ACN;PE;PN;EPNNPR;ACOES NOMINATIVAS ACOES PREFERENCIAIS CLASSE E;A;True;A;;;2026-10-05;True
BRTMGCACNPF5;TMGC;TELEMIG CELULAR SA;02320739000106;OK;ACN;PF;PN;EPNNPR;ACOES NOMINATIVAS ACOES PREFERENCIAIS CLASSE F;A;True;A;;;2026-10-05;True
BRTMGCACNPG3;TMGC;TELEMIG CELULAR SA;02320739000106;OK;ACN;PG;PN;EPNNPR;ACOES NOMINATIVAS ACOES PREFERENCIAIS CLASSE G;A;True;A;;;2026-10-05;True
BRTMKYACNPD6;TMKY;AGROPECUARIA TAMAKAVY S.A.;03143716000136;OK;ACN;PD;PN;ESVUFR;ACOES NOMINATIVAS ACOES PREFERENCIAIS CLASSE D;A;True;N;;;2026-10-05;True
BRTMSAACNPR9;TMSA;TERMISA INDL SA;12233284000145;OK;ACN;PR;PN;EPNNPR;ACOES NOMINATIVAS ACOES PREFERENCIAIS;A;True;A;;;2026-10-05;True
BRTNBIACNOR9;TNBI;TONON BIOENERGIA SA;07914230000105;OK;ACN;OR;ON;ESVUFR;ACOES NOMINATIVAS ACOES ORDINARIAS;A;True;A;;;2026-10-05;True
BRTNCPACNOR2;TNCP;TELE NORTE CELULAR PARTICIPACOES SA;02558154000129;OK;ACN;OR;ON;ESVUFR;ACOES NOMINATIVAS ACOES ORDINARIAS;A;True;A;;;2026-10-05;True
BRTNCPACNPR9;TNCP;TELE NORTE CELULAR PARTICIPACOES SA;02558154000129;OK;ACN;PR;PN;EPNNPR;ACOES NOMINATIVAS ACOES PREFERENCIAIS;A;True;A;;;2026-10-05;True
BRTNGLACNOR2;TNGL;SECURIT SA;61592895000195;OK;ACN;OR;ON;ESVUFR;ACOES NOMINATIVAS ACOES ORDINARIAS;A;True;A;;;2026-10-05;True
BRTNGLACNPR9;TNGL;SECURIT SA;61592895000195;OK;ACN;PR;PN;EPNNPR;ACOES NOMINATIVAS ACOES PREFERENCIAIS;A;True;A;;;2026-10-05;True
BRTNRYACNOR2;TNRY;TANNERY BRASIL SA;24698144000121;OK;ACN;OR;ON;ESVUFR;ACOES NOMINATIVAS ACOES ORDINARIAS;A;True;A;;;2026-10-05;True
BRTNRYACNPA5;TNRY;TANNERY BRASIL SA;24698144000121;OK;ACN;PA;PN;EPNNPR;ACOES NOMINATIVAS ACOES PREFERENCIAIS CLASSE A;A;True;A;;;2026-10-05;True
BRTNRYACNPB3;TNRY;TANNERY BRASIL SA;24698144000121;OK;ACN;PB;PN;EPNNPR;ACOES NOMINATIVAS ACOES PREFERENCIAIS CLASSE B;A;True;A;;;2026-10-05;True
BRTNRYACNPC1;TNRY;TANNERY BRASIL SA;24698144000121;OK;ACN;PC;PN;EPNNPR;ACOES NOMINATIVAS ACOES PREFERENCIAIS CLASSE C;A;True;A;;;2026-10-05;True
BRTNRYACNPD9;TNRY;TANNERY BRASIL SA;24698144000121;OK;ACN;PD;PN;EPNNPR;ACOES NOMINATIVAS ACOES PREFERENCIAIS CLASSE D;A;True;A;;;2026-10-05;True
BRTOBAACNPC3;TOBA;TOBASA TOCANTINS BABACU SA;02747251000160;OK;ACN;PC;PN;EPNNPR;ACOES NOMINATIVAS ACOES PREFERENCIAIS CLASSE C;A;True;A;;;2026-10-05;True
BRTOCNACNPA8;TOCN;TOCANTINS AGRO AVICOLA SA;33411265000131;OK;ACN;PA;PN;EPNNPR;ACOES NOMINATIVAS ACOES PREFERENCIAIS CLASSE A;A;True;A;;;2026-10-05;True
BRTOCNACNPB6;TOCN;TOCANTINS AGRO AVICOLA SA;33411265000131;OK;ACN;PB;PN;ESVUFR;ACOES NOMINATIVAS ACOES PREFERENCIAIS CLASSE B;A;True;N;;;2026-10-05;True
BRTOGAACNPR0;TOGA;TOGA EMPREENDIMENTOS HOTELEIROS SA;89525190000174;OK;ACN;PR;PN;EPNNPR;ACOES NOMINATIVAS ACOES PREFERENCIAIS;A;True;A;;;2026-10-05;True
BRTOKYACNOR5;TOKY;GRUPO TOKY S.A.;31553627000101;OK;ACN;OR;ON;ESVUFR;ACOES NOMINATIVAS;A;True;N;;;2026-10-05;True
BRTONAACNOR9;TONA;TONON AGRICULTURA SA;10586904000102;OK;ACN;OR;ON;ESVUFR;ACOES NOMINATIVAS ACOES ORDINARIAS;A;True;A;;;2026-10-05;True
BRTOPSACNOR6;TOPS;TOP SHOPPING EMPREENDIMENTOS PARTICIPACOES SA;;VAZIO;ACN;OR;ON;ESVUFR;ACOES NOMINATIVAS ACOES ORDINARIAS;A;True;A;;;2026-10-05;True
BRTOPSACNPR3;TOPS;TOP SHOPPING EMPREENDIMENTOS PARTICIPACOES SA;;VAZIO;ACN;PR;PN;EPNNPR;ACOES NOMINATIVAS ACOES PREFERENCIAS;A;True;A;;;2026-10-05;True
BRTOTSACNOR8;TOTS;TOTVS SA;53113791000122;OK;ACN;OR;ON;ESVUFR;ACOES NOMINATIVAS ACOES ORDINARIAS;A;True;A;;;2026-10-05;True
BRTOYBACNOR4;TOYB;TEC TOY SA (EX TECTOY IND BRINQUEDOS SA);22770366000182;OK;ACN;OR;ON;ESVUFR;ACOES NOMINATIVAS ACOES ORDINARIAS;A;True;A;;;2026-10-05;True
BRTOYBACNPR1;TOYB;TEC TOY SA (EX TECTOY IND BRINQUEDOS SA);22770366000182;OK;ACN;PR;PN;EPNNPR;ACOES NOMINATIVAS ACOES PREFERENCIAIS;A;True;A;;;2026-10-05;True
BRTPANACNOR6;TPAN;TUPIANA SA;00313160000190;OK;ACN;OR;ON;ESVUFR;ACOES NOMINATIVAS ACOES ORDINARIAS;A;True;A;;;2026-10-05;True
BRTPANACNPR3;TPAN;TUPIANA SA;00313160000190;OK;ACN;PR;PN;EPNNPR;ACOES NOMINATIVAS ACOES PREFERENCIAIS;A;True;A;;;2026-10-05;True
BRTPCDACNPA6;TPCD;TEXTIL PACULDINO SA;17076449000136;OK;ACN;PA;PN;EPNNPR;ACOES NOMINATIVAS ACOES PREFERENCIAIS CLASSE A;A;True;A;;;2026-10-05;True
BRTPECACNOR1;TPEC;TIM NORDESTE TELECOMUNICACOES SA;02336993000100;OK;ACN;OR;ON;ESVUFR;ACOES NOMINATIVAS ACOES ORDINARIAS;A;True;A;;;2026-10-05;True
BRTPECACNPA4;TPEC;TIM NORDESTE TELECOMUNICACOES SA;02336993000100;OK;ACN;PA;PN;EPNNPR;ACOES NOMINATIVAS ACOES PREFERENCIAIS CLASSE A;A;True;A;;;2026-10-05;True
BRTPECACNPB2;TPEC;TIM NORDESTE TELECOMUNICACOES SA;02336993000100;OK;ACN;PB;PN;EPNNPR;ACOES NOMINATIVAS ACOES PREFERENCIAIS CLASSE B;A;True;A;;;2026-10-05;True
BRTPECACNPC0;TPEC;TIM NORDESTE TELECOMUNICACOES SA;02336993000100;OK;ACN;PC;PN;EPNNPR;ACOES NOMINATIVAS ACOES PREFERENCIAIS CLASSE C;A;True;A;;;2026-10-05;True
BRTPECACNPD8;TPEC;TIM NORDESTE TELECOMUNICACOES SA;02336993000100;OK;ACN;PD;PN;EPNNPR;ACOES NOMINATIVAS ACOES PREFERENCIAIS CLASSE D;A;True;A;;;2026-10-05;True
BRTPISACNOR8;TPIS;TPI TRIUNFO PARTICIPACOES INVESTS SA;03014553000191;OK;ACN;OR;ON;ESVUFR;ACOES NOMINATIVAS ACOES ORDINARIAS;A;True;A;;;2026-10-05;True
BRTPPFACNOR0;TPPF;TERMINAIS PORTUARIOS PONTA FELIX SA;85041333000111;OK;ACN;OR;ON;ESVUFR;ACOES NOMINATIVAS ACOES ORDINARIAS;A;True;A;;;2026-10-05;True
BRTPPFACNPR7;TPPF;TERMINAIS PORTUARIOS PONTA FELIX SA;85041333000111;OK;ACN;PR;PN;EPNNPR;ACOES NOMINATIVAS ACOES PREFERENCIAIS;A;True;A;;;2026-10-05;True
BRTPRCACNOR3;TPRC;TIM SUL SA;02332397000144;OK;ACN;OR;ON;ESVUFR;ACOES NOMINATIVAS ACOES ORDINARIAS;A;True;A;;;2026-10-05;True
BRTPRCACNPA6;TPRC;TIM SUL SA;02332397000144;OK;ACN;PA;PN;EPNNPR;ACOES NOMINATIVAS ACOES PREFERENCIAIS CLASSE A;A;True;A;;;2026-10-05;True
BRTPRCACNPB4;TPRC;TIM SUL SA;02332397000144;OK;ACN;PB;PN;EPNNPR;ACOES NOMINATIVAS ACOES PREFERENCIAIS CLASSE B;A;True;A;;;2026-10-05;True
BRTQRYACNPA8;TQRY;AGROPECUARIA TAQUARY SA;10647972000126;OK;ACN;PA;PN;EPNNPR;ACOES NOMINATIVAS ACOES PREFERENCIAIS CLASSE A;A;True;A;;;2026-10-05;True
BRTRASACNOR1;TRAS;TRANSAUTO TRANSPORTES ESPECIALIZADOS AUTOMOVEIS SA;59105262000163;OK;ACN;OR;ON;ESVUFR;ACOES NOMINATIVAS ACOES ORDINARIAS;A;True;A;;;2026-10-05;True
BRTRASACNPR8;TRAS;TRANSAUTO TRANSPORTES ESPECIALIZADOS AUTOMOVEIS SA;59105262000163;OK;ACN;PR;PN;EPNNPR;ACOES NOMINATIVAS ACOES PREFERENCIAIS;A;True;A;;;2026-10-05;True
BRTRAXACNOR1;TRAX;COMPANHIA AGRO PASTORIL RIO TIRAXIMIM;04567012000153;OK;ACN;OR;ON;ESVUFR;ACOES NOMINATIVAS ACOES ORDINARIAS;A;True;A;;;2026-10-05;True
BRTRAXACNPA4;TRAX;COMPANHIA AGRO PASTORIL RIO TIRAXIMIM;04567012000153;OK;ACN;PA;PN;EPNNPR;ACOES NOMINATIVAS ACOES PREFERENCIAIS CLASSE A;A;True;A;;;2026-10-05;True
BRTRAXACNPB2;TRAX;COMPANHIA AGRO PASTORIL RIO TIRAXIMIM;04567012000153;OK;ACN;PB;PN;EPNNPR;ACOES NOMINATIVAS ACOES PREFERENCIAIS CLASSE B;A;True;A;;;2026-10-05;True
BRTRAXACNPC0;TRAX;COMPANHIA AGRO PASTORIL RIO TIRAXIMIM;04567012000153;OK;ACN;PC;PN;EPNNPR;ACOES NOMINATIVAS ACOES PREFERENCIAIS CLASSE C;A;True;A;;;2026-10-05;True
BRTRBAACNOR7;TRBA;TERMOBAHIA SA;02707630000126;OK;ACN;OR;ON;ESVUFR;ACOES NOMINATIVAS ACOES ORDINARIAS;A;True;A;;;2026-10-05;True
BRTRBRACNOR1;TRBR;TRANSBRASIL SA LINHAS AEREAS;60872173000121;OK;ACN;OR;ON;ESVUFR;ACOES NOMINATIVAS ACOES ORDINARIAS;A;True;A;;;2026-10-05;True
BRTRBRACNPR8;TRBR;TRANSBRASIL SA LINHAS AEREAS;60872173000121;OK;ACN;PR;PN;EPNNPR;ACOES NOMINATIVAS ACOES PREFERENCIAIS;A;True;A;;;2026-10-05;True
BRTRCLACNOR2;TRCL;CTBC CELULAR SA (EX TRIANGULO CEULAR SA);05835916000185;OK;ACN;OR;ON;ESVUFR;ACOES NOMINATIVAS ACOES ORDINARIAS;A;True;A;;;2026-10-05;True
BRTRCLACNPR9;TRCL;CTBC CELULAR SA (EX TRIANGULO CEULAR SA);05835916000185;OK;ACN;PR;PN;EPNNPR;ACOES NOMINATIVAS ACOES PREFERENCIAIS;A;True;A;;;2026-10-05;True
BRTRCMACNOR0;TRCM;TRACOMAL MINERACAO SA;00450220000117;OK;ACN;OR;ON;ESVUFR;ACOES NOMINATIVAS ACOES ORDINARIAS;A;True;A;;;2026-10-05;True
BRTRCMACNPR7;TRCM;TRACOMAL MINERACAO SA;00450220000117;OK;ACN;PR;PN;EPNNPR;ACOES NOMINATIVAS ACOES PREFERENCIAIS;A;True;A;;;2026-10-05;True
BRTRDAACNOR3;TRDA;TRANSPORTES DALCOQUIO SA;84300540000180;OK;ACN;OR;ON;ESVUFR;ACOES NOMINATIVAS ACOES ORDINARIAS;A;True;A;;;2026-10-05;True
BRTREGACNOR8;TREG;TANGARA ENERGIA SA;03573381000196;OK;ACN;OR;ON;ESVUFR;ACOES NOMINATIVAS ACOES ORDINARIAS;A;True;A;;;2026-10-05;True
BRTRFOACNOR9;TRFO;TRAFO EQUIPAMENTOS ELETRICOS SA;90286105000141;OK;ACN;OR;ON;ESVUFR;ACOES NOMINATIVAS ACOES ORDINARIAS;A;True;A;;;2026-10-05;True
BRTRFOACNPR6;TRFO;TRAFO EQUIPAMENTOS ELETRICOS SA;90286105000141;OK;ACN;PR;PN;EPNNPR;ACOES NOMINATIVAS ACOES PREFERENCIAIS;A;True;A;;;2026-10-05;True
BRTRFRACNOR2;TRFR;TROP FRUTAS BRASIL SA;07757005000102;OK;ACN;OR;ON;ESVUFR;ACOES NOMINATIVAS ACOES ORDINARIAS;A;True;A;;;2026-10-05;True
BRTRFRACNPR9;TRFR;TROP FRUTAS BRASIL SA;07757005000102;OK;ACN;PR;PN;EPNNPR;ACOES NOMINATIVAS ACOES PREFERENCIAIS;A;True;A;;;2026-10-05;True
BRTRFTACNPR5;TRFT;AGROPECUARIA TERRA FERTIL SA;03288537000197;OK;ACN;PR;PN;EPNNPR;ACOES NOMINATIVAS ACOES PREFERENCIAIS;A;True;A;;;2026-10-05;True
BRTRHTACNPR1;TRHT;TORRE HOTEIS SA;31301385000150;OK;ACN;PR;PN;EPNNPR;ACOES NOMINATIVAS ACOES PREFERENCIAIS;A;True;A;;;2026-10-05;True
BRTRIBACNOR0;TRIB;BCO TRIANGULO SA;17351180000159;OK;ACN;OR;ON;ESVUFR;ACOES NOMINATIVAS ACOES ORDINARIAS;A;True;A;;;2026-10-05;True
BRTRICACNOR8;TRIC;ENXUTA SA;88611975000105;OK;ACN;OR;ON;ESVUFR;ACOES NOMINATIVAS ACOES ORDINARIAS;A;True;A;;;2026-10-05;True
BRTRICACNPR5;TRIC;ENXUTA SA;88611975000105;OK;ACN;PR;PN;EPNNPR;ACOES NOMINATIVAS ACOES PREFERENCIAIS;A;True;A;;;2026-10-05;True
BRTRIMACNOR7;TRIM;CBCC SA;00027742000100;OK;ACN;OR;ON;ESVUFR;ACOES NOMINATIVAS ACOES ORDINARIAS;A;True;A;;;2026-10-05;True
BRTRISACNOR4;TRIS;TRISUL SA;08811643000127;OK;ACN;OR;ON;ESVUFR;ACOES NOMINATIVAS ACOES ORDINARIAS;A;True;A;;;2026-10-05;True
BRTRITACNOR2;TRIT;SA TRANSPORTE ITAIPAVA;;VAZIO;ACN;OR;ON;ESVUFR;ACOES NOMINATIVAS ACOES ORDINARIAS;A;True;A;;;2026-10-05;True
BRTRLSACNOR8;TRLS;TROL SA IND COM;61227963000117;OK;ACN;OR;ON;ESVUFR;ACOES NOMINATIVAS ACOES ORDINARIAS;A;True;A;;;2026-10-05;True
BRTRLSACNPR5;TRLS;TROL SA IND COM;61227963000117;OK;ACN;PR;PN;EPNNPR;ACOES NOMINATIVAS ACOES PREFERENCIAIS;A;True;A;;;2026-10-05;True
BRTRMBACNOR2;TRMB;TROMBINI SA ADMINISTRACAO PARTICIPACAO;75049965000178;OK;ACN;OR;ON;ESVUFR;ACOES NOMINATIVAS ACOES ORDINARIAS;A;True;A;;;2026-10-05;True
BRTRMBACNPR9;TRMB;TROMBINI SA ADMINISTRACAO PARTICIPACAO;75049965000178;OK;ACN;PR;PN;EPNNPR;ACOES NOMINATIVAS ACOES PREFERENCIAIS;A;True;A;;;2026-10-05;True
BRTRNVACNPA1;TRNV;TERRANOVA AGRICOLA SA;24515033000132;OK;ACN;PA;PN;EPNNPR;ACOES NOMINATIVAS ACOES PREFERENCIAIS CLASSE A;A;True;A;;;2026-10-05;True
BRTROIACNPA6;TROI;TROIA SA PRODUTOS LIMPEZA;11923281000170;OK;ACN;PA;PN;EPNNPR;ACOES NOMINATIVAS ACOES PREFERENCIAIS CLASSE A;A;True;A;;;2026-10-05;True
BRTRORACNOR4;TROR;TRORION SA;61418430000112;OK;ACN;OR;ON;ESVUFR;ACOES NOMINATIVAS ACOES ORDINARIAS;A;True;A;;;2026-10-05;True
BRTRORACNPR1;TROR;TRORION SA;61418430000112;OK;ACN;PR;PN;EPNNPR;ACOES NOMINATIVAS ACOES PREFERENCIAIS;A;True;A;;;2026-10-05;True
BRTRPAACNOR7;TRPA;TRANSPARANA SA;78594876000109;OK;ACN;OR;ON;ESVUFR;ACOES NOMINATIVAS ACOES ORDINARIAS;A;True;A;;;2026-10-05;True
BRTRPAACNPR4;TRPA;TRANSPARANA SA;78594876000109;OK;ACN;PR;PN;EPNNPR;ACOES NOMINATIVAS ACOES PREFERENCIAIS;A;True;A;;;2026-10-05;True
BRTRPFACNPA9;TRPF;TROPFRUIT NORDESTE SA;16460081000142;OK;ACN;PA;PN;EPNNPR;ACOES NOMINATIVAS ACOES PREFERENCIAIS CLASSE A;A;True;A;;;2026-10-05;True
BRTRPNACNOR0;TRPN;TARPON INVESTS SA;05341549000163;OK;ACN;OR;ON;ESVUFR;ACOES NOMINATIVAS ACOES ORDINARIAS;A;True;A;;;2026-10-05;True
BRTRRAACNPA6;TRRA;AGROPECUARIA TERRA NOVA S.A;15741192000164;OK;ACN;PA;PN;EPNNPR;ACOES NOMINATIVAS ACOES PREFERENCIAIS CLASSE A;A;True;A;;;2026-10-05;True
BRTRSLACNOR8;TRSL;TRANSUL SA;01529588000138;OK;ACN;OR;ON;ESVUFR;ACOES NOMINATIVAS ACOES ORDINARIAS;A;True;A;;;2026-10-05;True
BRTRSLACNPR5;TRSL;TRANSUL SA;01529588000138;OK;ACN;PR;PN;EPNNPR;ACOES NOMINATIVAS ACOES PREFERENCIAIS;A;True;A;;;2026-10-05;True
BRTRTXACNPB2;TRTX;RURAL AGROINVEST SA (EX AGROPECUARIA TRATEX SA);16691537000185;OK;ACN;PB;PN;EPNNPR;ACOES NOMINATIVAS ACOES PREFERENCIAIS CLASSE B;A;True;A;;;2026-10-05;True
BRTRUFACNOR6;TRUF;TRUFANA TEXTIL SA;43107119000170;OK;ACN;OR;ON;ESVUFR;ACOES NOMINATIVAS ACOES ORDINARIAS;A;True;A;;;2026-10-05;True
BRTRUFACNPR3;TRUF;TRUFANA TEXTIL SA;43107119000170;OK;ACN;PR;PN;EPNNPR;ACOES NOMINATIVAS ACOES PREFERENCIAIS;A;True;A;;;2026-10-05;True
BRTSCCACNOR9;TSCC;TELESC CELULAR SA;02334700000148;OK;ACN;OR;ON;ESVUFR;ACOES NOMINATIVAS ACOES ORDINARIAS;A;True;A;;;2026-10-05;True
BRTSCCACNPA2;TSCC;TELESC CELULAR SA;02334700000148;OK;ACN;PA;PN;EPNNPR;ACOES NOMINATIVAS ACOES PREFERENCIAIS CLASSE A;A;True;A;;;2026-10-05;True
BRTSCCACNPB0;TSCC;TELESC CELULAR SA;02334700000148;OK;ACN;PB;PN;EPNNPR;ACOES NOMINATIVAS ACOES PREFERENCIAIS CLASSE B;A;True;A;;;2026-10-05;True
BRTTCNACNOR4;TTCN;TENUSA TECNOLOGIA NUTRICAO SA;02869640000168;OK;ACN;OR;ON;ESVUFR;ACOES NOMINATIVAS ACOES ORDINARIAS;A;True;A;;;2026-10-05;True
BRTTCNACNPA7;TTCN;TENUSA TECNOLOGIA NUTRICAO SA;02869640000168;OK;ACN;PA;PN;EPNNPR;ACOES NOMINATIVAS ACOES PREFERENCIAIS CLASSE A;A;True;A;;;2026-10-05;True
BRTTCNACNPB5;TTCN;TENUSA TECNOLOGIA NUTRICAO SA;02869640000168;OK;ACN;PB;PN;EPNNPR;ACOES NOMINATIVAS ACOES PREFERENCIAIS CLASSE B;A;True;A;;;2026-10-05;True
BRTTCNACNPC3;TTCN;TENUSA TECNOLOGIA NUTRICAO SA;02869640000168;OK;ACN;PC;PN;EPNNPR;ACOES NOMINATIVAS ACOES PREFERENCIAIS CLASSE C;A;True;A;;;2026-10-05;True
BRTTENACNOR0;TTEN;TRES TENTOS AGROINDUSTRIAL S.A.;94813102000170;OK;ACN;OR;ON;ESVUFR;ACOES NOMINATIVAS;A;True;N;;;2026-10-05;True
BRTTEXACNPA2;TTEX;TECELAGEM TEXITA SA;08203044000120;OK;ACN;PA;PN;EPNNPR;ACOES NOMINATIVAS ACOES PREFERENCIAIS CLASSE A;A;True;A;;;2026-10-05;True
BRTTLEACNPA7;TTLE;TEXTILE INDL SA;12987103000176;OK;ACN;PA;PN;EPNNPR;ACOES NOMINATIVAS ACOES PREFERENCIAIS CLASSE A;A;True;A;;;2026-10-05;True
BRTTNSACNPA3;TTNS;TATIANENSE TEXTIL SA;09051897000157;OK;ACN;PA;PN;EPNNPR;ACOES NOMINATIVAS ACOES PREFERENCIAIS CLASSE A;A;True;A;;;2026-10-05;True
BRTTRHACNOR4;TTRH;TETRAHEDRON SA;06004224000158;OK;ACN;OR;ON;ESVUFR;ACOES NOMINATIVAS ACOES ORDINARIAS;A;True;A;;;2026-10-05;True
BRTUPYACNOR1;TUPY;TUPY SA;84683374000300;OK;ACN;OR;ON;ESVUFR;ACOES NOMINATIVAS ACOES ORDINARIAS;A;True;A;;;2026-10-05;True
BRTVIAACNOR4;TVIA;TERMELETRICA VIANA SA;09043782000110;OK;ACN;OR;ON;ESVUFR;ACOES NOMINATIVAS ACOES ORDINARIAS;A;True;A;;;2026-10-05;True
BRTVITACNOR4;TVIT;TIVIT TERCEIRIZACAO PROCESSOS SERVICOS TECNOLOGIA SA;07073027000153;OK;ACN;OR;ON;ESVUFR;ACOES NOMINATIVAS ACOES ORDINARIAS;A;True;A;;;2026-10-05;True
BRTVIXACNOR6;TVIX;TV CABO VITORIA SA TVIX;;VAZIO;ACN;OR;ON;ESVUFR;ACOES NOMINATIVAS ACOES ORDINARIAS;A;True;A;;;2026-10-05;True
BRTVLUACNOR6;TVLU;TUVALUA PARTICIPACOES SA;;VAZIO;ACN;OR;ON;ESVUFR;ACOES NOMINATIVAS ACOES ORDINARIAS;A;True;A;;;2026-10-05;True
BRTVRDACNOR9;TVRD;TERRAVERDE HOLDING S.A.;27490581000143;OK;ACN;OR;ON;ESVUFR;ACOES NOMINATIVAS ACOES ORDINARIAS;A;True;N;;;2026-10-05;True
BRTWGBACNOR4;TWGB;TWG BRASIL PARTICIPACOES LTDA.;21552818000197;OK;ACN;OR;ON;ESVUFR;ACOES NOMINATIVAS;A;True;N;;;2026-10-05;True
BRTWGWACNOR0;TWGW;TWG WARRANTY SERVICOS DO BRASIL LTDA.;01788160000100;OK;ACN;OR;ON;ESVUFR;ACOES NOMINATIVAS;A;True;N;;;2026-10-05;True
BRTXBZACNPA5;TXBZ;TBM TEXTIL BEZERRA MENEZES SA (EX TEXTIL BEZERRA MENEZES SA);07671092000180;OK;ACN;PA;PN;EPNNPR;ACOES NOMINATIVAS ACOES PREFERENCIAIS CLASSE A;A;True;A;;;2026-10-05;True
BRTXBZACNPB3;TXBZ;TBM TEXTIL BEZERRA MENEZES SA (EX TEXTIL BEZERRA MENEZES SA);07671092000180;OK;ACN;PB;PN;EPNNPR;ACOES NOMINATIVAS ACOES PREFERENCIAIS CLASSE B;A;True;A;;;2026-10-05;True
BRTXBZACNPC1;TXBZ;TBM TEXTIL BEZERRA MENEZES SA (EX TEXTIL BEZERRA MENEZES SA);07671092000180;OK;ACN;PC;PN;EPNNPR;ACOES NOMINATIVAS ACOES PREFERENCIAIS CLASSE C;A;True;A;;;2026-10-05;True
BRTXMAACNPA5;TXMA;TEXTIL MARANHENSE SA TEXMASA;12119913000100;OK;ACN;PA;PN;EPNNPR;ACOES NOMINATIVAS ACOES PREFERENCIAIS CLASSE A;A;True;A;;;2026-10-05;True
BRTXNEACNPA5;TXNE;CIA TEXTIL NORDESTE CTN;06879308000135;OK;ACN;PA;PN;EPNNPR;ACOES NOMINATIVAS ACOES PREFERENCIAIS CLASSE A;A;True;A;;;2026-10-05;True
BRTXRXACNOR3;TXRX;TEXTIL RENAUXVIEW SA;82982075000180;OK;ACN;OR;ON;ESVUFR;ACOES NOMINATIVAS ACOES ORDINARIAS;A;True;A;;;2026-10-05;True
BRTXRXACNPR0;TXRX;TEXTIL RENAUXVIEW SA;82982075000180;OK;ACN;PR;PN;EPNNPR;ACOES NOMINATIVAS ACOES PREFERENCIAIS;A;True;A;;;2026-10-05;True
BRTXUNACNOR8;TXUN;TEXTIL UNIAO SA;07971955000135;OK;ACN;OR;ON;ESVUFR;ACOES NOMINATIVAS ACOES ORDINARIAS;A;True;A;;;2026-10-05;True
BRTXUNACNPA1;TXUN;TEXTIL UNIAO SA;07971955000135;OK;ACN;PA;PN;EPNNPR;ACOES NOMINATIVAS ACOES PREFERENCIAIS CLASSE A;A;True;A;;;2026-10-05;True
BRTXUNACNPB9;TXUN;TEXTIL UNIAO SA;07971955000135;OK;ACN;PB;PN;EPNNPR;ACOES NOMINATIVAS ACOES PREFERENCIAIS CLASSE B;A;True;A;;;2026-10-05;True
BRUAAAACNOR3;UAAA;ARAPORA BIOENERGIA SA;19818301000155;OK;ACN;OR;ON;ESVUFR;ACOES NOMINATIVAS ACOES ORDINARIAS;A;True;A;;;2026-10-05;True
BRUAAAACNPR0;UAAA;ARAPORA BIOENERGIA SA;19818301000155;OK;ACN;PR;PN;EPNNPR;ACOES NOMINATIVAS ACOES PREFERENCIAIS;A;True;A;;;2026-10-05;True
BRUBARACNOR5;UBAR;USINA BARRA SA ACUCAR ALCOOL;61125753000118;OK;ACN;OR;ON;ESVUFR;ACOES NOMINATIVAS ACOES ORDINARIAS;A;True;A;;;2026-10-05;True
BRUBARACNPA8;UBAR;USINA BARRA SA ACUCAR ALCOOL;61125753000118;OK;ACN;PA;PN;EPNNPR;ACOES NOMINATIVAS ACOES PREFERENCIAIS CLASSE A;A;True;A;;;2026-10-05;True
BRUBBRACNOR3;UBBR;UNIBANCO UNIAO BCOS BRASILEIROS SA;33700394000140;OK;ACN;OR;ON;ESVUFR;ACOES NOMINATIVAS ACOES ORDINARIAS;A;True;A;;;2026-10-05;True
BRUBBRACNPR0;UBBR;UNIBANCO UNIAO BCOS BRASILEIROS SA;33700394000140;OK;ACN;PR;PN;EPNNPR;ACOES NOMINATIVAS ACOES PREFERENCIAIS;A;True;A;;;2026-10-05;True
BRUBHDACNOR0;UBHD;UNIBANCO HOLDINGS SA;00022034000187;OK;ACN;OR;ON;ESVUFR;ACOES NOMINATIVAS ACOES ORDINARIAS;A;True;A;;;2026-10-05;True
BRUBHDACNPB1;UBHD;UNIBANCO HOLDINGS SA;00022034000187;OK;ACN;PB;PN;EPNNPR;ACOES NOMINATIVAS ACOES PREFERENCIAIS CLASSE B - E:1995;A;True;A;;;2026-10-05;True
BRUBLSACNOR0;UBLS;UNIBANCO LEASING SA ARREND MERCANTIL;44071785000169;OK;ACN;OR;ON;ESVUFR;ACOES NOMINATIVAS ACOES ORDINARIAS;A;True;A;;;2026-10-05;True
BRUCARACNOR3;UCAR;UCAR CARBON SA;60479813000138;OK;ACN;OR;ON;ESVUFR;ACOES NOMINATIVAS ACOES ORDINARIAS;A;True;A;;;2026-10-05;True
BRUCASACNOR1;UCAS;UNICASA IND MOVEIS SA;90441460000148;OK;ACN;OR;ON;ESVUFR;ACOES NOMINATIVAS ACOES ORDINARIAS;A;True;A;;;2026-10-05;True
BRUCBAACNOR7;UCBA;ENTALPIA PARTICIPAÇÕES S.A.;32803503000191;OK;ACN;OR;ON;ESVUFR;ACOES NOMINATIVAS;A;True;N;;;2026-10-05;True
BRUCOPACNOR8;UCOP;COSTA PINTO SA;44689123000157;OK;ACN;OR;ON;ESVUFR;ACOES NOMINATIVAS ACOES ORDINARIAS;A;True;A;;;2026-10-05;True
BRUCOPACNPR5;UCOP;COSTA PINTO SA;44689123000157;OK;ACN;PR;PN;EPNNPR;ACOES NOMINATIVAS ACOES PREFERENCIAIS;A;True;A;;;2026-10-05;True
BRUGELACNOR9;UGEL;UNIGEL PARTICIPAÇÕES S.A.;05303439000107;OK;ACN;OR;ON;ESVUFR;ACOES NOMINATIVAS;A;True;N;;;2026-10-05;True
BRUGPAACNOR8;UGPA;ULTRAPAR PARTICIPACOES SA;33256439000139;OK;ACN;OR;ON;ESVUFR;ACOES NOMINATIVAS ACOES ORDINARIAS;A;True;A;;;2026-10-05;True
BRUIRAACNPR7;UIRA;CIA AGRICOLA PECUARIA UIRAPURU;05410469000112;OK;ACN;PR;PN;EPNNPR;ACOES NOMINATIVAS ACOES PREFERENCIAIS;A;True;A;;;2026-10-05;True
BRUIRPACNOR8;UIRP;UIRAPURU TRANSMISSORA ENERGIA SA;07003112000145;OK;ACN;OR;ON;ESVUFR;ACOES NOMINATIVAS ACOES ORDINARIAS;A;True;A;;;2026-10-05;True
BRUMRIACNPB6;UMRI;UMARI AGROPECUARIA SA;12495990000165;OK;ACN;PB;PN;EPNNPR;ACOES NOMINATIVAS ACOES PREFERENCIAIS CLASSE B;A;True;A;;;2026-10-05;True
BRUN1OACNPR7;UN1O;UNION MOBILI S/A;22949192000110;OK;ACN;PR;PN;EPNNPR;ACOES NOMINATIVAS;A;True;N;;;2026-10-05;True
BRUNBSACNOR6;UNBS;UNIBANCO SEGUROS SA;33166158000195;OK;ACN;OR;ON;ESVUFR;ACOES NOMINATIVAS ACOES ORDINARIAS;A;True;A;;;2026-10-05;True
BRUNBSACNPR3;UNBS;UNIBANCO SEGUROS SA;33166158000195;OK;ACN;PR;PN;EPNNPR;ACOES NOMINATIVAS ACOES PREFERENCIAIS;A;True;A;;;2026-10-05;True
BRUNIDACNOR3;UNID;UNIDAS SA;04437534000130;OK;ACN;OR;ON;ESVUFR;ACOES NOMINATIVAS ACOES ORDINARIAS;A;True;A;;;2026-10-05;True
BRUNIPACNOR7;UNIP;UNIPAR CARBOCLORO SA;33958695000178;OK;ACN;OR;ON;ESVUFR;ACOES NOMINATIVAS ACOES ORDINARIAS;A;True;A;;;2026-10-05;True
BRUNIPACNPA0;UNIP;UNIPAR CARBOCLORO SA;33958695000178;OK;ACN;PA;PN;EPNNPR;ACOES NOMINATIVAS ACOES PREFERENCIAIS CLASSE A;A;True;A;;;2026-10-05;True
BRUNIPACNPB8;UNIP;UNIPAR CARBOCLORO SA;33958695000178;OK;ACN;PB;PN;EPNNPR;ACOES NOMINATIVAS ACOES PREFERENCIAIS CLASSE B;A;True;A;;;2026-10-05;True
BRUNMSACNPR0;UNMS;UNIMED SEGURADORA SA;92863505000106;OK;ACN;PR;PN;EPNNPR;ACOES NOMINATIVAS ACOES PREFERENCIAIS;A;True;A;;;2026-10-05;True
BRUNSGACNOR5;UNSG;UNISEG SA PARTICIPACOES;02175201000155;OK;ACN;OR;ON;ESVUFR;ACOES NOMINATIVAS ACOES ORDINARIAS;A;True;A;;;2026-10-05;True
BRUNSGACNPR2;UNSG;UNISEG SA PARTICIPACOES;02175201000155;OK;ACN;PR;PN;EPNNPR;ACOES NOMINATIVAS ACOES PREFERENCIAIS;A;True;A;;;2026-10-05;True
BRUNTLACNOR3;UNTL;CREFISUL LEASING SA ARREND MERCANTIL;00410345000113;OK;ACN;OR;ON;ESVUFR;ACOES NOMINATIVAS ACOES ORDINARIAS;A;True;A;;;2026-10-05;True
BRUNTXACNPC7;UNTX;UNIAO INDL TEXTIL SA UNITEXTIL;07203904000163;OK;ACN;PC;PN;EPNNPR;ACOES NOMINATIVAS ACOES PREFERENCIAIS CLASSE C;A;True;A;;;2026-10-05;True
BRUOLIACNOR4;UOLI;UOL INC SA;03329124000103;OK;ACN;OR;ON;ESVUFR;ACOES NOMINATIVAS ACOES ORDINARIAS;A;True;A;;;2026-10-05;True
BRUOLIACNPA7;UOLI;UOL INC SA;03329124000103;OK;ACN;PA;PN;EPNNPR;ACOES NOMINATIVAS ACOES PREFERENCIAIS CLASSE A;A;True;A;;;2026-10-05;True
BRUOLIACNPB5;UOLI;UOL INC SA;03329124000103;OK;ACN;PB;PN;EPNNPR;ACOES NOMINATIVAS ACOES PREFERENCIAIS CLASSE B;A;True;A;;;2026-10-05;True
BRUOLLACNOR8;UOLL;UNIVERSO ONLINE SA;01109184000195;OK;ACN;OR;ON;ESVUFR;ACOES NOMINATIVAS ACOES ORDINARIAS;A;True;A;;;2026-10-05;True
BRUPKPACNOR8;UPKP;UPTICK PARTICIPACOES SA;02162616000194;OK;ACN;OR;ON;ESVUFR;ACOES NOMINATIVAS ACOES ORDINARIAS;A;True;A;;;2026-10-05;True
BRURPGACNPB3;URPG;URUPIANGA AGROPECUARIA SA;04960233000197;OK;ACN;PB;PN;EPNNPR;ACOES NOMINATIVAS ACOES PREFERENCIAIS CLASSE B;A;True;A;;;2026-10-05;True
BRURPGACNPD9;URPG;URUPIANGA AGROPECUARIA SA;04960233000197;OK;ACN;PD;PN;EPNNPR;ACOES NOMINATIVAS ACOES PREFERENCIAIS CLASSE D;A;True;A;;;2026-10-05;True
BRURUAACNPB6;URUA;AGROPECUARIA RIO URUARA S.A;02358271000149;OK;ACN;PB;PN;EPNNPR;ACOES NOMINATIVAS ACOES PREFERENCIAIS CLASSE B;A;True;A;;;2026-10-05;True
BRUSATACNPR2;USAT;USATI PARTICIPACOES PORTUARIAS SA;02810599000154;OK;ACN;PR;PN;EPNNPR;ACOES NOMINATIVAS ACOES PREFERENCIAIS;A;True;A;;;2026-10-05;True
BRUSGEACNOR4;USGE;CIA UNIAO SEGUROS GERAIS;92682038000100;OK;ACN;OR;ON;ESVUFR;ACOES NOMINATIVAS ACOES ORDINARIAS;A;True;A;;;2026-10-05;True
BRUSIMACNOR3;USIM;USINAS SIDERURGICAS MINAS GERAIS SA USIMINAS;60894730000105;OK;ACN;OR;ON;ESVUFR;ACOES NOMINATIVAS ACOES ORDINARIAS;A;True;A;;;2026-10-05;True
BRUSIMACNPA6;USIM;USINAS SIDERURGICAS MINAS GERAIS SA USIMINAS;60894730000105;OK;ACN;PA;PN;EPNNPR;ACOES NOMINATIVAS ACOES PREFERENCIAIS CLASSE A;A;True;A;;;2026-10-05;True
BRUSIMACNPB4;USIM;USINAS SIDERURGICAS MINAS GERAIS SA USIMINAS;60894730000105;OK;ACN;PB;PN;EPNNPR;ACOES NOMINATIVAS ACOES PREFERENCIAIS CLASSE B;A;True;A;;;2026-10-05;True
BRUSTBACNOR3;USTB;USINA SANTA BARBARA SA ACUCAR ALCOOL;44689131000101;OK;ACN;OR;ON;ESVUFR;ACOES NOMINATIVAS ACOES ORDINARIAS;A;True;A;;;2026-10-05;True
BRUTFTACNOR2;UTFT;ULTRAFERTIL SA IND COM FERTILIZANTES;61600953000185;OK;ACN;OR;ON;ESVUFR;ACOES NOMINATIVAS ACOES ORDINARIAS;A;True;A;;;2026-10-05;True
BRV3MJACNPR3;V3MJ;FAZENDA VALE DO RIO MOJÚ S/A;05013511000161;OK;ACN;PR;PN;EPNNPR;ACOES NOMINATIVAS;A;True;N;;;2026-10-05;True
BRV3RNACNPR4;V3RN;MADEIREIRA VERONA S/A;05645007000184;OK;ACN;PR;PN;EPNNPR;ACOES NOMINATIVAS;A;True;N;;;2026-10-05;True
BRVACHACNOR2;VACH;VACCHI SA IND COM;92761618000192;OK;ACN;OR;ON;ESVUFR;ACOES NOMINATIVAS ACOES ORDINARIAS;A;True;A;;;2026-10-05;True
BRVACHACNPR9;VACH;VACCHI SA IND COM;92761618000192;OK;ACN;PR;PN;EPNNPR;ACOES NOMINATIVAS ACOES PREFERENCIAIS;A;True;A;;;2026-10-05;True
BRVAGVACNOR4;VAGV;SA VIACAO AEREA RIOGRANDENSE;92772821000164;OK;ACN;OR;ON;ESVUFR;ACOES NOMINATIVAS ACOES ORDINARIAS;A;True;A;;;2026-10-05;True
BRVAGVACNPR1;VAGV;SA VIACAO AEREA RIOGRANDENSE;92772821000164;OK;ACN;PR;PN;EPNNPR;ACOES NOMINATIVAS ACOES PREFERENCIAIS;A;True;A;;;2026-10-05;True
BRVALEACNOR0;VALE;VALE SA;33592510000154;OK;ACN;OR;ON;ESVUFR;ACOES NOMINATIVAS ACOES ORDINARIAS;A;True;A;;;2026-10-05;True
BRVALEACNPA3;VALE;VALE SA;33592510000154;OK;ACN;PA;PN;EPNNPR;ACOES NOMINATIVAS ACOES PREFERENCIAIS CLASSE A;A;True;A;;;2026-10-05;True
BRVALLACNPB6;VALL;VALLEE SA;20557161000198;OK;ACN;PB;PN;EPNNPR;ACOES NOMINATIVAS ACOES PREFERENCIAIS CLASSE B;A;True;A;;;2026-10-05;True
BRVAMOACNOR7;VAMO;VAMOS LOCACAO DE CAMINHOES, MAQUINAS E EQUIPAMENTOS S.A.;23373000000132;OK;ACN;OR;ON;ESVUFR;ACOES NOMINATIVAS;A;True;A;;;2026-10-05;True
BRVAMOCDAXX7;VAMO;VAMOS LOCACAO DE CAMINHOES, MAQUINAS E EQUIPAMENTOS S.A.;23373000000132;OK;CDA;XX;UNIT;EMXXXR;CERTIFICADO DE DEPOSITO DE ACOES CESTA - VAMO X AMOB;A;True;N;;;2026-10-05;True
BRVASPACNOR1;VASP;VIACAO AEREA SAO PAULO SA VASP;60703923000131;OK;ACN;OR;ON;ESVUFR;ACOES NOMINATIVAS ACOES ORDINARIAS;A;True;A;;;2026-10-05;True
BRVBBRACNOR1;VBBR;VIBRA ENERGIA SA;34274233000102;OK;ACN;OR;ON;ESVUFR;ACOES NOMINATIVAS ACOES ORDINARIAS;A;True;N;;;2026-10-05;True
BRVDMGACNOR7;VDMG;VEÍCULO DE DESESTATIZAÇÃO MG INVESTIMENTOS S.A. - VDMG INVESTIMENTOS;44553648000160;OK;ACN;OR;ON;ESVUFR;ACOES NOMINATIVAS;A;True;N;;;2026-10-05;True
BRVDNPACNOR6;VDNP;ARAUCARIA PARTICIPACOES SA;03616277000131;OK;ACN;OR;ON;ESVUFR;ACOES NOMINATIVAS ACOES ORDINARIAS;A;True;A;;;2026-10-05;True
BRVDVLACNPA1;VDVL;VERDE VALE HOTEL SA;07027378000128;OK;ACN;PA;PN;EPNNPR;ACOES NOMINATIVAS ACOES PREFERENCIAIS CLASSE A;A;True;A;;;2026-10-05;True
BRVEBMACNOR6;VEBM;VOTORANTIM CIMENTOS SA;01637895000132;OK;ACN;OR;ON;ESVUFR;ACOES NOMINATIVAS ACOES ORDINARIAS;A;True;A;;;2026-10-05;True
BRVEBMACNPR3;VEBM;VOTORANTIM CIMENTOS SA;01637895000132;OK;ACN;PR;PN;EPNNPR;ACOES NOMINATIVAS ACOES PREFERENCIAIS;A;True;A;;;2026-10-05;True
BRVECFACNOR8;VECF;VALEC ENGENHARIA CONSTRUCOES FERROVIAS SA;42150664000187;OK;ACN;OR;ON;ESVUFR;ACOES NOMINATIVAS ACOES ORDINARIAS;A;True;A;;;2026-10-05;True
BRVEGAACNOR0;VEGA;VEGA ENGENHARIA AMBIENTAL SA;01832326000148;OK;ACN;OR;ON;ESVUFR;ACOES NOMINATIVAS ACOES ORDINARIAS - E:1998;A;True;A;;;2026-10-05;True
BRVEMGACNOR5;VEMG;MONTREAL EMPREENDIMENTOS COM IND SA;60501780000185;OK;ACN;OR;ON;ESVUFR;ACOES NOMINATIVAS ACOES ORDINARIAS;A;True;A;;;2026-10-05;True
BRVEMGACNPR2;VEMG;MONTREAL EMPREENDIMENTOS COM IND SA;60501780000185;OK;ACN;PR;PN;EPNNPR;ACOES NOMINATIVAS ACOES PREFERENCIAIS;A;True;A;;;2026-10-05;True
BRVEPLACNOR8;VEPL;VEPLAN SA;42274597000102;OK;ACN;OR;ON;ESVUFR;ACOES NOMINATIVAS ACOES ORDINARIAS;A;True;A;;;2026-10-05;True
BRVEPLACNPR5;VEPL;VEPLAN SA;42274597000102;OK;ACN;PR;PN;EPNNPR;ACOES NOMINATIVAS ACOES PREFERENCIAIS;A;True;A;;;2026-10-05;True
BRVERBACNPR2;VERB;BANRISUL CARTOES SA;92934215000106;OK;ACN;PR;PN;ESVUFR;ACOES NOMINATIVAS ACOES PREFERENCIAIS;A;True;N;;;2026-10-05;True
BRVEROACNOR8;VERO;VERO S.A.;31748174000160;OK;ACN;OR;ON;ESVUFR;ACOES NOMINATIVAS;A;True;N;;;2026-10-05;True
BRVGAFACNOR7;VGAF;FREIOS VARGA SA;51466753000128;OK;ACN;OR;ON;ESVUFR;ACOES NOMINATIVAS ACOES ORDINARIAS;A;True;A;;;2026-10-05;True
BRVGAFACNPR4;VGAF;FREIOS VARGA SA;51466753000128;OK;ACN;PR;PN;EPNNPR;ACOES NOMINATIVAS ACOES PREFERENCIAIS;A;True;A;;;2026-10-05;True
BRVGELACNOR7;VGEL;VOGEL PARTICIPACOES SA;19760424000182;OK;ACN;OR;ON;ESVUFR;ACOES NOMINATIVAS ACOES ORDINARIAS;A;True;A;;;2026-10-05;True
BRVGORACNOR3;VGOR;SA FABRICA PRODUTOS ALIMENTICIOS VIGOR;61116331000186;OK;ACN;OR;ON;ESVUFR;ACOES NOMINATIVAS ACOES ORDINARIAS;A;True;A;;;2026-10-05;True
BRVGORACNPR0;VGOR;SA FABRICA PRODUTOS ALIMENTICIOS VIGOR;61116331000186;OK;ACN;PR;PN;EPNNPR;ACOES NOMINATIVAS ACOES PREFERENCIAIS;A;True;A;;;2026-10-05;True
BRVIENACNPR6;VIEN;VIENA SIDERURGICA MARANHAO SA;07609993000142;OK;ACN;PR;PN;EPNNPR;ACOES NOMINATIVAS ACOES PREFERENCIAIS;A;True;A;;;2026-10-05;True
BRVIGRACNOR5;VIGR;VIGOR ALIMENTOS SA;13324184000197;OK;ACN;OR;ON;ESVUFR;ACOES NOMINATIVAS ACOES ORDINARIAS;A;True;A;;;2026-10-05;True
BRVINEACNOR9;VINE;VICUNHA TEXTIL SA;07332190000193;OK;ACN;OR;ON;ESVUFR;ACOES NOMINATIVAS ACOES ORDINARIAS;A;True;A;;;2026-10-05;True
BRVINEACNPA2;VINE;VICUNHA TEXTIL SA;07332190000193;OK;ACN;PA;PN;EPNNPR;ACOES NOMINATIVAS ACOES PREFERENCIAIS CLASSE A;A;True;A;;;2026-10-05;True
BRVINEACNPB0;VINE;VICUNHA TEXTIL SA;07332190000193;OK;ACN;PB;PN;EPNNPR;ACOES NOMINATIVAS ACOES PREFERENCIAIS CLASSE B;A;True;A;;;2026-10-05;True
BRVITPACNOR2;VITP;VITA PARTICIPACOES S/A;26280433000131;OK;ACN;OR;ON;ESVUFR;ACOES NOMINATIVAS;A;True;N;;;2026-10-05;True
BRVITPACNPR9;VITP;VITA PARTICIPACOES S/A;26280433000131;OK;ACN;PR;PN;EPNNPR;ACOES NOMINATIVAS;A;True;N;;;2026-10-05;True
BRVITTACNOR4;VITT;VITTIA FERTILIZANTES E BIOLÓGICOS S.A.;45365558000109;OK;ACN;OR;ON;ESVUFR;ACOES NOMINATIVAS;A;True;N;;;2026-10-05;True
BRVIVAACNOR0;VIVA;VIVARA PARTICIPAÇÕES S.A;33839910000111;OK;ACN;OR;ON;ESVUFR;ACOES NOMINATIVAS;A;True;N;;;2026-10-05;True
BRVIVRACNOR4;VIVR;VIVER INCORPORADORA CONSTRUTORA SA;67571414000141;OK;ACN;OR;ON;ESVUFR;ACOES NOMINATIVAS ACOES ORDINARIAS;A;True;A;;;2026-10-05;True
BRVIVTACNOR0;VIVT;TELEFONICA BRASIL SA;02558157000162;OK;ACN;OR;ON;ESVUFR;ACOES NOMINATIVAS ACOES ORDINARIAS;A;True;A;;;2026-10-05;True
BRVIXLACNOR3;VIXL;VIX LOGISTICA SA;32681371000172;OK;ACN;OR;ON;ESVUFR;ACOES NOMINATIVAS ACOES ORDINARIAS;A;True;A;;;2026-10-05;True
BRVIXTACNPB7;VIXT;VIXTILES MARMORES GRANITOS SA;35969294000149;OK;ACN;PB;PN;EPNNPR;ACOES NOMINATIVAS ACOES PREFERENCIAIS CLASSE B;A;True;A;;;2026-10-05;True
BRVLAGACNPA8;VLAG;VELEIRO AGRICOLA SA;24143737000121;OK;ACN;PA;PN;EPNNPR;ACOES NOMINATIVAS ACOES PREFERENCIAIS CLASSE A;A;True;A;;;2026-10-05;True
BRVLARACNPB3;VLAR;VIDEOLAR SA;04229761000170;OK;ACN;PB;PN;EPNNPR;ACOES NOMINATIVAS ACOES PREFERENCIAIS CLASSE B;A;True;A;;;2026-10-05;True
BRVLBLACNPR0;VLBL;VILA BELA SA AGROPASTORIL;03483609000157;OK;ACN;PR;PN;EPNNPR;ACOES NOMINATIVAS ACOES PREFERENCIAIS;A;True;A;;;2026-10-05;True
BRVLBNACNOR9;VLBN;VALE BONITO AGROPECUARIA SA;01794428000116;OK;ACN;OR;ON;ESVUFR;ACOES NOMINATIVAS ACOES ORDINARIAS;A;True;A;;;2026-10-05;True
BRVLBNACNPA2;VLBN;VALE BONITO AGROPECUARIA SA;01794428000116;OK;ACN;PA;PN;EPNNPR;ACOES NOMINATIVAS ACOES PREFERENCIAIS CLASSE A;A;True;A;;;2026-10-05;True
BRVLBNACNPB0;VLBN;VALE BONITO AGROPECUARIA SA;01794428000116;OK;ACN;PB;PN;EPNNPR;ACOES NOMINATIVAS ACOES PREFERENCIAIS CLASSE B;A;True;A;;;2026-10-05;True
BRVLCAACNPB5;VLCA;VALENCA BAHIA MARICULTURA SA;13600911000100;OK;ACN;PB;PN;EPNNPR;ACOES NOMINATIVAS ACOES PREFERENCIAIS CLASSE B;A;True;A;;;2026-10-05;True
BRVLCOACNPB6;VLCO;AGROPECUARIA VALE COCHA SA;19564517000131;OK;ACN;PB;PN;EPNNPR;ACOES NOMINATIVAS ACOES PREFERENCIAIS CLASSE B;A;True;A;;;2026-10-05;True
BRVLCPACNPF4;VLCP;VALE DO CARIPE AGROINDUSTRIAL S/A;10238582000100;OK;ACN;PF;PN;EPNNPR;ACOES NOMINATIVAS;A;True;N;;;2026-10-05;True
BRVLDMACNPA0;VLDM;AGROPECUARIA VALE DIAMANTE SA;09229295000147;OK;ACN;PA;PN;EPNNPR;ACOES NOMINATIVAS ACOES PREFERENCIAIS CLASSE A;A;True;A;;;2026-10-05;True
BRVLDMACNPB8;VLDM;AGROPECUARIA VALE DIAMANTE SA;09229295000147;OK;ACN;PB;PN;EPNNPR;ACOES NOMINATIVAS ACOES PREFERENCIAIS CLASSE B;A;True;A;;;2026-10-05;True
BRVLIDACNOR5;VLID;VALID SOLUÇÕES S.A.;33113309000147;OK;ACN;OR;ON;ESVUFR;ACOES NOMINATIVAS ACOES ORDINARIAS;A;True;A;;;2026-10-05;True
BRVLJKACNOR8;VLJK;VILEJACK INDL SA;07190283000120;OK;ACN;OR;ON;ESVUFR;ACOES NOMINATIVAS ACOES ORDINARIAS;A;True;A;;;2026-10-05;True
BRVLJKACNPA1;VLJK;VILEJACK INDL SA;07190283000120;OK;ACN;PA;PN;EPNNPR;ACOES NOMINATIVAS ACOES PREFERENCIAIS CLASSE A;A;True;A;;;2026-10-05;True
BRVLJKACNPB9;VLJK;VILEJACK INDL SA;07190283000120;OK;ACN;PB;PN;EPNNPR;ACOES NOMINATIVAS ACOES PREFERENCIAIS CLASSE B;A;True;A;;;2026-10-05;True
BRVLJKACNPC7;VLJK;VILEJACK INDL SA;07190283000120;OK;ACN;PC;PN;EPNNPR;ACOES NOMINATIVAS ACOES PREFERENCIAIS CLASSE C;A;True;A;;;2026-10-05;True
BRVLLGACNOR2;VLLG;VILLA GERMANIA ALIMENTOS SA;00514179000103;OK;ACN;OR;ON;ESVUFR;ACOES NOMINATIVAS ACOES ORDINARIAS;A;True;A;;;2026-10-05;True
BRVLLGACNPA5;VLLG;VILLA GERMANIA ALIMENTOS SA;00514179000103;OK;ACN;PA;PN;EPNNPR;ACOES NOMINATIVAS ACOES PREFERENCIAIS CLASSE A;A;True;A;;;2026-10-05;True
BRVLMTACNOR3;VLMT;VILLARES METALS SA;42566752000164;OK;ACN;OR;ON;ESVUFR;ACOES NOMINATIVAS ACOES ORDINARIAS;A;True;A;;;2026-10-05;True
BRVLPNACNOR9;VLPN;ELETRICIDADE VALE PARANAPANEMA SA;60876075000162;OK;ACN;OR;ON;ESVUFR;ACOES NOMINATIVAS;A;True;N;;;2026-10-05;True
BRVLRAACNPA5;VLRA;AGROPECUARIA VALE RIO ACRE SA;15525447000151;OK;ACN;PA;PN;EPNNPR;ACOES NOMINATIVAS ACOES PREFERENCIAIS CLASSE A;A;True;A;;;2026-10-05;True
BRVLRAACNPC1;VLRA;AGROPECUARIA VALE RIO ACRE SA;15525447000151;OK;ACN;PC;PN;EPNNPR;ACOES NOMINATIVAS ACOES PREFERENCIAIS CLASSE C;A;True;A;;;2026-10-05;True
BRVLRAACNPR9;VLRA;AGROPECUARIA VALE RIO ACRE SA;15525447000151;OK;ACN;PR;PN;EPNNPR;ACOES NOMINATIVAS ACOES PREFERENCIAIS;A;True;A;;;2026-10-05;True
BRVLRGACNPB0;VLRG;CIA VALE RIO GRANDE;10468296000123;OK;ACN;PB;PN;EPNNPR;ACOES NOMINATIVAS ACOES PREFERENCIAIS CLASSE B;A;True;A;;;2026-10-05;True
BRVLTRACNOR2;VLTR;VALETRON SA;01772313000120;OK;ACN;OR;ON;ESVUFR;ACOES NOMINATIVAS ACOES ORDINARIAS;A;True;A;;;2026-10-05;True
BRVMSFACNPB8;VMSF;CIA VALE MEDIO SAO FRANCISCO;22257455000120;OK;ACN;PB;PN;EPNNPR;ACOES NOMINATIVAS;A;True;N;;;2026-10-05;True
BRVNSAACNPB7;VNSA;VERDE NEGRO AGROPECUARIA SA VENESA;06109862000133;OK;ACN;PB;PN;EPNNPR;ACOES NOMINATIVAS ACOES PREFERENCIAIS CLASSE B;A;True;A;;;2026-10-05;True
BRVPISACNOR4;VPIS;VIRTUAL PEOPLE INFORMATICA S. A.;10841426000121;OK;ACN;OR;ON;ESVUFR;ACOES NOMINATIVAS;A;True;N;;;2026-10-05;True
BRVPSCACNOR7;VPSC;VARIG PARTICIPACOES SERVICOS COMPLEMENTARES SA;03634795000188;OK;ACN;OR;ON;ESVUFR;ACOES NOMINATIVAS ACOES ORDINARIAS;A;True;A;;;2026-10-05;True
BRVPSCACNPR4;VPSC;VARIG PARTICIPACOES SERVICOS COMPLEMENTARES SA;03634795000188;OK;ACN;PR;PN;EPNNPR;ACOES NOMINATIVAS ACOES PREFERENCIAIS;A;True;A;;;2026-10-05;True
BRVPTAACNOR9;VPTA;VARIG PARTICIPACOES TRANSPORTES AEREOS SA;03634777000104;OK;ACN;OR;ON;ESVUFR;ACOES NOMINATIVAS ACOES ORDINARIAS;A;True;A;;;2026-10-05;True
BRVPTAACNPR6;VPTA;VARIG PARTICIPACOES TRANSPORTES AEREOS SA;03634777000104;OK;ACN;PR;PN;EPNNPR;ACOES NOMINATIVAS ACOES PREFERENCIAIS;A;True;A;;;2026-10-05;True
BRVRGLACNOR9;VRGL;GOL LINHAS AÉREAS S.A.;07575651000159;OK;ACN;OR;ON;ESVUFR;ACOES NOMINATIVAS;A;True;N;;;2026-10-05;True
BRVRLMACNOR7;VRLM;INDS VEROLME ISHIBRAS SA;28500320000120;OK;ACN;OR;ON;ESVUFR;ACOES NOMINATIVAS ACOES ORDINARIAS;A;True;A;;;2026-10-05;True
BRVRLMACNPR4;VRLM;INDS VEROLME ISHIBRAS SA;28500320000120;OK;ACN;PR;PN;EPNNPR;ACOES NOMINATIVAS ACOES PREFERENCIAIS;A;True;A;;;2026-10-05;True
BRVROMACNOR1;VROM;CONTEX CONFECCIONADOS TEXTEIS SA;61535241000120;OK;ACN;OR;ON;ESVUFR;ACOES NOMINATIVAS ACOES ORDINARIAS;A;True;A;;;2026-10-05;True
BRVSCDACNOR3;VSCD;VISCONDE INHAUMA INVESTIMENTOS IMOBILIARIOS PARTICIPACOES SA;20512090000107;OK;ACN;OR;ON;ESVUFR;ACOES NOMINATIVAS ACOES ORDINARIAS;A;True;A;;;2026-10-05;True
BRVSCOACNOR0;VSCO;VASCO GAMA LICENCIAMENTOS SA;02424122000130;OK;ACN;OR;ON;ESVUFR;ACOES NOMINATIVAS ACOES ORDINARIAS;A;True;A;;;2026-10-05;True
BRVSCOACNPR7;VSCO;VASCO GAMA LICENCIAMENTOS SA;02424122000130;OK;ACN;PR;PN;EPNNPR;ACOES NOMINATIVAS ACOES PREFERENCIAIS;A;True;A;;;2026-10-05;True
BRVSIDACNOR0;VSID;VICUNHA SIDERURGIA SA;02871007000104;OK;ACN;OR;ON;ESVUFR;ACOES NOMINATIVAS ACOES ORDINARIAS;A;True;A;;;2026-10-05;True
BRVSIDACNPR7;VSID;VICUNHA SIDERURGIA SA;02871007000104;OK;ACN;PR;PN;EPNNPR;ACOES NOMINATIVAS ACOES PREFERENCIAIS;A;True;A;;;2026-10-05;True
BRVSMAACNOR8;VSMA;SAINT GOBAIN VIDROS SA (EX CIA VIDRARIA SANTA MARINA);60853942000144;OK;ACN;OR;ON;ESVUFR;ACOES NOMINATIVAS ACOES ORDINARIAS;A;True;A;;;2026-10-05;True
BRVSPTACNOR1;VSPT;FERROVIA CENTRO ATLANTICA SA;00924429000175;OK;ACN;OR;ON;ESVUFR;ACOES NOMINATIVAS ACOES ORDINARIAS;A;True;A;;;2026-10-05;True
BRVSPTACNPR8;VSPT;FERROVIA CENTRO ATLANTICA SA;00924429000175;OK;ACN;PR;PN;EPNNPR;ACOES NOMINATIVAS ACOES PREFERENCIAIS;A;True;A;;;2026-10-05;True
BRVSTEACNOR5;VSTE;VESTE S.A. ESTILO;49669856000143;OK;ACN;OR;ON;ESVUFR;ACOES NOMINATIVAS ACOES ORDINARIAS;A;True;N;;;2026-10-05;True
BRVSUMACNOR6;VSUM;VISUM SISTEMAS ELETRONICOS SA;72164734000117;OK;ACN;OR;ON;ESVUFR;ACOES NOMINATIVAS ACOES ORDINARIAS;A;True;A;;;2026-10-05;True
BRVTAMACNOR6;VTAM;VITORIA AMBIENTAL ENGENHARIA TECNOLOGIA SA;03431593000139;OK;ACN;OR;ON;ESVUFR;ACOES NOMINATIVAS ACOES ORDINARIAS;A;True;A;;;2026-10-05;True
BRVTAMACNPR3;VTAM;VITORIA AMBIENTAL ENGENHARIA TECNOLOGIA SA;03431593000139;OK;ACN;PR;PN;EPNNPR;ACOES NOMINATIVAS ACOES PREFERENCIAIS;A;True;A;;;2026-10-05;True
BRVTECACNOR9;VTEC;VOTEC TAXI AEREO SA;33034794000163;OK;ACN;OR;ON;ESVUFR;ACOES NOMINATIVAS ACOES ORDINARIAS;A;True;A;;;2026-10-05;True
BRVTECACNPR6;VTEC;VOTEC TAXI AEREO SA;33034794000163;OK;ACN;PR;PN;EPNNPR;ACOES NOMINATIVAS ACOES PREFERENCIAIS;A;True;A;;;2026-10-05;True
BRVTLGACNPR2;VTLG;VENT LOGOS SISTEMAS LOGICOS SA;31792997000193;OK;ACN;PR;PN;EPNNPR;ACOES NOMINATIVAS ACOES PREFERENCIAIS;A;True;A;;;2026-10-05;True
BRVTPTACNOR9;VTPT;UNIVERSO PET COMÉRCIO DE PRODUTOS E SERVIÇOS VETERINÁRIOS S.A.;22458432000183;OK;ACN;OR;ON;ESVUFR;ACOES NOMINATIVAS;A;True;N;;;2026-10-05;True
BRVTRAACNPR2;VTRA;AGROPECUARIA SAO BOA VENTURA SA;08947475000100;OK;ACN;PR;PN;EPNNPR;ACOES NOMINATIVAS ACOES PREFERENCIAIS;A;True;A;;;2026-10-05;True
BRVTRUACNOR3;VTRU;VITRU EDUCAÇÃO S.A;20512706000140;OK;ACN;OR;ON;ESVUFR;ACOES NOMINATIVAS;A;True;N;;;2026-10-05;True
BRVTTPACNOR9;VTTP;VITTIA PARTICIPACOES SA;10892654000120;OK;ACN;OR;ON;ESVUFR;ACOES NOMINATIVAS ACOES ORDINARIAS;A;True;N;;;2026-10-05;True
BRVTVNACNPR7;VTVN;VITIVINICOLA SANTA MARIA SA;09507831000129;OK;ACN;PR;PN;EPNNPR;ACOES NOMINATIVAS ACOES PREFERENCIAIS;A;True;A;;;2026-10-05;True
BRVULCACNOR2;VULC;VULCABRAS AZALEIA SA;50926955000142;OK;ACN;OR;ON;ESVUFR;ACOES NOMINATIVAS ACOES ORDINARIAS;A;True;A;;;2026-10-05;True
BRVVAXACNOR9;VVAX;VIVAX SA;01402946000147;OK;ACN;OR;ON;ESVUFR;ACOES NOMINATIVAS ACOES ORDINARIAS;A;True;A;;;2026-10-05;True
BRVVAXACNPR6;VVAX;VIVAX SA;01402946000147;OK;ACN;PR;PN;EPNNPR;ACOES NOMINATIVAS ACOES PREFERENCIAIS;A;True;A;;;2026-10-05;True
BRVVEOACNOR0;VVEO;CM HOSPITALAR SA;12420164000157;OK;ACN;OR;ON;ESVUFR;ACOES NOMINATIVAS;A;True;N;;;2026-10-05;True
BRVVRNACNOR4;VVRN;VIA VERONA INVESTIMENTO PARTICIPACOES SA;12764368000105;OK;ACN;OR;ON;ESVUFR;ACOES NOMINATIVAS ACOES ORDINARIAS;A;True;A;;;2026-10-05;True
BRVXIVACNOR2;VXIV;VINCI PROJETOS DE INFRAESTRUTURA XIV S.A.;22330694000168;OK;ACN;OR;ON;ESVUFR;ACOES NOMINATIVAS;A;True;N;;;2026-10-05;True
BRW4LCACNPA3;W4LC;AGROPECUÁRIA WALCON S/A;12536454000160;OK;ACN;PA;PN;EPNNPR;ACOES NOMINATIVAS;A;True;N;;;2026-10-05;True
BRW9CPACNPB1;W9CP;AGROPECUS-COLONIZ.AGRIC.E PECUARIA S/A;05426267000169;OK;ACN;PB;PN;EPNNPR;ACOES NOMINATIVAS PNB;A;True;N;;;2026-10-05;True
BRW9ERACNPR9;W9ER;AGROPECUÁRIA NOVA ERA S/A;05017041000104;OK;ACN;PR;PN;EPNNPR;ACOES NOMINATIVAS;A;True;N;;;2026-10-05;True
BRW9PAACNPA7;W9PA;AGROPECUARIA PALEANA S/A;02025258000178;OK;ACN;PA;PN;EPNNPR;ACOES NOMINATIVAS PNA;A;True;N;;;2026-10-05;True
BRWAYBACNOR7;WAYB;WAY TV BELO HORIZONTE SA;04603960000105;OK;ACN;OR;ON;ESVUFR;ACOES NOMINATIVAS ACOES ORDINARIAS;A;True;A;;;2026-10-05;True
BRWAYBACNPR4;WAYB;WAY TV BELO HORIZONTE SA;04603960000105;OK;ACN;PR;PN;EPNNPR;ACOES NOMINATIVAS ACOES PREFERENCIAIS;A;True;A;;;2026-10-05;True
BRWDCNACNOR2;WDCN;LIVETECH DA BAHIA INDUSTRIA E COMERCIO S.A;05917486000140;OK;ACN;OR;ON;ESVUFR;ACOES NOMINATIVAS;A;True;N;;;2026-10-05;True
BRWEGEACNOR0;WEGE;WEG SA;84429695000111;OK;ACN;OR;ON;ESVUFR;ACOES NOMINATIVAS ACOES ORDINARIAS;A;True;A;;;2026-10-05;True
BRWESTACNOR3;WEST;WESTWING COMÉRCIO VAREJISTA S.A.;14776142000150;OK;ACN;OR;ON;ESVUFR;ACOES NOMINATIVAS;A;True;N;;;2026-10-05;True
BRWHMGACNPC5;WHMG;WHITE MARTINS GASES INDUSTRIAIS NORTE SA;34597955000190;OK;ACN;PC;PN;EPNNPR;ACOES NOMINATIVAS ACOES PREFERENCIAIS CLASSE C;A;True;A;;;2026-10-05;True
BRWHRLACNOR5;WHRL;WHIRLPOOL SA;59105999000186;OK;ACN;OR;ON;ESVUFR;ACOES NOMINATIVAS ACOES ORDINARIAS;A;True;A;;;2026-10-05;True
BRWHRLACNPR2;WHRL;WHIRLPOOL SA;59105999000186;OK;ACN;PR;PN;EPNNPR;ACOES NOMINATIVAS ACOES PREFERENCIAIS;A;True;A;;;2026-10-05;True
BRWIDEACNOR8;WIDE;WIDE DESENVOLVIMENTO HUMANO TECNOLOGIA SA;07977092000103;OK;ACN;OR;ON;ESVUFR;ACOES NOMINATIVAS ACOES ORDINARIAS;A;True;N;;;2026-10-05;True
BRWIESACNOR6;WIES;METALURGICA JOAO WIEST SA;84430768000195;OK;ACN;OR;ON;ESVUFR;ACOES NOMINATIVAS ACOES ORDINARIAS;A;True;A;;;2026-10-05;True
BRWIESACNPR3;WIES;METALURGICA JOAO WIEST SA;84430768000195;OK;ACN;PR;PN;EPNNPR;ACOES NOMINATIVAS ACOES PREFERENCIAIS;A;True;A;;;2026-10-05;True
BRWIREACNOR8;WIRE;WIREX CABLES SA;66007857000141;OK;ACN;OR;ON;ESVUFR;ACOES NOMINATIVAS ACOES ORDINARIAS;A;True;A;;;2026-10-05;True
BRWISAACNOR4;WISA;WIEST SA;79313086000162;OK;ACN;OR;ON;ESVUFR;ACOES NOMINATIVAS ACOES ORDINARIAS;A;True;A;;;2026-10-05;True
BRWISAACNPR1;WISA;WIEST SA;79313086000162;OK;ACN;PR;PN;EPNNPR;ACOES NOMINATIVAS ACOES PREFERENCIAIS;A;True;A;;;2026-10-05;True
BRWIZCACNOR5;WIZC;WIZ CO PARTICIPAÇÕES E CORRETAGEM DE SEGUROS S.A.;42278473000103;OK;ACN;OR;ON;ESVUFR;ACOES NOMINATIVAS ACOES ORDINARIAS;A;True;N;;;2026-10-05;True
BRWLMMACNOR6;WLMM;WLM PART. E COMÉRCIO DE MÁQUINAS E VEÍCULOS S.A;33228024000151;OK;ACN;OR;ON;ESVUFR;ACOES NOMINATIVAS ACOES ORDINARIAS;A;True;A;;;2026-10-05;True
BRWLMMACNPR3;WLMM;WLM PART. E COMÉRCIO DE MÁQUINAS E VEÍCULOS S.A;33228024000151;OK;ACN;PR;PN;EPNNPR;ACOES NOMINATIVAS ACOES PREFERENCIAIS;A;True;A;;;2026-10-05;True
BRWMBYACNOR2;WMBY;WEMBLEY ROUPAS SA;25329319000196;OK;ACN;OR;ON;ESVUFR;ACOES NOMINATIVAS ACOES ORDINARIAS;A;True;A;;;2026-10-05;True
BRWNBRACNOR4;WNBR;W2W E-COMMERCE DE VINHOS S.A.;09813204000116;OK;ACN;OR;ON;ESVUFR;ACOES NOMINATIVAS;A;True;N;;;2026-10-05;True
BRWNETACNOR4;WNET;WIRELESS INTERNET SA;03088530000121;OK;ACN;OR;ON;ESVUFR;ACOES NOMINATIVAS ACOES ORDINARIAS;A;True;A;;;2026-10-05;True
BRWNETACNPA7;WNET;WIRELESS INTERNET SA;03088530000121;OK;ACN;PA;PN;EPNNPR;ACOES NOMINATIVAS ACOES PREFERENCIAIS CLASSE A;A;True;A;;;2026-10-05;True
BRWOODACNOR5;WOOD;GUARARAPES PAINES SA;08810422000134;OK;ACN;OR;ON;ESVUFR;ACOES NOMINATIVAS ACOES ORDINARIAS;A;True;N;;;2026-10-05;True
BRWORLACNOR1;WORL;WORLD ADVISERS ASSESSORIA CONSULTORIA FINANCEIRA LTDA;15060659000100;OK;ACN;OR;ON;ESVUFR;ACOES NOMINATIVAS COTAS;A;True;A;;;2026-10-05;True
BRWTCMACNPA3;WTCM;WTC MANAUS S/A;00306400000120;OK;ACN;PA;PN;EPNNPR;ACOES NOMINATIVAS;A;True;N;;;2026-10-05;True
BRWWOWACNOR8;WWOW;BS&C EMPREENDIMENTOS E PARTICIPAÇÕES SA;10603674000134;OK;ACN;OR;ON;ESVUFR;ACOES NOMINATIVAS ACOES ORDINARIAS;A;True;A;;;2026-10-05;True
BRXINUACNPR8;XINU;XINUAQUE AGROPECUARIA SA XINUASA;05266754000101;OK;ACN;PR;PN;EPNNPR;ACOES NOMINATIVAS ACOES PREFERENCIAIS;A;True;A;;;2026-10-05;True
BRXPARACNOR9;XPAR;XPART S.A.;43169644000110;OK;ACN;OR;ON;ESVUFR;ACOES NOMINATIVAS;A;True;N;;;2026-10-05;True
BRXPARACNPR6;XPAR;XPART S.A.;43169644000110;OK;ACN;PR;PN;EPNNPR;ACOES NOMINATIVAS;A;True;N;;;2026-10-05;True
BRXVTEACNPA8;XVTE;XAVANTE AGRO INDURSTRIAL CEREAIS SA;01194528000101;OK;ACN;PA;PN;EPNNPR;ACOES NOMINATIVAS ACOES PREFERENCIAIS CLASSE A;A;True;A;;;2026-10-05;True
BRYAHOACNOR1;YAHO;YAHOO TURISMO SA;01823552000162;OK;ACN;OR;ON;ESVUFR;ACOES NOMINATIVAS ACOES ORDINARIAS CLASSE B;A;True;A;;;2026-10-05;True
BRYAHOACNPB2;YAHO;YAHOO TURISMO SA;01823552000162;OK;ACN;PB;PN;EPNNPR;ACOES NOMINATIVAS ACOES PREFERENCIAIS CLASSE B;A;True;A;;;2026-10-05;True
BRYAMAACNPA3;YAMA;YAMACOM NORDESTE SA;41298134000118;OK;ACN;PA;PN;EPNNPR;ACOES NOMINATIVAS ACOES PREFERENCIAIS CLASSE A;A;True;A;;;2026-10-05;True
BRYATCACNOR1;YATC;YATECH INFORMATICA SA;03398240000184;OK;ACN;OR;ON;ESVUFR;ACOES NOMINATIVAS ACOES ORDINARIAS;A;True;A;;;2026-10-05;True
BRYBRAACNOR7;YBRA;YBYRÁ CAPITAL S/A;02217319000107;OK;ACN;OR;ON;ESVUFR;ACOES NOMINATIVAS ACOES ORDINARIAS;A;True;N;;;2026-10-05;True
BRYBRAACNPR4;YBRA;YBYRÁ CAPITAL S/A;02217319000107;OK;ACN;PR;PN;EPNNPR;ACOES NOMINATIVAS;A;True;N;;;2026-10-05;True
BRYDUQACNOR3;YDUQ;YDUQS PARTICIPACOES SA;08807432000110;OK;ACN;OR;ON;ESVUFR;ACOES NOMINATIVAS ACOES ORDINARIAS;A;True;A;;;2026-10-05;True
BRYOSHACNPR0;YOSH;YOSHIDA NORDESTE SA IND COM;23598865000105;OK;ACN;PR;PN;EPNNPR;ACOES NOMINATIVAS ACOES PREFERENCIAIS;A;True;A;;;2026-10-05;True
BRYOUCACNOR0;YOUC;YOU INC INCORPORADORA PARTICIPACOES S.A;11284204000118;OK;ACN;OR;ON;ESVUFR;ACOES NOMINATIVAS;A;True;N;;;2026-10-05;True
BRYPFLCDAOR0;YPFL;YPF SA.;;VAZIO;CDA;OR;UNIT;ESVUFA;CERTIFICADO DE DEPOSITO DE ACOES CERTIFICADO DE DEPOSITO DE ACOES;A;True;A;;;2026-10-05;True
BRZ1KKACNPD5;Z1KK;AGROPECUARIA RICA SA;03144078000178;OK;ACN;PD;PN;EPNNPR;ACOES NOMINATIVAS ACOES PREFERENCIAIS CLASSE D;A;True;N;;;2026-10-05;True
BRZAMPACNOR5;ZAMP;ZAMP S.A.;13574594000196;OK;ACN;OR;ON;ESVUFR;ACOES NOMINATIVAS ACOES ORDINARIAS;A;True;N;;;2026-10-05;True
BRZANIACNOR8;ZANI;ZANINI SA EQUIPAMENTOS PESADOS;71320931000115;OK;ACN;OR;ON;ESVUFR;ACOES NOMINATIVAS ACOES ORDINARIAS;A;True;A;;;2026-10-05;True
BRZANIACNPA1;ZANI;ZANINI SA EQUIPAMENTOS PESADOS;71320931000115;OK;ACN;PA;PN;EPNNPR;ACOES NOMINATIVAS ACOES PREFERENCIAIS CLASSE A;A;True;A;;;2026-10-05;True
BRZANIACNPB9;ZANI;ZANINI SA EQUIPAMENTOS PESADOS;71320931000115;OK;ACN;PB;PN;EPNNPR;ACOES NOMINATIVAS ACOES PREFERENCIAIS CLASSE B;A;True;A;;;2026-10-05;True
BRZBLEACNOR9;ZBLE;ZOBELE BRASIL LTDA;;VAZIO;ACN;OR;ON;ESVUFR;ACOES NOMINATIVAS COTAS;A;True;A;;;2026-10-05;True
BRZBRNACNPR4;ZBRN;ORGANIZACAO ZAMBRANA TURISMO HOTEL COUDELARIA SA;07548639000155;OK;ACN;PR;PN;EPNNPR;ACOES NOMINATIVAS ACOES PREFERENCIAIS;A;True;A;;;2026-10-05;True
BRZNTEACNPB8;ZNTE;FERREIRA ZANETTE AGROPECUARIA SA;01788015000129;OK;ACN;PB;PN;EPNNPR;ACOES NOMINATIVAS ACOES PREFERENCIAIS CLASSE B;A;True;A;;;2026-10-05;True
BRZNTEACNPC6;ZNTE;FERREIRA ZANETTE AGROPECUARIA SA;01788015000129;OK;ACN;PC;PN;EPNNPR;ACOES NOMINATIVAS ACOES PREFERENCIAIS CLASSE C;A;True;A;;;2026-10-05;True
BRZOGBACNOR8;ZOGB;BCO ZOGBI SA;61535100000107;OK;ACN;OR;ON;ESVUFR;ACOES NOMINATIVAS ACOES ORDINARIAS;A;True;A;;;2026-10-05;True
BRZORVACNPR0;ZORV;FAZENDO OURA VERDE SA;02710238000136;OK;ACN;PR;PN;EPNNPR;ACOES NOMINATIVAS ACOES PREFERENCIAIS;A;True;A;;;2026-10-05;True
BRZQOZACNOR6;ZQOZ;BRASILINVEST SA BCO INVEST;;VAZIO;ACN;OR;ON;ESVUFR;ACOES NOMINATIVAS ACOES ORDINARIAS;A;True;A;;;2026-10-05;True
BRZQOZACNPR3;ZQOZ;BRASILINVEST SA BCO INVEST;;VAZIO;ACN;PR;PN;EPNNPR;ACOES NOMINATIVAS ACOES PREFERENCIAIS;A;True;A;;;2026-10-05;True
BRZRCZACNOR9;ZRCZ;HEVEA BAHIA SA AGRICULTURA IND COM;;VAZIO;ACN;OR;ON;ESVUFR;ACOES NOMINATIVAS ACOES ORDINARIAS;A;True;A;;;2026-10-05;True
BRZSQZACNOR7;ZSQZ;CRISTAL FATURIZACAO SA;;VAZIO;ACN;OR;ON;ESVUFR;ACOES NOMINATIVAS ACOES ORDINARIAS;A;True;A;;;2026-10-05;True
BRZSTZACNOR1;ZSTZ;YOLAT IND COM PRODUTOS ALIMENTICIOS SA;;VAZIO;ACN;OR;ON;ESVUFR;ACOES NOMINATIVAS ACOES ORDINARIAS;A;True;A;;;2026-10-05;True
BRZSUZACNOR9;ZSUZ;WAPSA AUTO PECAS SA;;VAZIO;ACN;OR;ON;ESVUFR;ACOES NOMINATIVAS ACOES ORDINARIAS;A;True;A;;;2026-10-05;True
BRZSUZACNPR6;ZSUZ;WAPSA AUTO PECAS SA;;VAZIO;ACN;PR;PN;EPNNPR;ACOES NOMINATIVAS ACOES PREFERENCIAIS;A;True;A;;;2026-10-05;True
BRZSVZACNOR7;ZSVZ;USINAS BRASILEIRAS ACUCAR;;VAZIO;ACN;OR;ON;ESVUFR;ACOES NOMINATIVAS ACOES ORDINARIAS;A;True;A;;;2026-10-05;True
BRZTAZACNOR9;ZTAZ;THE BRAZIL FUND SA;;VAZIO;ACN;OR;ON;ESVUFR;ACOES NOMINATIVAS ACOES ORDINARIAS;A;True;A;;;2026-10-05;True
BRZTCZACNPR2;ZTCZ;A SENSACAO MODAS SA;;VAZIO;ACN;PR;PN;EPNNPR;ACOES NOMINATIVAS ACOES PREFERENCIAIS;A;True;A;;;2026-10-05;True
BRZTDZACNOR3;ZTDZ;TABA CINE TEATROS SA;;VAZIO;ACN;OR;ON;ESVUFR;ACOES NOMINATIVAS ACOES ORDINARIAS;A;True;A;;;2026-10-05;True
BRZTGZACNOR6;ZTGZ;SITI SA SDAD INSTALACOES TERMOELETRICAS INDLS;;VAZIO;ACN;OR;ON;ESVUFR;ACOES NOMINATIVAS ACOES ORDINARIAS;A;True;A;;;2026-10-05;True
BRZTHZACNOR4;ZTHZ;SELECTA COM IND SA;;VAZIO;ACN;OR;ON;ESVUFR;ACOES NOMINATIVAS ACOES ORDINARIAS;A;True;A;;;2026-10-05;True
BRZTIXACNOR7;ZTIX;OMNILINK TECNOLOGIA S.A,;03585974000172;OK;ACN;OR;ON;ESVUFR;ACOES NOMINATIVAS ACOES ORDINARIAS;A;True;A;;;2026-10-05;True
BRZTIZACNOR2;ZTIZ;SCAC SDAD CONCRETO ARMADO CENTRIFUGADO BRASIL SA;;VAZIO;ACN;OR;ON;ESVUFR;ACOES NOMINATIVAS ACOES ORDINARIAS;A;True;A;;;2026-10-05;True
BRZTJKACNOR2;ZTJK;CAIXA SEGURADORA SA (EX SASSE CIA NACIONAL SEGUROS GERAIS);34020354000110;OK;ACN;OR;ON;ESVUFR;ACOES NOMINATIVAS ACOES ORDINARIAS;A;True;A;;;2026-10-05;True
BRZTKZACNOR8;ZTKZ;SAO PAULO SA TURISMO PASSAGENS SERVICOS;;VAZIO;ACN;OR;ON;ESVUFR;ACOES NOMINATIVAS ACOES ORDINARIAS;A;True;A;;;2026-10-05;True
BRZTLZACNOR6;ZTLZ;SAO PAULO DISTRIBUIDORA TITULOS VALORES MOBILIARIOS;;VAZIO;ACN;OR;ON;ESVUFR;ACOES NOMINATIVAS ACOES ORDINARIAS;A;True;A;;;2026-10-05;True
BRZTMZACNOR4;ZTMZ;SAO PAULO BRASITAL SA IND COM;;VAZIO;ACN;OR;ON;ESVUFR;ACOES NOMINATIVAS ACOES ORDINARIAS;A;True;A;;;2026-10-05;True
BRZTOZACNOR0;ZTOZ;SAIMEX SA;;VAZIO;ACN;OR;ON;ESVUFR;ACOES NOMINATIVAS ACOES ORDINARIAS;A;True;A;;;2026-10-05;True
BRZTPZACNOR7;ZTPZ;SAFRA SEGURADORA SA;;VAZIO;ACN;OR;ON;ESVUFR;ACOES NOMINATIVAS ACOES ORDINARIAS;A;True;A;;;2026-10-05;True
BRZTQZACNOR5;ZTQZ;SAFRA CIA SEGUROS;;VAZIO;ACN;OR;ON;ESVUFR;ACOES NOMINATIVAS ACOES ORDINARIAS;A;True;A;;;2026-10-05;True
BRZTSZACNOR1;ZTSZ;SABRICO SA;;VAZIO;ACN;OR;ON;ESVUFR;ACOES NOMINATIVAS ACOES ORDINARIAS;A;True;A;;;2026-10-05;True
BRZTTZACNOR9;ZTTZ;SA IMPORTADORA SUICA;;VAZIO;ACN;OR;ON;ESVUFR;ACOES NOMINATIVAS ACOES ORDINARIAS;A;True;A;;;2026-10-05;True
BRZTUZACNOR7;ZTUZ;RIOINVEST;;VAZIO;ACN;OR;ON;ESVUFR;ACOES NOMINATIVAS ACOES ORDINARIAS;A;True;A;;;2026-10-05;True
BRZTVZACNOR5;ZTVZ;RICORDI BRASILEIRA SA EDITORIAL COML;;VAZIO;ACN;OR;ON;ESVUFR;ACOES NOMINATIVAS ACOES ORDINARIAS;A;True;A;;;2026-10-05;True
BRZTXZACNOR1;ZTXZ;RECOFARMA IND QUIMICA FARMACEUTICA SA;;VAZIO;ACN;OR;ON;ESVUFR;ACOES NOMINATIVAS ACOES ORDINARIAS;A;True;A;;;2026-10-05;True
BRZTYZACNOR9;ZTYZ;PELIKAN BRASIL SA IND COM;;VAZIO;ACN;OR;ON;ESVUFR;ACOES NOMINATIVAS ACOES ORDINARIAS;A;True;A;;;2026-10-05;True
BRZUAZACNOR7;ZUAZ;SEGURADORA BMC SA;;VAZIO;ACN;OR;ON;ESVUFR;ACOES NOMINATIVAS ACOES ORDINARIAS;A;True;A;;;2026-10-05;True
BRZUAZACNPR4;ZUAZ;SEGURADORA BMC SA;;VAZIO;ACN;PR;PN;EPNNPR;ACOES NOMINATIVAS ACOES PREFERENCIAIS;A;True;A;;;2026-10-05;True
BRZUCZACNOR3;ZUCZ;NORCHEM LEASING SA ARREND MERCANTIL;;VAZIO;ACN;OR;ON;ESVUFR;ACOES NOMINATIVAS ACOES ORDINARIAS;A;True;A;;;2026-10-05;True
BRZUEZACNOR9;ZUEZ;NIPPONDENSO BRASIL REFRIGERACAO SA;;VAZIO;ACN;OR;ON;ESVUFR;ACOES NOMINATIVAS ACOES ORDINARIAS;A;True;A;;;2026-10-05;True
BRZUGZACNOR4;ZUGZ;MATRIX BETA SA;;VAZIO;ACN;OR;ON;ESVUFR;ACOES NOMINATIVAS ACOES ORDINARIAS;A;True;A;;;2026-10-05;True
BRZULZACNOR4;ZULZ;METALSINES CIA VAGOES SINES;;VAZIO;ACN;OR;ON;ESVUFR;ACOES NOMINATIVAS ACOES ORDINARIAS;A;True;A;;;2026-10-05;True
BRZUMZACNOR2;ZUMZ;CIA PAULISTA ESTRADA FERRO;;VAZIO;ACN;OR;ON;ESVUFR;ACOES NOMINATIVAS ACOES ORDINARIAS;A;True;A;;;2026-10-05;True
BRZUNZACNOR0;ZUNZ;MARTINI ROSSI SA;;VAZIO;ACN;OR;ON;ESVUFR;ACOES NOMINATIVAS ACOES ORDINARIAS;A;True;A;;;2026-10-05;True
BRZUOZACNOR8;ZUOZ;MALASCA AGROPECUARIA SA;;VAZIO;ACN;OR;ON;ESVUFR;ACOES NOMINATIVAS ACOES ORDINARIAS;A;True;A;;;2026-10-05;True
BRZUPZACNOR5;ZUPZ;LUISIANA ADMINISTRACAO PARTICIPACOES SA;;VAZIO;ACN;OR;ON;ESVUFR;ACOES NOMINATIVAS ACOES ORDINARIAS;A;True;A;;;2026-10-05;True
BRZURIACNOR7;ZURI;ZURICH SANTANDER BRASIL SEGUROS PREVIDENCIA SA;87376109000106;OK;ACN;OR;ON;ESVUFR;ACOES NOMINATIVAS ACOES ORDINARIAS;A;True;A;;;2026-10-05;True
BRZUSZACNOR9;ZUSZ;LIQUIPAR EMPREENDIMENTOS PARTICIPACOES SA;;VAZIO;ACN;OR;ON;ESVUFR;ACOES NOMINATIVAS ACOES ORDINARIAS;A;True;A;;;2026-10-05;True
BRZUTZACNOR7;ZUTZ;LAURENTINA SA COM REPRESENTACOES;;VAZIO;ACN;OR;ON;ESVUFR;ACOES NOMINATIVAS ACOES ORDINARIAS;A;True;A;;;2026-10-05;True
BRZUUZACNOR5;ZUUZ;LABORATORIOS SILVA ARAUJO ROUSSEL;;VAZIO;ACN;OR;ON;ESVUFR;ACOES NOMINATIVAS ACOES ORDINARIAS;A;True;A;;;2026-10-05;True
BRZUWZACNOR1;ZUWZ;ITELPA SA IND TELAS METALICAS PAPEL;;VAZIO;ACN;OR;ON;ESVUFR;ACOES NOMINATIVAS ACOES ORDINARIAS;A;True;A;;;2026-10-05;True
BRZUXZACNPR6;ZUXZ;ITELPA SA IND COM;;VAZIO;ACN;PR;PN;EPNNPR;ACOES NOMINATIVAS ACOES ORDINARIAS;A;True;A;;;2026-10-05;True
BRZUYZACNOR7;ZUYZ;ISOLEV SA;;VAZIO;ACN;OR;ON;ESVUFR;ACOES NOMINATIVAS ACOES ORDINARIAS;A;True;A;;;2026-10-05;True
BRZUZZACNOR4;ZUZZ;IRBEN SA ADMINISTRADORA BENS;;VAZIO;ACN;OR;ON;ESVUFR;ACOES NOMINATIVAS ACOES ORDINARIAS;A;True;A;;;2026-10-05;True
BRZVBZACNOR3;ZVBZ;INDS TEXTEIS VANINI SA;;VAZIO;ACN;OR;ON;ESVUFR;ACOES NOMINATIVAS ACOES ORDINARIAS;A;True;A;;;2026-10-05;True
BRZVCZACNOR1;ZVCZ;INDS REUNIDAS F MATARAZZO SA;;VAZIO;ACN;OR;ON;ESVUFR;ACOES NOMINATIVAS ACOES ORDINARIAS;A;True;A;;;2026-10-05;True
BRZVDZACNOR9;ZVDZ;INDS MATARAZZO PARANA SA;;VAZIO;ACN;OR;ON;ESVUFR;ACOES NOMINATIVAS ACOES ORDINARIAS;A;True;A;;;2026-10-05;True
BRZVFZACNOR4;ZVFZ;HOLDINCO PARTICIPACOES SA;;VAZIO;ACN;OR;ON;ESVUFR;ACOES NOMINATIVAS ACOES ORDINARIAS;A;True;A;;;2026-10-05;True
BRZVHZACNOR0;ZVHZ;GRANDES MARCAS INTERNACIONAIS SA;;VAZIO;ACN;OR;ON;ESVUFR;ACOES NOMINATIVAS ACOES ORDINARIAS;A;True;A;;;2026-10-05;True
BRZVIZACNOR8;ZVIZ;GOURMET AIR SERVICE INTERNACIONAL COM IND SA;;VAZIO;ACN;OR;ON;ESVUFR;ACOES NOMINATIVAS ACOES ORDINARIAS;A;True;A;;;2026-10-05;True
BRZVKZACNOR4;ZVKZ;GIROFLEX SA CADEIRAS POLTRONAS;;VAZIO;ACN;OR;ON;ESVUFR;ACOES NOMINATIVAS ACOES ORDINARIAS;A;True;A;;;2026-10-05;True
BRZVLZACNOR2;ZVLZ;GALERIA CARIOCA MODAS SA;;VAZIO;ACN;OR;ON;ESVUFR;ACOES NOMINATIVAS ACOES ORDINARIAS;A;True;A;;;2026-10-05;True
BRZVMZACNOR0;ZVMZ;FISAP PARTICIPACOES SA;;VAZIO;ACN;OR;ON;ESVUFR;ACOES NOMINATIVAS ACOES ORDINARIAS;A;True;A;;;2026-10-05;True
BRZVOZACNOR6;ZVOZ;FARMALAB INDS QUIMICAS FARMACEUTICAS SA;;VAZIO;ACN;OR;ON;ESVUFR;ACOES NOMINATIVAS ACOES ORDINARIAS;A;True;A;;;2026-10-05;True
BRZVQZACNOR1;ZVQZ;FABRICA PAPEL PAPELAO NOSSA SENHORA PENHA SA;;VAZIO;ACN;OR;ON;ESVUFR;ACOES NOMINATIVAS ACOES ORDINARIAS;A;True;A;;;2026-10-05;True
BRZVRZACNPA2;ZVRZ;EXPOSICAO GERBO SA;;VAZIO;ACN;PA;PN;EPNNPR;ACOES NOMINATIVAS ACOES PREFERENCIAIS CLASSE A;A;True;A;;;2026-10-05;True
BRZVSZACNOR7;ZVSZ;ESTAMPARIA CARAVELLAS SA;;VAZIO;ACN;OR;ON;ESVUFR;ACOES NOMINATIVAS ACOES ORDINARIAS;A;True;A;;;2026-10-05;True
BRZVXZACNOR7;ZVXZ;ESAB ELEKTRO SOLDA AUTOGENA BRASILEIRA SA;;VAZIO;ACN;OR;ON;ESVUFR;ACOES NOMINATIVAS ACOES ORDINARIAS;A;True;A;;;2026-10-05;True
BRZVYZACNOR5;ZVYZ;EMPRESA BRASILEIRA AGUAS EBA SA;;VAZIO;ACN;OR;ON;ESVUFR;ACOES NOMINATIVAS ACOES ORDINARIAS;A;True;A;;;2026-10-05;True
BRZVZZACNOR2;ZVZZ;EMPRESTIMO PUBLICO EMERGENCIA SA;;VAZIO;ACN;OR;ON;ESVUFR;ACOES NOMINATIVAS ACOES ORDINARIAS;A;True;A;;;2026-10-05;True
BRZWAZACNOR3;ZWAZ;CTC CIA TEXTIL CASTANHAL;;VAZIO;ACN;OR;ON;ESVUFR;ACOES NOMINATIVAS ACOES ORDINARIAS;A;True;A;;;2026-10-05;True
BRZWBZACNOR1;ZWBZ;EMPRESA BRASILEIRA RELOGIOS HORA SA;;VAZIO;ACN;OR;ON;ESVUFR;ACOES NOMINATIVAS ACOES ORDINARIAS;A;True;A;;;2026-10-05;True
BRZWCZACNOR9;ZWCZ;EMPREENDIMENTOS PARTICIPACOES COREM SA;;VAZIO;ACN;OR;ON;ESVUFR;ACOES NOMINATIVAS ACOES ORDINARIAS;A;True;A;;;2026-10-05;True
BRZWDZACNPR4;ZWDZ;ELETRONICA BRASILEIRA SA;;VAZIO;ACN;PR;PN;EPNNPR;ACOES NOMINATIVAS ACOES PREFERENCIAIS;A;True;A;;;2026-10-05;True
BRZWFZACNOR2;ZWFZ;ECIBRA SA ENGENHARIA CIVIL INDL;;VAZIO;ACN;OR;ON;ESVUFR;ACOES NOMINATIVAS ACOES ORDINARIAS;A;True;A;;;2026-10-05;True
BRZWGZACNOR0;ZWGZ;DIXIE SA COM IND;;VAZIO;ACN;OR;ON;ESVUFR;ACOES NOMINATIVAS ACOES ORDINARIAS;A;True;A;;;2026-10-05;True
BRZWHZACNOR8;ZWHZ;DIFEL DIFUSAO EDITORIAL SA;;VAZIO;ACN;OR;ON;ESVUFR;ACOES NOMINATIVAS ACOES ORDINARIAS;A;True;A;;;2026-10-05;True
BRZWJZACNOR4;ZWJZ;CSN GARANTIA;;VAZIO;ACN;OR;ON;ESVUFR;ACOES NOMINATIVAS ACOES ORDINARIAS;A;True;A;;;2026-10-05;True
BRZWLZACNOR0;ZWLZ;COTONIFICIO SAO BERNARDO SA;;VAZIO;ACN;OR;ON;ESVUFR;ACOES NOMINATIVAS ACOES ORDINARIAS;A;True;A;;;2026-10-05;True
BRZWMZACNOR8;ZWMZ;COREVA SA PRO AGRICULTURA PECUARIA CRV;;VAZIO;ACN;OR;ON;ESVUFR;ACOES NOMINATIVAS ACOES ORDINARIAS;A;True;A;;;2026-10-05;True
BRZWMZACNPR5;ZWMZ;COREVA SA PRO AGRICULTURA PECUARIA CRV;;VAZIO;ACN;PR;PN;EPNNPR;ACOES NOMINATIVAS ACOES PREFERENCIAIS;A;True;A;;;2026-10-05;True
BRZWNZACNOR6;ZWNZ;COML ADMINISTRADORA TRANSAT SA;;VAZIO;ACN;OR;ON;ESVUFR;ACOES NOMINATIVAS ACOES ORDINARIAS;A;True;A;;;2026-10-05;True
BRZWOZACNOR4;ZWOZ;COMETRA SA;;VAZIO;ACN;OR;ON;ESVUFR;ACOES NOMINATIVAS ACOES ORDINARIAS;A;True;A;;;2026-10-05;True
BRZWQZACNOR9;ZWQZ;COBIC BRASILEIRA IMOVEIS SA;;VAZIO;ACN;OR;ON;ESVUFR;ACOES NOMINATIVAS ACOES ORDINARIAS;A;True;A;;;2026-10-05;True
BRZWUZACNOR1;ZWUZ;CIA LOTEAMENTOS JARDIM ATLANTICO;;VAZIO;ACN;OR;ON;ESVUFR;ACOES NOMINATIVAS ACOES ORDINARIAS;A;True;A;;;2026-10-05;True
BRZWVZACNOR9;ZWVZ;CIA INDL ACOS VARZEA PALMA ACOPALMA;18451005000104;OK;ACN;OR;ON;ESVUFR;ACOES NOMINATIVAS ACOES ORDINARIAS;A;True;A;;;2026-10-05;True
BRZWVZACNPA2;ZWVZ;CIA INDL ACOS VARZEA PALMA ACOPALMA;18451005000104;OK;ACN;PA;PN;EPNNPR;ACOES NOMINATIVAS ACOES PREFERENCIAIS CLASSE A;A;True;A;;;2026-10-05;True
BRZWVZACNPB0;ZWVZ;CIA INDL ACOS VARZEA PALMA ACOPALMA;18451005000104;OK;ACN;PB;PN;EPNNPR;ACOES NOMINATIVAS ACOES PREFERENCIAIS CLASSE B;A;True;A;;;2026-10-05;True
BRZWVZACNPC8;ZWVZ;CIA INDL ACOS VARZEA PALMA ACOPALMA;18451005000104;OK;ACN;PC;PN;EPNNPR;ACOES NOMINATIVAS ACOES PREFERENCIAIS CLASSE C;A;True;A;;;2026-10-05;True
BRZWVZACNPD6;ZWVZ;CIA INDL ACOS VARZEA PALMA ACOPALMA;18451005000104;OK;ACN;PD;PN;EPNNPR;ACOES NOMINATIVAS;A;True;N;;;2026-10-05;True
BRZWWZACNOR7;ZWWZ;CIA IMOBILIARIA IBITIRAMA;;VAZIO;ACN;OR;ON;ESVUFR;ACOES NOMINATIVAS ACOES ORDINARIAS;A;True;A;;;2026-10-05;True
BRZWXZACNOR5;ZWXZ;CIA IMOBILIARIA GEOFILA;;VAZIO;ACN;OR;ON;ESVUFR;ACOES NOMINATIVAS ACOES ORDINARIAS;A;True;A;;;2026-10-05;True
BRZWYZACNOR3;ZWYZ;CIA FOMENTO AGRICOLA INDL COML AGRINCO;;VAZIO;ACN;OR;ON;ESVUFR;ACOES NOMINATIVAS ACOES ORDINARIAS;A;True;A;;;2026-10-05;True
BRZWZZACNOR0;ZWZZ;CIA BRASILEIRA CHARUTOS DANNEMANN;;VAZIO;ACN;OR;ON;ESVUFR;ACOES NOMINATIVAS ACOES ORDINARIAS;A;True;A;;;2026-10-05;True
BRZXAZACNOR1;ZXAZ;CIA AGRO INDL JEQUITAI;;VAZIO;ACN;OR;ON;ESVUFR;ACOES NOMINATIVAS ACOES ORDINARIAS;A;True;A;;;2026-10-05;True
BRZXBZACNOR9;ZXBZ;CIA AGRICOLA FLORESTAL EXTRACAO FERRO MONTE ALEGRE;;VAZIO;ACN;OR;ON;ESVUFR;ACOES NOMINATIVAS ACOES ORDINARIAS;A;True;A;;;2026-10-05;True
BRZXDZACNOR5;ZXDZ;CBA ITAU FERTILIZANTES SA;;VAZIO;ACN;OR;ON;ESVUFR;ACOES NOMINATIVAS ACOES ORDINARIAS;A;True;A;;;2026-10-05;True
BRZXEZACNOR3;ZXEZ;CASA BANCARIA MATARAZZO SA;;VAZIO;ACN;OR;ON;ESVUFR;ACOES NOMINATIVAS ACOES ORDINARIAS;A;True;A;;;2026-10-05;True
BRZXFZACNOR0;ZXFZ;CABECA BRANCA SA PRODUTOS ALIMENTICIOS;;VAZIO;ACN;OR;ON;ESVUFR;ACOES NOMINATIVAS ACOES ORDINARIAS;A;True;A;;;2026-10-05;True
BRZXGZACNOR8;ZXGZ;BREVIMAR PARTICIPACOES SA;;VAZIO;ACN;OR;ON;ESVUFR;ACOES NOMINATIVAS ACOES ORDINARIAS;A;True;A;;;2026-10-05;True
BRZXMZACNOR6;ZXMZ;BRASIL SWISS RELOGIOS SA;;VAZIO;ACN;OR;ON;ESVUFR;ACOES NOMINATIVAS ACOES ORDINARIAS;A;True;A;;;2026-10-05;True
BRZXNZACNOR4;ZXNZ;BRASILINVEST SA INVESTS;;VAZIO;ACN;OR;ON;ESVUFR;ACOES NOMINATIVAS ACOES ORDINARIAS;A;True;A;;;2026-10-05;True
BRZXOZACNOR2;ZXOZ;BRASILINVEST SA INTEGRACAO NACIONAL;;VAZIO;ACN;OR;ON;ESVUFR;ACOES NOMINATIVAS ACOES ORDINARIAS;A;True;A;;;2026-10-05;True
BRZXOZACNPR9;ZXOZ;BRASILINVEST SA INTEGRACAO NACIONAL;;VAZIO;ACN;PR;PN;EPNNPR;ACOES NOMINATIVAS ACOES PREFERENCIAIS;A;True;A;;;2026-10-05;True
BRZXPZACNOR9;ZXPZ;BRASILIA IMOBILIARIA SA;;VAZIO;ACN;OR;ON;ESVUFR;ACOES NOMINATIVAS ACOES ORDINARIAS;A;True;A;;;2026-10-05;True
BRZXQZACNOR7;ZXQZ;BOZZO BRASIL SA COM IMPORTACAO EXPORTACAO;;VAZIO;ACN;OR;ON;ESVUFR;ACOES NOMINATIVAS ACOES ORDINARIAS;A;True;A;;;2026-10-05;True
BRZXQZACNPR4;ZXQZ;BOZZO BRASIL SA COM IMPORTACAO EXPORTACAO;;VAZIO;ACN;PR;PN;EPNNPR;ACOES NOMINATIVAS ACOES PREFERENCIAIS;A;True;A;;;2026-10-05;True
BRZYCZACNOR5;ZYCZ;BCO MAPPIN SA;;VAZIO;ACN;OR;ON;ESVUFR;ACOES NOMINATIVAS ACOES ORDINARIAS;A;True;A;;;2026-10-05;True
BRZYFZACNOR8;ZYFZ;BCO INVEST CREDIBANCO SA;;VAZIO;ACN;OR;ON;ESVUFR;ACOES NOMINATIVAS ACOES ORDINARIAS;A;True;A;;;2026-10-05;True
BRZYGZACNOR6;ZYGZ;BCO ICATU SA;;VAZIO;ACN;OR;ON;ESVUFR;ACOES NOMINATIVAS ACOES ORDINARIAS;A;True;A;;;2026-10-05;True
BRZYIZACNOR2;ZYIZ;SANDERSON BRASIL SA;;VAZIO;ACN;OR;ON;ESVUFR;ACOES NOMINATIVAS ACOES ORDINARIAS;A;True;A;;;2026-10-05;True
BRZYMZACNOR4;ZYMZ;BCO DENASA INVEST SA;;VAZIO;ACN;OR;ON;ESVUFR;ACOES NOMINATIVAS ACOES ORDINARIAS;A;True;A;;;2026-10-05;True
BRZYMZACNPR1;ZYMZ;BCO DENASA INVEST SA;;VAZIO;ACN;PR;PN;EPNNPR;ACOES NOMINATIVAS ACOES PREFERENCIAIS;A;True;A;;;2026-10-05;True
BRZYQZACNOR5;ZYQZ;BCO BMC SA;07207996000150;OK;ACN;OR;ON;ESVUFR;ACOES NOMINATIVAS ACOES ORDINARIAS;A;True;A;;;2026-10-05;True
BRZZAKACNPE3;ZZAK;ITAITUBA IND CIMENTOS PARA SA;04953915000172;OK;ACN;PE;PN;EPNNPR;ACOES NOMINATIVAS ACOES PREFERENCIAIS CLASSE E;A;True;N;;;2026-10-05;True
BRZZXAACNOR1;ZZXA;BCO CIDADE SA;61377677000138;OK;ACN;OR;ON;ESVUFR;ACOES NOMINATIVAS ACOES ORDINARIAS;A;True;A;;;2026-10-05;True
