ID_EXECUCAO;ID_ATIVO;TICKER_YAHOO;STATUS_CONSULTA;STATUS_VIGENTE;RESULTADO;ACAO;VERSAO_LOCAL;QTD_EVENTOS;FLAG_FONTE_INDISPONIVEL;DETALHE;CRITICO;CAMINHO_RELATIVO
20261006_162318;AALR3;AALR3.SA;COM_EVENTOS;COM_EVENTOS;REGISTRADO;INALTERADO;1;2;False;;False;data/raw/yahoo_dividendos/dividendos_AALR3__20261006_9ad0dcbe.csv
20261006_162318;ABEV3;ABEV3.SA;COM_EVENTOS;COM_EVENTOS;REGISTRADO;INALTERADO;1;54;False;;False;data/raw/yahoo_dividendos/dividendos_ABEV3__20261006_0d928b78.csv
20261006_162318;ABRE11;ABRE11.SA;TICKER_NAO_ENCONTRADO;TICKER_NAO_ENCONTRADO;TICKER_NAO_ENCONTRADO;;;0;True;Yahoo sem metadados para o ticker;False;
20261006_162318;ABRE3;ABRE3.SA;TICKER_NAO_ENCONTRADO;TICKER_NAO_ENCONTRADO;TICKER_NAO_ENCONTRADO;;;0;True;Yahoo sem metadados para o ticker;False;
20261006_162318;ADHM3;ADHM3.SA;TICKER_NAO_ENCONTRADO;TICKER_NAO_ENCONTRADO;TICKER_NAO_ENCONTRADO;;;0;True;Yahoo sem metadados para o ticker;False;
20261006_162318;AEDU3;AEDU3.SA;TICKER_NAO_ENCONTRADO;TICKER_NAO_ENCONTRADO;TICKER_NAO_ENCONTRADO;;;0;True;Yahoo sem metadados para o ticker;False;
20261006_162318;AELP3;AELP3.SA;TICKER_NAO_ENCONTRADO;TICKER_NAO_ENCONTRADO;TICKER_NAO_ENCONTRADO;;;0;True;Yahoo sem metadados para o ticker;False;
20261006_162318;AERI3;AERI3.SA;COM_EVENTOS;COM_EVENTOS;REGISTRADO;INALTERADO;1;1;False;;False;data/raw/yahoo_dividendos/dividendos_AERI3__20261006_b0a80b13.csv
20261006_162318;AESB3;AESB3.SA;TICKER_NAO_ENCONTRADO;TICKER_NAO_ENCONTRADO;TICKER_NAO_ENCONTRADO;;;0;True;Yahoo sem metadados para o ticker;False;
20261006_162318;AFLT3;AFLT3.SA;COM_EVENTOS;COM_EVENTOS;REGISTRADO;INALTERADO;1;29;False;;False;data/raw/yahoo_dividendos/dividendos_AFLT3__20261006_1ebe2208.csv
20261006_162318;AFLU3;AFLU3.SA;TICKER_NAO_ENCONTRADO;TICKER_NAO_ENCONTRADO;TICKER_NAO_ENCONTRADO;;;0;True;Yahoo sem metadados para o ticker;False;
20261006_162318;AFLU5;AFLU5.SA;TICKER_NAO_ENCONTRADO;TICKER_NAO_ENCONTRADO;TICKER_NAO_ENCONTRADO;;;0;True;Yahoo sem metadados para o ticker;False;
20261006_162318;AGRO3;AGRO3.SA;COM_EVENTOS;COM_EVENTOS;REGISTRADO;INALTERADO;1;15;False;;False;data/raw/yahoo_dividendos/dividendos_AGRO3__20261006_a1c41206.csv
20261006_162318;AGXY3;AGXY3.SA;COM_EVENTOS;COM_EVENTOS;REGISTRADO;INALTERADO;1;2;False;;False;data/raw/yahoo_dividendos/dividendos_AGXY3__20261006_b8e83c2f.csv
20261006_162318;AHEB3;AHEB3.SA;SEM_EVENTOS;SEM_EVENTOS;REGISTRADO;INALTERADO;1;0;False;;False;data/raw/yahoo_dividendos/dividendos_AHEB3__20261006_642daec7.csv
20261006_162318;AHEB5;AHEB5.SA;SEM_EVENTOS;SEM_EVENTOS;REGISTRADO;INALTERADO;1;0;False;;False;data/raw/yahoo_dividendos/dividendos_AHEB5__20261006_642daec7.csv
20261006_162318;AHEB6;AHEB6.SA;SEM_EVENTOS;SEM_EVENTOS;REGISTRADO;INALTERADO;1;0;False;;False;data/raw/yahoo_dividendos/dividendos_AHEB6__20261006_642daec7.csv
20261006_162318;ALLD3;ALLD3.SA;COM_EVENTOS;COM_EVENTOS;REGISTRADO;INALTERADO;2;11;False;;False;data/raw/yahoo_dividendos/dividendos_ALLD3__20261006_2d01983a.csv
20261006_162318;ALLL3;ALLL3.SA;TICKER_NAO_ENCONTRADO;TICKER_NAO_ENCONTRADO;TICKER_NAO_ENCONTRADO;;;0;True;Yahoo sem metadados para o ticker;False;
20261006_162318;ALOS3;ALOS3.SA;COM_EVENTOS;COM_EVENTOS;REGISTRADO;INALTERADO;1;38;False;;False;data/raw/yahoo_dividendos/dividendos_ALOS3__20261006_f4c0821b.csv
20261006_162318;ALPA3;ALPA3.SA;COM_EVENTOS;COM_EVENTOS;REGISTRADO;INALTERADO;1;50;False;;False;data/raw/yahoo_dividendos/dividendos_ALPA3__20261006_f4dbdd6a.csv
20261006_162318;ALPA4;ALPA4.SA;COM_EVENTOS;COM_EVENTOS;REGISTRADO;INALTERADO;1;43;False;;False;data/raw/yahoo_dividendos/dividendos_ALPA4__20261006_e9c4c18b.csv
20261006_162318;ALPK3;ALPK3.SA;COM_EVENTOS;COM_EVENTOS;REGISTRADO;INALTERADO;1;1;False;;False;data/raw/yahoo_dividendos/dividendos_ALPK3__20261006_24d8645f.csv
20261006_162318;ALSC3;ALSC3.SA;TICKER_NAO_ENCONTRADO;TICKER_NAO_ENCONTRADO;TICKER_NAO_ENCONTRADO;;;0;True;Yahoo sem metadados para o ticker;False;
20261006_162318;ALSO3;ALSO3.SA;TICKER_NAO_ENCONTRADO;TICKER_NAO_ENCONTRADO;TICKER_NAO_ENCONTRADO;;;0;True;Yahoo sem metadados para o ticker;False;
20261006_162318;ALUP11;ALUP11.SA;COM_EVENTOS;COM_EVENTOS;REGISTRADO;INALTERADO;1;28;False;;False;data/raw/yahoo_dividendos/dividendos_ALUP11__20261006_6f498248.csv
20261006_162318;ALUP3;ALUP3.SA;COM_EVENTOS;COM_EVENTOS;REGISTRADO;INALTERADO;1;24;False;;False;data/raw/yahoo_dividendos/dividendos_ALUP3__20261006_a39e9bfc.csv
20261006_162318;ALUP4;ALUP4.SA;COM_EVENTOS;COM_EVENTOS;REGISTRADO;INALTERADO;1;24;False;;False;data/raw/yahoo_dividendos/dividendos_ALUP4__20261006_0f620d96.csv
20261006_162318;AMAR3;AMAR3.SA;COM_EVENTOS;COM_EVENTOS;REGISTRADO;INALTERADO;1;13;False;;False;data/raw/yahoo_dividendos/dividendos_AMAR3__20261006_c1b1e05f.csv
20261006_162318;AMBP3;AMBP3.SA;COM_EVENTOS;COM_EVENTOS;REGISTRADO;INALTERADO;1;3;False;;False;data/raw/yahoo_dividendos/dividendos_AMBP3__20261006_c911662e.csv
20261006_162318;AMBV3;AMBV3.SA;TICKER_NAO_ENCONTRADO;TICKER_NAO_ENCONTRADO;TICKER_NAO_ENCONTRADO;;;0;True;Yahoo sem metadados para o ticker;False;
20261006_162318;AMBV4;AMBV4.SA;TICKER_NAO_ENCONTRADO;TICKER_NAO_ENCONTRADO;TICKER_NAO_ENCONTRADO;;;0;True;Yahoo sem metadados para o ticker;False;
20261006_162318;AMCE3;AMCE3.SA;TICKER_NAO_ENCONTRADO;TICKER_NAO_ENCONTRADO;TICKER_NAO_ENCONTRADO;;;0;True;Yahoo sem metadados para o ticker;False;
20261006_162318;AMER3;AMER3.SA;COM_EVENTOS;COM_EVENTOS;REGISTRADO;INALTERADO;1;7;False;;False;data/raw/yahoo_dividendos/dividendos_AMER3__20261006_58dcf37a.csv
20261006_162318;AMIL3;AMIL3.SA;TICKER_NAO_ENCONTRADO;TICKER_NAO_ENCONTRADO;TICKER_NAO_ENCONTRADO;;;0;True;Yahoo sem metadados para o ticker;False;
20261006_162318;AMOB3;AMOB3.SA;SEM_EVENTOS;SEM_EVENTOS;REGISTRADO;INALTERADO;1;0;False;;False;data/raw/yahoo_dividendos/dividendos_AMOB3__20261006_642daec7.csv
20261006_162318;AMPI3;AMPI3.SA;TICKER_NAO_ENCONTRADO;TICKER_NAO_ENCONTRADO;TICKER_NAO_ENCONTRADO;;;0;True;Yahoo sem metadados para o ticker;False;
20261006_162318;ANIM3;ANIM3.SA;COM_EVENTOS;COM_EVENTOS;REGISTRADO;INALTERADO;1;9;False;;False;data/raw/yahoo_dividendos/dividendos_ANIM3__20261006_d039dfaf.csv
20261006_162318;APTI4;APTI4.SA;TICKER_NAO_ENCONTRADO;TICKER_NAO_ENCONTRADO;TICKER_NAO_ENCONTRADO;;;0;True;Yahoo sem metadados para o ticker;False;
20261006_162318;ARML3;ARML3.SA;COM_EVENTOS;COM_EVENTOS;REGISTRADO;INALTERADO;1;16;False;;False;data/raw/yahoo_dividendos/dividendos_ARML3__20261006_26f949e3.csv
20261006_162318;ARTR3;ARTR3.SA;TICKER_NAO_ENCONTRADO;TICKER_NAO_ENCONTRADO;TICKER_NAO_ENCONTRADO;;;0;True;Yahoo sem metadados para o ticker;False;
20261006_162318;ARZZ3;ARZZ3.SA;TICKER_NAO_ENCONTRADO;TICKER_NAO_ENCONTRADO;TICKER_NAO_ENCONTRADO;;;0;True;Yahoo sem metadados para o ticker;False;
20261006_162318;ASAI3;ASAI3.SA;COM_EVENTOS;COM_EVENTOS;REGISTRADO;INALTERADO;1;8;False;;False;data/raw/yahoo_dividendos/dividendos_ASAI3__20261006_03b3566f.csv
20261006_162318;ATED3;ATED3.SA;SEM_EVENTOS;SEM_EVENTOS;REGISTRADO;INALTERADO;1;0;False;;False;data/raw/yahoo_dividendos/dividendos_ATED3__20261006_642daec7.csv
20261006_162318;ATMP3;ATMP3.SA;TICKER_NAO_ENCONTRADO;TICKER_NAO_ENCONTRADO;TICKER_NAO_ENCONTRADO;;;0;True;Yahoo sem metadados para o ticker;False;
20261006_162318;ATOM3;ATOM3.SA;TICKER_NAO_ENCONTRADO;TICKER_NAO_ENCONTRADO;TICKER_NAO_ENCONTRADO;;;0;True;Yahoo sem metadados para o ticker;False;
20261006_162318;AUAU3;AUAU3.SA;COM_EVENTOS;COM_EVENTOS;REGISTRADO;INALTERADO;1;1;False;;False;data/raw/yahoo_dividendos/dividendos_AUAU3__20261006_aa7da944.csv
20261006_162318;AURE3;AURE3.SA;COM_EVENTOS;COM_EVENTOS;REGISTRADO;INALTERADO;1;5;False;;False;data/raw/yahoo_dividendos/dividendos_AURE3__20261006_ae4391fe.csv
20261006_162318;AUTM3;AUTM3.SA;TICKER_NAO_ENCONTRADO;TICKER_NAO_ENCONTRADO;TICKER_NAO_ENCONTRADO;;;0;True;Yahoo sem metadados para o ticker;False;
20261006_162318;AVLL3;AVLL3.SA;SEM_EVENTOS;SEM_EVENTOS;REGISTRADO;INALTERADO;1;0;False;;False;data/raw/yahoo_dividendos/dividendos_AVLL3__20261006_642daec7.csv
20261006_162318;AXIA3;AXIA3.SA;COM_EVENTOS;COM_EVENTOS;REGISTRADO;INALTERADO;1;18;False;;False;data/raw/yahoo_dividendos/dividendos_AXIA3__20261006_8dd498af.csv
20261006_162318;AXIA5;AXIA5.SA;TICKER_NAO_ENCONTRADO;TICKER_NAO_ENCONTRADO;TICKER_NAO_ENCONTRADO;;;0;True;Yahoo sem metadados para o ticker;False;
20261006_162318;AXIA6;AXIA6.SA;TICKER_NAO_ENCONTRADO;TICKER_NAO_ENCONTRADO;TICKER_NAO_ENCONTRADO;;;0;True;Yahoo sem metadados para o ticker;False;
20261006_162318;AXIA7;AXIA7.SA;SEM_EVENTOS;SEM_EVENTOS;REGISTRADO;INALTERADO;1;0;False;;False;data/raw/yahoo_dividendos/dividendos_AXIA7__20261006_642daec7.csv
20261006_162318;AZEV3;AZEV3.SA;COM_EVENTOS;COM_EVENTOS;REGISTRADO;INALTERADO;1;3;False;;False;data/raw/yahoo_dividendos/dividendos_AZEV3__20261006_348a9829.csv
20261006_162318;AZEV4;AZEV4.SA;COM_EVENTOS;COM_EVENTOS;REGISTRADO;INALTERADO;1;3;False;;False;data/raw/yahoo_dividendos/dividendos_AZEV4__20261006_a23efe61.csv
20261006_162318;AZTE3;AZTE3.SA;SEM_EVENTOS;SEM_EVENTOS;REGISTRADO;INALTERADO;1;0;False;;False;data/raw/yahoo_dividendos/dividendos_AZTE3__20261006_642daec7.csv
20261006_162318;AZUL3;AZUL3.SA;SEM_EVENTOS;SEM_EVENTOS;REGISTRADO;INALTERADO;1;0;False;;False;data/raw/yahoo_dividendos/dividendos_AZUL3__20261006_642daec7.csv
20261006_162318;AZUL4;AZUL4.SA;TICKER_NAO_ENCONTRADO;TICKER_NAO_ENCONTRADO;TICKER_NAO_ENCONTRADO;;;0;True;Yahoo sem metadados para o ticker;False;
20261006_162318;AZUL97;AZUL97.SA;SEM_EVENTOS;SEM_EVENTOS;REGISTRADO;INALTERADO;1;0;False;;False;data/raw/yahoo_dividendos/dividendos_AZUL97__20261006_642daec7.csv
20261006_162318;AZUL98;AZUL98.SA;SEM_EVENTOS;SEM_EVENTOS;REGISTRADO;INALTERADO;1;0;False;;False;data/raw/yahoo_dividendos/dividendos_AZUL98__20261006_642daec7.csv
20261006_162318;AZUL99;AZUL99.SA;SEM_EVENTOS;SEM_EVENTOS;REGISTRADO;INALTERADO;1;0;False;;False;data/raw/yahoo_dividendos/dividendos_AZUL99__20261006_642daec7.csv
20261006_162318;AZZA3;AZZA3.SA;COM_EVENTOS;COM_EVENTOS;REGISTRADO;INALTERADO;1;50;False;;False;data/raw/yahoo_dividendos/dividendos_AZZA3__20261006_3ba62d7c.csv
20261006_162318;BAHI3;BAHI3.SA;TICKER_NAO_ENCONTRADO;TICKER_NAO_ENCONTRADO;TICKER_NAO_ENCONTRADO;;;0;True;Yahoo sem metadados para o ticker;False;
20261006_162318;BALM3;BALM3.SA;COM_EVENTOS;COM_EVENTOS;REGISTRADO;INALTERADO;1;23;False;;False;data/raw/yahoo_dividendos/dividendos_BALM3__20261006_a736e873.csv
20261006_162318;BALM4;BALM4.SA;COM_EVENTOS;COM_EVENTOS;REGISTRADO;INALTERADO;1;22;False;;False;data/raw/yahoo_dividendos/dividendos_BALM4__20261006_db887bdd.csv
20261006_162318;BAUH4;BAUH4.SA;COM_EVENTOS;COM_EVENTOS;REGISTRADO;INALTERADO;1;12;False;;False;data/raw/yahoo_dividendos/dividendos_BAUH4__20261006_ad5b7184.csv
20261006_162318;BBRK3;BBRK3.SA;TICKER_NAO_ENCONTRADO;TICKER_NAO_ENCONTRADO;TICKER_NAO_ENCONTRADO;;;0;True;Yahoo sem metadados para o ticker;False;
20261006_162318;BDLL3;BDLL3.SA;COM_EVENTOS;COM_EVENTOS;REGISTRADO;INALTERADO;1;5;False;;False;data/raw/yahoo_dividendos/dividendos_BDLL3__20261006_eae3339e.csv
20261006_162318;BDLL4;BDLL4.SA;COM_EVENTOS;COM_EVENTOS;REGISTRADO;INALTERADO;1;5;False;;False;data/raw/yahoo_dividendos/dividendos_BDLL4__20261006_a6295c0d.csv
20261006_162318;BEEF3;BEEF3.SA;COM_EVENTOS;COM_EVENTOS;REGISTRADO;INALTERADO;1;13;False;;False;data/raw/yahoo_dividendos/dividendos_BEEF3__20261006_4da4bc4b.csv
20261006_162318;BEMA3;BEMA3.SA;TICKER_NAO_ENCONTRADO;TICKER_NAO_ENCONTRADO;TICKER_NAO_ENCONTRADO;;;0;True;Yahoo sem metadados para o ticker;False;
20261006_162318;BHGR3;BHGR3.SA;TICKER_NAO_ENCONTRADO;TICKER_NAO_ENCONTRADO;TICKER_NAO_ENCONTRADO;;;0;True;Yahoo sem metadados para o ticker;False;
20261006_162318;BHIA3;BHIA3.SA;COM_EVENTOS;COM_EVENTOS;REGISTRADO;INALTERADO;1;8;False;;False;data/raw/yahoo_dividendos/dividendos_BHIA3__20261006_d976ba6b.csv
20261006_162318;BIED3;BIED3.SA;COM_EVENTOS;COM_EVENTOS;REGISTRADO;INALTERADO;1;7;False;;False;data/raw/yahoo_dividendos/dividendos_BIED3__20261006_154ca198.csv
20261006_162318;BIOM3;BIOM3.SA;SEM_EVENTOS;SEM_EVENTOS;REGISTRADO;INALTERADO;1;0;False;;False;data/raw/yahoo_dividendos/dividendos_BIOM3__20261006_642daec7.csv
20261006_162318;BISA3;BISA3.SA;TICKER_NAO_ENCONTRADO;TICKER_NAO_ENCONTRADO;TICKER_NAO_ENCONTRADO;;;0;True;Yahoo sem metadados para o ticker;False;
20261006_162318;BKBR3;BKBR3.SA;TICKER_NAO_ENCONTRADO;TICKER_NAO_ENCONTRADO;TICKER_NAO_ENCONTRADO;;;0;True;Yahoo sem metadados para o ticker;False;
20261006_162318;BLAU3;BLAU3.SA;COM_EVENTOS;COM_EVENTOS;REGISTRADO;INALTERADO;1;22;False;;False;data/raw/yahoo_dividendos/dividendos_BLAU3__20261006_ba823622.csv
20261006_162318;BMKS3;BMKS3.SA;COM_EVENTOS;COM_EVENTOS;REGISTRADO;INALTERADO;1;20;False;;False;data/raw/yahoo_dividendos/dividendos_BMKS3__20261006_8d63e27a.csv
20261006_162318;BMOB3;BMOB3.SA;COM_EVENTOS;COM_EVENTOS;REGISTRADO;INALTERADO;1;9;False;;False;data/raw/yahoo_dividendos/dividendos_BMOB3__20261006_78a82f44.csv
20261006_162318;BOAS3;BOAS3.SA;TICKER_NAO_ENCONTRADO;TICKER_NAO_ENCONTRADO;TICKER_NAO_ENCONTRADO;;;0;True;Yahoo sem metadados para o ticker;False;
20261006_162318;BOBR3;BOBR3.SA;TICKER_NAO_ENCONTRADO;TICKER_NAO_ENCONTRADO;TICKER_NAO_ENCONTRADO;;;0;True;Yahoo sem metadados para o ticker;False;
20261006_162318;BOBR4;BOBR4.SA;SEM_EVENTOS;SEM_EVENTOS;REGISTRADO;INALTERADO;1;0;False;;False;data/raw/yahoo_dividendos/dividendos_BOBR4__20261006_642daec7.csv
20261006_162318;BPHA3;BPHA3.SA;TICKER_NAO_ENCONTRADO;TICKER_NAO_ENCONTRADO;TICKER_NAO_ENCONTRADO;;;0;True;Yahoo sem metadados para o ticker;False;
20261006_162318;BRAV3;BRAV3.SA;COM_EVENTOS;COM_EVENTOS;REGISTRADO;INALTERADO;1;2;False;;False;data/raw/yahoo_dividendos/dividendos_BRAV3__20261006_54bad17b.csv
20261006_162318;BRDT3;BRDT3.SA;TICKER_NAO_ENCONTRADO;TICKER_NAO_ENCONTRADO;TICKER_NAO_ENCONTRADO;;;0;True;Yahoo sem metadados para o ticker;False;
20261006_162318;BRFS3;BRFS3.SA;TICKER_NAO_ENCONTRADO;TICKER_NAO_ENCONTRADO;TICKER_NAO_ENCONTRADO;;;0;True;Yahoo sem metadados para o ticker;False;
20261006_162318;BRIT3;BRIT3.SA;TICKER_NAO_ENCONTRADO;TICKER_NAO_ENCONTRADO;TICKER_NAO_ENCONTRADO;;;0;True;Yahoo sem metadados para o ticker;False;
20261006_162318;BRKM3;BRKM3.SA;COM_EVENTOS;COM_EVENTOS;REGISTRADO;INALTERADO;1;12;False;;False;data/raw/yahoo_dividendos/dividendos_BRKM3__20261006_2a4ab5f0.csv
20261006_162318;BRKM5;BRKM5.SA;COM_EVENTOS;COM_EVENTOS;REGISTRADO;INALTERADO;1;16;False;;False;data/raw/yahoo_dividendos/dividendos_BRKM5__20261006_fb2987d7.csv
20261006_162318;BRKM6;BRKM6.SA;COM_EVENTOS;COM_EVENTOS;REGISTRADO;INALTERADO;1;9;False;;False;data/raw/yahoo_dividendos/dividendos_BRKM6__20261006_4dc993dc.csv
20261006_162318;BRML3;BRML3.SA;TICKER_NAO_ENCONTRADO;TICKER_NAO_ENCONTRADO;TICKER_NAO_ENCONTRADO;;;0;True;Yahoo sem metadados para o ticker;False;
20261006_162318;BRPR3;BRPR3.SA;TICKER_NAO_ENCONTRADO;TICKER_NAO_ENCONTRADO;TICKER_NAO_ENCONTRADO;;;0;True;Yahoo sem metadados para o ticker;False;
20261006_162318;BRST3;BRST3.SA;COM_EVENTOS;COM_EVENTOS;REGISTRADO;INALTERADO;1;1;False;;False;data/raw/yahoo_dividendos/dividendos_BRST3__20261006_26071b8e.csv
20261006_162318;BRTO3;BRTO3.SA;TICKER_NAO_ENCONTRADO;TICKER_NAO_ENCONTRADO;TICKER_NAO_ENCONTRADO;;;0;True;Yahoo sem metadados para o ticker;False;
20261006_162318;BRTO4;BRTO4.SA;TICKER_NAO_ENCONTRADO;TICKER_NAO_ENCONTRADO;TICKER_NAO_ENCONTRADO;;;0;True;Yahoo sem metadados para o ticker;False;
20261006_162318;BSEV3;BSEV3.SA;TICKER_NAO_ENCONTRADO;TICKER_NAO_ENCONTRADO;TICKER_NAO_ENCONTRADO;;;0;True;Yahoo sem metadados para o ticker;False;
20261006_162318;BTOW3;BTOW3.SA;TICKER_NAO_ENCONTRADO;TICKER_NAO_ENCONTRADO;TICKER_NAO_ENCONTRADO;;;0;True;Yahoo sem metadados para o ticker;False;
20261006_162318;BTTL3;BTTL3.SA;TICKER_NAO_ENCONTRADO;TICKER_NAO_ENCONTRADO;TICKER_NAO_ENCONTRADO;;;0;True;Yahoo sem metadados para o ticker;False;
20261006_162318;BTTL4;BTTL4.SA;TICKER_NAO_ENCONTRADO;TICKER_NAO_ENCONTRADO;TICKER_NAO_ENCONTRADO;;;0;True;Yahoo sem metadados para o ticker;False;
20261006_162318;CALI3;CALI3.SA;COM_EVENTOS;COM_EVENTOS;REGISTRADO;INALTERADO;1;10;False;;False;data/raw/yahoo_dividendos/dividendos_CALI3__20261006_5425b019.csv
20261006_162318;CALI4;CALI4.SA;TICKER_NAO_ENCONTRADO;TICKER_NAO_ENCONTRADO;TICKER_NAO_ENCONTRADO;;;0;True;Yahoo sem metadados para o ticker;False;
20261006_162318;CAMB3;CAMB3.SA;COM_EVENTOS;COM_EVENTOS;REGISTRADO;INALTERADO;1;22;False;;False;data/raw/yahoo_dividendos/dividendos_CAMB3__20261006_be3ddc8f.csv
20261006_162318;CAMB4;CAMB4.SA;TICKER_NAO_ENCONTRADO;TICKER_NAO_ENCONTRADO;TICKER_NAO_ENCONTRADO;;;0;True;Yahoo sem metadados para o ticker;False;
20261006_162318;CAML3;CAML3.SA;COM_EVENTOS;COM_EVENTOS;REGISTRADO;INALTERADO;1;37;False;;False;data/raw/yahoo_dividendos/dividendos_CAML3__20261006_d918f865.csv
20261006_162318;CARD3;CARD3.SA;TICKER_NAO_ENCONTRADO;TICKER_NAO_ENCONTRADO;TICKER_NAO_ENCONTRADO;;;0;True;Yahoo sem metadados para o ticker;False;
20261006_162318;CASH3;CASH3.SA;COM_EVENTOS;COM_EVENTOS;REGISTRADO;INALTERADO;1;1;False;;False;data/raw/yahoo_dividendos/dividendos_CASH3__20261006_72d0a4d1.csv
20261006_162318;CASN3;CASN3.SA;SEM_EVENTOS;SEM_EVENTOS;REGISTRADO;INALTERADO;1;0;False;;False;data/raw/yahoo_dividendos/dividendos_CASN3__20261006_642daec7.csv
20261006_162318;CASN4;CASN4.SA;TICKER_NAO_ENCONTRADO;TICKER_NAO_ENCONTRADO;TICKER_NAO_ENCONTRADO;;;0;True;Yahoo sem metadados para o ticker;False;
20261006_162318;CBAV3;CBAV3.SA;COM_EVENTOS;COM_EVENTOS;REGISTRADO;INALTERADO;1;4;False;;False;data/raw/yahoo_dividendos/dividendos_CBAV3__20261006_57f2c0d6.csv
20261006_162318;CBEE3;CBEE3.SA;COM_EVENTOS;COM_EVENTOS;REGISTRADO;INALTERADO;1;13;False;;False;data/raw/yahoo_dividendos/dividendos_CBEE3__20261006_283be4b0.csv
20261006_162318;CBMA3;CBMA3.SA;TICKER_NAO_ENCONTRADO;TICKER_NAO_ENCONTRADO;TICKER_NAO_ENCONTRADO;;;0;True;Yahoo sem metadados para o ticker;False;
20261006_162318;CBMA4;CBMA4.SA;TICKER_NAO_ENCONTRADO;TICKER_NAO_ENCONTRADO;TICKER_NAO_ENCONTRADO;;;0;True;Yahoo sem metadados para o ticker;False;
20261006_162318;CCHI3;CCHI3.SA;TICKER_NAO_ENCONTRADO;TICKER_NAO_ENCONTRADO;TICKER_NAO_ENCONTRADO;;;0;True;Yahoo sem metadados para o ticker;False;
20261006_162318;CCHI4;CCHI4.SA;TICKER_NAO_ENCONTRADO;TICKER_NAO_ENCONTRADO;TICKER_NAO_ENCONTRADO;;;0;True;Yahoo sem metadados para o ticker;False;
20261006_162318;CCIM3;CCIM3.SA;TICKER_NAO_ENCONTRADO;TICKER_NAO_ENCONTRADO;TICKER_NAO_ENCONTRADO;;;0;True;Yahoo sem metadados para o ticker;False;
20261006_162318;CCPR3;CCPR3.SA;TICKER_NAO_ENCONTRADO;TICKER_NAO_ENCONTRADO;TICKER_NAO_ENCONTRADO;;;0;True;Yahoo sem metadados para o ticker;False;
20261006_162318;CCRO3;CCRO3.SA;TICKER_NAO_ENCONTRADO;TICKER_NAO_ENCONTRADO;TICKER_NAO_ENCONTRADO;;;0;True;Yahoo sem metadados para o ticker;False;
20261006_162318;CCTY3;CCTY3.SA;SEM_EVENTOS;SEM_EVENTOS;REGISTRADO;INALTERADO;1;0;False;;False;data/raw/yahoo_dividendos/dividendos_CCTY3__20261006_642daec7.csv
20261006_162318;CEAB3;CEAB3.SA;COM_EVENTOS;COM_EVENTOS;REGISTRADO;INALTERADO;1;4;False;;False;data/raw/yahoo_dividendos/dividendos_CEAB3__20261006_292103de.csv
20261006_162318;CEBR3;CEBR3.SA;COM_EVENTOS;COM_EVENTOS;REGISTRADO;INALTERADO;1;17;False;;False;data/raw/yahoo_dividendos/dividendos_CEBR3__20261006_862b5aa0.csv
20261006_162318;CEBR5;CEBR5.SA;COM_EVENTOS;COM_EVENTOS;REGISTRADO;INALTERADO;1;17;False;;False;data/raw/yahoo_dividendos/dividendos_CEBR5__20261006_0051730f.csv
20261006_162318;CEBR6;CEBR6.SA;COM_EVENTOS;COM_EVENTOS;REGISTRADO;INALTERADO;1;17;False;;False;data/raw/yahoo_dividendos/dividendos_CEBR6__20261006_64e2b39d.csv
20261006_162318;CEDO3;CEDO3.SA;COM_EVENTOS;COM_EVENTOS;REGISTRADO;INALTERADO;1;12;False;;False;data/raw/yahoo_dividendos/dividendos_CEDO3__20261006_27c611b7.csv
20261006_162318;CEDO4;CEDO4.SA;COM_EVENTOS;COM_EVENTOS;REGISTRADO;INALTERADO;1;5;False;;False;data/raw/yahoo_dividendos/dividendos_CEDO4__20261006_6609f9da.csv
20261006_162318;CEEB3;CEEB3.SA;COM_EVENTOS;COM_EVENTOS;REGISTRADO;INALTERADO;1;64;False;;False;data/raw/yahoo_dividendos/dividendos_CEEB3__20261006_40f5ac68.csv
20261006_162318;CEEB5;CEEB5.SA;COM_EVENTOS;COM_EVENTOS;REGISTRADO;INALTERADO;1;58;False;;False;data/raw/yahoo_dividendos/dividendos_CEEB5__20261006_4d05236b.csv
20261006_162318;CEED3;CEED3.SA;SEM_EVENTOS;SEM_EVENTOS;REGISTRADO;INALTERADO;1;0;False;;False;data/raw/yahoo_dividendos/dividendos_CEED3__20261006_642daec7.csv
20261006_162318;CEED4;CEED4.SA;SEM_EVENTOS;SEM_EVENTOS;REGISTRADO;INALTERADO;1;0;False;;False;data/raw/yahoo_dividendos/dividendos_CEED4__20261006_642daec7.csv
20261006_162318;CEGR3;CEGR3.SA;COM_EVENTOS;COM_EVENTOS;REGISTRADO;INALTERADO;1;37;False;;False;data/raw/yahoo_dividendos/dividendos_CEGR3__20261006_3cd18895.csv
20261006_162318;CELP3;CELP3.SA;TICKER_NAO_ENCONTRADO;TICKER_NAO_ENCONTRADO;TICKER_NAO_ENCONTRADO;;;0;True;Yahoo sem metadados para o ticker;False;
20261006_162318;CELP5;CELP5.SA;TICKER_NAO_ENCONTRADO;TICKER_NAO_ENCONTRADO;TICKER_NAO_ENCONTRADO;;;0;True;Yahoo sem metadados para o ticker;False;
20261006_162318;CELP6;CELP6.SA;TICKER_NAO_ENCONTRADO;TICKER_NAO_ENCONTRADO;TICKER_NAO_ENCONTRADO;;;0;True;Yahoo sem metadados para o ticker;False;
20261006_162318;CELP7;CELP7.SA;TICKER_NAO_ENCONTRADO;TICKER_NAO_ENCONTRADO;TICKER_NAO_ENCONTRADO;;;0;True;Yahoo sem metadados para o ticker;False;
20261006_162318;CEPE3;CEPE3.SA;TICKER_NAO_ENCONTRADO;TICKER_NAO_ENCONTRADO;TICKER_NAO_ENCONTRADO;;;0;True;Yahoo sem metadados para o ticker;False;
20261006_162318;CEPE5;CEPE5.SA;TICKER_NAO_ENCONTRADO;TICKER_NAO_ENCONTRADO;TICKER_NAO_ENCONTRADO;;;0;True;Yahoo sem metadados para o ticker;False;
20261006_162318;CEPE6;CEPE6.SA;TICKER_NAO_ENCONTRADO;TICKER_NAO_ENCONTRADO;TICKER_NAO_ENCONTRADO;;;0;True;Yahoo sem metadados para o ticker;False;
20261006_162318;CESP3;CESP3.SA;TICKER_NAO_ENCONTRADO;TICKER_NAO_ENCONTRADO;TICKER_NAO_ENCONTRADO;;;0;True;Yahoo sem metadados para o ticker;False;
20261006_162318;CESP5;CESP5.SA;TICKER_NAO_ENCONTRADO;TICKER_NAO_ENCONTRADO;TICKER_NAO_ENCONTRADO;;;0;True;Yahoo sem metadados para o ticker;False;
20261006_162318;CESP6;CESP6.SA;TICKER_NAO_ENCONTRADO;TICKER_NAO_ENCONTRADO;TICKER_NAO_ENCONTRADO;;;0;True;Yahoo sem metadados para o ticker;False;
20261006_162318;CGAS3;CGAS3.SA;COM_EVENTOS;COM_EVENTOS;REGISTRADO;INALTERADO;1;47;False;;False;data/raw/yahoo_dividendos/dividendos_CGAS3__20261006_d3c7be53.csv
20261006_162318;CGAS5;CGAS5.SA;COM_EVENTOS;COM_EVENTOS;REGISTRADO;INALTERADO;1;46;False;;False;data/raw/yahoo_dividendos/dividendos_CGAS5__20261006_6ce443c7.csv
20261006_162318;CGRA3;CGRA3.SA;COM_EVENTOS;COM_EVENTOS;REGISTRADO;INALTERADO;1;32;False;;False;data/raw/yahoo_dividendos/dividendos_CGRA3__20261006_acaabea2.csv
20261006_162318;CGRA4;CGRA4.SA;COM_EVENTOS;COM_EVENTOS;REGISTRADO;INALTERADO;1;31;False;;False;data/raw/yahoo_dividendos/dividendos_CGRA4__20261006_2be97872.csv
20261006_162318;CIQU3;CIQU3.SA;TICKER_NAO_ENCONTRADO;TICKER_NAO_ENCONTRADO;TICKER_NAO_ENCONTRADO;;;0;True;Yahoo sem metadados para o ticker;False;
20261006_162318;CIQU4;CIQU4.SA;TICKER_NAO_ENCONTRADO;TICKER_NAO_ENCONTRADO;TICKER_NAO_ENCONTRADO;;;0;True;Yahoo sem metadados para o ticker;False;
20261006_162318;CLAN4;CLAN4.SA;TICKER_NAO_ENCONTRADO;TICKER_NAO_ENCONTRADO;TICKER_NAO_ENCONTRADO;;;0;True;Yahoo sem metadados para o ticker;False;
20261006_162318;CLSA3;CLSA3.SA;TICKER_NAO_ENCONTRADO;TICKER_NAO_ENCONTRADO;TICKER_NAO_ENCONTRADO;;;0;True;Yahoo sem metadados para o ticker;False;
20261006_162318;CLSC3;CLSC3.SA;COM_EVENTOS;COM_EVENTOS;REGISTRADO;INALTERADO;1;42;False;;False;data/raw/yahoo_dividendos/dividendos_CLSC3__20261006_04f258c5.csv
20261006_162318;CLSC4;CLSC4.SA;COM_EVENTOS;COM_EVENTOS;REGISTRADO;INALTERADO;1;35;False;;False;data/raw/yahoo_dividendos/dividendos_CLSC4__20261006_c19364c4.csv
20261006_162318;CLSC5;CLSC5.SA;TICKER_NAO_ENCONTRADO;TICKER_NAO_ENCONTRADO;TICKER_NAO_ENCONTRADO;;;0;True;Yahoo sem metadados para o ticker;False;
20261006_162318;CLSC6;CLSC6.SA;TICKER_NAO_ENCONTRADO;TICKER_NAO_ENCONTRADO;TICKER_NAO_ENCONTRADO;;;0;True;Yahoo sem metadados para o ticker;False;
20261006_162318;CMGR3;CMGR3.SA;TICKER_NAO_ENCONTRADO;TICKER_NAO_ENCONTRADO;TICKER_NAO_ENCONTRADO;;;0;True;Yahoo sem metadados para o ticker;False;
20261006_162318;CMGR4;CMGR4.SA;TICKER_NAO_ENCONTRADO;TICKER_NAO_ENCONTRADO;TICKER_NAO_ENCONTRADO;;;0;True;Yahoo sem metadados para o ticker;False;
20261006_162318;CMIG3;CMIG3.SA;COM_EVENTOS;COM_EVENTOS;REGISTRADO;INALTERADO;1;56;False;;False;data/raw/yahoo_dividendos/dividendos_CMIG3__20261006_65a27b0a.csv
20261006_162318;CMIG4;CMIG4.SA;COM_EVENTOS;COM_EVENTOS;REGISTRADO;INALTERADO;1;53;False;;False;data/raw/yahoo_dividendos/dividendos_CMIG4__20261006_8e8ba82e.csv
20261006_162318;CMIN3;CMIN3.SA;COM_EVENTOS;COM_EVENTOS;REGISTRADO;INALTERADO;1;17;False;;False;data/raw/yahoo_dividendos/dividendos_CMIN3__20261006_af6fb8b5.csv
20261006_162318;CNFB3;CNFB3.SA;TICKER_NAO_ENCONTRADO;TICKER_NAO_ENCONTRADO;TICKER_NAO_ENCONTRADO;;;0;True;Yahoo sem metadados para o ticker;False;
20261006_162318;CNFB4;CNFB4.SA;TICKER_NAO_ENCONTRADO;TICKER_NAO_ENCONTRADO;TICKER_NAO_ENCONTRADO;;;0;True;Yahoo sem metadados para o ticker;False;
20261006_162318;CNTO3;CNTO3.SA;TICKER_NAO_ENCONTRADO;TICKER_NAO_ENCONTRADO;TICKER_NAO_ENCONTRADO;;;0;True;Yahoo sem metadados para o ticker;False;
20261006_162318;COCE3;COCE3.SA;COM_EVENTOS;COM_EVENTOS;REGISTRADO;INALTERADO;1;21;False;;False;data/raw/yahoo_dividendos/dividendos_COCE3__20261006_7e615e4d.csv
20261006_162318;COCE5;COCE5.SA;COM_EVENTOS;COM_EVENTOS;REGISTRADO;INALTERADO;1;20;False;;False;data/raw/yahoo_dividendos/dividendos_COCE5__20261006_ea661685.csv
20261006_162318;COCE6;COCE6.SA;TICKER_NAO_ENCONTRADO;TICKER_NAO_ENCONTRADO;TICKER_NAO_ENCONTRADO;;;0;True;Yahoo sem metadados para o ticker;False;
20261006_162318;COGN3;COGN3.SA;COM_EVENTOS;COM_EVENTOS;REGISTRADO;INALTERADO;1;30;False;;False;data/raw/yahoo_dividendos/dividendos_COGN3__20261006_b33523ff.csv
20261006_162318;CORR4;CORR4.SA;TICKER_NAO_ENCONTRADO;TICKER_NAO_ENCONTRADO;TICKER_NAO_ENCONTRADO;;;0;True;Yahoo sem metadados para o ticker;False;
20261006_162318;CPFE3;CPFE3.SA;COM_EVENTOS;COM_EVENTOS;REGISTRADO;INALTERADO;1;26;False;;False;data/raw/yahoo_dividendos/dividendos_CPFE3__20261006_a7e1ee78.csv
20261006_162318;CPLE11;CPLE11.SA;TICKER_NAO_ENCONTRADO;TICKER_NAO_ENCONTRADO;TICKER_NAO_ENCONTRADO;;;0;True;Yahoo sem metadados para o ticker;False;
20261006_162318;CPLE3;CPLE3.SA;COM_EVENTOS;COM_EVENTOS;REGISTRADO;INALTERADO;1;36;False;;False;data/raw/yahoo_dividendos/dividendos_CPLE3__20261006_fa5f062e.csv
20261006_162318;CPLE5;CPLE5.SA;TICKER_NAO_ENCONTRADO;TICKER_NAO_ENCONTRADO;TICKER_NAO_ENCONTRADO;;;0;True;Yahoo sem metadados para o ticker;False;
20261006_162318;CPLE6;CPLE6.SA;TICKER_NAO_ENCONTRADO;TICKER_NAO_ENCONTRADO;TICKER_NAO_ENCONTRADO;;;0;True;Yahoo sem metadados para o ticker;False;
20261006_162318;CPRE3;CPRE3.SA;TICKER_NAO_ENCONTRADO;TICKER_NAO_ENCONTRADO;TICKER_NAO_ENCONTRADO;;;0;True;Yahoo sem metadados para o ticker;False;
20261006_162318;CRDE3;CRDE3.SA;TICKER_NAO_ENCONTRADO;TICKER_NAO_ENCONTRADO;TICKER_NAO_ENCONTRADO;;;0;True;Yahoo sem metadados para o ticker;False;
20261006_162318;CREM3;CREM3.SA;TICKER_NAO_ENCONTRADO;TICKER_NAO_ENCONTRADO;TICKER_NAO_ENCONTRADO;;;0;True;Yahoo sem metadados para o ticker;False;
20261006_162318;CRFB3;CRFB3.SA;TICKER_NAO_ENCONTRADO;TICKER_NAO_ENCONTRADO;TICKER_NAO_ENCONTRADO;;;0;True;Yahoo sem metadados para o ticker;False;
20261006_162318;CRPG3;CRPG3.SA;COM_EVENTOS;COM_EVENTOS;REGISTRADO;INALTERADO;1;24;False;;False;data/raw/yahoo_dividendos/dividendos_CRPG3__20261006_37968e99.csv
20261006_162318;CRPG5;CRPG5.SA;COM_EVENTOS;COM_EVENTOS;REGISTRADO;INALTERADO;1;24;False;;False;data/raw/yahoo_dividendos/dividendos_CRPG5__20261006_bfacd51b.csv
20261006_162318;CRPG6;CRPG6.SA;COM_EVENTOS;COM_EVENTOS;REGISTRADO;INALTERADO;1;23;False;;False;data/raw/yahoo_dividendos/dividendos_CRPG6__20261006_83e828c7.csv
20261006_162318;CRUZ3;CRUZ3.SA;TICKER_NAO_ENCONTRADO;TICKER_NAO_ENCONTRADO;TICKER_NAO_ENCONTRADO;;;0;True;Yahoo sem metadados para o ticker;False;
20261006_162318;CSAN3;CSAN3.SA;COM_EVENTOS;COM_EVENTOS;REGISTRADO;INALTERADO;1;22;False;;False;data/raw/yahoo_dividendos/dividendos_CSAN3__20261006_5804723d.csv
20261006_162318;CSED3;CSED3.SA;COM_EVENTOS;COM_EVENTOS;REGISTRADO;INALTERADO;1;8;False;;False;data/raw/yahoo_dividendos/dividendos_CSED3__20261006_28a377f2.csv
20261006_162318;CSMG3;CSMG3.SA;COM_EVENTOS;COM_EVENTOS;REGISTRADO;INALTERADO;1;68;False;;False;data/raw/yahoo_dividendos/dividendos_CSMG3__20261006_048513d9.csv
20261006_162318;CSNA3;CSNA3.SA;COM_EVENTOS;COM_EVENTOS;REGISTRADO;INALTERADO;1;28;False;;False;data/raw/yahoo_dividendos/dividendos_CSNA3__20261006_3e1e48a7.csv
20261006_162318;CSRN3;CSRN3.SA;TICKER_NAO_ENCONTRADO;TICKER_NAO_ENCONTRADO;TICKER_NAO_ENCONTRADO;;;0;True;Yahoo sem metadados para o ticker;False;
20261006_162318;CSRN5;CSRN5.SA;TICKER_NAO_ENCONTRADO;TICKER_NAO_ENCONTRADO;TICKER_NAO_ENCONTRADO;;;0;True;Yahoo sem metadados para o ticker;False;
20261006_162318;CSRN6;CSRN6.SA;TICKER_NAO_ENCONTRADO;TICKER_NAO_ENCONTRADO;TICKER_NAO_ENCONTRADO;;;0;True;Yahoo sem metadados para o ticker;False;
20261006_162318;CSUD3;CSUD3.SA;COM_EVENTOS;COM_EVENTOS;REGISTRADO;INALTERADO;1;48;False;;False;data/raw/yahoo_dividendos/dividendos_CSUD3__20261006_c2e386c2.csv
20261006_162318;CTAX11;CTAX11.SA;TICKER_NAO_ENCONTRADO;TICKER_NAO_ENCONTRADO;TICKER_NAO_ENCONTRADO;;;0;True;Yahoo sem metadados para o ticker;False;
20261006_162318;CTAX3;CTAX3.SA;COM_EVENTOS;COM_EVENTOS;REGISTRADO;INALTERADO;1;10;False;;False;data/raw/yahoo_dividendos/dividendos_CTAX3__20261006_e9afed3c.csv
20261006_162318;CTAX4;CTAX4.SA;TICKER_NAO_ENCONTRADO;TICKER_NAO_ENCONTRADO;TICKER_NAO_ENCONTRADO;;;0;True;Yahoo sem metadados para o ticker;False;
20261006_162318;CTKA3;CTKA3.SA;COM_EVENTOS;COM_EVENTOS;REGISTRADO;INALTERADO;1;3;False;;False;data/raw/yahoo_dividendos/dividendos_CTKA3__20261006_62e303f9.csv
20261006_162318;CTKA4;CTKA4.SA;COM_EVENTOS;COM_EVENTOS;REGISTRADO;INALTERADO;1;2;False;;False;data/raw/yahoo_dividendos/dividendos_CTKA4__20261006_1a833718.csv
20261006_162318;CTNM3;CTNM3.SA;TICKER_NAO_ENCONTRADO;TICKER_NAO_ENCONTRADO;TICKER_NAO_ENCONTRADO;;;0;True;Yahoo sem metadados para o ticker;False;
20261006_162318;CTNM4;CTNM4.SA;COM_EVENTOS;COM_EVENTOS;REGISTRADO;INALTERADO;1;1;False;;False;data/raw/yahoo_dividendos/dividendos_CTNM4__20261006_9364b050.csv
20261006_162318;CTPC3;CTPC3.SA;TICKER_NAO_ENCONTRADO;TICKER_NAO_ENCONTRADO;TICKER_NAO_ENCONTRADO;;;0;True;Yahoo sem metadados para o ticker;False;
20261006_162318;CTSA3;CTSA3.SA;COM_EVENTOS;COM_EVENTOS;REGISTRADO;INALTERADO;1;21;False;;False;data/raw/yahoo_dividendos/dividendos_CTSA3__20261006_a41472f2.csv
20261006_162318;CTSA4;CTSA4.SA;COM_EVENTOS;COM_EVENTOS;REGISTRADO;INALTERADO;1;15;False;;False;data/raw/yahoo_dividendos/dividendos_CTSA4__20261006_f8fd59b6.csv
20261006_162318;CURY3;CURY3.SA;COM_EVENTOS;COM_EVENTOS;REGISTRADO;INALTERADO;1;18;False;;False;data/raw/yahoo_dividendos/dividendos_CURY3__20261006_2ba8c2ef.csv
20261006_162318;CVCB3;CVCB3.SA;COM_EVENTOS;COM_EVENTOS;REGISTRADO;INALTERADO;1;13;False;;False;data/raw/yahoo_dividendos/dividendos_CVCB3__20261006_4e60b659.csv
20261006_162318;CYRE3;CYRE3.SA;COM_EVENTOS;COM_EVENTOS;REGISTRADO;INALTERADO;1;21;False;;False;data/raw/yahoo_dividendos/dividendos_CYRE3__20261006_782a1962.csv
20261006_162318;CYRE4;CYRE4.SA;SEM_EVENTOS;SEM_EVENTOS;REGISTRADO;INALTERADO;1;0;False;;False;data/raw/yahoo_dividendos/dividendos_CYRE4__20261006_642daec7.csv
20261006_162318;DASA3;DASA3.SA;COM_EVENTOS;COM_EVENTOS;REGISTRADO;INALTERADO;1;16;False;;False;data/raw/yahoo_dividendos/dividendos_DASA3__20261006_4f739ce5.csv
20261006_162318;DESK3;DESK3.SA;COM_EVENTOS;COM_EVENTOS;REGISTRADO;INALTERADO;1;7;False;;False;data/raw/yahoo_dividendos/dividendos_DESK3__20261006_007554c6.csv
20261006_162318;DEXP3;DEXP3.SA;COM_EVENTOS;COM_EVENTOS;REGISTRADO;INALTERADO;1;10;False;;False;data/raw/yahoo_dividendos/dividendos_DEXP3__20261006_104e1511.csv
20261006_162318;DEXP4;DEXP4.SA;COM_EVENTOS;COM_EVENTOS;REGISTRADO;INALTERADO;1;8;False;;False;data/raw/yahoo_dividendos/dividendos_DEXP4__20261006_b110e107.csv
20261006_162318;DHBI3;DHBI3.SA;TICKER_NAO_ENCONTRADO;TICKER_NAO_ENCONTRADO;TICKER_NAO_ENCONTRADO;;;0;True;Yahoo sem metadados para o ticker;False;
20261006_162318;DHBI4;DHBI4.SA;TICKER_NAO_ENCONTRADO;TICKER_NAO_ENCONTRADO;TICKER_NAO_ENCONTRADO;;;0;True;Yahoo sem metadados para o ticker;False;
20261006_162318;DIRR3;DIRR3.SA;COM_EVENTOS;COM_EVENTOS;REGISTRADO;INALTERADO;1;22;False;;False;data/raw/yahoo_dividendos/dividendos_DIRR3__20261006_38e13e83.csv
20261006_162318;DMVF3;DMVF3.SA;SEM_EVENTOS;SEM_EVENTOS;REGISTRADO;INALTERADO;1;0;False;;False;data/raw/yahoo_dividendos/dividendos_DMVF3__20261006_642daec7.csv
20261006_162318;DOCA3;DOCA3.SA;TICKER_NAO_ENCONTRADO;TICKER_NAO_ENCONTRADO;TICKER_NAO_ENCONTRADO;;;0;True;Yahoo sem metadados para o ticker;False;
20261006_162318;DOCA4;DOCA4.SA;TICKER_NAO_ENCONTRADO;TICKER_NAO_ENCONTRADO;TICKER_NAO_ENCONTRADO;;;0;True;Yahoo sem metadados para o ticker;False;
20261006_162318;DOHL3;DOHL3.SA;COM_EVENTOS;COM_EVENTOS;REGISTRADO;INALTERADO;1;19;False;;False;data/raw/yahoo_dividendos/dividendos_DOHL3__20261006_42571061.csv
20261006_162318;DOHL4;DOHL4.SA;COM_EVENTOS;COM_EVENTOS;REGISTRADO;INALTERADO;1;16;False;;False;data/raw/yahoo_dividendos/dividendos_DOHL4__20261006_a4133852.csv
20261006_162318;DOTZ3;DOTZ3.SA;SEM_EVENTOS;SEM_EVENTOS;REGISTRADO;INALTERADO;1;0;False;;False;data/raw/yahoo_dividendos/dividendos_DOTZ3__20261006_642daec7.csv
20261006_162318;DROG3;DROG3.SA;TICKER_NAO_ENCONTRADO;TICKER_NAO_ENCONTRADO;TICKER_NAO_ENCONTRADO;;;0;True;Yahoo sem metadados para o ticker;False;
20261006_162318;DTCY3;DTCY3.SA;SEM_EVENTOS;SEM_EVENTOS;REGISTRADO;INALTERADO;1;0;False;;False;data/raw/yahoo_dividendos/dividendos_DTCY3__20261006_642daec7.csv
20261006_162318;DTEX3;DTEX3.SA;TICKER_NAO_ENCONTRADO;TICKER_NAO_ENCONTRADO;TICKER_NAO_ENCONTRADO;;;0;True;Yahoo sem metadados para o ticker;False;
20261006_162318;DUQE3;DUQE3.SA;TICKER_NAO_ENCONTRADO;TICKER_NAO_ENCONTRADO;TICKER_NAO_ENCONTRADO;;;0;True;Yahoo sem metadados para o ticker;False;
20261006_162318;DUQE4;DUQE4.SA;TICKER_NAO_ENCONTRADO;TICKER_NAO_ENCONTRADO;TICKER_NAO_ENCONTRADO;;;0;True;Yahoo sem metadados para o ticker;False;
20261006_162318;DXCO3;DXCO3.SA;COM_EVENTOS;COM_EVENTOS;REGISTRADO;INALTERADO;1;30;False;;False;data/raw/yahoo_dividendos/dividendos_DXCO3__20261006_ac38d6b7.csv
20261006_162318;DXTG4;DXTG4.SA;TICKER_NAO_ENCONTRADO;TICKER_NAO_ENCONTRADO;TICKER_NAO_ENCONTRADO;;;0;True;Yahoo sem metadados para o ticker;False;
20261006_162318;EALT3;EALT3.SA;COM_EVENTOS;COM_EVENTOS;REGISTRADO;INALTERADO;1;19;False;;False;data/raw/yahoo_dividendos/dividendos_EALT3__20261006_2076c8cc.csv
20261006_162318;EALT4;EALT4.SA;COM_EVENTOS;COM_EVENTOS;REGISTRADO;INALTERADO;1;20;False;;False;data/raw/yahoo_dividendos/dividendos_EALT4__20261006_0375ab9d.csv
20261006_162318;EBTP3;EBTP3.SA;TICKER_NAO_ENCONTRADO;TICKER_NAO_ENCONTRADO;TICKER_NAO_ENCONTRADO;;;0;True;Yahoo sem metadados para o ticker;False;
20261006_162318;EBTP4;EBTP4.SA;TICKER_NAO_ENCONTRADO;TICKER_NAO_ENCONTRADO;TICKER_NAO_ENCONTRADO;;;0;True;Yahoo sem metadados para o ticker;False;
20261006_162318;ECOD3;ECOD3.SA;TICKER_NAO_ENCONTRADO;TICKER_NAO_ENCONTRADO;TICKER_NAO_ENCONTRADO;;;0;True;Yahoo sem metadados para o ticker;False;
20261006_162318;ECOM3;ECOM3.SA;COM_EVENTOS;COM_EVENTOS;REGISTRADO;INALTERADO;1;1;False;;False;data/raw/yahoo_dividendos/dividendos_ECOM3__20261006_456360f2.csv
20261006_162318;ECOR3;ECOR3.SA;COM_EVENTOS;COM_EVENTOS;REGISTRADO;INALTERADO;1;21;False;;False;data/raw/yahoo_dividendos/dividendos_ECOR3__20261006_42e3214f.csv
20261006_162318;EEEL3;EEEL3.SA;TICKER_NAO_ENCONTRADO;TICKER_NAO_ENCONTRADO;TICKER_NAO_ENCONTRADO;;;0;True;Yahoo sem metadados para o ticker;False;
20261006_162318;EEEL4;EEEL4.SA;TICKER_NAO_ENCONTRADO;TICKER_NAO_ENCONTRADO;TICKER_NAO_ENCONTRADO;;;0;True;Yahoo sem metadados para o ticker;False;
20261006_162318;EGGY3;EGGY3.SA;SEM_EVENTOS;SEM_EVENTOS;REGISTRADO;INALTERADO;1;0;False;;False;data/raw/yahoo_dividendos/dividendos_EGGY3__20261006_642daec7.csv
20261006_162318;EGIE3;EGIE3.SA;COM_EVENTOS;COM_EVENTOS;REGISTRADO;INALTERADO;1;55;False;;False;data/raw/yahoo_dividendos/dividendos_EGIE3__20261006_20585436.csv
20261006_162318;EKTR3;EKTR3.SA;COM_EVENTOS;COM_EVENTOS;REGISTRADO;INALTERADO;1;59;False;;False;data/raw/yahoo_dividendos/dividendos_EKTR3__20261006_a1e52665.csv
20261006_162318;EKTR4;EKTR4.SA;COM_EVENTOS;COM_EVENTOS;REGISTRADO;INALTERADO;1;55;False;;False;data/raw/yahoo_dividendos/dividendos_EKTR4__20261006_afd11734.csv
20261006_162318;ELEK3;ELEK3.SA;TICKER_NAO_ENCONTRADO;TICKER_NAO_ENCONTRADO;TICKER_NAO_ENCONTRADO;;;0;True;Yahoo sem metadados para o ticker;False;
20261006_162318;ELEK4;ELEK4.SA;TICKER_NAO_ENCONTRADO;TICKER_NAO_ENCONTRADO;TICKER_NAO_ENCONTRADO;;;0;True;Yahoo sem metadados para o ticker;False;
20261006_162318;ELET3;ELET3.SA;TICKER_NAO_ENCONTRADO;TICKER_NAO_ENCONTRADO;TICKER_NAO_ENCONTRADO;;;0;True;Yahoo sem metadados para o ticker;False;
20261006_162318;ELET5;ELET5.SA;TICKER_NAO_ENCONTRADO;TICKER_NAO_ENCONTRADO;TICKER_NAO_ENCONTRADO;;;0;True;Yahoo sem metadados para o ticker;False;
20261006_162318;ELET6;ELET6.SA;TICKER_NAO_ENCONTRADO;TICKER_NAO_ENCONTRADO;TICKER_NAO_ENCONTRADO;;;0;True;Yahoo sem metadados para o ticker;False;
20261006_162318;ELMD3;ELMD3.SA;TICKER_NAO_ENCONTRADO;TICKER_NAO_ENCONTRADO;TICKER_NAO_ENCONTRADO;;;0;True;Yahoo sem metadados para o ticker;False;
20261006_162318;ELPL3;ELPL3.SA;TICKER_NAO_ENCONTRADO;TICKER_NAO_ENCONTRADO;TICKER_NAO_ENCONTRADO;;;0;True;Yahoo sem metadados para o ticker;False;
20261006_162318;ELPL4;ELPL4.SA;TICKER_NAO_ENCONTRADO;TICKER_NAO_ENCONTRADO;TICKER_NAO_ENCONTRADO;;;0;True;Yahoo sem metadados para o ticker;False;
20261006_162318;EMAE3;EMAE3.SA;COM_EVENTOS;COM_EVENTOS;REGISTRADO;INALTERADO;1;15;False;;False;data/raw/yahoo_dividendos/dividendos_EMAE3__20261006_3498f25b.csv
20261006_162318;EMAE4;EMAE4.SA;COM_EVENTOS;COM_EVENTOS;REGISTRADO;INALTERADO;1;22;False;;False;data/raw/yahoo_dividendos/dividendos_EMAE4__20261006_1a4b4082.csv
20261006_162318;EMBJ3;EMBJ3.SA;COM_EVENTOS;COM_EVENTOS;REGISTRADO;INALTERADO;1;48;False;;False;data/raw/yahoo_dividendos/dividendos_EMBJ3__20261006_6e591f3c.csv
20261006_162318;EMBR3;EMBR3.SA;TICKER_NAO_ENCONTRADO;TICKER_NAO_ENCONTRADO;TICKER_NAO_ENCONTRADO;;;0;True;Yahoo sem metadados para o ticker;False;
20261006_162318;ENAT3;ENAT3.SA;TICKER_NAO_ENCONTRADO;TICKER_NAO_ENCONTRADO;TICKER_NAO_ENCONTRADO;;;0;True;Yahoo sem metadados para o ticker;False;
20261006_162318;ENBR3;ENBR3.SA;TICKER_NAO_ENCONTRADO;TICKER_NAO_ENCONTRADO;TICKER_NAO_ENCONTRADO;;;0;True;Yahoo sem metadados para o ticker;False;
20261006_162318;ENEV3;ENEV3.SA;COM_EVENTOS;COM_EVENTOS;REGISTRADO;INALTERADO;1;1;False;;False;data/raw/yahoo_dividendos/dividendos_ENEV3__20261006_d447af79.csv
20261006_162318;ENGI11;ENGI11.SA;COM_EVENTOS;COM_EVENTOS;REGISTRADO;INALTERADO;1;36;False;;False;data/raw/yahoo_dividendos/dividendos_ENGI11__20261006_ae3dcc8b.csv
20261006_162318;ENGI3;ENGI3.SA;COM_EVENTOS;COM_EVENTOS;REGISTRADO;INALTERADO;1;40;False;;False;data/raw/yahoo_dividendos/dividendos_ENGI3__20261006_d559642b.csv
20261006_162318;ENGI4;ENGI4.SA;COM_EVENTOS;COM_EVENTOS;REGISTRADO;INALTERADO;1;38;False;;False;data/raw/yahoo_dividendos/dividendos_ENGI4__20261006_e4c5dc06.csv
20261006_162318;ENJU3;ENJU3.SA;COM_EVENTOS;COM_EVENTOS;REGISTRADO;INALTERADO;1;1;False;;False;data/raw/yahoo_dividendos/dividendos_ENJU3__20261006_1f7a768e.csv
20261006_162318;ENMT3;ENMT3.SA;COM_EVENTOS;COM_EVENTOS;REGISTRADO;INALTERADO;1;29;False;;False;data/raw/yahoo_dividendos/dividendos_ENMT3__20261006_9dae9f4c.csv
20261006_162318;ENMT4;ENMT4.SA;COM_EVENTOS;COM_EVENTOS;REGISTRADO;INALTERADO;1;32;False;;False;data/raw/yahoo_dividendos/dividendos_ENMT4__20261006_36a7ebcd.csv
20261006_162318;EPAR3;EPAR3.SA;COM_EVENTOS;COM_EVENTOS;REGISTRADO;INALTERADO;1;9;False;;False;data/raw/yahoo_dividendos/dividendos_EPAR3__20261006_ef94c10c.csv
20261006_162318;EQPA3;EQPA3.SA;COM_EVENTOS;COM_EVENTOS;REGISTRADO;INALTERADO;1;23;False;;False;data/raw/yahoo_dividendos/dividendos_EQPA3__20261006_eabd2932.csv
20261006_162318;EQPA5;EQPA5.SA;COM_EVENTOS;COM_EVENTOS;REGISTRADO;INALTERADO;1;22;False;;False;data/raw/yahoo_dividendos/dividendos_EQPA5__20261006_cac184fd.csv
20261006_162318;EQPA6;EQPA6.SA;COM_EVENTOS;COM_EVENTOS;REGISTRADO;INALTERADO;1;22;False;;False;data/raw/yahoo_dividendos/dividendos_EQPA6__20261006_aa9ff4fc.csv
20261006_162318;EQPA7;EQPA7.SA;COM_EVENTOS;COM_EVENTOS;REGISTRADO;INALTERADO;1;22;False;;False;data/raw/yahoo_dividendos/dividendos_EQPA7__20261006_4f5a2aab.csv
20261006_162318;EQTL3;EQTL3.SA;COM_EVENTOS;COM_EVENTOS;REGISTRADO;INALTERADO;1;28;False;;False;data/raw/yahoo_dividendos/dividendos_EQTL3__20261006_31b9ae76.csv
20261006_162318;ESPA3;ESPA3.SA;COM_EVENTOS;COM_EVENTOS;REGISTRADO;INALTERADO;1;5;False;;False;data/raw/yahoo_dividendos/dividendos_ESPA3__20261006_b66d5d6e.csv
20261006_162318;ESTC3;ESTC3.SA;TICKER_NAO_ENCONTRADO;TICKER_NAO_ENCONTRADO;TICKER_NAO_ENCONTRADO;;;0;True;Yahoo sem metadados para o ticker;False;
20261006_162318;ESTR3;ESTR3.SA;SEM_EVENTOS;SEM_EVENTOS;REGISTRADO;INALTERADO;1;0;False;;False;data/raw/yahoo_dividendos/dividendos_ESTR3__20261006_642daec7.csv
20261006_162318;ESTR4;ESTR4.SA;SEM_EVENTOS;SEM_EVENTOS;REGISTRADO;INALTERADO;1;0;False;;False;data/raw/yahoo_dividendos/dividendos_ESTR4__20261006_642daec7.csv
20261006_162318;ETER3;ETER3.SA;COM_EVENTOS;COM_EVENTOS;REGISTRADO;INALTERADO;1;50;False;;False;data/raw/yahoo_dividendos/dividendos_ETER3__20261006_fef65d54.csv
20261006_162318;EUCA3;EUCA3.SA;COM_EVENTOS;COM_EVENTOS;REGISTRADO;INALTERADO;1;17;False;;False;data/raw/yahoo_dividendos/dividendos_EUCA3__20261006_dbadb5fd.csv
20261006_162318;EUCA4;EUCA4.SA;COM_EVENTOS;COM_EVENTOS;REGISTRADO;INALTERADO;1;17;False;;False;data/raw/yahoo_dividendos/dividendos_EUCA4__20261006_453d1c0e.csv
20261006_162318;EVEN3;EVEN3.SA;COM_EVENTOS;COM_EVENTOS;REGISTRADO;INALTERADO;1;20;False;;False;data/raw/yahoo_dividendos/dividendos_EVEN3__20261006_2b82427c.csv
20261006_162318;EZTC3;EZTC3.SA;COM_EVENTOS;COM_EVENTOS;REGISTRADO;INALTERADO;1;33;False;;False;data/raw/yahoo_dividendos/dividendos_EZTC3__20261006_79ad72d4.csv
20261006_162318;FBMC3;FBMC3.SA;TICKER_NAO_ENCONTRADO;TICKER_NAO_ENCONTRADO;TICKER_NAO_ENCONTRADO;;;0;True;Yahoo sem metadados para o ticker;False;
20261006_162318;FBMC4;FBMC4.SA;TICKER_NAO_ENCONTRADO;TICKER_NAO_ENCONTRADO;TICKER_NAO_ENCONTRADO;;;0;True;Yahoo sem metadados para o ticker;False;
20261006_162318;FESA3;FESA3.SA;COM_EVENTOS;COM_EVENTOS;REGISTRADO;INALTERADO;1;55;False;;False;data/raw/yahoo_dividendos/dividendos_FESA3__20261006_f23e2b66.csv
20261006_162318;FESA4;FESA4.SA;COM_EVENTOS;COM_EVENTOS;REGISTRADO;INALTERADO;1;53;False;;False;data/raw/yahoo_dividendos/dividendos_FESA4__20261006_3eeaf04e.csv
20261006_162318;FFTL3;FFTL3.SA;TICKER_NAO_ENCONTRADO;TICKER_NAO_ENCONTRADO;TICKER_NAO_ENCONTRADO;;;0;True;Yahoo sem metadados para o ticker;False;
20261006_162318;FFTL4;FFTL4.SA;TICKER_NAO_ENCONTRADO;TICKER_NAO_ENCONTRADO;TICKER_NAO_ENCONTRADO;;;0;True;Yahoo sem metadados para o ticker;False;
20261006_162318;FHER3;FHER3.SA;COM_EVENTOS;COM_EVENTOS;REGISTRADO;INALTERADO;1;2;False;;False;data/raw/yahoo_dividendos/dividendos_FHER3__20261006_f4a2d80a.csv
20261006_162318;FIBR3;FIBR3.SA;TICKER_NAO_ENCONTRADO;TICKER_NAO_ENCONTRADO;TICKER_NAO_ENCONTRADO;;;0;True;Yahoo sem metadados para o ticker;False;
20261006_162318;FICT3;FICT3.SA;SEM_EVENTOS;SEM_EVENTOS;REGISTRADO;INALTERADO;1;0;False;;False;data/raw/yahoo_dividendos/dividendos_FICT3__20261006_642daec7.csv
20261006_162318;FIEI3;FIEI3.SA;COM_EVENTOS;COM_EVENTOS;REGISTRADO;INALTERADO;1;6;False;;False;data/raw/yahoo_dividendos/dividendos_FIEI3__20261006_3fcd288b.csv
20261006_162318;FIGE3;FIGE3.SA;COM_EVENTOS;COM_EVENTOS;REGISTRADO;INALTERADO;1;20;False;;False;data/raw/yahoo_dividendos/dividendos_FIGE3__20261006_4d28e307.csv
20261006_162318;FIGE4;FIGE4.SA;TICKER_NAO_ENCONTRADO;TICKER_NAO_ENCONTRADO;TICKER_NAO_ENCONTRADO;;;0;True;Yahoo sem metadados para o ticker;False;
20261006_162318;FIQE3;FIQE3.SA;COM_EVENTOS;COM_EVENTOS;REGISTRADO;INALTERADO;1;12;False;;False;data/raw/yahoo_dividendos/dividendos_FIQE3__20261006_2f0eca75.csv
20261006_162318;FJTA3;FJTA3.SA;TICKER_NAO_ENCONTRADO;TICKER_NAO_ENCONTRADO;TICKER_NAO_ENCONTRADO;;;0;True;Yahoo sem metadados para o ticker;False;
20261006_162318;FJTA4;FJTA4.SA;TICKER_NAO_ENCONTRADO;TICKER_NAO_ENCONTRADO;TICKER_NAO_ENCONTRADO;;;0;True;Yahoo sem metadados para o ticker;False;
20261006_162318;FLRY3;FLRY3.SA;COM_EVENTOS;COM_EVENTOS;REGISTRADO;INALTERADO;1;41;False;;False;data/raw/yahoo_dividendos/dividendos_FLRY3__20261006_82fb83d6.csv
20261006_162318;FRAS3;FRAS3.SA;COM_EVENTOS;COM_EVENTOS;REGISTRADO;INALTERADO;1;49;False;;False;data/raw/yahoo_dividendos/dividendos_FRAS3__20261006_5d34a2fa.csv
20261006_162318;FRAS4;FRAS4.SA;TICKER_NAO_ENCONTRADO;TICKER_NAO_ENCONTRADO;TICKER_NAO_ENCONTRADO;;;0;True;Yahoo sem metadados para o ticker;False;
20261006_162318;FRIO3;FRIO3.SA;COM_EVENTOS;COM_EVENTOS;REGISTRADO;INALTERADO;1;4;False;;False;data/raw/yahoo_dividendos/dividendos_FRIO3__20261006_794e12bd.csv
20261006_162318;FRTA3;FRTA3.SA;TICKER_NAO_ENCONTRADO;TICKER_NAO_ENCONTRADO;TICKER_NAO_ENCONTRADO;;;0;True;Yahoo sem metadados para o ticker;False;
20261006_162318;FTRX3;FTRX3.SA;TICKER_NAO_ENCONTRADO;TICKER_NAO_ENCONTRADO;TICKER_NAO_ENCONTRADO;;;0;True;Yahoo sem metadados para o ticker;False;
20261006_162318;FTRX4;FTRX4.SA;TICKER_NAO_ENCONTRADO;TICKER_NAO_ENCONTRADO;TICKER_NAO_ENCONTRADO;;;0;True;Yahoo sem metadados para o ticker;False;
20261006_162318;GEPA3;GEPA3.SA;COM_EVENTOS;COM_EVENTOS;REGISTRADO;INALTERADO;1;42;False;;False;data/raw/yahoo_dividendos/dividendos_GEPA3__20261006_4216a722.csv
20261006_162318;GEPA4;GEPA4.SA;COM_EVENTOS;COM_EVENTOS;REGISTRADO;INALTERADO;1;43;False;;False;data/raw/yahoo_dividendos/dividendos_GEPA4__20261006_489337ef.csv
20261006_162318;GETI3;GETI3.SA;TICKER_NAO_ENCONTRADO;TICKER_NAO_ENCONTRADO;TICKER_NAO_ENCONTRADO;;;0;True;Yahoo sem metadados para o ticker;False;
20261006_162318;GETI4;GETI4.SA;TICKER_NAO_ENCONTRADO;TICKER_NAO_ENCONTRADO;TICKER_NAO_ENCONTRADO;;;0;True;Yahoo sem metadados para o ticker;False;
20261006_162318;GFSA3;GFSA3.SA;COM_EVENTOS;COM_EVENTOS;REGISTRADO;INALTERADO;1;7;False;;False;data/raw/yahoo_dividendos/dividendos_GFSA3__20261006_7681852d.csv
20261006_162318;GGBR3;GGBR3.SA;COM_EVENTOS;COM_EVENTOS;REGISTRADO;INALTERADO;1;66;False;;False;data/raw/yahoo_dividendos/dividendos_GGBR3__20261006_d4768f39.csv
20261006_162318;GGBR4;GGBR4.SA;COM_EVENTOS;COM_EVENTOS;REGISTRADO;INALTERADO;1;94;False;;False;data/raw/yahoo_dividendos/dividendos_GGBR4__20261006_b4959e22.csv
20261006_162318;GGPS3;GGPS3.SA;COM_EVENTOS;COM_EVENTOS;REGISTRADO;INALTERADO;1;5;False;;False;data/raw/yahoo_dividendos/dividendos_GGPS3__20261006_a9f1c3f8.csv
20261006_162318;GLOB3;GLOB3.SA;TICKER_NAO_ENCONTRADO;TICKER_NAO_ENCONTRADO;TICKER_NAO_ENCONTRADO;;;0;True;Yahoo sem metadados para o ticker;False;
20261006_162318;GMAT3;GMAT3.SA;COM_EVENTOS;COM_EVENTOS;REGISTRADO;INALTERADO;1;8;False;;False;data/raw/yahoo_dividendos/dividendos_GMAT3__20261006_3d76760b.csv
20261006_162318;GNDI3;GNDI3.SA;TICKER_NAO_ENCONTRADO;TICKER_NAO_ENCONTRADO;TICKER_NAO_ENCONTRADO;;;0;True;Yahoo sem metadados para o ticker;False;
20261006_162318;GOAU3;GOAU3.SA;COM_EVENTOS;COM_EVENTOS;REGISTRADO;INALTERADO;1;63;False;;False;data/raw/yahoo_dividendos/dividendos_GOAU3__20261006_40fb07ed.csv
20261006_162318;GOAU4;GOAU4.SA;COM_EVENTOS;COM_EVENTOS;REGISTRADO;INALTERADO;1;91;False;;False;data/raw/yahoo_dividendos/dividendos_GOAU4__20261006_5aada177.csv
20261006_162318;GOLL4;GOLL4.SA;TICKER_NAO_ENCONTRADO;TICKER_NAO_ENCONTRADO;TICKER_NAO_ENCONTRADO;;;0;True;Yahoo sem metadados para o ticker;False;
20261006_162318;GPAR3;GPAR3.SA;COM_EVENTOS;COM_EVENTOS;REGISTRADO;INALTERADO;1;5;False;;False;data/raw/yahoo_dividendos/dividendos_GPAR3__20261006_07499817.csv
20261006_162318;GPCP3;GPCP3.SA;TICKER_NAO_ENCONTRADO;TICKER_NAO_ENCONTRADO;TICKER_NAO_ENCONTRADO;;;0;True;Yahoo sem metadados para o ticker;False;
20261006_162318;GPCP4;GPCP4.SA;TICKER_NAO_ENCONTRADO;TICKER_NAO_ENCONTRADO;TICKER_NAO_ENCONTRADO;;;0;True;Yahoo sem metadados para o ticker;False;
20261006_162318;GRND3;GRND3.SA;COM_EVENTOS;COM_EVENTOS;REGISTRADO;INALTERADO;1;73;False;;False;data/raw/yahoo_dividendos/dividendos_GRND3__20261006_8dc637b5.csv
20261006_162318;GSHP3;GSHP3.SA;COM_EVENTOS;COM_EVENTOS;REGISTRADO;INALTERADO;1;1;False;;False;data/raw/yahoo_dividendos/dividendos_GSHP3__20261006_ea3ca387.csv
20261006_162318;GUAR3;GUAR3.SA;TICKER_NAO_ENCONTRADO;TICKER_NAO_ENCONTRADO;TICKER_NAO_ENCONTRADO;;;0;True;Yahoo sem metadados para o ticker;False;
20261006_162318;GUAR4;GUAR4.SA;TICKER_NAO_ENCONTRADO;TICKER_NAO_ENCONTRADO;TICKER_NAO_ENCONTRADO;;;0;True;Yahoo sem metadados para o ticker;False;
20261006_162318;HAGA3;HAGA3.SA;SEM_EVENTOS;SEM_EVENTOS;REGISTRADO;INALTERADO;1;0;False;;False;data/raw/yahoo_dividendos/dividendos_HAGA3__20261006_642daec7.csv
20261006_162318;HAGA4;HAGA4.SA;SEM_EVENTOS;SEM_EVENTOS;REGISTRADO;INALTERADO;1;0;False;;False;data/raw/yahoo_dividendos/dividendos_HAGA4__20261006_642daec7.csv
20261006_162318;HAPV3;HAPV3.SA;COM_EVENTOS;COM_EVENTOS;REGISTRADO;INALTERADO;1;11;False;;False;data/raw/yahoo_dividendos/dividendos_HAPV3__20261006_46dca6d9.csv
20261006_162318;HBOR3;HBOR3.SA;COM_EVENTOS;COM_EVENTOS;REGISTRADO;INALTERADO;1;15;False;;False;data/raw/yahoo_dividendos/dividendos_HBOR3__20261006_fbd9b67a.csv
20261006_162318;HBRE3;HBRE3.SA;COM_EVENTOS;COM_EVENTOS;REGISTRADO;INALTERADO;1;1;False;;False;data/raw/yahoo_dividendos/dividendos_HBRE3__20261006_eccaa8c7.csv
20261006_162318;HBSA3;HBSA3.SA;SEM_EVENTOS;SEM_EVENTOS;REGISTRADO;INALTERADO;1;0;False;;False;data/raw/yahoo_dividendos/dividendos_HBSA3__20261006_642daec7.csv
20261006_162318;HBTS5;HBTS5.SA;COM_EVENTOS;COM_EVENTOS;REGISTRADO;INALTERADO;1;15;False;;False;data/raw/yahoo_dividendos/dividendos_HBTS5__20261006_d310c810.csv
20261006_162318;HETA3;HETA3.SA;SEM_EVENTOS;SEM_EVENTOS;REGISTRADO;INALTERADO;1;0;False;;False;data/raw/yahoo_dividendos/dividendos_HETA3__20261006_642daec7.csv
20261006_162318;HETA4;HETA4.SA;SEM_EVENTOS;SEM_EVENTOS;REGISTRADO;INALTERADO;1;0;False;;False;data/raw/yahoo_dividendos/dividendos_HETA4__20261006_642daec7.csv
20261006_162318;HGTX3;HGTX3.SA;TICKER_NAO_ENCONTRADO;TICKER_NAO_ENCONTRADO;TICKER_NAO_ENCONTRADO;;;0;True;Yahoo sem metadados para o ticker;False;
20261006_162318;HOOT4;HOOT4.SA;SEM_EVENTOS;SEM_EVENTOS;REGISTRADO;INALTERADO;1;0;False;;False;data/raw/yahoo_dividendos/dividendos_HOOT4__20261006_642daec7.csv
20261006_162318;HRTP3;HRTP3.SA;TICKER_NAO_ENCONTRADO;TICKER_NAO_ENCONTRADO;TICKER_NAO_ENCONTRADO;;;0;True;Yahoo sem metadados para o ticker;False;
20261006_162318;HYPE3;HYPE3.SA;COM_EVENTOS;COM_EVENTOS;REGISTRADO;INALTERADO;1;48;False;;False;data/raw/yahoo_dividendos/dividendos_HYPE3__20261006_b2109155.csv
20261006_162318;IDNT3;IDNT3.SA;TICKER_NAO_ENCONTRADO;TICKER_NAO_ENCONTRADO;TICKER_NAO_ENCONTRADO;;;0;True;Yahoo sem metadados para o ticker;False;
20261006_162318;IENG3;IENG3.SA;TICKER_NAO_ENCONTRADO;TICKER_NAO_ENCONTRADO;TICKER_NAO_ENCONTRADO;;;0;True;Yahoo sem metadados para o ticker;False;
20261006_162318;IENG5;IENG5.SA;TICKER_NAO_ENCONTRADO;TICKER_NAO_ENCONTRADO;TICKER_NAO_ENCONTRADO;;;0;True;Yahoo sem metadados para o ticker;False;
20261006_162318;IFCM3;IFCM3.SA;SEM_EVENTOS;SEM_EVENTOS;REGISTRADO;INALTERADO;1;0;False;;False;data/raw/yahoo_dividendos/dividendos_IFCM3__20261006_642daec7.csv
20261006_162318;IGBR3;IGBR3.SA;TICKER_NAO_ENCONTRADO;TICKER_NAO_ENCONTRADO;TICKER_NAO_ENCONTRADO;;;0;True;Yahoo sem metadados para o ticker;False;
20261006_162318;IGTA3;IGTA3.SA;TICKER_NAO_ENCONTRADO;TICKER_NAO_ENCONTRADO;TICKER_NAO_ENCONTRADO;;;0;True;Yahoo sem metadados para o ticker;False;
20261006_162318;IGTI11;IGTI11.SA;COM_EVENTOS;COM_EVENTOS;REGISTRADO;INALTERADO;1;10;False;;False;data/raw/yahoo_dividendos/dividendos_IGTI11__20261006_8430de9d.csv
20261006_162318;IGTI3;IGTI3.SA;COM_EVENTOS;COM_EVENTOS;REGISTRADO;INALTERADO;1;21;False;;False;data/raw/yahoo_dividendos/dividendos_IGTI3__20261006_0d0cb469.csv
20261006_162318;IGTI4;IGTI4.SA;COM_EVENTOS;COM_EVENTOS;REGISTRADO;INALTERADO;1;8;False;;False;data/raw/yahoo_dividendos/dividendos_IGTI4__20261006_174dd428.csv
20261006_162318;IGUA3;IGUA3.SA;TICKER_NAO_ENCONTRADO;TICKER_NAO_ENCONTRADO;TICKER_NAO_ENCONTRADO;;;0;True;Yahoo sem metadados para o ticker;False;
20261006_162318;IGUA5;IGUA5.SA;TICKER_NAO_ENCONTRADO;TICKER_NAO_ENCONTRADO;TICKER_NAO_ENCONTRADO;;;0;True;Yahoo sem metadados para o ticker;False;
20261006_162318;IGUA6;IGUA6.SA;TICKER_NAO_ENCONTRADO;TICKER_NAO_ENCONTRADO;TICKER_NAO_ENCONTRADO;;;0;True;Yahoo sem metadados para o ticker;False;
20261006_162318;ILMD3;ILMD3.SA;TICKER_NAO_ENCONTRADO;TICKER_NAO_ENCONTRADO;TICKER_NAO_ENCONTRADO;;;0;True;Yahoo sem metadados para o ticker;False;
20261006_162318;ILMD4;ILMD4.SA;TICKER_NAO_ENCONTRADO;TICKER_NAO_ENCONTRADO;TICKER_NAO_ENCONTRADO;;;0;True;Yahoo sem metadados para o ticker;False;
20261006_162318;IMBI3;IMBI3.SA;TICKER_NAO_ENCONTRADO;TICKER_NAO_ENCONTRADO;TICKER_NAO_ENCONTRADO;;;0;True;Yahoo sem metadados para o ticker;False;
20261006_162318;IMBI4;IMBI4.SA;TICKER_NAO_ENCONTRADO;TICKER_NAO_ENCONTRADO;TICKER_NAO_ENCONTRADO;;;0;True;Yahoo sem metadados para o ticker;False;
20261006_162318;IMCH3;IMCH3.SA;TICKER_NAO_ENCONTRADO;TICKER_NAO_ENCONTRADO;TICKER_NAO_ENCONTRADO;;;0;True;Yahoo sem metadados para o ticker;False;
20261006_162318;INEP3;INEP3.SA;COM_EVENTOS;COM_EVENTOS;REGISTRADO;INALTERADO;1;1;False;;False;data/raw/yahoo_dividendos/dividendos_INEP3__20261006_0cd3bdbe.csv
20261006_162318;INEP4;INEP4.SA;COM_EVENTOS;COM_EVENTOS;REGISTRADO;INALTERADO;1;1;False;;False;data/raw/yahoo_dividendos/dividendos_INEP4__20261006_7c937541.csv
20261006_162318;INPR3;INPR3.SA;TICKER_NAO_ENCONTRADO;TICKER_NAO_ENCONTRADO;TICKER_NAO_ENCONTRADO;;;0;True;Yahoo sem metadados para o ticker;False;
20261006_162318;INTB3;INTB3.SA;COM_EVENTOS;COM_EVENTOS;REGISTRADO;INALTERADO;1;17;False;;False;data/raw/yahoo_dividendos/dividendos_INTB3__20261006_36386387.csv
20261006_162318;ISAE3;ISAE3.SA;COM_EVENTOS;COM_EVENTOS;REGISTRADO;INALTERADO;1;67;False;;False;data/raw/yahoo_dividendos/dividendos_ISAE3__20261006_5d718b3c.csv
20261006_162318;ISAE4;ISAE4.SA;COM_EVENTOS;COM_EVENTOS;REGISTRADO;INALTERADO;1;65;False;;False;data/raw/yahoo_dividendos/dividendos_ISAE4__20261006_d751631d.csv
20261006_162318;ITEC3;ITEC3.SA;TICKER_NAO_ENCONTRADO;TICKER_NAO_ENCONTRADO;TICKER_NAO_ENCONTRADO;;;0;True;Yahoo sem metadados para o ticker;False;
20261006_162318;ITSA3;ITSA3.SA;COM_EVENTOS;COM_EVENTOS;REGISTRADO;INALTERADO;1;144;False;;False;data/raw/yahoo_dividendos/dividendos_ITSA3__20261006_e066a5cd.csv
20261006_162318;ITSA4;ITSA4.SA;COM_EVENTOS;COM_EVENTOS;REGISTRADO;INALTERADO;1;142;False;;False;data/raw/yahoo_dividendos/dividendos_ITSA4__20261006_61e069e7.csv
20261006_162318;JALL3;JALL3.SA;COM_EVENTOS;COM_EVENTOS;REGISTRADO;INALTERADO;1;6;False;;False;data/raw/yahoo_dividendos/dividendos_JALL3__20261006_ff6f0b07.csv
20261006_162318;JBSS3;JBSS3.SA;TICKER_NAO_ENCONTRADO;TICKER_NAO_ENCONTRADO;TICKER_NAO_ENCONTRADO;;;0;True;Yahoo sem metadados para o ticker;False;
20261006_162318;JFEN3;JFEN3.SA;COM_EVENTOS;COM_EVENTOS;REGISTRADO;INALTERADO;1;4;False;;False;data/raw/yahoo_dividendos/dividendos_JFEN3__20261006_a04f93d5.csv
20261006_162318;JHSF3;JHSF3.SA;COM_EVENTOS;COM_EVENTOS;REGISTRADO;INALTERADO;1;62;False;;False;data/raw/yahoo_dividendos/dividendos_JHSF3__20261006_265cdf62.csv
20261006_162318;JOPA3;JOPA3.SA;COM_EVENTOS;COM_EVENTOS;REGISTRADO;INALTERADO;1;20;False;;False;data/raw/yahoo_dividendos/dividendos_JOPA3__20261006_c90ba933.csv
20261006_162318;JOPA4;JOPA4.SA;COM_EVENTOS;COM_EVENTOS;REGISTRADO;INALTERADO;1;23;False;;False;data/raw/yahoo_dividendos/dividendos_JOPA4__20261006_ef5d8706.csv
20261006_162318;JPSA3;JPSA3.SA;TICKER_NAO_ENCONTRADO;TICKER_NAO_ENCONTRADO;TICKER_NAO_ENCONTRADO;;;0;True;Yahoo sem metadados para o ticker;False;
20261006_162318;JPSA4;JPSA4.SA;TICKER_NAO_ENCONTRADO;TICKER_NAO_ENCONTRADO;TICKER_NAO_ENCONTRADO;;;0;True;Yahoo sem metadados para o ticker;False;
20261006_162318;JSLG3;JSLG3.SA;COM_EVENTOS;COM_EVENTOS;REGISTRADO;INALTERADO;1;8;False;;False;data/raw/yahoo_dividendos/dividendos_JSLG3__20261006_1acbee89.csv
20261006_162318;KEPL3;KEPL3.SA;COM_EVENTOS;COM_EVENTOS;REGISTRADO;INALTERADO;1;27;False;;False;data/raw/yahoo_dividendos/dividendos_KEPL3__20261006_12497b97.csv
20261006_162318;KLBN11;KLBN11.SA;COM_EVENTOS;COM_EVENTOS;REGISTRADO;INALTERADO;1;47;False;;False;data/raw/yahoo_dividendos/dividendos_KLBN11__20261006_87f742a1.csv
20261006_162318;KLBN3;KLBN3.SA;COM_EVENTOS;COM_EVENTOS;REGISTRADO;INALTERADO;1;56;False;;False;data/raw/yahoo_dividendos/dividendos_KLBN3__20261006_698f4531.csv
20261006_162318;KLBN4;KLBN4.SA;COM_EVENTOS;COM_EVENTOS;REGISTRADO;INALTERADO;1;58;False;;False;data/raw/yahoo_dividendos/dividendos_KLBN4__20261006_2d8d8c0d.csv
20261006_162318;KROT11;KROT11.SA;TICKER_NAO_ENCONTRADO;TICKER_NAO_ENCONTRADO;TICKER_NAO_ENCONTRADO;;;0;True;Yahoo sem metadados para o ticker;False;
20261006_162318;KROT3;KROT3.SA;TICKER_NAO_ENCONTRADO;TICKER_NAO_ENCONTRADO;TICKER_NAO_ENCONTRADO;;;0;True;Yahoo sem metadados para o ticker;False;
20261006_162318;KROT4;KROT4.SA;TICKER_NAO_ENCONTRADO;TICKER_NAO_ENCONTRADO;TICKER_NAO_ENCONTRADO;;;0;True;Yahoo sem metadados para o ticker;False;
20261006_162318;KRSA3;KRSA3.SA;TICKER_NAO_ENCONTRADO;TICKER_NAO_ENCONTRADO;TICKER_NAO_ENCONTRADO;;;0;True;Yahoo sem metadados para o ticker;False;
20261006_162318;LAME3;LAME3.SA;TICKER_NAO_ENCONTRADO;TICKER_NAO_ENCONTRADO;TICKER_NAO_ENCONTRADO;;;0;True;Yahoo sem metadados para o ticker;False;
20261006_162318;LAME4;LAME4.SA;TICKER_NAO_ENCONTRADO;TICKER_NAO_ENCONTRADO;TICKER_NAO_ENCONTRADO;;;0;True;Yahoo sem metadados para o ticker;False;
20261006_162318;LAND3;LAND3.SA;COM_EVENTOS;COM_EVENTOS;REGISTRADO;INALTERADO;1;4;False;;False;data/raw/yahoo_dividendos/dividendos_LAND3__20261006_e04ec5c4.csv
20261006_162318;LAVV3;LAVV3.SA;COM_EVENTOS;COM_EVENTOS;REGISTRADO;INALTERADO;1;20;False;;False;data/raw/yahoo_dividendos/dividendos_LAVV3__20261006_7137fb64.csv
20261006_162318;LCAM3;LCAM3.SA;TICKER_NAO_ENCONTRADO;TICKER_NAO_ENCONTRADO;TICKER_NAO_ENCONTRADO;;;0;True;Yahoo sem metadados para o ticker;False;
20261006_162318;LEVE3;LEVE3.SA;COM_EVENTOS;COM_EVENTOS;REGISTRADO;INALTERADO;1;45;False;;False;data/raw/yahoo_dividendos/dividendos_LEVE3__20261006_20a1b048.csv
20261006_162318;LEVE4;LEVE4.SA;TICKER_NAO_ENCONTRADO;TICKER_NAO_ENCONTRADO;TICKER_NAO_ENCONTRADO;;;0;True;Yahoo sem metadados para o ticker;False;
20261006_162318;LFFE3;LFFE3.SA;TICKER_NAO_ENCONTRADO;TICKER_NAO_ENCONTRADO;TICKER_NAO_ENCONTRADO;;;0;True;Yahoo sem metadados para o ticker;False;
20261006_162318;LFFE4;LFFE4.SA;TICKER_NAO_ENCONTRADO;TICKER_NAO_ENCONTRADO;TICKER_NAO_ENCONTRADO;;;0;True;Yahoo sem metadados para o ticker;False;
20261006_162318;LHER4;LHER4.SA;TICKER_NAO_ENCONTRADO;TICKER_NAO_ENCONTRADO;TICKER_NAO_ENCONTRADO;;;0;True;Yahoo sem metadados para o ticker;False;
20261006_162318;LIGT3;LIGT3.SA;COM_EVENTOS;COM_EVENTOS;REGISTRADO;INALTERADO;1;18;False;;False;data/raw/yahoo_dividendos/dividendos_LIGT3__20261006_5c2e201f.csv
20261006_162318;LINX3;LINX3.SA;TICKER_NAO_ENCONTRADO;TICKER_NAO_ENCONTRADO;TICKER_NAO_ENCONTRADO;;;0;True;Yahoo sem metadados para o ticker;False;
20261006_162318;LIQO3;LIQO3.SA;TICKER_NAO_ENCONTRADO;TICKER_NAO_ENCONTRADO;TICKER_NAO_ENCONTRADO;;;0;True;Yahoo sem metadados para o ticker;False;
20261006_162318;LIXC3;LIXC3.SA;TICKER_NAO_ENCONTRADO;TICKER_NAO_ENCONTRADO;TICKER_NAO_ENCONTRADO;;;0;True;Yahoo sem metadados para o ticker;False;
20261006_162318;LIXC4;LIXC4.SA;TICKER_NAO_ENCONTRADO;TICKER_NAO_ENCONTRADO;TICKER_NAO_ENCONTRADO;;;0;True;Yahoo sem metadados para o ticker;False;
20261006_162318;LJQQ3;LJQQ3.SA;COM_EVENTOS;COM_EVENTOS;REGISTRADO;INALTERADO;1;5;False;;False;data/raw/yahoo_dividendos/dividendos_LJQQ3__20261006_53123975.csv
20261006_162318;LLIS3;LLIS3.SA;TICKER_NAO_ENCONTRADO;TICKER_NAO_ENCONTRADO;TICKER_NAO_ENCONTRADO;;;0;True;Yahoo sem metadados para o ticker;False;
20261006_162318;LLXL3;LLXL3.SA;TICKER_NAO_ENCONTRADO;TICKER_NAO_ENCONTRADO;TICKER_NAO_ENCONTRADO;;;0;True;Yahoo sem metadados para o ticker;False;
20261006_162318;LOGG3;LOGG3.SA;COM_EVENTOS;COM_EVENTOS;REGISTRADO;INALTERADO;1;14;False;;False;data/raw/yahoo_dividendos/dividendos_LOGG3__20261006_33d86e4b.csv
20261006_162318;LOGN3;LOGN3.SA;COM_EVENTOS;COM_EVENTOS;REGISTRADO;INALTERADO;1;2;False;;False;data/raw/yahoo_dividendos/dividendos_LOGN3__20261006_77490de8.csv
20261006_162318;LPSB3;LPSB3.SA;COM_EVENTOS;COM_EVENTOS;REGISTRADO;INALTERADO;1;12;False;;False;data/raw/yahoo_dividendos/dividendos_LPSB3__20261006_75702108.csv
20261006_162318;LREN3;LREN3.SA;COM_EVENTOS;COM_EVENTOS;REGISTRADO;INALTERADO;1;79;False;;False;data/raw/yahoo_dividendos/dividendos_LREN3__20261006_4432a3a5.csv
20261006_162318;LUPA3;LUPA3.SA;SEM_EVENTOS;SEM_EVENTOS;REGISTRADO;INALTERADO;1;0;False;;False;data/raw/yahoo_dividendos/dividendos_LUPA3__20261006_642daec7.csv
20261006_162318;LUXM3;LUXM3.SA;TICKER_NAO_ENCONTRADO;TICKER_NAO_ENCONTRADO;TICKER_NAO_ENCONTRADO;;;0;True;Yahoo sem metadados para o ticker;False;
20261006_162318;LUXM4;LUXM4.SA;COM_EVENTOS;COM_EVENTOS;REGISTRADO;INALTERADO;1;20;False;;False;data/raw/yahoo_dividendos/dividendos_LUXM4__20261006_9fbc83d6.csv
20261006_162318;LWSA3;LWSA3.SA;COM_EVENTOS;COM_EVENTOS;REGISTRADO;INALTERADO;1;6;False;;False;data/raw/yahoo_dividendos/dividendos_LWSA3__20261006_f22629d4.csv
20261006_162318;MAGG3;MAGG3.SA;TICKER_NAO_ENCONTRADO;TICKER_NAO_ENCONTRADO;TICKER_NAO_ENCONTRADO;;;0;True;Yahoo sem metadados para o ticker;False;
20261006_162318;MAPT3;MAPT3.SA;SEM_EVENTOS;SEM_EVENTOS;REGISTRADO;INALTERADO;1;0;False;;False;data/raw/yahoo_dividendos/dividendos_MAPT3__20261006_642daec7.csv
20261006_162318;MAPT4;MAPT4.SA;SEM_EVENTOS;SEM_EVENTOS;REGISTRADO;INALTERADO;1;0;False;;False;data/raw/yahoo_dividendos/dividendos_MAPT4__20261006_642daec7.csv
20261006_162318;MATD3;MATD3.SA;COM_EVENTOS;COM_EVENTOS;REGISTRADO;INALTERADO;1;5;False;;False;data/raw/yahoo_dividendos/dividendos_MATD3__20261006_cf37d9e8.csv
20261006_162318;MBLY3;MBLY3.SA;TICKER_NAO_ENCONTRADO;TICKER_NAO_ENCONTRADO;TICKER_NAO_ENCONTRADO;;;0;True;Yahoo sem metadados para o ticker;False;
20261006_162318;MBRF3;MBRF3.SA;COM_EVENTOS;COM_EVENTOS;REGISTRADO;INALTERADO;1;11;False;;False;data/raw/yahoo_dividendos/dividendos_MBRF3__20261006_a9e3a44b.csv
20261006_162318;MDIA3;MDIA3.SA;COM_EVENTOS;COM_EVENTOS;REGISTRADO;INALTERADO;1;56;False;;False;data/raw/yahoo_dividendos/dividendos_MDIA3__20261006_f5a4face.csv
20261006_162318;MDNE3;MDNE3.SA;COM_EVENTOS;COM_EVENTOS;REGISTRADO;INALTERADO;1;4;False;;False;data/raw/yahoo_dividendos/dividendos_MDNE3__20261006_8f013dde.csv
20261006_162318;MEAL3;MEAL3.SA;COM_EVENTOS;COM_EVENTOS;REGISTRADO;INALTERADO;1;4;False;;False;data/raw/yahoo_dividendos/dividendos_MEAL3__20261006_9cbaeda8.csv
20261006_162318;MEGA3;MEGA3.SA;TICKER_NAO_ENCONTRADO;TICKER_NAO_ENCONTRADO;TICKER_NAO_ENCONTRADO;;;0;True;Yahoo sem metadados para o ticker;False;
20261006_162318;MELK3;MELK3.SA;COM_EVENTOS;COM_EVENTOS;REGISTRADO;INALTERADO;1;17;False;;False;data/raw/yahoo_dividendos/dividendos_MELK3__20261006_36d1dff0.csv
20261006_162318;MEND5;MEND5.SA;TICKER_NAO_ENCONTRADO;TICKER_NAO_ENCONTRADO;TICKER_NAO_ENCONTRADO;;;0;True;Yahoo sem metadados para o ticker;False;
20261006_162318;MEND6;MEND6.SA;TICKER_NAO_ENCONTRADO;TICKER_NAO_ENCONTRADO;TICKER_NAO_ENCONTRADO;;;0;True;Yahoo sem metadados para o ticker;False;
20261006_162318;MGEL3;MGEL3.SA;TICKER_NAO_ENCONTRADO;TICKER_NAO_ENCONTRADO;TICKER_NAO_ENCONTRADO;;;0;True;Yahoo sem metadados para o ticker;False;
20261006_162318;MGEL4;MGEL4.SA;COM_EVENTOS;COM_EVENTOS;REGISTRADO;INALTERADO;1;1;False;;False;data/raw/yahoo_dividendos/dividendos_MGEL4__20261006_a80d53b7.csv
20261006_162318;MGLU3;MGLU3.SA;COM_EVENTOS;COM_EVENTOS;REGISTRADO;INALTERADO;1;17;False;;False;data/raw/yahoo_dividendos/dividendos_MGLU3__20261006_ac1c1d2d.csv
20261006_162318;MILS3;MILS3.SA;COM_EVENTOS;COM_EVENTOS;REGISTRADO;INALTERADO;1;32;False;;False;data/raw/yahoo_dividendos/dividendos_MILS3__20261006_302ac106.csv
20261006_162318;MLAS3;MLAS3.SA;COM_EVENTOS;COM_EVENTOS;REGISTRADO;INALTERADO;1;2;False;;False;data/raw/yahoo_dividendos/dividendos_MLAS3__20261006_7bbbb24c.csv
20261006_162318;MMAQ3;MMAQ3.SA;COM_EVENTOS;COM_EVENTOS;REGISTRADO;INALTERADO;1;25;False;;False;data/raw/yahoo_dividendos/dividendos_MMAQ3__20261006_e5ff4adb.csv
20261006_162318;MMAQ4;MMAQ4.SA;COM_EVENTOS;COM_EVENTOS;REGISTRADO;INALTERADO;1;19;False;;False;data/raw/yahoo_dividendos/dividendos_MMAQ4__20261006_f3881907.csv
20261006_162318;MMXM3;MMXM3.SA;TICKER_NAO_ENCONTRADO;TICKER_NAO_ENCONTRADO;TICKER_NAO_ENCONTRADO;;;0;True;Yahoo sem metadados para o ticker;False;
20261006_162318;MNDL3;MNDL3.SA;COM_EVENTOS;COM_EVENTOS;REGISTRADO;INALTERADO;1;5;False;;False;data/raw/yahoo_dividendos/dividendos_MNDL3__20261006_de87609f.csv
20261006_162318;MNDL4;MNDL4.SA;TICKER_NAO_ENCONTRADO;TICKER_NAO_ENCONTRADO;TICKER_NAO_ENCONTRADO;;;0;True;Yahoo sem metadados para o ticker;False;
20261006_162318;MNPR3;MNPR3.SA;COM_EVENTOS;COM_EVENTOS;REGISTRADO;INALTERADO;1;1;False;;False;data/raw/yahoo_dividendos/dividendos_MNPR3__20261006_694b8642.csv
20261006_162318;MOSI3;MOSI3.SA;TICKER_NAO_ENCONTRADO;TICKER_NAO_ENCONTRADO;TICKER_NAO_ENCONTRADO;;;0;True;Yahoo sem metadados para o ticker;False;
20261006_162318;MOTV3;MOTV3.SA;COM_EVENTOS;COM_EVENTOS;REGISTRADO;INALTERADO;1;39;False;;False;data/raw/yahoo_dividendos/dividendos_MOTV3__20261006_21e92650.csv
20261006_162318;MOVI3;MOVI3.SA;COM_EVENTOS;COM_EVENTOS;REGISTRADO;INALTERADO;1;24;False;;False;data/raw/yahoo_dividendos/dividendos_MOVI3__20261006_827735bf.csv
20261006_162318;MPLU3;MPLU3.SA;TICKER_NAO_ENCONTRADO;TICKER_NAO_ENCONTRADO;TICKER_NAO_ENCONTRADO;;;0;True;Yahoo sem metadados para o ticker;False;
20261006_162318;MPXE3;MPXE3.SA;TICKER_NAO_ENCONTRADO;TICKER_NAO_ENCONTRADO;TICKER_NAO_ENCONTRADO;;;0;True;Yahoo sem metadados para o ticker;False;
20261006_162318;MRFG3;MRFG3.SA;TICKER_NAO_ENCONTRADO;TICKER_NAO_ENCONTRADO;TICKER_NAO_ENCONTRADO;;;0;True;Yahoo sem metadados para o ticker;False;
20261006_162318;MRSL3;MRSL3.SA;TICKER_NAO_ENCONTRADO;TICKER_NAO_ENCONTRADO;TICKER_NAO_ENCONTRADO;;;0;True;Yahoo sem metadados para o ticker;False;
20261006_162318;MRSL4;MRSL4.SA;TICKER_NAO_ENCONTRADO;TICKER_NAO_ENCONTRADO;TICKER_NAO_ENCONTRADO;;;0;True;Yahoo sem metadados para o ticker;False;
20261006_162318;MRVE3;MRVE3.SA;COM_EVENTOS;COM_EVENTOS;REGISTRADO;INALTERADO;1;24;False;;False;data/raw/yahoo_dividendos/dividendos_MRVE3__20261006_39898c12.csv
20261006_162318;MSPA3;MSPA3.SA;COM_EVENTOS;COM_EVENTOS;REGISTRADO;INALTERADO;1;8;False;;False;data/raw/yahoo_dividendos/dividendos_MSPA3__20261006_123030c7.csv
20261006_162318;MSPA4;MSPA4.SA;COM_EVENTOS;COM_EVENTOS;REGISTRADO;INALTERADO;1;8;False;;False;data/raw/yahoo_dividendos/dividendos_MSPA4__20261006_ba350152.csv
20261006_162318;MTIG3;MTIG3.SA;TICKER_NAO_ENCONTRADO;TICKER_NAO_ENCONTRADO;TICKER_NAO_ENCONTRADO;;;0;True;Yahoo sem metadados para o ticker;False;
20261006_162318;MTIG4;MTIG4.SA;TICKER_NAO_ENCONTRADO;TICKER_NAO_ENCONTRADO;TICKER_NAO_ENCONTRADO;;;0;True;Yahoo sem metadados para o ticker;False;
20261006_162318;MTRE3;MTRE3.SA;COM_EVENTOS;COM_EVENTOS;REGISTRADO;INALTERADO;1;37;False;;False;data/raw/yahoo_dividendos/dividendos_MTRE3__20261006_e3fcba3e.csv
20261006_162318;MTSA3;MTSA3.SA;COM_EVENTOS;COM_EVENTOS;REGISTRADO;INALTERADO;1;42;False;;False;data/raw/yahoo_dividendos/dividendos_MTSA3__20261006_1b9df9da.csv
20261006_162318;MTSA4;MTSA4.SA;COM_EVENTOS;COM_EVENTOS;REGISTRADO;INALTERADO;1;38;False;;False;data/raw/yahoo_dividendos/dividendos_MTSA4__20261006_9d50f923.csv
20261006_162318;MULT3;MULT3.SA;COM_EVENTOS;COM_EVENTOS;REGISTRADO;INALTERADO;1;45;False;;False;data/raw/yahoo_dividendos/dividendos_MULT3__20261006_761c217f.csv
20261006_162318;MWET3;MWET3.SA;SEM_EVENTOS;SEM_EVENTOS;REGISTRADO;INALTERADO;1;0;False;;False;data/raw/yahoo_dividendos/dividendos_MWET3__20261006_642daec7.csv
20261006_162318;MWET4;MWET4.SA;SEM_EVENTOS;SEM_EVENTOS;REGISTRADO;INALTERADO;1;0;False;;False;data/raw/yahoo_dividendos/dividendos_MWET4__20261006_642daec7.csv
20261006_162318;MYPK3;MYPK3.SA;COM_EVENTOS;COM_EVENTOS;REGISTRADO;INALTERADO;1;28;False;;False;data/raw/yahoo_dividendos/dividendos_MYPK3__20261006_0f8969da.csv
20261006_162318;NAFG3;NAFG3.SA;TICKER_NAO_ENCONTRADO;TICKER_NAO_ENCONTRADO;TICKER_NAO_ENCONTRADO;;;0;True;Yahoo sem metadados para o ticker;False;
20261006_162318;NAFG4;NAFG4.SA;TICKER_NAO_ENCONTRADO;TICKER_NAO_ENCONTRADO;TICKER_NAO_ENCONTRADO;;;0;True;Yahoo sem metadados para o ticker;False;
20261006_162318;NATU3;NATU3.SA;COM_EVENTOS;COM_EVENTOS;REGISTRADO;INALTERADO;1;24;False;;False;data/raw/yahoo_dividendos/dividendos_NATU3__20261006_c32c4584.csv
20261006_162318;NEOE3;NEOE3.SA;TICKER_NAO_ENCONTRADO;TICKER_NAO_ENCONTRADO;TICKER_NAO_ENCONTRADO;;;0;True;Yahoo sem metadados para o ticker;False;
20261006_162318;NETC3;NETC3.SA;TICKER_NAO_ENCONTRADO;TICKER_NAO_ENCONTRADO;TICKER_NAO_ENCONTRADO;;;0;True;Yahoo sem metadados para o ticker;False;
20261006_162318;NETC4;NETC4.SA;TICKER_NAO_ENCONTRADO;TICKER_NAO_ENCONTRADO;TICKER_NAO_ENCONTRADO;;;0;True;Yahoo sem metadados para o ticker;False;
20261006_162318;NEXP3;NEXP3.SA;COM_EVENTOS;COM_EVENTOS;REGISTRADO;INALTERADO;1;7;False;;False;data/raw/yahoo_dividendos/dividendos_NEXP3__20261006_8b60f36e.csv
20261006_162318;NGRD3;NGRD3.SA;TICKER_NAO_ENCONTRADO;TICKER_NAO_ENCONTRADO;TICKER_NAO_ENCONTRADO;;;0;True;Yahoo sem metadados para o ticker;False;
20261006_162318;NINJ3;NINJ3.SA;TICKER_NAO_ENCONTRADO;TICKER_NAO_ENCONTRADO;TICKER_NAO_ENCONTRADO;;;0;True;Yahoo sem metadados para o ticker;False;
20261006_162318;NORD3;NORD3.SA;SEM_EVENTOS;SEM_EVENTOS;REGISTRADO;INALTERADO;1;0;False;;False;data/raw/yahoo_dividendos/dividendos_NORD3__20261006_642daec7.csv
20261006_162318;NTCO3;NTCO3.SA;TICKER_NAO_ENCONTRADO;TICKER_NAO_ENCONTRADO;TICKER_NAO_ENCONTRADO;;;0;True;Yahoo sem metadados para o ticker;False;
20261006_162318;NUTR3;NUTR3.SA;SEM_EVENTOS;SEM_EVENTOS;REGISTRADO;INALTERADO;1;0;False;;False;data/raw/yahoo_dividendos/dividendos_NUTR3__20261006_642daec7.csv
20261006_162318;ODER4;ODER4.SA;SEM_EVENTOS;SEM_EVENTOS;REGISTRADO;INALTERADO;1;0;False;;False;data/raw/yahoo_dividendos/dividendos_ODER4__20261006_642daec7.csv
20261006_162318;ODPV3;ODPV3.SA;TICKER_NAO_ENCONTRADO;TICKER_NAO_ENCONTRADO;TICKER_NAO_ENCONTRADO;;;0;True;Yahoo sem metadados para o ticker;False;
20261006_162318;OFSA3;OFSA3.SA;COM_EVENTOS;COM_EVENTOS;REGISTRADO;INALTERADO;1;22;False;;False;data/raw/yahoo_dividendos/dividendos_OFSA3__20261006_329a5456.csv
20261006_162318;OGXP3;OGXP3.SA;TICKER_NAO_ENCONTRADO;TICKER_NAO_ENCONTRADO;TICKER_NAO_ENCONTRADO;;;0;True;Yahoo sem metadados para o ticker;False;
20261006_162318;OHLB3;OHLB3.SA;TICKER_NAO_ENCONTRADO;TICKER_NAO_ENCONTRADO;TICKER_NAO_ENCONTRADO;;;0;True;Yahoo sem metadados para o ticker;False;
20261006_162318;OIBR3;OIBR3.SA;COM_EVENTOS;COM_EVENTOS;REGISTRADO;INALTERADO;1;7;False;;False;data/raw/yahoo_dividendos/dividendos_OIBR3__20261006_1044e190.csv
20261006_162318;OIBR4;OIBR4.SA;COM_EVENTOS;COM_EVENTOS;REGISTRADO;INALTERADO;1;23;False;;False;data/raw/yahoo_dividendos/dividendos_OIBR4__20261006_f2304c4a.csv
20261006_162318;OMGE3;OMGE3.SA;TICKER_NAO_ENCONTRADO;TICKER_NAO_ENCONTRADO;TICKER_NAO_ENCONTRADO;;;0;True;Yahoo sem metadados para o ticker;False;
20261006_162318;ONCO3;ONCO3.SA;SEM_EVENTOS;SEM_EVENTOS;REGISTRADO;INALTERADO;1;0;False;;False;data/raw/yahoo_dividendos/dividendos_ONCO3__20261006_642daec7.csv
20261006_162318;OPCT3;OPCT3.SA;COM_EVENTOS;COM_EVENTOS;REGISTRADO;INALTERADO;1;1;False;;False;data/raw/yahoo_dividendos/dividendos_OPCT3__20261006_d6fbc4a1.csv
20261006_162318;ORVR3;ORVR3.SA;SEM_EVENTOS;SEM_EVENTOS;REGISTRADO;INALTERADO;1;0;False;;False;data/raw/yahoo_dividendos/dividendos_ORVR3__20261006_642daec7.csv
20261006_162318;OSXB3;OSXB3.SA;SEM_EVENTOS;SEM_EVENTOS;REGISTRADO;INALTERADO;1;0;False;;False;data/raw/yahoo_dividendos/dividendos_OSXB3__20261006_642daec7.csv
20261006_162318;PARD3;PARD3.SA;TICKER_NAO_ENCONTRADO;TICKER_NAO_ENCONTRADO;TICKER_NAO_ENCONTRADO;;;0;True;Yahoo sem metadados para o ticker;False;
20261006_162318;PASS3;PASS3.SA;SEM_EVENTOS;SEM_EVENTOS;REGISTRADO;INALTERADO;1;0;False;;False;data/raw/yahoo_dividendos/dividendos_PASS3__20261006_642daec7.csv
20261006_162318;PATI3;PATI3.SA;COM_EVENTOS;COM_EVENTOS;REGISTRADO;INALTERADO;1;21;False;;False;data/raw/yahoo_dividendos/dividendos_PATI3__20261006_986357be.csv
20261006_162318;PATI4;PATI4.SA;COM_EVENTOS;COM_EVENTOS;REGISTRADO;INALTERADO;1;20;False;;False;data/raw/yahoo_dividendos/dividendos_PATI4__20261006_d8688233.csv
20261006_162318;PCAR3;PCAR3.SA;COM_EVENTOS;COM_EVENTOS;REGISTRADO;INALTERADO;1;39;False;;False;data/raw/yahoo_dividendos/dividendos_PCAR3__20261006_2ffcafa1.csv
20261006_162318;PCAR4;PCAR4.SA;TICKER_NAO_ENCONTRADO;TICKER_NAO_ENCONTRADO;TICKER_NAO_ENCONTRADO;;;0;True;Yahoo sem metadados para o ticker;False;
20261006_162318;PCAR5;PCAR5.SA;TICKER_NAO_ENCONTRADO;TICKER_NAO_ENCONTRADO;TICKER_NAO_ENCONTRADO;;;0;True;Yahoo sem metadados para o ticker;False;
20261006_162318;PDGR3;PDGR3.SA;COM_EVENTOS;COM_EVENTOS;REGISTRADO;INALTERADO;1;5;False;;False;data/raw/yahoo_dividendos/dividendos_PDGR3__20261006_f3de7492.csv
20261006_162318;PDTC3;PDTC3.SA;COM_EVENTOS;COM_EVENTOS;REGISTRADO;INALTERADO;1;1;False;;False;data/raw/yahoo_dividendos/dividendos_PDTC3__20261006_479584c8.csv
20261006_162318;PEAB3;PEAB3.SA;COM_EVENTOS;COM_EVENTOS;REGISTRADO;INALTERADO;1;30;False;;False;data/raw/yahoo_dividendos/dividendos_PEAB3__20261006_bf5cce60.csv
20261006_162318;PEAB4;PEAB4.SA;COM_EVENTOS;COM_EVENTOS;REGISTRADO;INALTERADO;1;26;False;;False;data/raw/yahoo_dividendos/dividendos_PEAB4__20261006_db3f54d7.csv
20261006_162318;PETR3;PETR3.SA;COM_EVENTOS;COM_EVENTOS;REGISTRADO;INALTERADO;1;51;False;;False;data/raw/yahoo_dividendos/dividendos_PETR3__20261006_400229a0.csv
20261006_162318;PETR4;PETR4.SA;COM_EVENTOS;COM_EVENTOS;REGISTRADO;INALTERADO;1;62;False;;False;data/raw/yahoo_dividendos/dividendos_PETR4__20261006_65a940e2.csv
20261006_162318;PETZ3;PETZ3.SA;TICKER_NAO_ENCONTRADO;TICKER_NAO_ENCONTRADO;TICKER_NAO_ENCONTRADO;;;0;True;Yahoo sem metadados para o ticker;False;
20261006_162318;PFRM3;PFRM3.SA;COM_EVENTOS;COM_EVENTOS;REGISTRADO;INALTERADO;1;15;False;;False;data/raw/yahoo_dividendos/dividendos_PFRM3__20261006_3e8b7607.csv
20261006_162318;PGMN3;PGMN3.SA;COM_EVENTOS;COM_EVENTOS;REGISTRADO;INALTERADO;1;4;False;;False;data/raw/yahoo_dividendos/dividendos_PGMN3__20261006_e6c8b875.csv
20261006_162318;PLAS3;PLAS3.SA;COM_EVENTOS;COM_EVENTOS;REGISTRADO;INALTERADO;1;1;False;;False;data/raw/yahoo_dividendos/dividendos_PLAS3__20261006_bff65cc5.csv
20261006_162318;PLPL3;PLPL3.SA;COM_EVENTOS;COM_EVENTOS;REGISTRADO;INALTERADO;1;6;False;;False;data/raw/yahoo_dividendos/dividendos_PLPL3__20261006_f66125ee.csv
20261006_162318;PMAM3;PMAM3.SA;COM_EVENTOS;COM_EVENTOS;REGISTRADO;INALTERADO;1;2;False;;False;data/raw/yahoo_dividendos/dividendos_PMAM3__20261006_903d6777.csv
20261006_162318;PMET5;PMET5.SA;TICKER_NAO_ENCONTRADO;TICKER_NAO_ENCONTRADO;TICKER_NAO_ENCONTRADO;;;0;True;Yahoo sem metadados para o ticker;False;
20261006_162318;PMET6;PMET6.SA;TICKER_NAO_ENCONTRADO;TICKER_NAO_ENCONTRADO;TICKER_NAO_ENCONTRADO;;;0;True;Yahoo sem metadados para o ticker;False;
20261006_162318;PNOR5;PNOR5.SA;TICKER_NAO_ENCONTRADO;TICKER_NAO_ENCONTRADO;TICKER_NAO_ENCONTRADO;;;0;True;Yahoo sem metadados para o ticker;False;
20261006_162318;PNOR6;PNOR6.SA;TICKER_NAO_ENCONTRADO;TICKER_NAO_ENCONTRADO;TICKER_NAO_ENCONTRADO;;;0;True;Yahoo sem metadados para o ticker;False;
20261006_162318;PNVL3;PNVL3.SA;COM_EVENTOS;COM_EVENTOS;REGISTRADO;INALTERADO;1;47;False;;False;data/raw/yahoo_dividendos/dividendos_PNVL3__20261006_d5b165c1.csv
20261006_162318;PNVL4;PNVL4.SA;TICKER_NAO_ENCONTRADO;TICKER_NAO_ENCONTRADO;TICKER_NAO_ENCONTRADO;;;0;True;Yahoo sem metadados para o ticker;False;
20261006_162318;POMO3;POMO3.SA;COM_EVENTOS;COM_EVENTOS;REGISTRADO;INALTERADO;1;51;False;;False;data/raw/yahoo_dividendos/dividendos_POMO3__20261006_c13064da.csv
20261006_162318;POMO4;POMO4.SA;COM_EVENTOS;COM_EVENTOS;REGISTRADO;INALTERADO;1;48;False;;False;data/raw/yahoo_dividendos/dividendos_POMO4__20261006_594ca46a.csv
20261006_162318;PORT3;PORT3.SA;TICKER_NAO_ENCONTRADO;TICKER_NAO_ENCONTRADO;TICKER_NAO_ENCONTRADO;;;0;True;Yahoo sem metadados para o ticker;False;
20261006_162318;POSI3;POSI3.SA;COM_EVENTOS;COM_EVENTOS;REGISTRADO;INALTERADO;1;16;False;;False;data/raw/yahoo_dividendos/dividendos_POSI3__20261006_8cbc8591.csv
20261006_162318;POWE3;POWE3.SA;TICKER_NAO_ENCONTRADO;TICKER_NAO_ENCONTRADO;TICKER_NAO_ENCONTRADO;;;0;True;Yahoo sem metadados para o ticker;False;
20261006_162318;PRIO3;PRIO3.SA;COM_EVENTOS;COM_EVENTOS;REGISTRADO;INALTERADO;1;1;False;;False;data/raw/yahoo_dividendos/dividendos_PRIO3__20261006_1c033d1b.csv
20261006_162318;PRML3;PRML3.SA;TICKER_NAO_ENCONTRADO;TICKER_NAO_ENCONTRADO;TICKER_NAO_ENCONTRADO;;;0;True;Yahoo sem metadados para o ticker;False;
20261006_162318;PRNR3;PRNR3.SA;COM_EVENTOS;COM_EVENTOS;REGISTRADO;INALTERADO;1;5;False;;False;data/raw/yahoo_dividendos/dividendos_PRNR3__20261006_8bbd368b.csv
20261006_162318;PRTX3;PRTX3.SA;TICKER_NAO_ENCONTRADO;TICKER_NAO_ENCONTRADO;TICKER_NAO_ENCONTRADO;;;0;True;Yahoo sem metadados para o ticker;False;
20261006_162318;PRVI3;PRVI3.SA;TICKER_NAO_ENCONTRADO;TICKER_NAO_ENCONTRADO;TICKER_NAO_ENCONTRADO;;;0;True;Yahoo sem metadados para o ticker;False;
20261006_162318;PTBL3;PTBL3.SA;COM_EVENTOS;COM_EVENTOS;REGISTRADO;INALTERADO;1;21;False;;False;data/raw/yahoo_dividendos/dividendos_PTBL3__20261006_50fb8954.csv
20261006_162318;PTNT3;PTNT3.SA;TICKER_NAO_ENCONTRADO;TICKER_NAO_ENCONTRADO;TICKER_NAO_ENCONTRADO;;;0;True;Yahoo sem metadados para o ticker;False;
20261006_162318;PTNT4;PTNT4.SA;TICKER_NAO_ENCONTRADO;TICKER_NAO_ENCONTRADO;TICKER_NAO_ENCONTRADO;;;0;True;Yahoo sem metadados para o ticker;False;
20261006_162318;PTPA3;PTPA3.SA;TICKER_NAO_ENCONTRADO;TICKER_NAO_ENCONTRADO;TICKER_NAO_ENCONTRADO;;;0;True;Yahoo sem metadados para o ticker;False;
20261006_162318;PTPA4;PTPA4.SA;TICKER_NAO_ENCONTRADO;TICKER_NAO_ENCONTRADO;TICKER_NAO_ENCONTRADO;;;0;True;Yahoo sem metadados para o ticker;False;
20261006_162318;QGEP3;QGEP3.SA;TICKER_NAO_ENCONTRADO;TICKER_NAO_ENCONTRADO;TICKER_NAO_ENCONTRADO;;;0;True;Yahoo sem metadados para o ticker;False;
20261006_162318;QUAL3;QUAL3.SA;COM_EVENTOS;COM_EVENTOS;REGISTRADO;INALTERADO;1;20;False;;False;data/raw/yahoo_dividendos/dividendos_QUAL3__20261006_699b6bcf.csv
20261006_162318;RADL3;RADL3.SA;COM_EVENTOS;COM_EVENTOS;REGISTRADO;INALTERADO;1;83;False;;False;data/raw/yahoo_dividendos/dividendos_RADL3__20261006_60cfaa77.csv
20261006_162318;RAIA3;RAIA3.SA;TICKER_NAO_ENCONTRADO;TICKER_NAO_ENCONTRADO;TICKER_NAO_ENCONTRADO;;;0;True;Yahoo sem metadados para o ticker;False;
20261006_162318;RAIL3;RAIL3.SA;COM_EVENTOS;COM_EVENTOS;REGISTRADO;INALTERADO;1;5;False;;False;data/raw/yahoo_dividendos/dividendos_RAIL3__20261006_2d5dac5a.csv
20261006_162318;RAIZ4;RAIZ4.SA;COM_EVENTOS;COM_EVENTOS;REGISTRADO;INALTERADO;1;10;False;;False;data/raw/yahoo_dividendos/dividendos_RAIZ4__20261006_c2407b1e.csv
20261006_162318;RANI3;RANI3.SA;COM_EVENTOS;COM_EVENTOS;REGISTRADO;INALTERADO;1;48;False;;False;data/raw/yahoo_dividendos/dividendos_RANI3__20261006_640908f0.csv
20261006_162318;RANI4;RANI4.SA;TICKER_NAO_ENCONTRADO;TICKER_NAO_ENCONTRADO;TICKER_NAO_ENCONTRADO;;;0;True;Yahoo sem metadados para o ticker;False;
20261006_162318;RAPT3;RAPT3.SA;COM_EVENTOS;COM_EVENTOS;REGISTRADO;INALTERADO;1;39;False;;False;data/raw/yahoo_dividendos/dividendos_RAPT3__20261006_c365e030.csv
20261006_162318;RAPT4;RAPT4.SA;COM_EVENTOS;COM_EVENTOS;REGISTRADO;INALTERADO;1;33;False;;False;data/raw/yahoo_dividendos/dividendos_RAPT4__20261006_5d9720fd.csv
20261006_162318;RCSL3;RCSL3.SA;SEM_EVENTOS;SEM_EVENTOS;REGISTRADO;INALTERADO;1;0;False;;False;data/raw/yahoo_dividendos/dividendos_RCSL3__20261006_642daec7.csv
20261006_162318;RCSL4;RCSL4.SA;SEM_EVENTOS;SEM_EVENTOS;REGISTRADO;INALTERADO;1;0;False;;False;data/raw/yahoo_dividendos/dividendos_RCSL4__20261006_642daec7.csv
20261006_162318;RDCD3;RDCD3.SA;TICKER_NAO_ENCONTRADO;TICKER_NAO_ENCONTRADO;TICKER_NAO_ENCONTRADO;;;0;True;Yahoo sem metadados para o ticker;False;
20261006_162318;RDNI3;RDNI3.SA;TICKER_NAO_ENCONTRADO;TICKER_NAO_ENCONTRADO;TICKER_NAO_ENCONTRADO;;;0;True;Yahoo sem metadados para o ticker;False;
20261006_162318;RDOR3;RDOR3.SA;COM_EVENTOS;COM_EVENTOS;REGISTRADO;INALTERADO;1;22;False;;False;data/raw/yahoo_dividendos/dividendos_RDOR3__20261006_1328bee2.csv
20261006_162318;RECV3;RECV3.SA;COM_EVENTOS;COM_EVENTOS;REGISTRADO;INALTERADO;1;11;False;;False;data/raw/yahoo_dividendos/dividendos_RECV3__20261006_8b931fe2.csv
20261006_162318;REDE3;REDE3.SA;COM_EVENTOS;COM_EVENTOS;REGISTRADO;INALTERADO;1;27;False;;False;data/raw/yahoo_dividendos/dividendos_REDE3__20261006_0e058f90.csv
20261006_162318;REDE4;REDE4.SA;TICKER_NAO_ENCONTRADO;TICKER_NAO_ENCONTRADO;TICKER_NAO_ENCONTRADO;;;0;True;Yahoo sem metadados para o ticker;False;
20261006_162318;REEM4;REEM4.SA;TICKER_NAO_ENCONTRADO;TICKER_NAO_ENCONTRADO;TICKER_NAO_ENCONTRADO;;;0;True;Yahoo sem metadados para o ticker;False;
20261006_162318;RENT3;RENT3.SA;COM_EVENTOS;COM_EVENTOS;REGISTRADO;INALTERADO;1;88;False;;False;data/raw/yahoo_dividendos/dividendos_RENT3__20261006_072ab627.csv
20261006_162318;RENT4;RENT4.SA;COM_EVENTOS;COM_EVENTOS;REGISTRADO;INALTERADO;1;3;False;;False;data/raw/yahoo_dividendos/dividendos_RENT4__20261006_75841a6b.csv
20261006_162318;RHDS3;RHDS3.SA;TICKER_NAO_ENCONTRADO;TICKER_NAO_ENCONTRADO;TICKER_NAO_ENCONTRADO;;;0;True;Yahoo sem metadados para o ticker;False;
20261006_162318;RIAA3;RIAA3.SA;COM_EVENTOS;COM_EVENTOS;REGISTRADO;INALTERADO;1;44;False;;False;data/raw/yahoo_dividendos/dividendos_RIAA3__20261006_44c5dafd.csv
20261006_162318;RIOS3;RIOS3.SA;TICKER_NAO_ENCONTRADO;TICKER_NAO_ENCONTRADO;TICKER_NAO_ENCONTRADO;;;0;True;Yahoo sem metadados para o ticker;False;
20261006_162318;RLOG3;RLOG3.SA;TICKER_NAO_ENCONTRADO;TICKER_NAO_ENCONTRADO;TICKER_NAO_ENCONTRADO;;;0;True;Yahoo sem metadados para o ticker;False;
20261006_162318;RNEW11;RNEW11.SA;TICKER_NAO_ENCONTRADO;TICKER_NAO_ENCONTRADO;TICKER_NAO_ENCONTRADO;;;0;True;Yahoo sem metadados para o ticker;False;
20261006_162318;RNEW3;RNEW3.SA;COM_EVENTOS;COM_EVENTOS;REGISTRADO;INALTERADO;1;1;False;;False;data/raw/yahoo_dividendos/dividendos_RNEW3__20261006_c39ac4bd.csv
20261006_162318;RNEW4;RNEW4.SA;SEM_EVENTOS;SEM_EVENTOS;REGISTRADO;INALTERADO;1;0;False;;False;data/raw/yahoo_dividendos/dividendos_RNEW4__20261006_642daec7.csv
20261006_162318;ROMI3;ROMI3.SA;COM_EVENTOS;COM_EVENTOS;REGISTRADO;INALTERADO;1;51;False;;False;data/raw/yahoo_dividendos/dividendos_ROMI3__20261006_a75499ca.csv
20261006_162318;RPMG3;RPMG3.SA;SEM_EVENTOS;SEM_EVENTOS;REGISTRADO;INALTERADO;1;0;False;;False;data/raw/yahoo_dividendos/dividendos_RPMG3__20261006_642daec7.csv
20261006_162318;RPMG4;RPMG4.SA;TICKER_NAO_ENCONTRADO;TICKER_NAO_ENCONTRADO;TICKER_NAO_ENCONTRADO;;;0;True;Yahoo sem metadados para o ticker;False;
20261006_162318;RRRP3;RRRP3.SA;TICKER_NAO_ENCONTRADO;TICKER_NAO_ENCONTRADO;TICKER_NAO_ENCONTRADO;;;0;True;Yahoo sem metadados para o ticker;False;
20261006_162318;RSID3;RSID3.SA;COM_EVENTOS;COM_EVENTOS;REGISTRADO;INALTERADO;1;5;False;;False;data/raw/yahoo_dividendos/dividendos_RSID3__20261006_f1f8601d.csv
20261006_162318;RSIP3;RSIP3.SA;TICKER_NAO_ENCONTRADO;TICKER_NAO_ENCONTRADO;TICKER_NAO_ENCONTRADO;;;0;True;Yahoo sem metadados para o ticker;False;
20261006_162318;RSIP4;RSIP4.SA;TICKER_NAO_ENCONTRADO;TICKER_NAO_ENCONTRADO;TICKER_NAO_ENCONTRADO;;;0;True;Yahoo sem metadados para o ticker;False;
20261006_162318;RSUL4;RSUL4.SA;COM_EVENTOS;COM_EVENTOS;REGISTRADO;INALTERADO;1;5;False;;False;data/raw/yahoo_dividendos/dividendos_RSUL4__20261006_4190fdca.csv
20261006_162318;RUMO3;RUMO3.SA;TICKER_NAO_ENCONTRADO;TICKER_NAO_ENCONTRADO;TICKER_NAO_ENCONTRADO;;;0;True;Yahoo sem metadados para o ticker;False;
20261006_162318;RVEE3;RVEE3.SA;SEM_EVENTOS;SEM_EVENTOS;REGISTRADO;INALTERADO;1;0;False;;False;data/raw/yahoo_dividendos/dividendos_RVEE3__20261006_642daec7.csv
20261006_162318;SAPR11;SAPR11.SA;COM_EVENTOS;COM_EVENTOS;REGISTRADO;INALTERADO;1;20;False;;False;data/raw/yahoo_dividendos/dividendos_SAPR11__20261006_5389ac19.csv
20261006_162318;SAPR3;SAPR3.SA;COM_EVENTOS;COM_EVENTOS;REGISTRADO;INALTERADO;1;37;False;;False;data/raw/yahoo_dividendos/dividendos_SAPR3__20261006_2a6ccdc5.csv
20261006_162318;SAPR4;SAPR4.SA;COM_EVENTOS;COM_EVENTOS;REGISTRADO;INALTERADO;1;38;False;;False;data/raw/yahoo_dividendos/dividendos_SAPR4__20261006_a6b3d6f9.csv
20261006_162318;SAUD3;SAUD3.SA;COM_EVENTOS;COM_EVENTOS;REGISTRADO;INALTERADO;1;104;False;;False;data/raw/yahoo_dividendos/dividendos_SAUD3__20261006_27b2fa03.csv
20261006_162318;SBFG3;SBFG3.SA;COM_EVENTOS;COM_EVENTOS;REGISTRADO;INALTERADO;1;5;False;;False;data/raw/yahoo_dividendos/dividendos_SBFG3__20261006_636de9d9.csv
20261006_162318;SBSP3;SBSP3.SA;COM_EVENTOS;COM_EVENTOS;REGISTRADO;INALTERADO;1;25;False;;False;data/raw/yahoo_dividendos/dividendos_SBSP3__20261006_e142ec13.csv
20261006_162318;SCAR3;SCAR3.SA;COM_EVENTOS;COM_EVENTOS;REGISTRADO;INALTERADO;1;24;False;;False;data/raw/yahoo_dividendos/dividendos_SCAR3__20261006_92b1779e.csv
20261006_162318;SCLO3;SCLO3.SA;TICKER_NAO_ENCONTRADO;TICKER_NAO_ENCONTRADO;TICKER_NAO_ENCONTRADO;;;0;True;Yahoo sem metadados para o ticker;False;
20261006_162318;SCLO4;SCLO4.SA;TICKER_NAO_ENCONTRADO;TICKER_NAO_ENCONTRADO;TICKER_NAO_ENCONTRADO;;;0;True;Yahoo sem metadados para o ticker;False;
20261006_162318;SEDU3;SEDU3.SA;TICKER_NAO_ENCONTRADO;TICKER_NAO_ENCONTRADO;TICKER_NAO_ENCONTRADO;;;0;True;Yahoo sem metadados para o ticker;False;
20261006_162318;SEER3;SEER3.SA;COM_EVENTOS;COM_EVENTOS;REGISTRADO;INALTERADO;1;21;False;;False;data/raw/yahoo_dividendos/dividendos_SEER3__20261006_b5a953f4.csv
20261006_162318;SEQL3;SEQL3.SA;SEM_EVENTOS;SEM_EVENTOS;REGISTRADO;INALTERADO;1;0;False;;False;data/raw/yahoo_dividendos/dividendos_SEQL3__20261006_642daec7.csv
20261006_162318;SGAS3;SGAS3.SA;TICKER_NAO_ENCONTRADO;TICKER_NAO_ENCONTRADO;TICKER_NAO_ENCONTRADO;;;0;True;Yahoo sem metadados para o ticker;False;
20261006_162318;SGAS4;SGAS4.SA;TICKER_NAO_ENCONTRADO;TICKER_NAO_ENCONTRADO;TICKER_NAO_ENCONTRADO;;;0;True;Yahoo sem metadados para o ticker;False;
20261006_162318;SGEN3;SGEN3.SA;TICKER_NAO_ENCONTRADO;TICKER_NAO_ENCONTRADO;TICKER_NAO_ENCONTRADO;;;0;True;Yahoo sem metadados para o ticker;False;
20261006_162318;SGEN4;SGEN4.SA;TICKER_NAO_ENCONTRADO;TICKER_NAO_ENCONTRADO;TICKER_NAO_ENCONTRADO;;;0;True;Yahoo sem metadados para o ticker;False;
20261006_162318;SGPS3;SGPS3.SA;TICKER_NAO_ENCONTRADO;TICKER_NAO_ENCONTRADO;TICKER_NAO_ENCONTRADO;;;0;True;Yahoo sem metadados para o ticker;False;
20261006_162318;SHOW3;SHOW3.SA;COM_EVENTOS;COM_EVENTOS;REGISTRADO;INALTERADO;1;5;False;;False;data/raw/yahoo_dividendos/dividendos_SHOW3__20261006_078cc2ed.csv
20261006_162318;SHUL3;SHUL3.SA;SEM_EVENTOS;SEM_EVENTOS;REGISTRADO;INALTERADO;1;0;False;;False;data/raw/yahoo_dividendos/dividendos_SHUL3__20261006_642daec7.csv
20261006_162318;SHUL4;SHUL4.SA;COM_EVENTOS;COM_EVENTOS;REGISTRADO;INALTERADO;1;47;False;;False;data/raw/yahoo_dividendos/dividendos_SHUL4__20261006_4f5bf019.csv
20261006_162318;SIMH3;SIMH3.SA;COM_EVENTOS;COM_EVENTOS;REGISTRADO;INALTERADO;1;8;False;;False;data/raw/yahoo_dividendos/dividendos_SIMH3__20261006_718a3078.csv
20261006_162318;SJOS4;SJOS4.SA;TICKER_NAO_ENCONTRADO;TICKER_NAO_ENCONTRADO;TICKER_NAO_ENCONTRADO;;;0;True;Yahoo sem metadados para o ticker;False;
20261006_162318;SLCE3;SLCE3.SA;COM_EVENTOS;COM_EVENTOS;REGISTRADO;INALTERADO;1;21;False;;False;data/raw/yahoo_dividendos/dividendos_SLCE3__20261006_3ce422af.csv
20261006_162318;SLED3;SLED3.SA;TICKER_NAO_ENCONTRADO;TICKER_NAO_ENCONTRADO;TICKER_NAO_ENCONTRADO;;;0;True;Yahoo sem metadados para o ticker;False;
20261006_162318;SLED4;SLED4.SA;TICKER_NAO_ENCONTRADO;TICKER_NAO_ENCONTRADO;TICKER_NAO_ENCONTRADO;;;0;True;Yahoo sem metadados para o ticker;False;
20261006_162318;SMFT3;SMFT3.SA;COM_EVENTOS;COM_EVENTOS;REGISTRADO;INALTERADO;1;11;False;;False;data/raw/yahoo_dividendos/dividendos_SMFT3__20261006_acb3ef8e.csv
20261006_162318;SMLE3;SMLE3.SA;TICKER_NAO_ENCONTRADO;TICKER_NAO_ENCONTRADO;TICKER_NAO_ENCONTRADO;;;0;True;Yahoo sem metadados para o ticker;False;
20261006_162318;SMLS3;SMLS3.SA;TICKER_NAO_ENCONTRADO;TICKER_NAO_ENCONTRADO;TICKER_NAO_ENCONTRADO;;;0;True;Yahoo sem metadados para o ticker;False;
20261006_162318;SMTO3;SMTO3.SA;COM_EVENTOS;COM_EVENTOS;REGISTRADO;INALTERADO;1;27;False;;False;data/raw/yahoo_dividendos/dividendos_SMTO3__20261006_c468af9b.csv
20261006_162318;SNSL3;SNSL3.SA;TICKER_NAO_ENCONTRADO;TICKER_NAO_ENCONTRADO;TICKER_NAO_ENCONTRADO;;;0;True;Yahoo sem metadados para o ticker;False;
20261006_162318;SNSY3;SNSY3.SA;SEM_EVENTOS;SEM_EVENTOS;REGISTRADO;INALTERADO;1;0;False;;False;data/raw/yahoo_dividendos/dividendos_SNSY3__20261006_642daec7.csv
20261006_162318;SNSY5;SNSY5.SA;SEM_EVENTOS;SEM_EVENTOS;REGISTRADO;INALTERADO;1;0;False;;False;data/raw/yahoo_dividendos/dividendos_SNSY5__20261006_642daec7.csv
20261006_162318;SNSY6;SNSY6.SA;SEM_EVENTOS;SEM_EVENTOS;REGISTRADO;INALTERADO;1;0;False;;False;data/raw/yahoo_dividendos/dividendos_SNSY6__20261006_642daec7.csv
20261006_162318;SOJA3;SOJA3.SA;COM_EVENTOS;COM_EVENTOS;REGISTRADO;INALTERADO;1;8;False;;False;data/raw/yahoo_dividendos/dividendos_SOJA3__20261006_3a97b35e.csv
20261006_162318;SOMA3;SOMA3.SA;TICKER_NAO_ENCONTRADO;TICKER_NAO_ENCONTRADO;TICKER_NAO_ENCONTRADO;;;0;True;Yahoo sem metadados para o ticker;False;
20261006_162318;SOND3;SOND3.SA;COM_EVENTOS;COM_EVENTOS;REGISTRADO;INALTERADO;1;23;False;;False;data/raw/yahoo_dividendos/dividendos_SOND3__20261006_bc3161e5.csv
20261006_162318;SOND5;SOND5.SA;COM_EVENTOS;COM_EVENTOS;REGISTRADO;INALTERADO;1;22;False;;False;data/raw/yahoo_dividendos/dividendos_SOND5__20261006_40ce52d5.csv
20261006_162318;SOND6;SOND6.SA;COM_EVENTOS;COM_EVENTOS;REGISTRADO;INALTERADO;1;22;False;;False;data/raw/yahoo_dividendos/dividendos_SOND6__20261006_1315fd7f.csv
20261006_162318;SPRI3;SPRI3.SA;TICKER_NAO_ENCONTRADO;TICKER_NAO_ENCONTRADO;TICKER_NAO_ENCONTRADO;;;0;True;Yahoo sem metadados para o ticker;False;
20261006_162318;SPRI5;SPRI5.SA;TICKER_NAO_ENCONTRADO;TICKER_NAO_ENCONTRADO;TICKER_NAO_ENCONTRADO;;;0;True;Yahoo sem metadados para o ticker;False;
20261006_162318;SPRI6;SPRI6.SA;TICKER_NAO_ENCONTRADO;TICKER_NAO_ENCONTRADO;TICKER_NAO_ENCONTRADO;;;0;True;Yahoo sem metadados para o ticker;False;
20261006_162318;SQIA3;SQIA3.SA;TICKER_NAO_ENCONTRADO;TICKER_NAO_ENCONTRADO;TICKER_NAO_ENCONTRADO;;;0;True;Yahoo sem metadados para o ticker;False;
20261006_162318;SRNA3;SRNA3.SA;TICKER_NAO_ENCONTRADO;TICKER_NAO_ENCONTRADO;TICKER_NAO_ENCONTRADO;;;0;True;Yahoo sem metadados para o ticker;False;
20261006_162318;SSBR3;SSBR3.SA;TICKER_NAO_ENCONTRADO;TICKER_NAO_ENCONTRADO;TICKER_NAO_ENCONTRADO;;;0;True;Yahoo sem metadados para o ticker;False;
20261006_162318;STBP11;STBP11.SA;TICKER_NAO_ENCONTRADO;TICKER_NAO_ENCONTRADO;TICKER_NAO_ENCONTRADO;;;0;True;Yahoo sem metadados para o ticker;False;
20261006_162318;STBP3;STBP3.SA;TICKER_NAO_ENCONTRADO;TICKER_NAO_ENCONTRADO;TICKER_NAO_ENCONTRADO;;;0;True;Yahoo sem metadados para o ticker;False;
20261006_162318;SULT3;SULT3.SA;TICKER_NAO_ENCONTRADO;TICKER_NAO_ENCONTRADO;TICKER_NAO_ENCONTRADO;;;0;True;Yahoo sem metadados para o ticker;False;
20261006_162318;SULT4;SULT4.SA;TICKER_NAO_ENCONTRADO;TICKER_NAO_ENCONTRADO;TICKER_NAO_ENCONTRADO;;;0;True;Yahoo sem metadados para o ticker;False;
20261006_162318;SUZB3;SUZB3.SA;COM_EVENTOS;COM_EVENTOS;REGISTRADO;INALTERADO;1;22;False;;False;data/raw/yahoo_dividendos/dividendos_SUZB3__20261006_6d622fa3.csv
20261006_162318;SUZB5;SUZB5.SA;TICKER_NAO_ENCONTRADO;TICKER_NAO_ENCONTRADO;TICKER_NAO_ENCONTRADO;;;0;True;Yahoo sem metadados para o ticker;False;
20261006_162318;SUZB6;SUZB6.SA;TICKER_NAO_ENCONTRADO;TICKER_NAO_ENCONTRADO;TICKER_NAO_ENCONTRADO;;;0;True;Yahoo sem metadados para o ticker;False;
20261006_162318;SYNE3;SYNE3.SA;COM_EVENTOS;COM_EVENTOS;REGISTRADO;INALTERADO;1;20;False;;False;data/raw/yahoo_dividendos/dividendos_SYNE3__20261006_024aaaf7.csv
20261006_162318;TAEE11;TAEE11.SA;COM_EVENTOS;COM_EVENTOS;REGISTRADO;INALTERADO;1;60;False;;False;data/raw/yahoo_dividendos/dividendos_TAEE11__20261006_cc21ead6.csv
20261006_162318;TAEE3;TAEE3.SA;COM_EVENTOS;COM_EVENTOS;REGISTRADO;INALTERADO;1;57;False;;False;data/raw/yahoo_dividendos/dividendos_TAEE3__20261006_fcd0bca6.csv
20261006_162318;TAEE4;TAEE4.SA;COM_EVENTOS;COM_EVENTOS;REGISTRADO;INALTERADO;1;41;False;;False;data/raw/yahoo_dividendos/dividendos_TAEE4__20261006_7d0cceec.csv
20261006_162318;TAMM3;TAMM3.SA;TICKER_NAO_ENCONTRADO;TICKER_NAO_ENCONTRADO;TICKER_NAO_ENCONTRADO;;;0;True;Yahoo sem metadados para o ticker;False;
20261006_162318;TAMM4;TAMM4.SA;TICKER_NAO_ENCONTRADO;TICKER_NAO_ENCONTRADO;TICKER_NAO_ENCONTRADO;;;0;True;Yahoo sem metadados para o ticker;False;
20261006_162318;TASA3;TASA3.SA;COM_EVENTOS;COM_EVENTOS;REGISTRADO;INALTERADO;1;17;False;;False;data/raw/yahoo_dividendos/dividendos_TASA3__20261006_2fa689fa.csv
20261006_162318;TASA4;TASA4.SA;COM_EVENTOS;COM_EVENTOS;REGISTRADO;INALTERADO;1;15;False;;False;data/raw/yahoo_dividendos/dividendos_TASA4__20261006_198aeb2b.csv
20261006_162318;TBLE3;TBLE3.SA;TICKER_NAO_ENCONTRADO;TICKER_NAO_ENCONTRADO;TICKER_NAO_ENCONTRADO;;;0;True;Yahoo sem metadados para o ticker;False;
20261006_162318;TCNO3;TCNO3.SA;TICKER_NAO_ENCONTRADO;TICKER_NAO_ENCONTRADO;TICKER_NAO_ENCONTRADO;;;0;True;Yahoo sem metadados para o ticker;False;
20261006_162318;TCNO4;TCNO4.SA;TICKER_NAO_ENCONTRADO;TICKER_NAO_ENCONTRADO;TICKER_NAO_ENCONTRADO;;;0;True;Yahoo sem metadados para o ticker;False;
20261006_162318;TCSA3;TCSA3.SA;COM_EVENTOS;COM_EVENTOS;REGISTRADO;INALTERADO;1;8;False;;False;data/raw/yahoo_dividendos/dividendos_TCSA3__20261006_25638dca.csv
20261006_162318;TCSL3;TCSL3.SA;TICKER_NAO_ENCONTRADO;TICKER_NAO_ENCONTRADO;TICKER_NAO_ENCONTRADO;;;0;True;Yahoo sem metadados para o ticker;False;
20261006_162318;TCSL4;TCSL4.SA;TICKER_NAO_ENCONTRADO;TICKER_NAO_ENCONTRADO;TICKER_NAO_ENCONTRADO;;;0;True;Yahoo sem metadados para o ticker;False;
20261006_162318;TECN3;TECN3.SA;COM_EVENTOS;COM_EVENTOS;REGISTRADO;INALTERADO;1;12;False;;False;data/raw/yahoo_dividendos/dividendos_TECN3__20261006_716320c9.csv
20261006_162318;TEKA3;TEKA3.SA;SEM_EVENTOS;SEM_EVENTOS;REGISTRADO;INALTERADO;1;0;False;;False;data/raw/yahoo_dividendos/dividendos_TEKA3__20261006_642daec7.csv
20261006_162318;TEKA4;TEKA4.SA;SEM_EVENTOS;SEM_EVENTOS;REGISTRADO;INALTERADO;1;0;False;;False;data/raw/yahoo_dividendos/dividendos_TEKA4__20261006_642daec7.csv
20261006_162318;TELB3;TELB3.SA;SEM_EVENTOS;SEM_EVENTOS;REGISTRADO;INALTERADO;1;0;False;;False;data/raw/yahoo_dividendos/dividendos_TELB3__20261006_642daec7.csv
20261006_162318;TELB4;TELB4.SA;SEM_EVENTOS;SEM_EVENTOS;REGISTRADO;INALTERADO;1;0;False;;False;data/raw/yahoo_dividendos/dividendos_TELB4__20261006_642daec7.csv
20261006_162318;TEMP3;TEMP3.SA;TICKER_NAO_ENCONTRADO;TICKER_NAO_ENCONTRADO;TICKER_NAO_ENCONTRADO;;;0;True;Yahoo sem metadados para o ticker;False;
20261006_162318;TEND3;TEND3.SA;COM_EVENTOS;COM_EVENTOS;REGISTRADO;INALTERADO;1;13;False;;False;data/raw/yahoo_dividendos/dividendos_TEND3__20261006_cc69d337.csv
20261006_162318;TENE5;TENE5.SA;TICKER_NAO_ENCONTRADO;TICKER_NAO_ENCONTRADO;TICKER_NAO_ENCONTRADO;;;0;True;Yahoo sem metadados para o ticker;False;
20261006_162318;TENE7;TENE7.SA;TICKER_NAO_ENCONTRADO;TICKER_NAO_ENCONTRADO;TICKER_NAO_ENCONTRADO;;;0;True;Yahoo sem metadados para o ticker;False;
20261006_162318;TERI3;TERI3.SA;TICKER_NAO_ENCONTRADO;TICKER_NAO_ENCONTRADO;TICKER_NAO_ENCONTRADO;;;0;True;Yahoo sem metadados para o ticker;False;
20261006_162318;TESA3;TESA3.SA;TICKER_NAO_ENCONTRADO;TICKER_NAO_ENCONTRADO;TICKER_NAO_ENCONTRADO;;;0;True;Yahoo sem metadados para o ticker;False;
20261006_162318;TFCO4;TFCO4.SA;COM_EVENTOS;COM_EVENTOS;REGISTRADO;INALTERADO;1;25;False;;False;data/raw/yahoo_dividendos/dividendos_TFCO4__20261006_7c555f8f.csv
20261006_162318;TGMA3;TGMA3.SA;COM_EVENTOS;COM_EVENTOS;REGISTRADO;INALTERADO;1;43;False;;False;data/raw/yahoo_dividendos/dividendos_TGMA3__20261006_d180e1c2.csv
20261006_162318;TIET11;TIET11.SA;TICKER_NAO_ENCONTRADO;TICKER_NAO_ENCONTRADO;TICKER_NAO_ENCONTRADO;;;0;True;Yahoo sem metadados para o ticker;False;
20261006_162318;TIET3;TIET3.SA;TICKER_NAO_ENCONTRADO;TICKER_NAO_ENCONTRADO;TICKER_NAO_ENCONTRADO;;;0;True;Yahoo sem metadados para o ticker;False;
20261006_162318;TIET4;TIET4.SA;TICKER_NAO_ENCONTRADO;TICKER_NAO_ENCONTRADO;TICKER_NAO_ENCONTRADO;;;0;True;Yahoo sem metadados para o ticker;False;
20261006_162318;TIMP3;TIMP3.SA;TICKER_NAO_ENCONTRADO;TICKER_NAO_ENCONTRADO;TICKER_NAO_ENCONTRADO;;;0;True;Yahoo sem metadados para o ticker;False;
20261006_162318;TIMS3;TIMS3.SA;COM_EVENTOS;COM_EVENTOS;REGISTRADO;INALTERADO;1;46;False;;False;data/raw/yahoo_dividendos/dividendos_TIMS3__20261006_10ec5779.csv
20261006_162318;TKNO3;TKNO3.SA;TICKER_NAO_ENCONTRADO;TICKER_NAO_ENCONTRADO;TICKER_NAO_ENCONTRADO;;;0;True;Yahoo sem metadados para o ticker;False;
20261006_162318;TKNO4;TKNO4.SA;TICKER_NAO_ENCONTRADO;TICKER_NAO_ENCONTRADO;TICKER_NAO_ENCONTRADO;;;0;True;Yahoo sem metadados para o ticker;False;
20261006_162318;TLPP3;TLPP3.SA;TICKER_NAO_ENCONTRADO;TICKER_NAO_ENCONTRADO;TICKER_NAO_ENCONTRADO;;;0;True;Yahoo sem metadados para o ticker;False;
20261006_162318;TLPP4;TLPP4.SA;TICKER_NAO_ENCONTRADO;TICKER_NAO_ENCONTRADO;TICKER_NAO_ENCONTRADO;;;0;True;Yahoo sem metadados para o ticker;False;
20261006_162318;TMAR3;TMAR3.SA;TICKER_NAO_ENCONTRADO;TICKER_NAO_ENCONTRADO;TICKER_NAO_ENCONTRADO;;;0;True;Yahoo sem metadados para o ticker;False;
20261006_162318;TMAR5;TMAR5.SA;TICKER_NAO_ENCONTRADO;TICKER_NAO_ENCONTRADO;TICKER_NAO_ENCONTRADO;;;0;True;Yahoo sem metadados para o ticker;False;
20261006_162318;TMAR6;TMAR6.SA;TICKER_NAO_ENCONTRADO;TICKER_NAO_ENCONTRADO;TICKER_NAO_ENCONTRADO;;;0;True;Yahoo sem metadados para o ticker;False;
20261006_162318;TNCP3;TNCP3.SA;TICKER_NAO_ENCONTRADO;TICKER_NAO_ENCONTRADO;TICKER_NAO_ENCONTRADO;;;0;True;Yahoo sem metadados para o ticker;False;
20261006_162318;TNCP4;TNCP4.SA;TICKER_NAO_ENCONTRADO;TICKER_NAO_ENCONTRADO;TICKER_NAO_ENCONTRADO;;;0;True;Yahoo sem metadados para o ticker;False;
20261006_162318;TNLP3;TNLP3.SA;TICKER_NAO_ENCONTRADO;TICKER_NAO_ENCONTRADO;TICKER_NAO_ENCONTRADO;;;0;True;Yahoo sem metadados para o ticker;False;
20261006_162318;TNLP4;TNLP4.SA;TICKER_NAO_ENCONTRADO;TICKER_NAO_ENCONTRADO;TICKER_NAO_ENCONTRADO;;;0;True;Yahoo sem metadados para o ticker;False;
20261006_162318;TOKY3;TOKY3.SA;SEM_EVENTOS;SEM_EVENTOS;REGISTRADO;INALTERADO;1;0;False;;False;data/raw/yahoo_dividendos/dividendos_TOKY3__20261006_642daec7.csv
20261006_162318;TOTS3;TOTS3.SA;COM_EVENTOS;COM_EVENTOS;REGISTRADO;INALTERADO;1;49;False;;False;data/raw/yahoo_dividendos/dividendos_TOTS3__20261006_cb8cfddb.csv
20261006_162318;TOYB3;TOYB3.SA;TICKER_NAO_ENCONTRADO;TICKER_NAO_ENCONTRADO;TICKER_NAO_ENCONTRADO;;;0;True;Yahoo sem metadados para o ticker;False;
20261006_162318;TOYB4;TOYB4.SA;TICKER_NAO_ENCONTRADO;TICKER_NAO_ENCONTRADO;TICKER_NAO_ENCONTRADO;;;0;True;Yahoo sem metadados para o ticker;False;
20261006_162318;TPIS3;TPIS3.SA;COM_EVENTOS;COM_EVENTOS;REGISTRADO;INALTERADO;1;18;False;;False;data/raw/yahoo_dividendos/dividendos_TPIS3__20261006_cca56058.csv
20261006_162318;TRAD3;TRAD3.SA;TICKER_NAO_ENCONTRADO;TICKER_NAO_ENCONTRADO;TICKER_NAO_ENCONTRADO;;;0;True;Yahoo sem metadados para o ticker;False;
20261006_162318;TRIS3;TRIS3.SA;COM_EVENTOS;COM_EVENTOS;REGISTRADO;INALTERADO;1;18;False;;False;data/raw/yahoo_dividendos/dividendos_TRIS3__20261006_b44b05ee.csv
20261006_162318;TRNA11;TRNA11.SA;TICKER_NAO_ENCONTRADO;TICKER_NAO_ENCONTRADO;TICKER_NAO_ENCONTRADO;;;0;True;Yahoo sem metadados para o ticker;False;
20261006_162318;TRPL3;TRPL3.SA;TICKER_NAO_ENCONTRADO;TICKER_NAO_ENCONTRADO;TICKER_NAO_ENCONTRADO;;;0;True;Yahoo sem metadados para o ticker;False;
20261006_162318;TRPL4;TRPL4.SA;TICKER_NAO_ENCONTRADO;TICKER_NAO_ENCONTRADO;TICKER_NAO_ENCONTRADO;;;0;True;Yahoo sem metadados para o ticker;False;
20261006_162318;TTEN3;TTEN3.SA;COM_EVENTOS;COM_EVENTOS;REGISTRADO;INALTERADO;1;5;False;;False;data/raw/yahoo_dividendos/dividendos_TTEN3__20261006_99067866.csv
20261006_162318;TUPY3;TUPY3.SA;COM_EVENTOS;COM_EVENTOS;REGISTRADO;INALTERADO;1;32;False;;False;data/raw/yahoo_dividendos/dividendos_TUPY3__20261006_50d4c20b.csv
20261006_162318;TUPY4;TUPY4.SA;TICKER_NAO_ENCONTRADO;TICKER_NAO_ENCONTRADO;TICKER_NAO_ENCONTRADO;;;0;True;Yahoo sem metadados para o ticker;False;
20261006_162318;TXRX3;TXRX3.SA;SEM_EVENTOS;SEM_EVENTOS;REGISTRADO;INALTERADO;1;0;False;;False;data/raw/yahoo_dividendos/dividendos_TXRX3__20261006_642daec7.csv
20261006_162318;TXRX4;TXRX4.SA;SEM_EVENTOS;SEM_EVENTOS;REGISTRADO;INALTERADO;1;0;False;;False;data/raw/yahoo_dividendos/dividendos_TXRX4__20261006_642daec7.csv
20261006_162318;UCAS3;UCAS3.SA;COM_EVENTOS;COM_EVENTOS;REGISTRADO;INALTERADO;1;14;False;;False;data/raw/yahoo_dividendos/dividendos_UCAS3__20261006_65cb3eff.csv
20261006_162318;UGPA3;UGPA3.SA;COM_EVENTOS;COM_EVENTOS;REGISTRADO;INALTERADO;1;37;False;;False;data/raw/yahoo_dividendos/dividendos_UGPA3__20261006_9adf6dcd.csv
20261006_162318;UGPA4;UGPA4.SA;TICKER_NAO_ENCONTRADO;TICKER_NAO_ENCONTRADO;TICKER_NAO_ENCONTRADO;;;0;True;Yahoo sem metadados para o ticker;False;
20261006_162318;UNIP3;UNIP3.SA;COM_EVENTOS;COM_EVENTOS;REGISTRADO;INALTERADO;1;35;False;;False;data/raw/yahoo_dividendos/dividendos_UNIP3__20261006_799953fc.csv
20261006_162318;UNIP5;UNIP5.SA;COM_EVENTOS;COM_EVENTOS;REGISTRADO;INALTERADO;1;28;False;;False;data/raw/yahoo_dividendos/dividendos_UNIP5__20261006_1b4e02d4.csv
20261006_162318;UNIP6;UNIP6.SA;COM_EVENTOS;COM_EVENTOS;REGISTRADO;INALTERADO;1;29;False;;False;data/raw/yahoo_dividendos/dividendos_UNIP6__20261006_efaceaff.csv
20261006_162318;UOLL4;UOLL4.SA;TICKER_NAO_ENCONTRADO;TICKER_NAO_ENCONTRADO;TICKER_NAO_ENCONTRADO;;;0;True;Yahoo sem metadados para o ticker;False;
20261006_162318;USIM3;USIM3.SA;COM_EVENTOS;COM_EVENTOS;REGISTRADO;INALTERADO;1;23;False;;False;data/raw/yahoo_dividendos/dividendos_USIM3__20261006_f9fc11d3.csv
20261006_162318;USIM5;USIM5.SA;COM_EVENTOS;COM_EVENTOS;REGISTRADO;INALTERADO;1;24;False;;False;data/raw/yahoo_dividendos/dividendos_USIM5__20261006_a8013547.csv
20261006_162318;USIM6;USIM6.SA;COM_EVENTOS;COM_EVENTOS;REGISTRADO;INALTERADO;1;17;False;;False;data/raw/yahoo_dividendos/dividendos_USIM6__20261006_d5badcef.csv
20261006_162318;VAGR3;VAGR3.SA;TICKER_NAO_ENCONTRADO;TICKER_NAO_ENCONTRADO;TICKER_NAO_ENCONTRADO;;;0;True;Yahoo sem metadados para o ticker;False;
20261006_162318;VALE3;VALE3.SA;COM_EVENTOS;COM_EVENTOS;REGISTRADO;NOVA_VERSAO;5;39;False;;False;data/raw/yahoo_dividendos/dividendos_VALE3__20261006_271a87d4.csv
20261006_162318;VALE5;VALE5.SA;TICKER_NAO_ENCONTRADO;TICKER_NAO_ENCONTRADO;TICKER_NAO_ENCONTRADO;;;0;True;Yahoo sem metadados para o ticker;False;
20261006_162318;VAMO3;VAMO3.SA;COM_EVENTOS;COM_EVENTOS;REGISTRADO;INALTERADO;1;6;False;;False;data/raw/yahoo_dividendos/dividendos_VAMO3__20261006_b15e7eff.csv
20261006_162318;VBBR3;VBBR3.SA;COM_EVENTOS;COM_EVENTOS;REGISTRADO;INALTERADO;1;24;False;;False;data/raw/yahoo_dividendos/dividendos_VBBR3__20261006_a826236a.csv
20261006_162318;VIGR3;VIGR3.SA;TICKER_NAO_ENCONTRADO;TICKER_NAO_ENCONTRADO;TICKER_NAO_ENCONTRADO;;;0;True;Yahoo sem metadados para o ticker;False;
20261006_162318;VIIA3;VIIA3.SA;TICKER_NAO_ENCONTRADO;TICKER_NAO_ENCONTRADO;TICKER_NAO_ENCONTRADO;;;0;True;Yahoo sem metadados para o ticker;False;
20261006_162318;VINE3;VINE3.SA;TICKER_NAO_ENCONTRADO;TICKER_NAO_ENCONTRADO;TICKER_NAO_ENCONTRADO;;;0;True;Yahoo sem metadados para o ticker;False;
20261006_162318;VINE5;VINE5.SA;TICKER_NAO_ENCONTRADO;TICKER_NAO_ENCONTRADO;TICKER_NAO_ENCONTRADO;;;0;True;Yahoo sem metadados para o ticker;False;
20261006_162318;VINE6;VINE6.SA;TICKER_NAO_ENCONTRADO;TICKER_NAO_ENCONTRADO;TICKER_NAO_ENCONTRADO;;;0;True;Yahoo sem metadados para o ticker;False;
20261006_162318;VITT3;VITT3.SA;COM_EVENTOS;COM_EVENTOS;REGISTRADO;INALTERADO;1;13;False;;False;data/raw/yahoo_dividendos/dividendos_VITT3__20261006_cefb32e5.csv
20261006_162318;VIVA3;VIVA3.SA;COM_EVENTOS;COM_EVENTOS;REGISTRADO;INALTERADO;1;9;False;;False;data/raw/yahoo_dividendos/dividendos_VIVA3__20261006_4aa9fd3e.csv
20261006_162318;VIVO3;VIVO3.SA;TICKER_NAO_ENCONTRADO;TICKER_NAO_ENCONTRADO;TICKER_NAO_ENCONTRADO;;;0;True;Yahoo sem metadados para o ticker;False;
20261006_162318;VIVO4;VIVO4.SA;TICKER_NAO_ENCONTRADO;TICKER_NAO_ENCONTRADO;TICKER_NAO_ENCONTRADO;;;0;True;Yahoo sem metadados para o ticker;False;
20261006_162318;VIVR3;VIVR3.SA;SEM_EVENTOS;SEM_EVENTOS;REGISTRADO;INALTERADO;1;0;False;;False;data/raw/yahoo_dividendos/dividendos_VIVR3__20261006_642daec7.csv
20261006_162318;VIVT3;VIVT3.SA;COM_EVENTOS;COM_EVENTOS;REGISTRADO;INALTERADO;1;117;False;;False;data/raw/yahoo_dividendos/dividendos_VIVT3__20261006_da08a934.csv
20261006_162318;VIVT4;VIVT4.SA;TICKER_NAO_ENCONTRADO;TICKER_NAO_ENCONTRADO;TICKER_NAO_ENCONTRADO;;;0;True;Yahoo sem metadados para o ticker;False;
20261006_162318;VLID3;VLID3.SA;COM_EVENTOS;COM_EVENTOS;REGISTRADO;INALTERADO;1;56;False;;False;data/raw/yahoo_dividendos/dividendos_VLID3__20261006_7b54500a.csv
20261006_162318;VSPT3;VSPT3.SA;TICKER_NAO_ENCONTRADO;TICKER_NAO_ENCONTRADO;TICKER_NAO_ENCONTRADO;;;0;True;Yahoo sem metadados para o ticker;False;
20261006_162318;VSTE3;VSTE3.SA;COM_EVENTOS;COM_EVENTOS;REGISTRADO;INALTERADO;1;14;False;;False;data/raw/yahoo_dividendos/dividendos_VSTE3__20261006_698447dc.csv
20261006_162318;VTRU3;VTRU3.SA;COM_EVENTOS;COM_EVENTOS;REGISTRADO;INALTERADO;1;2;False;;False;data/raw/yahoo_dividendos/dividendos_VTRU3__20261006_d814f428.csv
20261006_162318;VULC3;VULC3.SA;COM_EVENTOS;COM_EVENTOS;REGISTRADO;INALTERADO;1;35;False;;False;data/raw/yahoo_dividendos/dividendos_VULC3__20261006_74b254cd.csv
20261006_162318;VVAR11;VVAR11.SA;TICKER_NAO_ENCONTRADO;TICKER_NAO_ENCONTRADO;TICKER_NAO_ENCONTRADO;;;0;True;Yahoo sem metadados para o ticker;False;
20261006_162318;VVAR3;VVAR3.SA;TICKER_NAO_ENCONTRADO;TICKER_NAO_ENCONTRADO;TICKER_NAO_ENCONTRADO;;;0;True;Yahoo sem metadados para o ticker;False;
20261006_162318;VVAR4;VVAR4.SA;TICKER_NAO_ENCONTRADO;TICKER_NAO_ENCONTRADO;TICKER_NAO_ENCONTRADO;;;0;True;Yahoo sem metadados para o ticker;False;
20261006_162318;VVEO3;VVEO3.SA;COM_EVENTOS;COM_EVENTOS;REGISTRADO;INALTERADO;1;4;False;;False;data/raw/yahoo_dividendos/dividendos_VVEO3__20261006_dc562936.csv
20261006_162318;WDCN3;WDCN3.SA;COM_EVENTOS;COM_EVENTOS;REGISTRADO;INALTERADO;1;3;False;;False;data/raw/yahoo_dividendos/dividendos_WDCN3__20261006_486b09bf.csv
20261006_162318;WEGE3;WEGE3.SA;COM_EVENTOS;COM_EVENTOS;REGISTRADO;INALTERADO;1;109;False;;False;data/raw/yahoo_dividendos/dividendos_WEGE3__20261006_33d9f159.csv
20261006_162318;WEST3;WEST3.SA;COM_EVENTOS;COM_EVENTOS;REGISTRADO;INALTERADO;1;1;False;;False;data/raw/yahoo_dividendos/dividendos_WEST3__20261006_cbe06750.csv
20261006_162318;WHRL3;WHRL3.SA;COM_EVENTOS;COM_EVENTOS;REGISTRADO;INALTERADO;1;33;False;;False;data/raw/yahoo_dividendos/dividendos_WHRL3__20261006_15d6d9d2.csv
20261006_162318;WHRL4;WHRL4.SA;COM_EVENTOS;COM_EVENTOS;REGISTRADO;INALTERADO;1;27;False;;False;data/raw/yahoo_dividendos/dividendos_WHRL4__20261006_f6e155ee.csv
20261006_162318;WLMM3;WLMM3.SA;COM_EVENTOS;COM_EVENTOS;REGISTRADO;INALTERADO;1;27;False;;False;data/raw/yahoo_dividendos/dividendos_WLMM3__20261006_de2ea8cd.csv
20261006_162318;WLMM4;WLMM4.SA;COM_EVENTOS;COM_EVENTOS;REGISTRADO;INALTERADO;1;37;False;;False;data/raw/yahoo_dividendos/dividendos_WLMM4__20261006_4583d5e6.csv
20261006_162318;YBRA4;YBRA4.SA;TICKER_NAO_ENCONTRADO;TICKER_NAO_ENCONTRADO;TICKER_NAO_ENCONTRADO;;;0;True;Yahoo sem metadados para o ticker;False;
20261006_162318;YDUQ3;YDUQ3.SA;COM_EVENTOS;COM_EVENTOS;REGISTRADO;INALTERADO;1;21;False;;False;data/raw/yahoo_dividendos/dividendos_YDUQ3__20261006_2cdd73fe.csv
20261006_162318;ZAMP3;ZAMP3.SA;TICKER_NAO_ENCONTRADO;TICKER_NAO_ENCONTRADO;TICKER_NAO_ENCONTRADO;;;0;True;Yahoo sem metadados para o ticker;False;
