ID_EXECUCAO;ID_ATIVO;TICKER_YAHOO;STATUS_CONSULTA;STATUS_VIGENTE;RESULTADO;ACAO;VERSAO_LOCAL;QTD_EVENTOS;FLAG_FONTE_INDISPONIVEL;DETALHE;CRITICO;CAMINHO_RELATIVO
20261006_100725;AALR3;AALR3.SA;COM_EVENTOS;COM_EVENTOS;REGISTRADO;INALTERADO;1;2;False;;False;data/raw/yahoo_dividendos/dividendos_AALR3__20261006_9ad0dcbe.csv
20261006_100725;ABEV3;ABEV3.SA;COM_EVENTOS;COM_EVENTOS;REGISTRADO;INALTERADO;1;54;False;;False;data/raw/yahoo_dividendos/dividendos_ABEV3__20261006_0d928b78.csv
20261006_100725;ABRE11;ABRE11.SA;TICKER_NAO_ENCONTRADO;TICKER_NAO_ENCONTRADO;TICKER_NAO_ENCONTRADO;;;0;True;Yahoo sem metadados para o ticker;False;
20261006_100725;ABRE3;ABRE3.SA;TICKER_NAO_ENCONTRADO;TICKER_NAO_ENCONTRADO;TICKER_NAO_ENCONTRADO;;;0;True;Yahoo sem metadados para o ticker;False;
20261006_100725;ADHM3;ADHM3.SA;TICKER_NAO_ENCONTRADO;TICKER_NAO_ENCONTRADO;TICKER_NAO_ENCONTRADO;;;0;True;Yahoo sem metadados para o ticker;False;
20261006_100725;AEDU3;AEDU3.SA;TICKER_NAO_ENCONTRADO;TICKER_NAO_ENCONTRADO;TICKER_NAO_ENCONTRADO;;;0;True;Yahoo sem metadados para o ticker;False;
20261006_100725;AELP3;AELP3.SA;TICKER_NAO_ENCONTRADO;TICKER_NAO_ENCONTRADO;TICKER_NAO_ENCONTRADO;;;0;True;Yahoo sem metadados para o ticker;False;
20261006_100725;AERI3;AERI3.SA;COM_EVENTOS;COM_EVENTOS;REGISTRADO;INALTERADO;1;1;False;;False;data/raw/yahoo_dividendos/dividendos_AERI3__20261006_b0a80b13.csv
20261006_100725;AESB3;AESB3.SA;TICKER_NAO_ENCONTRADO;TICKER_NAO_ENCONTRADO;TICKER_NAO_ENCONTRADO;;;0;True;Yahoo sem metadados para o ticker;False;
20261006_100725;AFLT3;AFLT3.SA;COM_EVENTOS;COM_EVENTOS;REGISTRADO;INALTERADO;1;29;False;;False;data/raw/yahoo_dividendos/dividendos_AFLT3__20261006_1ebe2208.csv
20261006_100725;AFLU3;AFLU3.SA;TICKER_NAO_ENCONTRADO;TICKER_NAO_ENCONTRADO;TICKER_NAO_ENCONTRADO;;;0;True;Yahoo sem metadados para o ticker;False;
20261006_100725;AFLU5;AFLU5.SA;TICKER_NAO_ENCONTRADO;TICKER_NAO_ENCONTRADO;TICKER_NAO_ENCONTRADO;;;0;True;Yahoo sem metadados para o ticker;False;
20261006_100725;AGRO3;AGRO3.SA;COM_EVENTOS;COM_EVENTOS;REGISTRADO;INALTERADO;1;15;False;;False;data/raw/yahoo_dividendos/dividendos_AGRO3__20261006_a1c41206.csv
20261006_100725;AGXY3;AGXY3.SA;COM_EVENTOS;COM_EVENTOS;REGISTRADO;INALTERADO;1;2;False;;False;data/raw/yahoo_dividendos/dividendos_AGXY3__20261006_b8e83c2f.csv
20261006_100725;AHEB3;AHEB3.SA;SEM_EVENTOS;SEM_EVENTOS;REGISTRADO;INALTERADO;1;0;False;;False;data/raw/yahoo_dividendos/dividendos_AHEB3__20261006_642daec7.csv
20261006_100725;AHEB5;AHEB5.SA;SEM_EVENTOS;SEM_EVENTOS;REGISTRADO;INALTERADO;1;0;False;;False;data/raw/yahoo_dividendos/dividendos_AHEB5__20261006_642daec7.csv
20261006_100725;AHEB6;AHEB6.SA;SEM_EVENTOS;SEM_EVENTOS;REGISTRADO;INALTERADO;1;0;False;;False;data/raw/yahoo_dividendos/dividendos_AHEB6__20261006_642daec7.csv
20261006_100725;ALLD3;ALLD3.SA;COM_EVENTOS;COM_EVENTOS;REGISTRADO;NOVA_VERSAO;2;11;False;;False;data/raw/yahoo_dividendos/dividendos_ALLD3__20261006_2d01983a.csv
20261006_100725;ALLL3;ALLL3.SA;TICKER_NAO_ENCONTRADO;TICKER_NAO_ENCONTRADO;TICKER_NAO_ENCONTRADO;;;0;True;Yahoo sem metadados para o ticker;False;
20261006_100725;ALOS3;ALOS3.SA;COM_EVENTOS;COM_EVENTOS;REGISTRADO;INALTERADO;1;38;False;;False;data/raw/yahoo_dividendos/dividendos_ALOS3__20261006_f4c0821b.csv
20261006_100725;ALPA3;ALPA3.SA;COM_EVENTOS;COM_EVENTOS;REGISTRADO;INALTERADO;1;50;False;;False;data/raw/yahoo_dividendos/dividendos_ALPA3__20261006_f4dbdd6a.csv
20261006_100725;ALPA4;ALPA4.SA;COM_EVENTOS;COM_EVENTOS;REGISTRADO;INALTERADO;1;43;False;;False;data/raw/yahoo_dividendos/dividendos_ALPA4__20261006_e9c4c18b.csv
20261006_100725;ALPK3;ALPK3.SA;COM_EVENTOS;COM_EVENTOS;REGISTRADO;INALTERADO;1;1;False;;False;data/raw/yahoo_dividendos/dividendos_ALPK3__20261006_24d8645f.csv
20261006_100725;ALSC3;ALSC3.SA;TICKER_NAO_ENCONTRADO;TICKER_NAO_ENCONTRADO;TICKER_NAO_ENCONTRADO;;;0;True;Yahoo sem metadados para o ticker;False;
20261006_100725;ALSO3;ALSO3.SA;TICKER_NAO_ENCONTRADO;TICKER_NAO_ENCONTRADO;TICKER_NAO_ENCONTRADO;;;0;True;Yahoo sem metadados para o ticker;False;
20261006_100725;ALUP11;ALUP11.SA;COM_EVENTOS;COM_EVENTOS;REGISTRADO;INALTERADO;1;28;False;;False;data/raw/yahoo_dividendos/dividendos_ALUP11__20261006_6f498248.csv
20261006_100725;ALUP3;ALUP3.SA;COM_EVENTOS;COM_EVENTOS;REGISTRADO;INALTERADO;1;24;False;;False;data/raw/yahoo_dividendos/dividendos_ALUP3__20261006_a39e9bfc.csv
20261006_100725;ALUP4;ALUP4.SA;COM_EVENTOS;COM_EVENTOS;REGISTRADO;INALTERADO;1;24;False;;False;data/raw/yahoo_dividendos/dividendos_ALUP4__20261006_0f620d96.csv
20261006_100725;AMAR3;AMAR3.SA;COM_EVENTOS;COM_EVENTOS;REGISTRADO;INALTERADO;1;13;False;;False;data/raw/yahoo_dividendos/dividendos_AMAR3__20261006_c1b1e05f.csv
20261006_100725;AMBP3;AMBP3.SA;COM_EVENTOS;COM_EVENTOS;REGISTRADO;INALTERADO;1;3;False;;False;data/raw/yahoo_dividendos/dividendos_AMBP3__20261006_c911662e.csv
20261006_100725;AMBV3;AMBV3.SA;TICKER_NAO_ENCONTRADO;TICKER_NAO_ENCONTRADO;TICKER_NAO_ENCONTRADO;;;0;True;Yahoo sem metadados para o ticker;False;
20261006_100725;AMBV4;AMBV4.SA;TICKER_NAO_ENCONTRADO;TICKER_NAO_ENCONTRADO;TICKER_NAO_ENCONTRADO;;;0;True;Yahoo sem metadados para o ticker;False;
20261006_100725;AMCE3;AMCE3.SA;TICKER_NAO_ENCONTRADO;TICKER_NAO_ENCONTRADO;TICKER_NAO_ENCONTRADO;;;0;True;Yahoo sem metadados para o ticker;False;
20261006_100725;AMER3;AMER3.SA;COM_EVENTOS;COM_EVENTOS;REGISTRADO;INALTERADO;1;7;False;;False;data/raw/yahoo_dividendos/dividendos_AMER3__20261006_58dcf37a.csv
20261006_100725;AMIL3;AMIL3.SA;TICKER_NAO_ENCONTRADO;TICKER_NAO_ENCONTRADO;TICKER_NAO_ENCONTRADO;;;0;True;Yahoo sem metadados para o ticker;False;
20261006_100725;AMOB3;AMOB3.SA;SEM_EVENTOS;SEM_EVENTOS;REGISTRADO;INALTERADO;1;0;False;;False;data/raw/yahoo_dividendos/dividendos_AMOB3__20261006_642daec7.csv
20261006_100725;AMPI3;AMPI3.SA;TICKER_NAO_ENCONTRADO;TICKER_NAO_ENCONTRADO;TICKER_NAO_ENCONTRADO;;;0;True;Yahoo sem metadados para o ticker;False;
20261006_100725;ANIM3;ANIM3.SA;COM_EVENTOS;COM_EVENTOS;REGISTRADO;INALTERADO;1;9;False;;False;data/raw/yahoo_dividendos/dividendos_ANIM3__20261006_d039dfaf.csv
20261006_100725;APTI4;APTI4.SA;TICKER_NAO_ENCONTRADO;TICKER_NAO_ENCONTRADO;TICKER_NAO_ENCONTRADO;;;0;True;Yahoo sem metadados para o ticker;False;
20261006_100725;ARML3;ARML3.SA;COM_EVENTOS;COM_EVENTOS;REGISTRADO;INALTERADO;1;16;False;;False;data/raw/yahoo_dividendos/dividendos_ARML3__20261006_26f949e3.csv
20261006_100725;ARTR3;ARTR3.SA;TICKER_NAO_ENCONTRADO;TICKER_NAO_ENCONTRADO;TICKER_NAO_ENCONTRADO;;;0;True;Yahoo sem metadados para o ticker;False;
20261006_100725;ARZZ3;ARZZ3.SA;TICKER_NAO_ENCONTRADO;TICKER_NAO_ENCONTRADO;TICKER_NAO_ENCONTRADO;;;0;True;Yahoo sem metadados para o ticker;False;
20261006_100725;ASAI3;ASAI3.SA;COM_EVENTOS;COM_EVENTOS;REGISTRADO;INALTERADO;1;8;False;;False;data/raw/yahoo_dividendos/dividendos_ASAI3__20261006_03b3566f.csv
20261006_100725;ATED3;ATED3.SA;SEM_EVENTOS;SEM_EVENTOS;REGISTRADO;INALTERADO;1;0;False;;False;data/raw/yahoo_dividendos/dividendos_ATED3__20261006_642daec7.csv
20261006_100725;ATMP3;ATMP3.SA;TICKER_NAO_ENCONTRADO;TICKER_NAO_ENCONTRADO;TICKER_NAO_ENCONTRADO;;;0;True;Yahoo sem metadados para o ticker;False;
20261006_100725;ATOM3;ATOM3.SA;TICKER_NAO_ENCONTRADO;TICKER_NAO_ENCONTRADO;TICKER_NAO_ENCONTRADO;;;0;True;Yahoo sem metadados para o ticker;False;
20261006_100725;AUAU3;AUAU3.SA;COM_EVENTOS;COM_EVENTOS;REGISTRADO;INALTERADO;1;1;False;;False;data/raw/yahoo_dividendos/dividendos_AUAU3__20261006_aa7da944.csv
20261006_100725;AURE3;AURE3.SA;COM_EVENTOS;COM_EVENTOS;REGISTRADO;INALTERADO;1;5;False;;False;data/raw/yahoo_dividendos/dividendos_AURE3__20261006_ae4391fe.csv
20261006_100725;AUTM3;AUTM3.SA;TICKER_NAO_ENCONTRADO;TICKER_NAO_ENCONTRADO;TICKER_NAO_ENCONTRADO;;;0;True;Yahoo sem metadados para o ticker;False;
20261006_100725;AVLL3;AVLL3.SA;SEM_EVENTOS;SEM_EVENTOS;REGISTRADO;INALTERADO;1;0;False;;False;data/raw/yahoo_dividendos/dividendos_AVLL3__20261006_642daec7.csv
20261006_100725;AXIA3;AXIA3.SA;COM_EVENTOS;COM_EVENTOS;REGISTRADO;INALTERADO;1;18;False;;False;data/raw/yahoo_dividendos/dividendos_AXIA3__20261006_8dd498af.csv
20261006_100725;AXIA5;AXIA5.SA;TICKER_NAO_ENCONTRADO;TICKER_NAO_ENCONTRADO;TICKER_NAO_ENCONTRADO;;;0;True;Yahoo sem metadados para o ticker;False;
20261006_100725;AXIA6;AXIA6.SA;TICKER_NAO_ENCONTRADO;TICKER_NAO_ENCONTRADO;TICKER_NAO_ENCONTRADO;;;0;True;Yahoo sem metadados para o ticker;False;
20261006_100725;AXIA7;AXIA7.SA;SEM_EVENTOS;SEM_EVENTOS;REGISTRADO;INALTERADO;1;0;False;;False;data/raw/yahoo_dividendos/dividendos_AXIA7__20261006_642daec7.csv
20261006_100725;AZEV3;AZEV3.SA;COM_EVENTOS;COM_EVENTOS;REGISTRADO;INALTERADO;1;3;False;;False;data/raw/yahoo_dividendos/dividendos_AZEV3__20261006_348a9829.csv
20261006_100725;AZEV4;AZEV4.SA;COM_EVENTOS;COM_EVENTOS;REGISTRADO;INALTERADO;1;3;False;;False;data/raw/yahoo_dividendos/dividendos_AZEV4__20261006_a23efe61.csv
20261006_100725;AZTE3;AZTE3.SA;SEM_EVENTOS;SEM_EVENTOS;REGISTRADO;INALTERADO;1;0;False;;False;data/raw/yahoo_dividendos/dividendos_AZTE3__20261006_642daec7.csv
20261006_100725;AZUL3;AZUL3.SA;SEM_EVENTOS;SEM_EVENTOS;REGISTRADO;INALTERADO;1;0;False;;False;data/raw/yahoo_dividendos/dividendos_AZUL3__20261006_642daec7.csv
20261006_100725;AZUL4;AZUL4.SA;TICKER_NAO_ENCONTRADO;TICKER_NAO_ENCONTRADO;TICKER_NAO_ENCONTRADO;;;0;True;Yahoo sem metadados para o ticker;False;
20261006_100725;AZUL97;AZUL97.SA;SEM_EVENTOS;SEM_EVENTOS;REGISTRADO;INALTERADO;1;0;False;;False;data/raw/yahoo_dividendos/dividendos_AZUL97__20261006_642daec7.csv
20261006_100725;AZUL98;AZUL98.SA;SEM_EVENTOS;SEM_EVENTOS;REGISTRADO;INALTERADO;1;0;False;;False;data/raw/yahoo_dividendos/dividendos_AZUL98__20261006_642daec7.csv
20261006_100725;AZUL99;AZUL99.SA;SEM_EVENTOS;SEM_EVENTOS;REGISTRADO;INALTERADO;1;0;False;;False;data/raw/yahoo_dividendos/dividendos_AZUL99__20261006_642daec7.csv
20261006_100725;AZZA3;AZZA3.SA;COM_EVENTOS;COM_EVENTOS;REGISTRADO;INALTERADO;1;50;False;;False;data/raw/yahoo_dividendos/dividendos_AZZA3__20261006_3ba62d7c.csv
20261006_100725;BAHI3;BAHI3.SA;TICKER_NAO_ENCONTRADO;TICKER_NAO_ENCONTRADO;TICKER_NAO_ENCONTRADO;;;0;True;Yahoo sem metadados para o ticker;False;
20261006_100725;BALM3;BALM3.SA;COM_EVENTOS;COM_EVENTOS;REGISTRADO;INALTERADO;1;23;False;;False;data/raw/yahoo_dividendos/dividendos_BALM3__20261006_a736e873.csv
20261006_100725;BALM4;BALM4.SA;COM_EVENTOS;COM_EVENTOS;REGISTRADO;INALTERADO;1;22;False;;False;data/raw/yahoo_dividendos/dividendos_BALM4__20261006_db887bdd.csv
20261006_100725;BAUH4;BAUH4.SA;COM_EVENTOS;COM_EVENTOS;REGISTRADO;INALTERADO;1;12;False;;False;data/raw/yahoo_dividendos/dividendos_BAUH4__20261006_ad5b7184.csv
20261006_100725;BBRK3;BBRK3.SA;TICKER_NAO_ENCONTRADO;TICKER_NAO_ENCONTRADO;TICKER_NAO_ENCONTRADO;;;0;True;Yahoo sem metadados para o ticker;False;
20261006_100725;BDLL3;BDLL3.SA;COM_EVENTOS;COM_EVENTOS;REGISTRADO;INALTERADO;1;5;False;;False;data/raw/yahoo_dividendos/dividendos_BDLL3__20261006_eae3339e.csv
20261006_100725;BDLL4;BDLL4.SA;COM_EVENTOS;COM_EVENTOS;REGISTRADO;INALTERADO;1;5;False;;False;data/raw/yahoo_dividendos/dividendos_BDLL4__20261006_a6295c0d.csv
20261006_100725;BEEF3;BEEF3.SA;COM_EVENTOS;COM_EVENTOS;REGISTRADO;INALTERADO;1;13;False;;False;data/raw/yahoo_dividendos/dividendos_BEEF3__20261006_4da4bc4b.csv
20261006_100725;BEMA3;BEMA3.SA;TICKER_NAO_ENCONTRADO;TICKER_NAO_ENCONTRADO;TICKER_NAO_ENCONTRADO;;;0;True;Yahoo sem metadados para o ticker;False;
20261006_100725;BHGR3;BHGR3.SA;TICKER_NAO_ENCONTRADO;TICKER_NAO_ENCONTRADO;TICKER_NAO_ENCONTRADO;;;0;True;Yahoo sem metadados para o ticker;False;
20261006_100725;BHIA3;BHIA3.SA;COM_EVENTOS;COM_EVENTOS;REGISTRADO;INALTERADO;1;8;False;;False;data/raw/yahoo_dividendos/dividendos_BHIA3__20261006_d976ba6b.csv
20261006_100725;BIED3;BIED3.SA;COM_EVENTOS;COM_EVENTOS;REGISTRADO;INALTERADO;1;7;False;;False;data/raw/yahoo_dividendos/dividendos_BIED3__20261006_154ca198.csv
20261006_100725;BIOM3;BIOM3.SA;SEM_EVENTOS;SEM_EVENTOS;REGISTRADO;INALTERADO;1;0;False;;False;data/raw/yahoo_dividendos/dividendos_BIOM3__20261006_642daec7.csv
20261006_100725;BISA3;BISA3.SA;TICKER_NAO_ENCONTRADO;TICKER_NAO_ENCONTRADO;TICKER_NAO_ENCONTRADO;;;0;True;Yahoo sem metadados para o ticker;False;
20261006_100725;BKBR3;BKBR3.SA;TICKER_NAO_ENCONTRADO;TICKER_NAO_ENCONTRADO;TICKER_NAO_ENCONTRADO;;;0;True;Yahoo sem metadados para o ticker;False;
20261006_100725;BLAU3;BLAU3.SA;COM_EVENTOS;COM_EVENTOS;REGISTRADO;INALTERADO;1;22;False;;False;data/raw/yahoo_dividendos/dividendos_BLAU3__20261006_ba823622.csv
20261006_100725;BMKS3;BMKS3.SA;COM_EVENTOS;COM_EVENTOS;REGISTRADO;INALTERADO;1;20;False;;False;data/raw/yahoo_dividendos/dividendos_BMKS3__20261006_8d63e27a.csv
20261006_100725;BMOB3;BMOB3.SA;COM_EVENTOS;COM_EVENTOS;REGISTRADO;INALTERADO;1;9;False;;False;data/raw/yahoo_dividendos/dividendos_BMOB3__20261006_78a82f44.csv
20261006_100725;BOAS3;BOAS3.SA;TICKER_NAO_ENCONTRADO;TICKER_NAO_ENCONTRADO;TICKER_NAO_ENCONTRADO;;;0;True;Yahoo sem metadados para o ticker;False;
20261006_100725;BOBR3;BOBR3.SA;TICKER_NAO_ENCONTRADO;TICKER_NAO_ENCONTRADO;TICKER_NAO_ENCONTRADO;;;0;True;Yahoo sem metadados para o ticker;False;
20261006_100725;BOBR4;BOBR4.SA;SEM_EVENTOS;SEM_EVENTOS;REGISTRADO;INALTERADO;1;0;False;;False;data/raw/yahoo_dividendos/dividendos_BOBR4__20261006_642daec7.csv
20261006_100725;BPHA3;BPHA3.SA;TICKER_NAO_ENCONTRADO;TICKER_NAO_ENCONTRADO;TICKER_NAO_ENCONTRADO;;;0;True;Yahoo sem metadados para o ticker;False;
20261006_100725;BRAV3;BRAV3.SA;COM_EVENTOS;COM_EVENTOS;REGISTRADO;INALTERADO;1;2;False;;False;data/raw/yahoo_dividendos/dividendos_BRAV3__20261006_54bad17b.csv
20261006_100725;BRDT3;BRDT3.SA;TICKER_NAO_ENCONTRADO;TICKER_NAO_ENCONTRADO;TICKER_NAO_ENCONTRADO;;;0;True;Yahoo sem metadados para o ticker;False;
20261006_100725;BRFS3;BRFS3.SA;TICKER_NAO_ENCONTRADO;TICKER_NAO_ENCONTRADO;TICKER_NAO_ENCONTRADO;;;0;True;Yahoo sem metadados para o ticker;False;
20261006_100725;BRIT3;BRIT3.SA;TICKER_NAO_ENCONTRADO;TICKER_NAO_ENCONTRADO;TICKER_NAO_ENCONTRADO;;;0;True;Yahoo sem metadados para o ticker;False;
20261006_100725;BRKM3;BRKM3.SA;COM_EVENTOS;COM_EVENTOS;REGISTRADO;INALTERADO;1;12;False;;False;data/raw/yahoo_dividendos/dividendos_BRKM3__20261006_2a4ab5f0.csv
20261006_100725;BRKM5;BRKM5.SA;COM_EVENTOS;COM_EVENTOS;REGISTRADO;INALTERADO;1;16;False;;False;data/raw/yahoo_dividendos/dividendos_BRKM5__20261006_fb2987d7.csv
20261006_100725;BRKM6;BRKM6.SA;COM_EVENTOS;COM_EVENTOS;REGISTRADO;INALTERADO;1;9;False;;False;data/raw/yahoo_dividendos/dividendos_BRKM6__20261006_4dc993dc.csv
20261006_100725;BRML3;BRML3.SA;TICKER_NAO_ENCONTRADO;TICKER_NAO_ENCONTRADO;TICKER_NAO_ENCONTRADO;;;0;True;Yahoo sem metadados para o ticker;False;
20261006_100725;BRPR3;BRPR3.SA;TICKER_NAO_ENCONTRADO;TICKER_NAO_ENCONTRADO;TICKER_NAO_ENCONTRADO;;;0;True;Yahoo sem metadados para o ticker;False;
20261006_100725;BRST3;BRST3.SA;COM_EVENTOS;COM_EVENTOS;REGISTRADO;INALTERADO;1;1;False;;False;data/raw/yahoo_dividendos/dividendos_BRST3__20261006_26071b8e.csv
20261006_100725;BRTO3;BRTO3.SA;TICKER_NAO_ENCONTRADO;TICKER_NAO_ENCONTRADO;TICKER_NAO_ENCONTRADO;;;0;True;Yahoo sem metadados para o ticker;False;
20261006_100725;BRTO4;BRTO4.SA;TICKER_NAO_ENCONTRADO;TICKER_NAO_ENCONTRADO;TICKER_NAO_ENCONTRADO;;;0;True;Yahoo sem metadados para o ticker;False;
20261006_100725;BSEV3;BSEV3.SA;TICKER_NAO_ENCONTRADO;TICKER_NAO_ENCONTRADO;TICKER_NAO_ENCONTRADO;;;0;True;Yahoo sem metadados para o ticker;False;
20261006_100725;BTOW3;BTOW3.SA;TICKER_NAO_ENCONTRADO;TICKER_NAO_ENCONTRADO;TICKER_NAO_ENCONTRADO;;;0;True;Yahoo sem metadados para o ticker;False;
20261006_100725;BTTL3;BTTL3.SA;TICKER_NAO_ENCONTRADO;TICKER_NAO_ENCONTRADO;TICKER_NAO_ENCONTRADO;;;0;True;Yahoo sem metadados para o ticker;False;
20261006_100725;BTTL4;BTTL4.SA;TICKER_NAO_ENCONTRADO;TICKER_NAO_ENCONTRADO;TICKER_NAO_ENCONTRADO;;;0;True;Yahoo sem metadados para o ticker;False;
20261006_100725;CALI3;CALI3.SA;COM_EVENTOS;COM_EVENTOS;REGISTRADO;INALTERADO;1;10;False;;False;data/raw/yahoo_dividendos/dividendos_CALI3__20261006_5425b019.csv
20261006_100725;CALI4;CALI4.SA;TICKER_NAO_ENCONTRADO;TICKER_NAO_ENCONTRADO;TICKER_NAO_ENCONTRADO;;;0;True;Yahoo sem metadados para o ticker;False;
20261006_100725;CAMB3;CAMB3.SA;COM_EVENTOS;COM_EVENTOS;REGISTRADO;INALTERADO;1;22;False;;False;data/raw/yahoo_dividendos/dividendos_CAMB3__20261006_be3ddc8f.csv
20261006_100725;CAMB4;CAMB4.SA;TICKER_NAO_ENCONTRADO;TICKER_NAO_ENCONTRADO;TICKER_NAO_ENCONTRADO;;;0;True;Yahoo sem metadados para o ticker;False;
20261006_100725;CAML3;CAML3.SA;COM_EVENTOS;COM_EVENTOS;REGISTRADO;INALTERADO;1;37;False;;False;data/raw/yahoo_dividendos/dividendos_CAML3__20261006_d918f865.csv
20261006_100725;CARD3;CARD3.SA;TICKER_NAO_ENCONTRADO;TICKER_NAO_ENCONTRADO;TICKER_NAO_ENCONTRADO;;;0;True;Yahoo sem metadados para o ticker;False;
20261006_100725;CASH3;CASH3.SA;COM_EVENTOS;COM_EVENTOS;REGISTRADO;INALTERADO;1;1;False;;False;data/raw/yahoo_dividendos/dividendos_CASH3__20261006_72d0a4d1.csv
20261006_100725;CASN3;CASN3.SA;SEM_EVENTOS;SEM_EVENTOS;REGISTRADO;INALTERADO;1;0;False;;False;data/raw/yahoo_dividendos/dividendos_CASN3__20261006_642daec7.csv
20261006_100725;CASN4;CASN4.SA;TICKER_NAO_ENCONTRADO;TICKER_NAO_ENCONTRADO;TICKER_NAO_ENCONTRADO;;;0;True;Yahoo sem metadados para o ticker;False;
20261006_100725;CBAV3;CBAV3.SA;COM_EVENTOS;COM_EVENTOS;REGISTRADO;INALTERADO;1;4;False;;False;data/raw/yahoo_dividendos/dividendos_CBAV3__20261006_57f2c0d6.csv
20261006_100725;CBEE3;CBEE3.SA;COM_EVENTOS;COM_EVENTOS;REGISTRADO;INALTERADO;1;13;False;;False;data/raw/yahoo_dividendos/dividendos_CBEE3__20261006_283be4b0.csv
20261006_100725;CBMA3;CBMA3.SA;TICKER_NAO_ENCONTRADO;TICKER_NAO_ENCONTRADO;TICKER_NAO_ENCONTRADO;;;0;True;Yahoo sem metadados para o ticker;False;
20261006_100725;CBMA4;CBMA4.SA;TICKER_NAO_ENCONTRADO;TICKER_NAO_ENCONTRADO;TICKER_NAO_ENCONTRADO;;;0;True;Yahoo sem metadados para o ticker;False;
20261006_100725;CCHI3;CCHI3.SA;TICKER_NAO_ENCONTRADO;TICKER_NAO_ENCONTRADO;TICKER_NAO_ENCONTRADO;;;0;True;Yahoo sem metadados para o ticker;False;
20261006_100725;CCHI4;CCHI4.SA;TICKER_NAO_ENCONTRADO;TICKER_NAO_ENCONTRADO;TICKER_NAO_ENCONTRADO;;;0;True;Yahoo sem metadados para o ticker;False;
20261006_100725;CCIM3;CCIM3.SA;TICKER_NAO_ENCONTRADO;TICKER_NAO_ENCONTRADO;TICKER_NAO_ENCONTRADO;;;0;True;Yahoo sem metadados para o ticker;False;
20261006_100725;CCPR3;CCPR3.SA;TICKER_NAO_ENCONTRADO;TICKER_NAO_ENCONTRADO;TICKER_NAO_ENCONTRADO;;;0;True;Yahoo sem metadados para o ticker;False;
20261006_100725;CCRO3;CCRO3.SA;TICKER_NAO_ENCONTRADO;TICKER_NAO_ENCONTRADO;TICKER_NAO_ENCONTRADO;;;0;True;Yahoo sem metadados para o ticker;False;
20261006_100725;CCTY3;CCTY3.SA;SEM_EVENTOS;SEM_EVENTOS;REGISTRADO;INALTERADO;1;0;False;;False;data/raw/yahoo_dividendos/dividendos_CCTY3__20261006_642daec7.csv
20261006_100725;CEAB3;CEAB3.SA;COM_EVENTOS;COM_EVENTOS;REGISTRADO;INALTERADO;1;4;False;;False;data/raw/yahoo_dividendos/dividendos_CEAB3__20261006_292103de.csv
20261006_100725;CEBR3;CEBR3.SA;COM_EVENTOS;COM_EVENTOS;REGISTRADO;INALTERADO;1;17;False;;False;data/raw/yahoo_dividendos/dividendos_CEBR3__20261006_862b5aa0.csv
20261006_100725;CEBR5;CEBR5.SA;COM_EVENTOS;COM_EVENTOS;REGISTRADO;INALTERADO;1;17;False;;False;data/raw/yahoo_dividendos/dividendos_CEBR5__20261006_0051730f.csv
20261006_100725;CEBR6;CEBR6.SA;COM_EVENTOS;COM_EVENTOS;REGISTRADO;INALTERADO;1;17;False;;False;data/raw/yahoo_dividendos/dividendos_CEBR6__20261006_64e2b39d.csv
20261006_100725;CEDO3;CEDO3.SA;COM_EVENTOS;COM_EVENTOS;REGISTRADO;INALTERADO;1;12;False;;False;data/raw/yahoo_dividendos/dividendos_CEDO3__20261006_27c611b7.csv
20261006_100725;CEDO4;CEDO4.SA;COM_EVENTOS;COM_EVENTOS;REGISTRADO;INALTERADO;1;5;False;;False;data/raw/yahoo_dividendos/dividendos_CEDO4__20261006_6609f9da.csv
20261006_100725;CEEB3;CEEB3.SA;COM_EVENTOS;COM_EVENTOS;REGISTRADO;INALTERADO;1;64;False;;False;data/raw/yahoo_dividendos/dividendos_CEEB3__20261006_40f5ac68.csv
20261006_100725;CEEB5;CEEB5.SA;COM_EVENTOS;COM_EVENTOS;REGISTRADO;INALTERADO;1;58;False;;False;data/raw/yahoo_dividendos/dividendos_CEEB5__20261006_4d05236b.csv
20261006_100725;CEED3;CEED3.SA;SEM_EVENTOS;SEM_EVENTOS;REGISTRADO;INALTERADO;1;0;False;;False;data/raw/yahoo_dividendos/dividendos_CEED3__20261006_642daec7.csv
20261006_100725;CEED4;CEED4.SA;SEM_EVENTOS;SEM_EVENTOS;REGISTRADO;INALTERADO;1;0;False;;False;data/raw/yahoo_dividendos/dividendos_CEED4__20261006_642daec7.csv
20261006_100725;CEGR3;CEGR3.SA;COM_EVENTOS;COM_EVENTOS;REGISTRADO;INALTERADO;1;37;False;;False;data/raw/yahoo_dividendos/dividendos_CEGR3__20261006_3cd18895.csv
20261006_100725;CELP3;CELP3.SA;TICKER_NAO_ENCONTRADO;TICKER_NAO_ENCONTRADO;TICKER_NAO_ENCONTRADO;;;0;True;Yahoo sem metadados para o ticker;False;
20261006_100725;CELP5;CELP5.SA;TICKER_NAO_ENCONTRADO;TICKER_NAO_ENCONTRADO;TICKER_NAO_ENCONTRADO;;;0;True;Yahoo sem metadados para o ticker;False;
20261006_100725;CELP6;CELP6.SA;TICKER_NAO_ENCONTRADO;TICKER_NAO_ENCONTRADO;TICKER_NAO_ENCONTRADO;;;0;True;Yahoo sem metadados para o ticker;False;
20261006_100725;CELP7;CELP7.SA;TICKER_NAO_ENCONTRADO;TICKER_NAO_ENCONTRADO;TICKER_NAO_ENCONTRADO;;;0;True;Yahoo sem metadados para o ticker;False;
20261006_100725;CEPE3;CEPE3.SA;TICKER_NAO_ENCONTRADO;TICKER_NAO_ENCONTRADO;TICKER_NAO_ENCONTRADO;;;0;True;Yahoo sem metadados para o ticker;False;
20261006_100725;CEPE5;CEPE5.SA;TICKER_NAO_ENCONTRADO;TICKER_NAO_ENCONTRADO;TICKER_NAO_ENCONTRADO;;;0;True;Yahoo sem metadados para o ticker;False;
20261006_100725;CEPE6;CEPE6.SA;TICKER_NAO_ENCONTRADO;TICKER_NAO_ENCONTRADO;TICKER_NAO_ENCONTRADO;;;0;True;Yahoo sem metadados para o ticker;False;
20261006_100725;CESP3;CESP3.SA;TICKER_NAO_ENCONTRADO;TICKER_NAO_ENCONTRADO;TICKER_NAO_ENCONTRADO;;;0;True;Yahoo sem metadados para o ticker;False;
20261006_100725;CESP5;CESP5.SA;TICKER_NAO_ENCONTRADO;TICKER_NAO_ENCONTRADO;TICKER_NAO_ENCONTRADO;;;0;True;Yahoo sem metadados para o ticker;False;
20261006_100725;CESP6;CESP6.SA;TICKER_NAO_ENCONTRADO;TICKER_NAO_ENCONTRADO;TICKER_NAO_ENCONTRADO;;;0;True;Yahoo sem metadados para o ticker;False;
20261006_100725;CGAS3;CGAS3.SA;COM_EVENTOS;COM_EVENTOS;REGISTRADO;INALTERADO;1;47;False;;False;data/raw/yahoo_dividendos/dividendos_CGAS3__20261006_d3c7be53.csv
20261006_100725;CGAS5;CGAS5.SA;COM_EVENTOS;COM_EVENTOS;REGISTRADO;INALTERADO;1;46;False;;False;data/raw/yahoo_dividendos/dividendos_CGAS5__20261006_6ce443c7.csv
20261006_100725;CGRA3;CGRA3.SA;COM_EVENTOS;COM_EVENTOS;REGISTRADO;INALTERADO;1;32;False;;False;data/raw/yahoo_dividendos/dividendos_CGRA3__20261006_acaabea2.csv
20261006_100725;CGRA4;CGRA4.SA;COM_EVENTOS;COM_EVENTOS;REGISTRADO;INALTERADO;1;31;False;;False;data/raw/yahoo_dividendos/dividendos_CGRA4__20261006_2be97872.csv
20261006_100725;CIQU3;CIQU3.SA;TICKER_NAO_ENCONTRADO;TICKER_NAO_ENCONTRADO;TICKER_NAO_ENCONTRADO;;;0;True;Yahoo sem metadados para o ticker;False;
20261006_100725;CIQU4;CIQU4.SA;TICKER_NAO_ENCONTRADO;TICKER_NAO_ENCONTRADO;TICKER_NAO_ENCONTRADO;;;0;True;Yahoo sem metadados para o ticker;False;
20261006_100725;CLAN4;CLAN4.SA;TICKER_NAO_ENCONTRADO;TICKER_NAO_ENCONTRADO;TICKER_NAO_ENCONTRADO;;;0;True;Yahoo sem metadados para o ticker;False;
20261006_100725;CLSA3;CLSA3.SA;TICKER_NAO_ENCONTRADO;TICKER_NAO_ENCONTRADO;TICKER_NAO_ENCONTRADO;;;0;True;Yahoo sem metadados para o ticker;False;
20261006_100725;CLSC3;CLSC3.SA;COM_EVENTOS;COM_EVENTOS;REGISTRADO;INALTERADO;1;42;False;;False;data/raw/yahoo_dividendos/dividendos_CLSC3__20261006_04f258c5.csv
20261006_100725;CLSC4;CLSC4.SA;COM_EVENTOS;COM_EVENTOS;REGISTRADO;INALTERADO;1;35;False;;False;data/raw/yahoo_dividendos/dividendos_CLSC4__20261006_c19364c4.csv
20261006_100725;CLSC5;CLSC5.SA;TICKER_NAO_ENCONTRADO;TICKER_NAO_ENCONTRADO;TICKER_NAO_ENCONTRADO;;;0;True;Yahoo sem metadados para o ticker;False;
20261006_100725;CLSC6;CLSC6.SA;TICKER_NAO_ENCONTRADO;TICKER_NAO_ENCONTRADO;TICKER_NAO_ENCONTRADO;;;0;True;Yahoo sem metadados para o ticker;False;
20261006_100725;CMGR3;CMGR3.SA;TICKER_NAO_ENCONTRADO;TICKER_NAO_ENCONTRADO;TICKER_NAO_ENCONTRADO;;;0;True;Yahoo sem metadados para o ticker;False;
20261006_100725;CMGR4;CMGR4.SA;TICKER_NAO_ENCONTRADO;TICKER_NAO_ENCONTRADO;TICKER_NAO_ENCONTRADO;;;0;True;Yahoo sem metadados para o ticker;False;
20261006_100725;CMIG3;CMIG3.SA;COM_EVENTOS;COM_EVENTOS;REGISTRADO;INALTERADO;1;56;False;;False;data/raw/yahoo_dividendos/dividendos_CMIG3__20261006_65a27b0a.csv
20261006_100725;CMIG4;CMIG4.SA;COM_EVENTOS;COM_EVENTOS;REGISTRADO;INALTERADO;1;53;False;;False;data/raw/yahoo_dividendos/dividendos_CMIG4__20261006_8e8ba82e.csv
20261006_100725;CMIN3;CMIN3.SA;COM_EVENTOS;COM_EVENTOS;REGISTRADO;INALTERADO;1;17;False;;False;data/raw/yahoo_dividendos/dividendos_CMIN3__20261006_af6fb8b5.csv
20261006_100725;CNFB3;CNFB3.SA;TICKER_NAO_ENCONTRADO;TICKER_NAO_ENCONTRADO;TICKER_NAO_ENCONTRADO;;;0;True;Yahoo sem metadados para o ticker;False;
20261006_100725;CNFB4;CNFB4.SA;TICKER_NAO_ENCONTRADO;TICKER_NAO_ENCONTRADO;TICKER_NAO_ENCONTRADO;;;0;True;Yahoo sem metadados para o ticker;False;
20261006_100725;CNTO3;CNTO3.SA;TICKER_NAO_ENCONTRADO;TICKER_NAO_ENCONTRADO;TICKER_NAO_ENCONTRADO;;;0;True;Yahoo sem metadados para o ticker;False;
20261006_100725;COCE3;COCE3.SA;COM_EVENTOS;COM_EVENTOS;REGISTRADO;INALTERADO;1;21;False;;False;data/raw/yahoo_dividendos/dividendos_COCE3__20261006_7e615e4d.csv
20261006_100725;COCE5;COCE5.SA;COM_EVENTOS;COM_EVENTOS;REGISTRADO;INALTERADO;1;20;False;;False;data/raw/yahoo_dividendos/dividendos_COCE5__20261006_ea661685.csv
20261006_100725;COCE6;COCE6.SA;TICKER_NAO_ENCONTRADO;TICKER_NAO_ENCONTRADO;TICKER_NAO_ENCONTRADO;;;0;True;Yahoo sem metadados para o ticker;False;
20261006_100725;COGN3;COGN3.SA;COM_EVENTOS;COM_EVENTOS;REGISTRADO;INALTERADO;1;30;False;;False;data/raw/yahoo_dividendos/dividendos_COGN3__20261006_b33523ff.csv
20261006_100725;CORR4;CORR4.SA;TICKER_NAO_ENCONTRADO;TICKER_NAO_ENCONTRADO;TICKER_NAO_ENCONTRADO;;;0;True;Yahoo sem metadados para o ticker;False;
20261006_100725;CPFE3;CPFE3.SA;COM_EVENTOS;COM_EVENTOS;REGISTRADO;INALTERADO;1;26;False;;False;data/raw/yahoo_dividendos/dividendos_CPFE3__20261006_a7e1ee78.csv
20261006_100725;CPLE11;CPLE11.SA;TICKER_NAO_ENCONTRADO;TICKER_NAO_ENCONTRADO;TICKER_NAO_ENCONTRADO;;;0;True;Yahoo sem metadados para o ticker;False;
20261006_100725;CPLE3;CPLE3.SA;COM_EVENTOS;COM_EVENTOS;REGISTRADO;INALTERADO;1;36;False;;False;data/raw/yahoo_dividendos/dividendos_CPLE3__20261006_fa5f062e.csv
20261006_100725;CPLE5;CPLE5.SA;TICKER_NAO_ENCONTRADO;TICKER_NAO_ENCONTRADO;TICKER_NAO_ENCONTRADO;;;0;True;Yahoo sem metadados para o ticker;False;
20261006_100725;CPLE6;CPLE6.SA;TICKER_NAO_ENCONTRADO;TICKER_NAO_ENCONTRADO;TICKER_NAO_ENCONTRADO;;;0;True;Yahoo sem metadados para o ticker;False;
20261006_100725;CPRE3;CPRE3.SA;TICKER_NAO_ENCONTRADO;TICKER_NAO_ENCONTRADO;TICKER_NAO_ENCONTRADO;;;0;True;Yahoo sem metadados para o ticker;False;
20261006_100725;CRDE3;CRDE3.SA;TICKER_NAO_ENCONTRADO;TICKER_NAO_ENCONTRADO;TICKER_NAO_ENCONTRADO;;;0;True;Yahoo sem metadados para o ticker;False;
20261006_100725;CREM3;CREM3.SA;TICKER_NAO_ENCONTRADO;TICKER_NAO_ENCONTRADO;TICKER_NAO_ENCONTRADO;;;0;True;Yahoo sem metadados para o ticker;False;
20261006_100725;CRFB3;CRFB3.SA;TICKER_NAO_ENCONTRADO;TICKER_NAO_ENCONTRADO;TICKER_NAO_ENCONTRADO;;;0;True;Yahoo sem metadados para o ticker;False;
20261006_100725;CRPG3;CRPG3.SA;COM_EVENTOS;COM_EVENTOS;REGISTRADO;INALTERADO;1;24;False;;False;data/raw/yahoo_dividendos/dividendos_CRPG3__20261006_37968e99.csv
20261006_100725;CRPG5;CRPG5.SA;COM_EVENTOS;COM_EVENTOS;REGISTRADO;INALTERADO;1;24;False;;False;data/raw/yahoo_dividendos/dividendos_CRPG5__20261006_bfacd51b.csv
20261006_100725;CRPG6;CRPG6.SA;COM_EVENTOS;COM_EVENTOS;REGISTRADO;INALTERADO;1;23;False;;False;data/raw/yahoo_dividendos/dividendos_CRPG6__20261006_83e828c7.csv
20261006_100725;CRUZ3;CRUZ3.SA;TICKER_NAO_ENCONTRADO;TICKER_NAO_ENCONTRADO;TICKER_NAO_ENCONTRADO;;;0;True;Yahoo sem metadados para o ticker;False;
20261006_100725;CSAN3;CSAN3.SA;COM_EVENTOS;COM_EVENTOS;REGISTRADO;INALTERADO;1;22;False;;False;data/raw/yahoo_dividendos/dividendos_CSAN3__20261006_5804723d.csv
20261006_100725;CSED3;CSED3.SA;COM_EVENTOS;COM_EVENTOS;REGISTRADO;INALTERADO;1;8;False;;False;data/raw/yahoo_dividendos/dividendos_CSED3__20261006_28a377f2.csv
20261006_100725;CSMG3;CSMG3.SA;COM_EVENTOS;COM_EVENTOS;REGISTRADO;INALTERADO;1;68;False;;False;data/raw/yahoo_dividendos/dividendos_CSMG3__20261006_048513d9.csv
20261006_100725;CSNA3;CSNA3.SA;COM_EVENTOS;COM_EVENTOS;REGISTRADO;INALTERADO;1;28;False;;False;data/raw/yahoo_dividendos/dividendos_CSNA3__20261006_3e1e48a7.csv
20261006_100725;CSRN3;CSRN3.SA;TICKER_NAO_ENCONTRADO;TICKER_NAO_ENCONTRADO;TICKER_NAO_ENCONTRADO;;;0;True;Yahoo sem metadados para o ticker;False;
20261006_100725;CSRN5;CSRN5.SA;TICKER_NAO_ENCONTRADO;TICKER_NAO_ENCONTRADO;TICKER_NAO_ENCONTRADO;;;0;True;Yahoo sem metadados para o ticker;False;
20261006_100725;CSRN6;CSRN6.SA;TICKER_NAO_ENCONTRADO;TICKER_NAO_ENCONTRADO;TICKER_NAO_ENCONTRADO;;;0;True;Yahoo sem metadados para o ticker;False;
20261006_100725;CSUD3;CSUD3.SA;COM_EVENTOS;COM_EVENTOS;REGISTRADO;INALTERADO;1;48;False;;False;data/raw/yahoo_dividendos/dividendos_CSUD3__20261006_c2e386c2.csv
20261006_100725;CTAX11;CTAX11.SA;TICKER_NAO_ENCONTRADO;TICKER_NAO_ENCONTRADO;TICKER_NAO_ENCONTRADO;;;0;True;Yahoo sem metadados para o ticker;False;
20261006_100725;CTAX3;CTAX3.SA;COM_EVENTOS;COM_EVENTOS;REGISTRADO;INALTERADO;1;10;False;;False;data/raw/yahoo_dividendos/dividendos_CTAX3__20261006_e9afed3c.csv
20261006_100725;CTAX4;CTAX4.SA;TICKER_NAO_ENCONTRADO;TICKER_NAO_ENCONTRADO;TICKER_NAO_ENCONTRADO;;;0;True;Yahoo sem metadados para o ticker;False;
20261006_100725;CTKA3;CTKA3.SA;COM_EVENTOS;COM_EVENTOS;REGISTRADO;INALTERADO;1;3;False;;False;data/raw/yahoo_dividendos/dividendos_CTKA3__20261006_62e303f9.csv
20261006_100725;CTKA4;CTKA4.SA;COM_EVENTOS;COM_EVENTOS;REGISTRADO;INALTERADO;1;2;False;;False;data/raw/yahoo_dividendos/dividendos_CTKA4__20261006_1a833718.csv
20261006_100725;CTNM3;CTNM3.SA;TICKER_NAO_ENCONTRADO;TICKER_NAO_ENCONTRADO;TICKER_NAO_ENCONTRADO;;;0;True;Yahoo sem metadados para o ticker;False;
20261006_100725;CTNM4;CTNM4.SA;COM_EVENTOS;COM_EVENTOS;REGISTRADO;INALTERADO;1;1;False;;False;data/raw/yahoo_dividendos/dividendos_CTNM4__20261006_9364b050.csv
20261006_100725;CTPC3;CTPC3.SA;TICKER_NAO_ENCONTRADO;TICKER_NAO_ENCONTRADO;TICKER_NAO_ENCONTRADO;;;0;True;Yahoo sem metadados para o ticker;False;
20261006_100725;CTSA3;CTSA3.SA;COM_EVENTOS;COM_EVENTOS;REGISTRADO;INALTERADO;1;21;False;;False;data/raw/yahoo_dividendos/dividendos_CTSA3__20261006_a41472f2.csv
20261006_100725;CTSA4;CTSA4.SA;COM_EVENTOS;COM_EVENTOS;REGISTRADO;INALTERADO;1;15;False;;False;data/raw/yahoo_dividendos/dividendos_CTSA4__20261006_f8fd59b6.csv
20261006_100725;CURY3;CURY3.SA;COM_EVENTOS;COM_EVENTOS;REGISTRADO;INALTERADO;1;18;False;;False;data/raw/yahoo_dividendos/dividendos_CURY3__20261006_2ba8c2ef.csv
20261006_100725;CVCB3;CVCB3.SA;COM_EVENTOS;COM_EVENTOS;REGISTRADO;INALTERADO;1;13;False;;False;data/raw/yahoo_dividendos/dividendos_CVCB3__20261006_4e60b659.csv
20261006_100725;CYRE3;CYRE3.SA;COM_EVENTOS;COM_EVENTOS;REGISTRADO;INALTERADO;1;21;False;;False;data/raw/yahoo_dividendos/dividendos_CYRE3__20261006_782a1962.csv
20261006_100725;CYRE4;CYRE4.SA;SEM_EVENTOS;SEM_EVENTOS;REGISTRADO;INALTERADO;1;0;False;;False;data/raw/yahoo_dividendos/dividendos_CYRE4__20261006_642daec7.csv
20261006_100725;DASA3;DASA3.SA;COM_EVENTOS;COM_EVENTOS;REGISTRADO;INALTERADO;1;16;False;;False;data/raw/yahoo_dividendos/dividendos_DASA3__20261006_4f739ce5.csv
20261006_100725;DESK3;DESK3.SA;COM_EVENTOS;COM_EVENTOS;REGISTRADO;INALTERADO;1;7;False;;False;data/raw/yahoo_dividendos/dividendos_DESK3__20261006_007554c6.csv
20261006_100725;DEXP3;DEXP3.SA;COM_EVENTOS;COM_EVENTOS;REGISTRADO;INALTERADO;1;10;False;;False;data/raw/yahoo_dividendos/dividendos_DEXP3__20261006_104e1511.csv
20261006_100725;DEXP4;DEXP4.SA;COM_EVENTOS;COM_EVENTOS;REGISTRADO;INALTERADO;1;8;False;;False;data/raw/yahoo_dividendos/dividendos_DEXP4__20261006_b110e107.csv
20261006_100725;DHBI3;DHBI3.SA;TICKER_NAO_ENCONTRADO;TICKER_NAO_ENCONTRADO;TICKER_NAO_ENCONTRADO;;;0;True;Yahoo sem metadados para o ticker;False;
20261006_100725;DHBI4;DHBI4.SA;TICKER_NAO_ENCONTRADO;TICKER_NAO_ENCONTRADO;TICKER_NAO_ENCONTRADO;;;0;True;Yahoo sem metadados para o ticker;False;
20261006_100725;DIRR3;DIRR3.SA;COM_EVENTOS;COM_EVENTOS;REGISTRADO;INALTERADO;1;22;False;;False;data/raw/yahoo_dividendos/dividendos_DIRR3__20261006_38e13e83.csv
20261006_100725;DMVF3;DMVF3.SA;SEM_EVENTOS;SEM_EVENTOS;REGISTRADO;INALTERADO;1;0;False;;False;data/raw/yahoo_dividendos/dividendos_DMVF3__20261006_642daec7.csv
20261006_100725;DOCA3;DOCA3.SA;TICKER_NAO_ENCONTRADO;TICKER_NAO_ENCONTRADO;TICKER_NAO_ENCONTRADO;;;0;True;Yahoo sem metadados para o ticker;False;
20261006_100725;DOCA4;DOCA4.SA;TICKER_NAO_ENCONTRADO;TICKER_NAO_ENCONTRADO;TICKER_NAO_ENCONTRADO;;;0;True;Yahoo sem metadados para o ticker;False;
20261006_100725;DOHL3;DOHL3.SA;COM_EVENTOS;COM_EVENTOS;REGISTRADO;INALTERADO;1;19;False;;False;data/raw/yahoo_dividendos/dividendos_DOHL3__20261006_42571061.csv
20261006_100725;DOHL4;DOHL4.SA;COM_EVENTOS;COM_EVENTOS;REGISTRADO;INALTERADO;1;16;False;;False;data/raw/yahoo_dividendos/dividendos_DOHL4__20261006_a4133852.csv
20261006_100725;DOTZ3;DOTZ3.SA;SEM_EVENTOS;SEM_EVENTOS;REGISTRADO;INALTERADO;1;0;False;;False;data/raw/yahoo_dividendos/dividendos_DOTZ3__20261006_642daec7.csv
20261006_100725;DROG3;DROG3.SA;TICKER_NAO_ENCONTRADO;TICKER_NAO_ENCONTRADO;TICKER_NAO_ENCONTRADO;;;0;True;Yahoo sem metadados para o ticker;False;
20261006_100725;DTCY3;DTCY3.SA;SEM_EVENTOS;SEM_EVENTOS;REGISTRADO;INALTERADO;1;0;False;;False;data/raw/yahoo_dividendos/dividendos_DTCY3__20261006_642daec7.csv
20261006_100725;DTEX3;DTEX3.SA;TICKER_NAO_ENCONTRADO;TICKER_NAO_ENCONTRADO;TICKER_NAO_ENCONTRADO;;;0;True;Yahoo sem metadados para o ticker;False;
20261006_100725;DUQE3;DUQE3.SA;TICKER_NAO_ENCONTRADO;TICKER_NAO_ENCONTRADO;TICKER_NAO_ENCONTRADO;;;0;True;Yahoo sem metadados para o ticker;False;
20261006_100725;DUQE4;DUQE4.SA;TICKER_NAO_ENCONTRADO;TICKER_NAO_ENCONTRADO;TICKER_NAO_ENCONTRADO;;;0;True;Yahoo sem metadados para o ticker;False;
20261006_100725;DXCO3;DXCO3.SA;COM_EVENTOS;COM_EVENTOS;REGISTRADO;INALTERADO;1;30;False;;False;data/raw/yahoo_dividendos/dividendos_DXCO3__20261006_ac38d6b7.csv
20261006_100725;DXTG4;DXTG4.SA;TICKER_NAO_ENCONTRADO;TICKER_NAO_ENCONTRADO;TICKER_NAO_ENCONTRADO;;;0;True;Yahoo sem metadados para o ticker;False;
20261006_100725;EALT3;EALT3.SA;COM_EVENTOS;COM_EVENTOS;REGISTRADO;INALTERADO;1;19;False;;False;data/raw/yahoo_dividendos/dividendos_EALT3__20261006_2076c8cc.csv
20261006_100725;EALT4;EALT4.SA;COM_EVENTOS;COM_EVENTOS;REGISTRADO;INALTERADO;1;20;False;;False;data/raw/yahoo_dividendos/dividendos_EALT4__20261006_0375ab9d.csv
20261006_100725;EBTP3;EBTP3.SA;TICKER_NAO_ENCONTRADO;TICKER_NAO_ENCONTRADO;TICKER_NAO_ENCONTRADO;;;0;True;Yahoo sem metadados para o ticker;False;
20261006_100725;EBTP4;EBTP4.SA;TICKER_NAO_ENCONTRADO;TICKER_NAO_ENCONTRADO;TICKER_NAO_ENCONTRADO;;;0;True;Yahoo sem metadados para o ticker;False;
20261006_100725;ECOD3;ECOD3.SA;TICKER_NAO_ENCONTRADO;TICKER_NAO_ENCONTRADO;TICKER_NAO_ENCONTRADO;;;0;True;Yahoo sem metadados para o ticker;False;
20261006_100725;ECOM3;ECOM3.SA;COM_EVENTOS;COM_EVENTOS;REGISTRADO;INALTERADO;1;1;False;;False;data/raw/yahoo_dividendos/dividendos_ECOM3__20261006_456360f2.csv
20261006_100725;ECOR3;ECOR3.SA;COM_EVENTOS;COM_EVENTOS;REGISTRADO;INALTERADO;1;21;False;;False;data/raw/yahoo_dividendos/dividendos_ECOR3__20261006_42e3214f.csv
20261006_100725;EEEL3;EEEL3.SA;TICKER_NAO_ENCONTRADO;TICKER_NAO_ENCONTRADO;TICKER_NAO_ENCONTRADO;;;0;True;Yahoo sem metadados para o ticker;False;
20261006_100725;EEEL4;EEEL4.SA;TICKER_NAO_ENCONTRADO;TICKER_NAO_ENCONTRADO;TICKER_NAO_ENCONTRADO;;;0;True;Yahoo sem metadados para o ticker;False;
20261006_100725;EGGY3;EGGY3.SA;SEM_EVENTOS;SEM_EVENTOS;REGISTRADO;INALTERADO;1;0;False;;False;data/raw/yahoo_dividendos/dividendos_EGGY3__20261006_642daec7.csv
20261006_100725;EGIE3;EGIE3.SA;COM_EVENTOS;COM_EVENTOS;REGISTRADO;INALTERADO;1;55;False;;False;data/raw/yahoo_dividendos/dividendos_EGIE3__20261006_20585436.csv
20261006_100725;EKTR3;EKTR3.SA;COM_EVENTOS;COM_EVENTOS;REGISTRADO;INALTERADO;1;59;False;;False;data/raw/yahoo_dividendos/dividendos_EKTR3__20261006_a1e52665.csv
20261006_100725;EKTR4;EKTR4.SA;COM_EVENTOS;COM_EVENTOS;REGISTRADO;INALTERADO;1;55;False;;False;data/raw/yahoo_dividendos/dividendos_EKTR4__20261006_afd11734.csv
20261006_100725;ELEK3;ELEK3.SA;TICKER_NAO_ENCONTRADO;TICKER_NAO_ENCONTRADO;TICKER_NAO_ENCONTRADO;;;0;True;Yahoo sem metadados para o ticker;False;
20261006_100725;ELEK4;ELEK4.SA;TICKER_NAO_ENCONTRADO;TICKER_NAO_ENCONTRADO;TICKER_NAO_ENCONTRADO;;;0;True;Yahoo sem metadados para o ticker;False;
20261006_100725;ELET3;ELET3.SA;TICKER_NAO_ENCONTRADO;TICKER_NAO_ENCONTRADO;TICKER_NAO_ENCONTRADO;;;0;True;Yahoo sem metadados para o ticker;False;
20261006_100725;ELET5;ELET5.SA;TICKER_NAO_ENCONTRADO;TICKER_NAO_ENCONTRADO;TICKER_NAO_ENCONTRADO;;;0;True;Yahoo sem metadados para o ticker;False;
20261006_100725;ELET6;ELET6.SA;TICKER_NAO_ENCONTRADO;TICKER_NAO_ENCONTRADO;TICKER_NAO_ENCONTRADO;;;0;True;Yahoo sem metadados para o ticker;False;
20261006_100725;ELMD3;ELMD3.SA;TICKER_NAO_ENCONTRADO;TICKER_NAO_ENCONTRADO;TICKER_NAO_ENCONTRADO;;;0;True;Yahoo sem metadados para o ticker;False;
20261006_100725;ELPL3;ELPL3.SA;TICKER_NAO_ENCONTRADO;TICKER_NAO_ENCONTRADO;TICKER_NAO_ENCONTRADO;;;0;True;Yahoo sem metadados para o ticker;False;
20261006_100725;ELPL4;ELPL4.SA;TICKER_NAO_ENCONTRADO;TICKER_NAO_ENCONTRADO;TICKER_NAO_ENCONTRADO;;;0;True;Yahoo sem metadados para o ticker;False;
20261006_100725;EMAE3;EMAE3.SA;COM_EVENTOS;COM_EVENTOS;REGISTRADO;INALTERADO;1;15;False;;False;data/raw/yahoo_dividendos/dividendos_EMAE3__20261006_3498f25b.csv
20261006_100725;EMAE4;EMAE4.SA;COM_EVENTOS;COM_EVENTOS;REGISTRADO;INALTERADO;1;22;False;;False;data/raw/yahoo_dividendos/dividendos_EMAE4__20261006_1a4b4082.csv
20261006_100725;EMBJ3;EMBJ3.SA;COM_EVENTOS;COM_EVENTOS;REGISTRADO;INALTERADO;1;48;False;;False;data/raw/yahoo_dividendos/dividendos_EMBJ3__20261006_6e591f3c.csv
20261006_100725;EMBR3;EMBR3.SA;TICKER_NAO_ENCONTRADO;TICKER_NAO_ENCONTRADO;TICKER_NAO_ENCONTRADO;;;0;True;Yahoo sem metadados para o ticker;False;
20261006_100725;ENAT3;ENAT3.SA;TICKER_NAO_ENCONTRADO;TICKER_NAO_ENCONTRADO;TICKER_NAO_ENCONTRADO;;;0;True;Yahoo sem metadados para o ticker;False;
20261006_100725;ENBR3;ENBR3.SA;TICKER_NAO_ENCONTRADO;TICKER_NAO_ENCONTRADO;TICKER_NAO_ENCONTRADO;;;0;True;Yahoo sem metadados para o ticker;False;
20261006_100725;ENEV3;ENEV3.SA;COM_EVENTOS;COM_EVENTOS;REGISTRADO;INALTERADO;1;1;False;;False;data/raw/yahoo_dividendos/dividendos_ENEV3__20261006_d447af79.csv
20261006_100725;ENGI11;ENGI11.SA;COM_EVENTOS;COM_EVENTOS;REGISTRADO;INALTERADO;1;36;False;;False;data/raw/yahoo_dividendos/dividendos_ENGI11__20261006_ae3dcc8b.csv
20261006_100725;ENGI3;ENGI3.SA;COM_EVENTOS;COM_EVENTOS;REGISTRADO;INALTERADO;1;40;False;;False;data/raw/yahoo_dividendos/dividendos_ENGI3__20261006_d559642b.csv
20261006_100725;ENGI4;ENGI4.SA;COM_EVENTOS;COM_EVENTOS;REGISTRADO;INALTERADO;1;38;False;;False;data/raw/yahoo_dividendos/dividendos_ENGI4__20261006_e4c5dc06.csv
20261006_100725;ENJU3;ENJU3.SA;COM_EVENTOS;COM_EVENTOS;REGISTRADO;INALTERADO;1;1;False;;False;data/raw/yahoo_dividendos/dividendos_ENJU3__20261006_1f7a768e.csv
20261006_100725;ENMT3;ENMT3.SA;COM_EVENTOS;COM_EVENTOS;REGISTRADO;INALTERADO;1;29;False;;False;data/raw/yahoo_dividendos/dividendos_ENMT3__20261006_9dae9f4c.csv
20261006_100725;ENMT4;ENMT4.SA;COM_EVENTOS;COM_EVENTOS;REGISTRADO;INALTERADO;1;32;False;;False;data/raw/yahoo_dividendos/dividendos_ENMT4__20261006_36a7ebcd.csv
20261006_100725;EPAR3;EPAR3.SA;COM_EVENTOS;COM_EVENTOS;REGISTRADO;INALTERADO;1;9;False;;False;data/raw/yahoo_dividendos/dividendos_EPAR3__20261006_ef94c10c.csv
20261006_100725;EQPA3;EQPA3.SA;COM_EVENTOS;COM_EVENTOS;REGISTRADO;INALTERADO;1;23;False;;False;data/raw/yahoo_dividendos/dividendos_EQPA3__20261006_eabd2932.csv
20261006_100725;EQPA5;EQPA5.SA;COM_EVENTOS;COM_EVENTOS;REGISTRADO;INALTERADO;1;22;False;;False;data/raw/yahoo_dividendos/dividendos_EQPA5__20261006_cac184fd.csv
20261006_100725;EQPA6;EQPA6.SA;COM_EVENTOS;COM_EVENTOS;REGISTRADO;INALTERADO;1;22;False;;False;data/raw/yahoo_dividendos/dividendos_EQPA6__20261006_aa9ff4fc.csv
20261006_100725;EQPA7;EQPA7.SA;COM_EVENTOS;COM_EVENTOS;REGISTRADO;INALTERADO;1;22;False;;False;data/raw/yahoo_dividendos/dividendos_EQPA7__20261006_4f5a2aab.csv
20261006_100725;EQTL3;EQTL3.SA;COM_EVENTOS;COM_EVENTOS;REGISTRADO;INALTERADO;1;28;False;;False;data/raw/yahoo_dividendos/dividendos_EQTL3__20261006_31b9ae76.csv
20261006_100725;ESPA3;ESPA3.SA;COM_EVENTOS;COM_EVENTOS;REGISTRADO;INALTERADO;1;5;False;;False;data/raw/yahoo_dividendos/dividendos_ESPA3__20261006_b66d5d6e.csv
20261006_100725;ESTC3;ESTC3.SA;TICKER_NAO_ENCONTRADO;TICKER_NAO_ENCONTRADO;TICKER_NAO_ENCONTRADO;;;0;True;Yahoo sem metadados para o ticker;False;
20261006_100725;ESTR3;ESTR3.SA;SEM_EVENTOS;SEM_EVENTOS;REGISTRADO;INALTERADO;1;0;False;;False;data/raw/yahoo_dividendos/dividendos_ESTR3__20261006_642daec7.csv
20261006_100725;ESTR4;ESTR4.SA;SEM_EVENTOS;SEM_EVENTOS;REGISTRADO;INALTERADO;1;0;False;;False;data/raw/yahoo_dividendos/dividendos_ESTR4__20261006_642daec7.csv
20261006_100725;ETER3;ETER3.SA;COM_EVENTOS;COM_EVENTOS;REGISTRADO;INALTERADO;1;50;False;;False;data/raw/yahoo_dividendos/dividendos_ETER3__20261006_fef65d54.csv
20261006_100725;EUCA3;EUCA3.SA;COM_EVENTOS;COM_EVENTOS;REGISTRADO;INALTERADO;1;17;False;;False;data/raw/yahoo_dividendos/dividendos_EUCA3__20261006_dbadb5fd.csv
20261006_100725;EUCA4;EUCA4.SA;COM_EVENTOS;COM_EVENTOS;REGISTRADO;INALTERADO;1;17;False;;False;data/raw/yahoo_dividendos/dividendos_EUCA4__20261006_453d1c0e.csv
20261006_100725;EVEN3;EVEN3.SA;COM_EVENTOS;COM_EVENTOS;REGISTRADO;INALTERADO;1;20;False;;False;data/raw/yahoo_dividendos/dividendos_EVEN3__20261006_2b82427c.csv
20261006_100725;EZTC3;EZTC3.SA;COM_EVENTOS;COM_EVENTOS;REGISTRADO;INALTERADO;1;33;False;;False;data/raw/yahoo_dividendos/dividendos_EZTC3__20261006_79ad72d4.csv
20261006_100725;FBMC3;FBMC3.SA;TICKER_NAO_ENCONTRADO;TICKER_NAO_ENCONTRADO;TICKER_NAO_ENCONTRADO;;;0;True;Yahoo sem metadados para o ticker;False;
20261006_100725;FBMC4;FBMC4.SA;TICKER_NAO_ENCONTRADO;TICKER_NAO_ENCONTRADO;TICKER_NAO_ENCONTRADO;;;0;True;Yahoo sem metadados para o ticker;False;
20261006_100725;FESA3;FESA3.SA;COM_EVENTOS;COM_EVENTOS;REGISTRADO;INALTERADO;1;55;False;;False;data/raw/yahoo_dividendos/dividendos_FESA3__20261006_f23e2b66.csv
20261006_100725;FESA4;FESA4.SA;COM_EVENTOS;COM_EVENTOS;REGISTRADO;INALTERADO;1;53;False;;False;data/raw/yahoo_dividendos/dividendos_FESA4__20261006_3eeaf04e.csv
20261006_100725;FFTL3;FFTL3.SA;TICKER_NAO_ENCONTRADO;TICKER_NAO_ENCONTRADO;TICKER_NAO_ENCONTRADO;;;0;True;Yahoo sem metadados para o ticker;False;
20261006_100725;FFTL4;FFTL4.SA;TICKER_NAO_ENCONTRADO;TICKER_NAO_ENCONTRADO;TICKER_NAO_ENCONTRADO;;;0;True;Yahoo sem metadados para o ticker;False;
20261006_100725;FHER3;FHER3.SA;COM_EVENTOS;COM_EVENTOS;REGISTRADO;INALTERADO;1;2;False;;False;data/raw/yahoo_dividendos/dividendos_FHER3__20261006_f4a2d80a.csv
20261006_100725;FIBR3;FIBR3.SA;TICKER_NAO_ENCONTRADO;TICKER_NAO_ENCONTRADO;TICKER_NAO_ENCONTRADO;;;0;True;Yahoo sem metadados para o ticker;False;
20261006_100725;FICT3;FICT3.SA;SEM_EVENTOS;SEM_EVENTOS;REGISTRADO;INALTERADO;1;0;False;;False;data/raw/yahoo_dividendos/dividendos_FICT3__20261006_642daec7.csv
20261006_100725;FIEI3;FIEI3.SA;COM_EVENTOS;COM_EVENTOS;REGISTRADO;INALTERADO;1;6;False;;False;data/raw/yahoo_dividendos/dividendos_FIEI3__20261006_3fcd288b.csv
20261006_100725;FIGE3;FIGE3.SA;COM_EVENTOS;COM_EVENTOS;REGISTRADO;INALTERADO;1;20;False;;False;data/raw/yahoo_dividendos/dividendos_FIGE3__20261006_4d28e307.csv
20261006_100725;FIGE4;FIGE4.SA;TICKER_NAO_ENCONTRADO;TICKER_NAO_ENCONTRADO;TICKER_NAO_ENCONTRADO;;;0;True;Yahoo sem metadados para o ticker;False;
20261006_100725;FIQE3;FIQE3.SA;COM_EVENTOS;COM_EVENTOS;REGISTRADO;INALTERADO;1;12;False;;False;data/raw/yahoo_dividendos/dividendos_FIQE3__20261006_2f0eca75.csv
20261006_100725;FJTA3;FJTA3.SA;TICKER_NAO_ENCONTRADO;TICKER_NAO_ENCONTRADO;TICKER_NAO_ENCONTRADO;;;0;True;Yahoo sem metadados para o ticker;False;
20261006_100725;FJTA4;FJTA4.SA;TICKER_NAO_ENCONTRADO;TICKER_NAO_ENCONTRADO;TICKER_NAO_ENCONTRADO;;;0;True;Yahoo sem metadados para o ticker;False;
20261006_100725;FLRY3;FLRY3.SA;COM_EVENTOS;COM_EVENTOS;REGISTRADO;INALTERADO;1;41;False;;False;data/raw/yahoo_dividendos/dividendos_FLRY3__20261006_82fb83d6.csv
20261006_100725;FRAS3;FRAS3.SA;COM_EVENTOS;COM_EVENTOS;REGISTRADO;INALTERADO;1;49;False;;False;data/raw/yahoo_dividendos/dividendos_FRAS3__20261006_5d34a2fa.csv
20261006_100725;FRAS4;FRAS4.SA;TICKER_NAO_ENCONTRADO;TICKER_NAO_ENCONTRADO;TICKER_NAO_ENCONTRADO;;;0;True;Yahoo sem metadados para o ticker;False;
20261006_100725;FRIO3;FRIO3.SA;COM_EVENTOS;COM_EVENTOS;REGISTRADO;INALTERADO;1;4;False;;False;data/raw/yahoo_dividendos/dividendos_FRIO3__20261006_794e12bd.csv
20261006_100725;FRTA3;FRTA3.SA;TICKER_NAO_ENCONTRADO;TICKER_NAO_ENCONTRADO;TICKER_NAO_ENCONTRADO;;;0;True;Yahoo sem metadados para o ticker;False;
20261006_100725;FTRX3;FTRX3.SA;TICKER_NAO_ENCONTRADO;TICKER_NAO_ENCONTRADO;TICKER_NAO_ENCONTRADO;;;0;True;Yahoo sem metadados para o ticker;False;
20261006_100725;FTRX4;FTRX4.SA;TICKER_NAO_ENCONTRADO;TICKER_NAO_ENCONTRADO;TICKER_NAO_ENCONTRADO;;;0;True;Yahoo sem metadados para o ticker;False;
20261006_100725;GEPA3;GEPA3.SA;COM_EVENTOS;COM_EVENTOS;REGISTRADO;INALTERADO;1;42;False;;False;data/raw/yahoo_dividendos/dividendos_GEPA3__20261006_4216a722.csv
20261006_100725;GEPA4;GEPA4.SA;COM_EVENTOS;COM_EVENTOS;REGISTRADO;INALTERADO;1;43;False;;False;data/raw/yahoo_dividendos/dividendos_GEPA4__20261006_489337ef.csv
20261006_100725;GETI3;GETI3.SA;TICKER_NAO_ENCONTRADO;TICKER_NAO_ENCONTRADO;TICKER_NAO_ENCONTRADO;;;0;True;Yahoo sem metadados para o ticker;False;
20261006_100725;GETI4;GETI4.SA;TICKER_NAO_ENCONTRADO;TICKER_NAO_ENCONTRADO;TICKER_NAO_ENCONTRADO;;;0;True;Yahoo sem metadados para o ticker;False;
20261006_100725;GFSA3;GFSA3.SA;COM_EVENTOS;COM_EVENTOS;REGISTRADO;INALTERADO;1;7;False;;False;data/raw/yahoo_dividendos/dividendos_GFSA3__20261006_7681852d.csv
20261006_100725;GGBR3;GGBR3.SA;COM_EVENTOS;COM_EVENTOS;REGISTRADO;INALTERADO;1;66;False;;False;data/raw/yahoo_dividendos/dividendos_GGBR3__20261006_d4768f39.csv
20261006_100725;GGBR4;GGBR4.SA;COM_EVENTOS;COM_EVENTOS;REGISTRADO;INALTERADO;1;94;False;;False;data/raw/yahoo_dividendos/dividendos_GGBR4__20261006_b4959e22.csv
20261006_100725;GGPS3;GGPS3.SA;COM_EVENTOS;COM_EVENTOS;REGISTRADO;INALTERADO;1;5;False;;False;data/raw/yahoo_dividendos/dividendos_GGPS3__20261006_a9f1c3f8.csv
20261006_100725;GLOB3;GLOB3.SA;TICKER_NAO_ENCONTRADO;TICKER_NAO_ENCONTRADO;TICKER_NAO_ENCONTRADO;;;0;True;Yahoo sem metadados para o ticker;False;
20261006_100725;GMAT3;GMAT3.SA;COM_EVENTOS;COM_EVENTOS;REGISTRADO;INALTERADO;1;8;False;;False;data/raw/yahoo_dividendos/dividendos_GMAT3__20261006_3d76760b.csv
20261006_100725;GNDI3;GNDI3.SA;TICKER_NAO_ENCONTRADO;TICKER_NAO_ENCONTRADO;TICKER_NAO_ENCONTRADO;;;0;True;Yahoo sem metadados para o ticker;False;
20261006_100725;GOAU3;GOAU3.SA;COM_EVENTOS;COM_EVENTOS;REGISTRADO;INALTERADO;1;63;False;;False;data/raw/yahoo_dividendos/dividendos_GOAU3__20261006_40fb07ed.csv
20261006_100725;GOAU4;GOAU4.SA;COM_EVENTOS;COM_EVENTOS;REGISTRADO;INALTERADO;1;91;False;;False;data/raw/yahoo_dividendos/dividendos_GOAU4__20261006_5aada177.csv
20261006_100725;GOLL4;GOLL4.SA;TICKER_NAO_ENCONTRADO;TICKER_NAO_ENCONTRADO;TICKER_NAO_ENCONTRADO;;;0;True;Yahoo sem metadados para o ticker;False;
20261006_100725;GPAR3;GPAR3.SA;COM_EVENTOS;COM_EVENTOS;REGISTRADO;INALTERADO;1;5;False;;False;data/raw/yahoo_dividendos/dividendos_GPAR3__20261006_07499817.csv
20261006_100725;GPCP3;GPCP3.SA;TICKER_NAO_ENCONTRADO;TICKER_NAO_ENCONTRADO;TICKER_NAO_ENCONTRADO;;;0;True;Yahoo sem metadados para o ticker;False;
20261006_100725;GPCP4;GPCP4.SA;TICKER_NAO_ENCONTRADO;TICKER_NAO_ENCONTRADO;TICKER_NAO_ENCONTRADO;;;0;True;Yahoo sem metadados para o ticker;False;
20261006_100725;GRND3;GRND3.SA;COM_EVENTOS;COM_EVENTOS;REGISTRADO;INALTERADO;1;73;False;;False;data/raw/yahoo_dividendos/dividendos_GRND3__20261006_8dc637b5.csv
20261006_100725;GSHP3;GSHP3.SA;COM_EVENTOS;COM_EVENTOS;REGISTRADO;INALTERADO;1;1;False;;False;data/raw/yahoo_dividendos/dividendos_GSHP3__20261006_ea3ca387.csv
20261006_100725;GUAR3;GUAR3.SA;TICKER_NAO_ENCONTRADO;TICKER_NAO_ENCONTRADO;TICKER_NAO_ENCONTRADO;;;0;True;Yahoo sem metadados para o ticker;False;
20261006_100725;GUAR4;GUAR4.SA;TICKER_NAO_ENCONTRADO;TICKER_NAO_ENCONTRADO;TICKER_NAO_ENCONTRADO;;;0;True;Yahoo sem metadados para o ticker;False;
20261006_100725;HAGA3;HAGA3.SA;SEM_EVENTOS;SEM_EVENTOS;REGISTRADO;INALTERADO;1;0;False;;False;data/raw/yahoo_dividendos/dividendos_HAGA3__20261006_642daec7.csv
20261006_100725;HAGA4;HAGA4.SA;SEM_EVENTOS;SEM_EVENTOS;REGISTRADO;INALTERADO;1;0;False;;False;data/raw/yahoo_dividendos/dividendos_HAGA4__20261006_642daec7.csv
20261006_100725;HAPV3;HAPV3.SA;COM_EVENTOS;COM_EVENTOS;REGISTRADO;INALTERADO;1;11;False;;False;data/raw/yahoo_dividendos/dividendos_HAPV3__20261006_46dca6d9.csv
20261006_100725;HBOR3;HBOR3.SA;COM_EVENTOS;COM_EVENTOS;REGISTRADO;INALTERADO;1;15;False;;False;data/raw/yahoo_dividendos/dividendos_HBOR3__20261006_fbd9b67a.csv
20261006_100725;HBRE3;HBRE3.SA;COM_EVENTOS;COM_EVENTOS;REGISTRADO;INALTERADO;1;1;False;;False;data/raw/yahoo_dividendos/dividendos_HBRE3__20261006_eccaa8c7.csv
20261006_100725;HBSA3;HBSA3.SA;SEM_EVENTOS;SEM_EVENTOS;REGISTRADO;INALTERADO;1;0;False;;False;data/raw/yahoo_dividendos/dividendos_HBSA3__20261006_642daec7.csv
20261006_100725;HBTS5;HBTS5.SA;COM_EVENTOS;COM_EVENTOS;REGISTRADO;INALTERADO;1;15;False;;False;data/raw/yahoo_dividendos/dividendos_HBTS5__20261006_d310c810.csv
20261006_100725;HETA3;HETA3.SA;SEM_EVENTOS;SEM_EVENTOS;REGISTRADO;INALTERADO;1;0;False;;False;data/raw/yahoo_dividendos/dividendos_HETA3__20261006_642daec7.csv
20261006_100725;HETA4;HETA4.SA;SEM_EVENTOS;SEM_EVENTOS;REGISTRADO;INALTERADO;1;0;False;;False;data/raw/yahoo_dividendos/dividendos_HETA4__20261006_642daec7.csv
20261006_100725;HGTX3;HGTX3.SA;TICKER_NAO_ENCONTRADO;TICKER_NAO_ENCONTRADO;TICKER_NAO_ENCONTRADO;;;0;True;Yahoo sem metadados para o ticker;False;
20261006_100725;HOOT4;HOOT4.SA;SEM_EVENTOS;SEM_EVENTOS;REGISTRADO;INALTERADO;1;0;False;;False;data/raw/yahoo_dividendos/dividendos_HOOT4__20261006_642daec7.csv
20261006_100725;HRTP3;HRTP3.SA;TICKER_NAO_ENCONTRADO;TICKER_NAO_ENCONTRADO;TICKER_NAO_ENCONTRADO;;;0;True;Yahoo sem metadados para o ticker;False;
20261006_100725;HYPE3;HYPE3.SA;COM_EVENTOS;COM_EVENTOS;REGISTRADO;INALTERADO;1;48;False;;False;data/raw/yahoo_dividendos/dividendos_HYPE3__20261006_b2109155.csv
20261006_100725;IDNT3;IDNT3.SA;TICKER_NAO_ENCONTRADO;TICKER_NAO_ENCONTRADO;TICKER_NAO_ENCONTRADO;;;0;True;Yahoo sem metadados para o ticker;False;
20261006_100725;IENG3;IENG3.SA;TICKER_NAO_ENCONTRADO;TICKER_NAO_ENCONTRADO;TICKER_NAO_ENCONTRADO;;;0;True;Yahoo sem metadados para o ticker;False;
20261006_100725;IENG5;IENG5.SA;TICKER_NAO_ENCONTRADO;TICKER_NAO_ENCONTRADO;TICKER_NAO_ENCONTRADO;;;0;True;Yahoo sem metadados para o ticker;False;
20261006_100725;IFCM3;IFCM3.SA;SEM_EVENTOS;SEM_EVENTOS;REGISTRADO;INALTERADO;1;0;False;;False;data/raw/yahoo_dividendos/dividendos_IFCM3__20261006_642daec7.csv
20261006_100725;IGBR3;IGBR3.SA;TICKER_NAO_ENCONTRADO;TICKER_NAO_ENCONTRADO;TICKER_NAO_ENCONTRADO;;;0;True;Yahoo sem metadados para o ticker;False;
20261006_100725;IGTA3;IGTA3.SA;TICKER_NAO_ENCONTRADO;TICKER_NAO_ENCONTRADO;TICKER_NAO_ENCONTRADO;;;0;True;Yahoo sem metadados para o ticker;False;
20261006_100725;IGTI11;IGTI11.SA;COM_EVENTOS;COM_EVENTOS;REGISTRADO;INALTERADO;1;10;False;;False;data/raw/yahoo_dividendos/dividendos_IGTI11__20261006_8430de9d.csv
20261006_100725;IGTI3;IGTI3.SA;COM_EVENTOS;COM_EVENTOS;REGISTRADO;INALTERADO;1;21;False;;False;data/raw/yahoo_dividendos/dividendos_IGTI3__20261006_0d0cb469.csv
20261006_100725;IGTI4;IGTI4.SA;COM_EVENTOS;COM_EVENTOS;REGISTRADO;INALTERADO;1;8;False;;False;data/raw/yahoo_dividendos/dividendos_IGTI4__20261006_174dd428.csv
20261006_100725;IGUA3;IGUA3.SA;TICKER_NAO_ENCONTRADO;TICKER_NAO_ENCONTRADO;TICKER_NAO_ENCONTRADO;;;0;True;Yahoo sem metadados para o ticker;False;
20261006_100725;IGUA5;IGUA5.SA;TICKER_NAO_ENCONTRADO;TICKER_NAO_ENCONTRADO;TICKER_NAO_ENCONTRADO;;;0;True;Yahoo sem metadados para o ticker;False;
20261006_100725;IGUA6;IGUA6.SA;TICKER_NAO_ENCONTRADO;TICKER_NAO_ENCONTRADO;TICKER_NAO_ENCONTRADO;;;0;True;Yahoo sem metadados para o ticker;False;
20261006_100725;ILMD3;ILMD3.SA;TICKER_NAO_ENCONTRADO;TICKER_NAO_ENCONTRADO;TICKER_NAO_ENCONTRADO;;;0;True;Yahoo sem metadados para o ticker;False;
20261006_100725;ILMD4;ILMD4.SA;TICKER_NAO_ENCONTRADO;TICKER_NAO_ENCONTRADO;TICKER_NAO_ENCONTRADO;;;0;True;Yahoo sem metadados para o ticker;False;
20261006_100725;IMBI3;IMBI3.SA;TICKER_NAO_ENCONTRADO;TICKER_NAO_ENCONTRADO;TICKER_NAO_ENCONTRADO;;;0;True;Yahoo sem metadados para o ticker;False;
20261006_100725;IMBI4;IMBI4.SA;TICKER_NAO_ENCONTRADO;TICKER_NAO_ENCONTRADO;TICKER_NAO_ENCONTRADO;;;0;True;Yahoo sem metadados para o ticker;False;
20261006_100725;IMCH3;IMCH3.SA;TICKER_NAO_ENCONTRADO;TICKER_NAO_ENCONTRADO;TICKER_NAO_ENCONTRADO;;;0;True;Yahoo sem metadados para o ticker;False;
20261006_100725;INEP3;INEP3.SA;COM_EVENTOS;COM_EVENTOS;REGISTRADO;INALTERADO;1;1;False;;False;data/raw/yahoo_dividendos/dividendos_INEP3__20261006_0cd3bdbe.csv
20261006_100725;INEP4;INEP4.SA;COM_EVENTOS;COM_EVENTOS;REGISTRADO;INALTERADO;1;1;False;;False;data/raw/yahoo_dividendos/dividendos_INEP4__20261006_7c937541.csv
20261006_100725;INPR3;INPR3.SA;TICKER_NAO_ENCONTRADO;TICKER_NAO_ENCONTRADO;TICKER_NAO_ENCONTRADO;;;0;True;Yahoo sem metadados para o ticker;False;
20261006_100725;INTB3;INTB3.SA;COM_EVENTOS;COM_EVENTOS;REGISTRADO;INALTERADO;1;17;False;;False;data/raw/yahoo_dividendos/dividendos_INTB3__20261006_36386387.csv
20261006_100725;ISAE3;ISAE3.SA;COM_EVENTOS;COM_EVENTOS;REGISTRADO;INALTERADO;1;67;False;;False;data/raw/yahoo_dividendos/dividendos_ISAE3__20261006_5d718b3c.csv
20261006_100725;ISAE4;ISAE4.SA;COM_EVENTOS;COM_EVENTOS;REGISTRADO;INALTERADO;1;65;False;;False;data/raw/yahoo_dividendos/dividendos_ISAE4__20261006_d751631d.csv
20261006_100725;ITEC3;ITEC3.SA;TICKER_NAO_ENCONTRADO;TICKER_NAO_ENCONTRADO;TICKER_NAO_ENCONTRADO;;;0;True;Yahoo sem metadados para o ticker;False;
20261006_100725;ITSA3;ITSA3.SA;COM_EVENTOS;COM_EVENTOS;REGISTRADO;INALTERADO;1;144;False;;False;data/raw/yahoo_dividendos/dividendos_ITSA3__20261006_e066a5cd.csv
20261006_100725;ITSA4;ITSA4.SA;COM_EVENTOS;COM_EVENTOS;REGISTRADO;INALTERADO;1;142;False;;False;data/raw/yahoo_dividendos/dividendos_ITSA4__20261006_61e069e7.csv
20261006_100725;JALL3;JALL3.SA;COM_EVENTOS;COM_EVENTOS;REGISTRADO;INALTERADO;1;6;False;;False;data/raw/yahoo_dividendos/dividendos_JALL3__20261006_ff6f0b07.csv
20261006_100725;JBSS3;JBSS3.SA;TICKER_NAO_ENCONTRADO;TICKER_NAO_ENCONTRADO;TICKER_NAO_ENCONTRADO;;;0;True;Yahoo sem metadados para o ticker;False;
20261006_100725;JFEN3;JFEN3.SA;COM_EVENTOS;COM_EVENTOS;REGISTRADO;INALTERADO;1;4;False;;False;data/raw/yahoo_dividendos/dividendos_JFEN3__20261006_a04f93d5.csv
20261006_100725;JHSF3;JHSF3.SA;COM_EVENTOS;COM_EVENTOS;REGISTRADO;INALTERADO;1;62;False;;False;data/raw/yahoo_dividendos/dividendos_JHSF3__20261006_265cdf62.csv
20261006_100725;JOPA3;JOPA3.SA;COM_EVENTOS;COM_EVENTOS;REGISTRADO;INALTERADO;1;20;False;;False;data/raw/yahoo_dividendos/dividendos_JOPA3__20261006_c90ba933.csv
20261006_100725;JOPA4;JOPA4.SA;COM_EVENTOS;COM_EVENTOS;REGISTRADO;INALTERADO;1;23;False;;False;data/raw/yahoo_dividendos/dividendos_JOPA4__20261006_ef5d8706.csv
20261006_100725;JPSA3;JPSA3.SA;TICKER_NAO_ENCONTRADO;TICKER_NAO_ENCONTRADO;TICKER_NAO_ENCONTRADO;;;0;True;Yahoo sem metadados para o ticker;False;
20261006_100725;JPSA4;JPSA4.SA;TICKER_NAO_ENCONTRADO;TICKER_NAO_ENCONTRADO;TICKER_NAO_ENCONTRADO;;;0;True;Yahoo sem metadados para o ticker;False;
20261006_100725;JSLG3;JSLG3.SA;COM_EVENTOS;COM_EVENTOS;REGISTRADO;INALTERADO;1;8;False;;False;data/raw/yahoo_dividendos/dividendos_JSLG3__20261006_1acbee89.csv
20261006_100725;KEPL3;KEPL3.SA;COM_EVENTOS;COM_EVENTOS;REGISTRADO;INALTERADO;1;27;False;;False;data/raw/yahoo_dividendos/dividendos_KEPL3__20261006_12497b97.csv
20261006_100725;KLBN11;KLBN11.SA;COM_EVENTOS;COM_EVENTOS;REGISTRADO;INALTERADO;1;47;False;;False;data/raw/yahoo_dividendos/dividendos_KLBN11__20261006_87f742a1.csv
20261006_100725;KLBN3;KLBN3.SA;COM_EVENTOS;COM_EVENTOS;REGISTRADO;INALTERADO;1;56;False;;False;data/raw/yahoo_dividendos/dividendos_KLBN3__20261006_698f4531.csv
20261006_100725;KLBN4;KLBN4.SA;COM_EVENTOS;COM_EVENTOS;REGISTRADO;INALTERADO;1;58;False;;False;data/raw/yahoo_dividendos/dividendos_KLBN4__20261006_2d8d8c0d.csv
20261006_100725;KROT11;KROT11.SA;TICKER_NAO_ENCONTRADO;TICKER_NAO_ENCONTRADO;TICKER_NAO_ENCONTRADO;;;0;True;Yahoo sem metadados para o ticker;False;
20261006_100725;KROT3;KROT3.SA;TICKER_NAO_ENCONTRADO;TICKER_NAO_ENCONTRADO;TICKER_NAO_ENCONTRADO;;;0;True;Yahoo sem metadados para o ticker;False;
20261006_100725;KROT4;KROT4.SA;TICKER_NAO_ENCONTRADO;TICKER_NAO_ENCONTRADO;TICKER_NAO_ENCONTRADO;;;0;True;Yahoo sem metadados para o ticker;False;
20261006_100725;KRSA3;KRSA3.SA;TICKER_NAO_ENCONTRADO;TICKER_NAO_ENCONTRADO;TICKER_NAO_ENCONTRADO;;;0;True;Yahoo sem metadados para o ticker;False;
20261006_100725;LAME3;LAME3.SA;TICKER_NAO_ENCONTRADO;TICKER_NAO_ENCONTRADO;TICKER_NAO_ENCONTRADO;;;0;True;Yahoo sem metadados para o ticker;False;
20261006_100725;LAME4;LAME4.SA;TICKER_NAO_ENCONTRADO;TICKER_NAO_ENCONTRADO;TICKER_NAO_ENCONTRADO;;;0;True;Yahoo sem metadados para o ticker;False;
20261006_100725;LAND3;LAND3.SA;COM_EVENTOS;COM_EVENTOS;REGISTRADO;INALTERADO;1;4;False;;False;data/raw/yahoo_dividendos/dividendos_LAND3__20261006_e04ec5c4.csv
20261006_100725;LAVV3;LAVV3.SA;COM_EVENTOS;COM_EVENTOS;REGISTRADO;INALTERADO;1;20;False;;False;data/raw/yahoo_dividendos/dividendos_LAVV3__20261006_7137fb64.csv
20261006_100725;LCAM3;LCAM3.SA;TICKER_NAO_ENCONTRADO;TICKER_NAO_ENCONTRADO;TICKER_NAO_ENCONTRADO;;;0;True;Yahoo sem metadados para o ticker;False;
20261006_100725;LEVE3;LEVE3.SA;COM_EVENTOS;COM_EVENTOS;REGISTRADO;INALTERADO;1;45;False;;False;data/raw/yahoo_dividendos/dividendos_LEVE3__20261006_20a1b048.csv
20261006_100725;LEVE4;LEVE4.SA;TICKER_NAO_ENCONTRADO;TICKER_NAO_ENCONTRADO;TICKER_NAO_ENCONTRADO;;;0;True;Yahoo sem metadados para o ticker;False;
20261006_100725;LFFE3;LFFE3.SA;TICKER_NAO_ENCONTRADO;TICKER_NAO_ENCONTRADO;TICKER_NAO_ENCONTRADO;;;0;True;Yahoo sem metadados para o ticker;False;
20261006_100725;LFFE4;LFFE4.SA;TICKER_NAO_ENCONTRADO;TICKER_NAO_ENCONTRADO;TICKER_NAO_ENCONTRADO;;;0;True;Yahoo sem metadados para o ticker;False;
20261006_100725;LHER4;LHER4.SA;TICKER_NAO_ENCONTRADO;TICKER_NAO_ENCONTRADO;TICKER_NAO_ENCONTRADO;;;0;True;Yahoo sem metadados para o ticker;False;
20261006_100725;LIGT3;LIGT3.SA;COM_EVENTOS;COM_EVENTOS;REGISTRADO;INALTERADO;1;18;False;;False;data/raw/yahoo_dividendos/dividendos_LIGT3__20261006_5c2e201f.csv
20261006_100725;LINX3;LINX3.SA;TICKER_NAO_ENCONTRADO;TICKER_NAO_ENCONTRADO;TICKER_NAO_ENCONTRADO;;;0;True;Yahoo sem metadados para o ticker;False;
20261006_100725;LIQO3;LIQO3.SA;TICKER_NAO_ENCONTRADO;TICKER_NAO_ENCONTRADO;TICKER_NAO_ENCONTRADO;;;0;True;Yahoo sem metadados para o ticker;False;
20261006_100725;LIXC3;LIXC3.SA;TICKER_NAO_ENCONTRADO;TICKER_NAO_ENCONTRADO;TICKER_NAO_ENCONTRADO;;;0;True;Yahoo sem metadados para o ticker;False;
20261006_100725;LIXC4;LIXC4.SA;TICKER_NAO_ENCONTRADO;TICKER_NAO_ENCONTRADO;TICKER_NAO_ENCONTRADO;;;0;True;Yahoo sem metadados para o ticker;False;
20261006_100725;LJQQ3;LJQQ3.SA;COM_EVENTOS;COM_EVENTOS;REGISTRADO;INALTERADO;1;5;False;;False;data/raw/yahoo_dividendos/dividendos_LJQQ3__20261006_53123975.csv
20261006_100725;LLIS3;LLIS3.SA;TICKER_NAO_ENCONTRADO;TICKER_NAO_ENCONTRADO;TICKER_NAO_ENCONTRADO;;;0;True;Yahoo sem metadados para o ticker;False;
20261006_100725;LLXL3;LLXL3.SA;TICKER_NAO_ENCONTRADO;TICKER_NAO_ENCONTRADO;TICKER_NAO_ENCONTRADO;;;0;True;Yahoo sem metadados para o ticker;False;
20261006_100725;LOGG3;LOGG3.SA;COM_EVENTOS;COM_EVENTOS;REGISTRADO;INALTERADO;1;14;False;;False;data/raw/yahoo_dividendos/dividendos_LOGG3__20261006_33d86e4b.csv
20261006_100725;LOGN3;LOGN3.SA;COM_EVENTOS;COM_EVENTOS;REGISTRADO;INALTERADO;1;2;False;;False;data/raw/yahoo_dividendos/dividendos_LOGN3__20261006_77490de8.csv
20261006_100725;LPSB3;LPSB3.SA;COM_EVENTOS;COM_EVENTOS;REGISTRADO;INALTERADO;1;12;False;;False;data/raw/yahoo_dividendos/dividendos_LPSB3__20261006_75702108.csv
20261006_100725;LREN3;LREN3.SA;COM_EVENTOS;COM_EVENTOS;REGISTRADO;INALTERADO;1;79;False;;False;data/raw/yahoo_dividendos/dividendos_LREN3__20261006_4432a3a5.csv
20261006_100725;LUPA3;LUPA3.SA;SEM_EVENTOS;SEM_EVENTOS;REGISTRADO;INALTERADO;1;0;False;;False;data/raw/yahoo_dividendos/dividendos_LUPA3__20261006_642daec7.csv
20261006_100725;LUXM3;LUXM3.SA;TICKER_NAO_ENCONTRADO;TICKER_NAO_ENCONTRADO;TICKER_NAO_ENCONTRADO;;;0;True;Yahoo sem metadados para o ticker;False;
20261006_100725;LUXM4;LUXM4.SA;COM_EVENTOS;COM_EVENTOS;REGISTRADO;INALTERADO;1;20;False;;False;data/raw/yahoo_dividendos/dividendos_LUXM4__20261006_9fbc83d6.csv
20261006_100725;LWSA3;LWSA3.SA;COM_EVENTOS;COM_EVENTOS;REGISTRADO;INALTERADO;1;6;False;;False;data/raw/yahoo_dividendos/dividendos_LWSA3__20261006_f22629d4.csv
20261006_100725;MAGG3;MAGG3.SA;TICKER_NAO_ENCONTRADO;TICKER_NAO_ENCONTRADO;TICKER_NAO_ENCONTRADO;;;0;True;Yahoo sem metadados para o ticker;False;
20261006_100725;MAPT3;MAPT3.SA;SEM_EVENTOS;SEM_EVENTOS;REGISTRADO;INALTERADO;1;0;False;;False;data/raw/yahoo_dividendos/dividendos_MAPT3__20261006_642daec7.csv
20261006_100725;MAPT4;MAPT4.SA;SEM_EVENTOS;SEM_EVENTOS;REGISTRADO;INALTERADO;1;0;False;;False;data/raw/yahoo_dividendos/dividendos_MAPT4__20261006_642daec7.csv
20261006_100725;MATD3;MATD3.SA;COM_EVENTOS;COM_EVENTOS;REGISTRADO;INALTERADO;1;5;False;;False;data/raw/yahoo_dividendos/dividendos_MATD3__20261006_cf37d9e8.csv
20261006_100725;MBLY3;MBLY3.SA;TICKER_NAO_ENCONTRADO;TICKER_NAO_ENCONTRADO;TICKER_NAO_ENCONTRADO;;;0;True;Yahoo sem metadados para o ticker;False;
20261006_100725;MBRF3;MBRF3.SA;COM_EVENTOS;COM_EVENTOS;REGISTRADO;INALTERADO;1;11;False;;False;data/raw/yahoo_dividendos/dividendos_MBRF3__20261006_a9e3a44b.csv
20261006_100725;MDIA3;MDIA3.SA;COM_EVENTOS;COM_EVENTOS;REGISTRADO;INALTERADO;1;56;False;;False;data/raw/yahoo_dividendos/dividendos_MDIA3__20261006_f5a4face.csv
20261006_100725;MDNE3;MDNE3.SA;COM_EVENTOS;COM_EVENTOS;REGISTRADO;INALTERADO;1;4;False;;False;data/raw/yahoo_dividendos/dividendos_MDNE3__20261006_8f013dde.csv
20261006_100725;MEAL3;MEAL3.SA;COM_EVENTOS;COM_EVENTOS;REGISTRADO;INALTERADO;1;4;False;;False;data/raw/yahoo_dividendos/dividendos_MEAL3__20261006_9cbaeda8.csv
20261006_100725;MEGA3;MEGA3.SA;TICKER_NAO_ENCONTRADO;TICKER_NAO_ENCONTRADO;TICKER_NAO_ENCONTRADO;;;0;True;Yahoo sem metadados para o ticker;False;
20261006_100725;MELK3;MELK3.SA;COM_EVENTOS;COM_EVENTOS;REGISTRADO;INALTERADO;1;17;False;;False;data/raw/yahoo_dividendos/dividendos_MELK3__20261006_36d1dff0.csv
20261006_100725;MEND5;MEND5.SA;TICKER_NAO_ENCONTRADO;TICKER_NAO_ENCONTRADO;TICKER_NAO_ENCONTRADO;;;0;True;Yahoo sem metadados para o ticker;False;
20261006_100725;MEND6;MEND6.SA;TICKER_NAO_ENCONTRADO;TICKER_NAO_ENCONTRADO;TICKER_NAO_ENCONTRADO;;;0;True;Yahoo sem metadados para o ticker;False;
20261006_100725;MGEL3;MGEL3.SA;TICKER_NAO_ENCONTRADO;TICKER_NAO_ENCONTRADO;TICKER_NAO_ENCONTRADO;;;0;True;Yahoo sem metadados para o ticker;False;
20261006_100725;MGEL4;MGEL4.SA;COM_EVENTOS;COM_EVENTOS;REGISTRADO;INALTERADO;1;1;False;;False;data/raw/yahoo_dividendos/dividendos_MGEL4__20261006_a80d53b7.csv
20261006_100725;MGLU3;MGLU3.SA;COM_EVENTOS;COM_EVENTOS;REGISTRADO;INALTERADO;1;17;False;;False;data/raw/yahoo_dividendos/dividendos_MGLU3__20261006_ac1c1d2d.csv
20261006_100725;MILS3;MILS3.SA;COM_EVENTOS;COM_EVENTOS;REGISTRADO;INALTERADO;1;32;False;;False;data/raw/yahoo_dividendos/dividendos_MILS3__20261006_302ac106.csv
20261006_100725;MLAS3;MLAS3.SA;COM_EVENTOS;COM_EVENTOS;REGISTRADO;INALTERADO;1;2;False;;False;data/raw/yahoo_dividendos/dividendos_MLAS3__20261006_7bbbb24c.csv
20261006_100725;MMAQ3;MMAQ3.SA;COM_EVENTOS;COM_EVENTOS;REGISTRADO;INALTERADO;1;25;False;;False;data/raw/yahoo_dividendos/dividendos_MMAQ3__20261006_e5ff4adb.csv
20261006_100725;MMAQ4;MMAQ4.SA;COM_EVENTOS;COM_EVENTOS;REGISTRADO;INALTERADO;1;19;False;;False;data/raw/yahoo_dividendos/dividendos_MMAQ4__20261006_f3881907.csv
20261006_100725;MMXM3;MMXM3.SA;TICKER_NAO_ENCONTRADO;TICKER_NAO_ENCONTRADO;TICKER_NAO_ENCONTRADO;;;0;True;Yahoo sem metadados para o ticker;False;
20261006_100725;MNDL3;MNDL3.SA;COM_EVENTOS;COM_EVENTOS;REGISTRADO;INALTERADO;1;5;False;;False;data/raw/yahoo_dividendos/dividendos_MNDL3__20261006_de87609f.csv
20261006_100725;MNDL4;MNDL4.SA;TICKER_NAO_ENCONTRADO;TICKER_NAO_ENCONTRADO;TICKER_NAO_ENCONTRADO;;;0;True;Yahoo sem metadados para o ticker;False;
20261006_100725;MNPR3;MNPR3.SA;COM_EVENTOS;COM_EVENTOS;REGISTRADO;INALTERADO;1;1;False;;False;data/raw/yahoo_dividendos/dividendos_MNPR3__20261006_694b8642.csv
20261006_100725;MOSI3;MOSI3.SA;TICKER_NAO_ENCONTRADO;TICKER_NAO_ENCONTRADO;TICKER_NAO_ENCONTRADO;;;0;True;Yahoo sem metadados para o ticker;False;
20261006_100725;MOTV3;MOTV3.SA;COM_EVENTOS;COM_EVENTOS;REGISTRADO;INALTERADO;1;39;False;;False;data/raw/yahoo_dividendos/dividendos_MOTV3__20261006_21e92650.csv
20261006_100725;MOVI3;MOVI3.SA;COM_EVENTOS;COM_EVENTOS;REGISTRADO;INALTERADO;1;24;False;;False;data/raw/yahoo_dividendos/dividendos_MOVI3__20261006_827735bf.csv
20261006_100725;MPLU3;MPLU3.SA;TICKER_NAO_ENCONTRADO;TICKER_NAO_ENCONTRADO;TICKER_NAO_ENCONTRADO;;;0;True;Yahoo sem metadados para o ticker;False;
20261006_100725;MPXE3;MPXE3.SA;TICKER_NAO_ENCONTRADO;TICKER_NAO_ENCONTRADO;TICKER_NAO_ENCONTRADO;;;0;True;Yahoo sem metadados para o ticker;False;
20261006_100725;MRFG3;MRFG3.SA;TICKER_NAO_ENCONTRADO;TICKER_NAO_ENCONTRADO;TICKER_NAO_ENCONTRADO;;;0;True;Yahoo sem metadados para o ticker;False;
20261006_100725;MRSL3;MRSL3.SA;TICKER_NAO_ENCONTRADO;TICKER_NAO_ENCONTRADO;TICKER_NAO_ENCONTRADO;;;0;True;Yahoo sem metadados para o ticker;False;
20261006_100725;MRSL4;MRSL4.SA;TICKER_NAO_ENCONTRADO;TICKER_NAO_ENCONTRADO;TICKER_NAO_ENCONTRADO;;;0;True;Yahoo sem metadados para o ticker;False;
20261006_100725;MRVE3;MRVE3.SA;COM_EVENTOS;COM_EVENTOS;REGISTRADO;INALTERADO;1;24;False;;False;data/raw/yahoo_dividendos/dividendos_MRVE3__20261006_39898c12.csv
20261006_100725;MSPA3;MSPA3.SA;COM_EVENTOS;COM_EVENTOS;REGISTRADO;INALTERADO;1;8;False;;False;data/raw/yahoo_dividendos/dividendos_MSPA3__20261006_123030c7.csv
20261006_100725;MSPA4;MSPA4.SA;COM_EVENTOS;COM_EVENTOS;REGISTRADO;INALTERADO;1;8;False;;False;data/raw/yahoo_dividendos/dividendos_MSPA4__20261006_ba350152.csv
20261006_100725;MTIG3;MTIG3.SA;TICKER_NAO_ENCONTRADO;TICKER_NAO_ENCONTRADO;TICKER_NAO_ENCONTRADO;;;0;True;Yahoo sem metadados para o ticker;False;
20261006_100725;MTIG4;MTIG4.SA;TICKER_NAO_ENCONTRADO;TICKER_NAO_ENCONTRADO;TICKER_NAO_ENCONTRADO;;;0;True;Yahoo sem metadados para o ticker;False;
20261006_100725;MTRE3;MTRE3.SA;COM_EVENTOS;COM_EVENTOS;REGISTRADO;INALTERADO;1;37;False;;False;data/raw/yahoo_dividendos/dividendos_MTRE3__20261006_e3fcba3e.csv
20261006_100725;MTSA3;MTSA3.SA;COM_EVENTOS;COM_EVENTOS;REGISTRADO;INALTERADO;1;42;False;;False;data/raw/yahoo_dividendos/dividendos_MTSA3__20261006_1b9df9da.csv
20261006_100725;MTSA4;MTSA4.SA;COM_EVENTOS;COM_EVENTOS;REGISTRADO;INALTERADO;1;38;False;;False;data/raw/yahoo_dividendos/dividendos_MTSA4__20261006_9d50f923.csv
20261006_100725;MULT3;MULT3.SA;COM_EVENTOS;COM_EVENTOS;REGISTRADO;INALTERADO;1;45;False;;False;data/raw/yahoo_dividendos/dividendos_MULT3__20261006_761c217f.csv
20261006_100725;MWET3;MWET3.SA;SEM_EVENTOS;SEM_EVENTOS;REGISTRADO;INALTERADO;1;0;False;;False;data/raw/yahoo_dividendos/dividendos_MWET3__20261006_642daec7.csv
20261006_100725;MWET4;MWET4.SA;SEM_EVENTOS;SEM_EVENTOS;REGISTRADO;INALTERADO;1;0;False;;False;data/raw/yahoo_dividendos/dividendos_MWET4__20261006_642daec7.csv
20261006_100725;MYPK3;MYPK3.SA;COM_EVENTOS;COM_EVENTOS;REGISTRADO;INALTERADO;1;28;False;;False;data/raw/yahoo_dividendos/dividendos_MYPK3__20261006_0f8969da.csv
20261006_100725;NAFG3;NAFG3.SA;TICKER_NAO_ENCONTRADO;TICKER_NAO_ENCONTRADO;TICKER_NAO_ENCONTRADO;;;0;True;Yahoo sem metadados para o ticker;False;
20261006_100725;NAFG4;NAFG4.SA;TICKER_NAO_ENCONTRADO;TICKER_NAO_ENCONTRADO;TICKER_NAO_ENCONTRADO;;;0;True;Yahoo sem metadados para o ticker;False;
20261006_100725;NATU3;NATU3.SA;COM_EVENTOS;COM_EVENTOS;REGISTRADO;INALTERADO;1;24;False;;False;data/raw/yahoo_dividendos/dividendos_NATU3__20261006_c32c4584.csv
20261006_100725;NEOE3;NEOE3.SA;TICKER_NAO_ENCONTRADO;TICKER_NAO_ENCONTRADO;TICKER_NAO_ENCONTRADO;;;0;True;Yahoo sem metadados para o ticker;False;
20261006_100725;NETC3;NETC3.SA;TICKER_NAO_ENCONTRADO;TICKER_NAO_ENCONTRADO;TICKER_NAO_ENCONTRADO;;;0;True;Yahoo sem metadados para o ticker;False;
20261006_100725;NETC4;NETC4.SA;TICKER_NAO_ENCONTRADO;TICKER_NAO_ENCONTRADO;TICKER_NAO_ENCONTRADO;;;0;True;Yahoo sem metadados para o ticker;False;
20261006_100725;NEXP3;NEXP3.SA;COM_EVENTOS;COM_EVENTOS;REGISTRADO;INALTERADO;1;7;False;;False;data/raw/yahoo_dividendos/dividendos_NEXP3__20261006_8b60f36e.csv
20261006_100725;NGRD3;NGRD3.SA;TICKER_NAO_ENCONTRADO;TICKER_NAO_ENCONTRADO;TICKER_NAO_ENCONTRADO;;;0;True;Yahoo sem metadados para o ticker;False;
20261006_100725;NINJ3;NINJ3.SA;TICKER_NAO_ENCONTRADO;TICKER_NAO_ENCONTRADO;TICKER_NAO_ENCONTRADO;;;0;True;Yahoo sem metadados para o ticker;False;
20261006_100725;NORD3;NORD3.SA;SEM_EVENTOS;SEM_EVENTOS;REGISTRADO;INALTERADO;1;0;False;;False;data/raw/yahoo_dividendos/dividendos_NORD3__20261006_642daec7.csv
20261006_100725;NTCO3;NTCO3.SA;TICKER_NAO_ENCONTRADO;TICKER_NAO_ENCONTRADO;TICKER_NAO_ENCONTRADO;;;0;True;Yahoo sem metadados para o ticker;False;
20261006_100725;NUTR3;NUTR3.SA;SEM_EVENTOS;SEM_EVENTOS;REGISTRADO;INALTERADO;1;0;False;;False;data/raw/yahoo_dividendos/dividendos_NUTR3__20261006_642daec7.csv
20261006_100725;ODER4;ODER4.SA;SEM_EVENTOS;SEM_EVENTOS;REGISTRADO;INALTERADO;1;0;False;;False;data/raw/yahoo_dividendos/dividendos_ODER4__20261006_642daec7.csv
20261006_100725;ODPV3;ODPV3.SA;TICKER_NAO_ENCONTRADO;TICKER_NAO_ENCONTRADO;TICKER_NAO_ENCONTRADO;;;0;True;Yahoo sem metadados para o ticker;False;
20261006_100725;OFSA3;OFSA3.SA;COM_EVENTOS;COM_EVENTOS;REGISTRADO;INALTERADO;1;22;False;;False;data/raw/yahoo_dividendos/dividendos_OFSA3__20261006_329a5456.csv
20261006_100725;OGXP3;OGXP3.SA;TICKER_NAO_ENCONTRADO;TICKER_NAO_ENCONTRADO;TICKER_NAO_ENCONTRADO;;;0;True;Yahoo sem metadados para o ticker;False;
20261006_100725;OHLB3;OHLB3.SA;TICKER_NAO_ENCONTRADO;TICKER_NAO_ENCONTRADO;TICKER_NAO_ENCONTRADO;;;0;True;Yahoo sem metadados para o ticker;False;
20261006_100725;OIBR3;OIBR3.SA;COM_EVENTOS;COM_EVENTOS;REGISTRADO;INALTERADO;1;7;False;;False;data/raw/yahoo_dividendos/dividendos_OIBR3__20261006_1044e190.csv
20261006_100725;OIBR4;OIBR4.SA;COM_EVENTOS;COM_EVENTOS;REGISTRADO;INALTERADO;1;23;False;;False;data/raw/yahoo_dividendos/dividendos_OIBR4__20261006_f2304c4a.csv
20261006_100725;OMGE3;OMGE3.SA;TICKER_NAO_ENCONTRADO;TICKER_NAO_ENCONTRADO;TICKER_NAO_ENCONTRADO;;;0;True;Yahoo sem metadados para o ticker;False;
20261006_100725;ONCO3;ONCO3.SA;SEM_EVENTOS;SEM_EVENTOS;REGISTRADO;INALTERADO;1;0;False;;False;data/raw/yahoo_dividendos/dividendos_ONCO3__20261006_642daec7.csv
20261006_100725;OPCT3;OPCT3.SA;COM_EVENTOS;COM_EVENTOS;REGISTRADO;INALTERADO;1;1;False;;False;data/raw/yahoo_dividendos/dividendos_OPCT3__20261006_d6fbc4a1.csv
20261006_100725;ORVR3;ORVR3.SA;SEM_EVENTOS;SEM_EVENTOS;REGISTRADO;INALTERADO;1;0;False;;False;data/raw/yahoo_dividendos/dividendos_ORVR3__20261006_642daec7.csv
20261006_100725;OSXB3;OSXB3.SA;SEM_EVENTOS;SEM_EVENTOS;REGISTRADO;INALTERADO;1;0;False;;False;data/raw/yahoo_dividendos/dividendos_OSXB3__20261006_642daec7.csv
20261006_100725;PARD3;PARD3.SA;TICKER_NAO_ENCONTRADO;TICKER_NAO_ENCONTRADO;TICKER_NAO_ENCONTRADO;;;0;True;Yahoo sem metadados para o ticker;False;
20261006_100725;PASS3;PASS3.SA;SEM_EVENTOS;SEM_EVENTOS;REGISTRADO;INALTERADO;1;0;False;;False;data/raw/yahoo_dividendos/dividendos_PASS3__20261006_642daec7.csv
20261006_100725;PATI3;PATI3.SA;COM_EVENTOS;COM_EVENTOS;REGISTRADO;INALTERADO;1;21;False;;False;data/raw/yahoo_dividendos/dividendos_PATI3__20261006_986357be.csv
20261006_100725;PATI4;PATI4.SA;COM_EVENTOS;COM_EVENTOS;REGISTRADO;INALTERADO;1;20;False;;False;data/raw/yahoo_dividendos/dividendos_PATI4__20261006_d8688233.csv
20261006_100725;PCAR3;PCAR3.SA;COM_EVENTOS;COM_EVENTOS;REGISTRADO;INALTERADO;1;39;False;;False;data/raw/yahoo_dividendos/dividendos_PCAR3__20261006_2ffcafa1.csv
20261006_100725;PCAR4;PCAR4.SA;TICKER_NAO_ENCONTRADO;TICKER_NAO_ENCONTRADO;TICKER_NAO_ENCONTRADO;;;0;True;Yahoo sem metadados para o ticker;False;
20261006_100725;PCAR5;PCAR5.SA;TICKER_NAO_ENCONTRADO;TICKER_NAO_ENCONTRADO;TICKER_NAO_ENCONTRADO;;;0;True;Yahoo sem metadados para o ticker;False;
20261006_100725;PDGR3;PDGR3.SA;COM_EVENTOS;COM_EVENTOS;REGISTRADO;INALTERADO;1;5;False;;False;data/raw/yahoo_dividendos/dividendos_PDGR3__20261006_f3de7492.csv
20261006_100725;PDTC3;PDTC3.SA;COM_EVENTOS;COM_EVENTOS;REGISTRADO;INALTERADO;1;1;False;;False;data/raw/yahoo_dividendos/dividendos_PDTC3__20261006_479584c8.csv
20261006_100725;PEAB3;PEAB3.SA;COM_EVENTOS;COM_EVENTOS;REGISTRADO;INALTERADO;1;30;False;;False;data/raw/yahoo_dividendos/dividendos_PEAB3__20261006_bf5cce60.csv
20261006_100725;PEAB4;PEAB4.SA;COM_EVENTOS;COM_EVENTOS;REGISTRADO;INALTERADO;1;26;False;;False;data/raw/yahoo_dividendos/dividendos_PEAB4__20261006_db3f54d7.csv
20261006_100725;PETR3;PETR3.SA;COM_EVENTOS;COM_EVENTOS;REGISTRADO;INALTERADO;1;51;False;;False;data/raw/yahoo_dividendos/dividendos_PETR3__20261006_400229a0.csv
20261006_100725;PETR4;PETR4.SA;COM_EVENTOS;COM_EVENTOS;REGISTRADO;INALTERADO;1;62;False;;False;data/raw/yahoo_dividendos/dividendos_PETR4__20261006_65a940e2.csv
20261006_100725;PETZ3;PETZ3.SA;TICKER_NAO_ENCONTRADO;TICKER_NAO_ENCONTRADO;TICKER_NAO_ENCONTRADO;;;0;True;Yahoo sem metadados para o ticker;False;
20261006_100725;PFRM3;PFRM3.SA;COM_EVENTOS;COM_EVENTOS;REGISTRADO;INALTERADO;1;15;False;;False;data/raw/yahoo_dividendos/dividendos_PFRM3__20261006_3e8b7607.csv
20261006_100725;PGMN3;PGMN3.SA;COM_EVENTOS;COM_EVENTOS;REGISTRADO;INALTERADO;1;4;False;;False;data/raw/yahoo_dividendos/dividendos_PGMN3__20261006_e6c8b875.csv
20261006_100725;PLAS3;PLAS3.SA;COM_EVENTOS;COM_EVENTOS;REGISTRADO;INALTERADO;1;1;False;;False;data/raw/yahoo_dividendos/dividendos_PLAS3__20261006_bff65cc5.csv
20261006_100725;PLPL3;PLPL3.SA;COM_EVENTOS;COM_EVENTOS;REGISTRADO;INALTERADO;1;6;False;;False;data/raw/yahoo_dividendos/dividendos_PLPL3__20261006_f66125ee.csv
20261006_100725;PMAM3;PMAM3.SA;COM_EVENTOS;COM_EVENTOS;REGISTRADO;INALTERADO;1;2;False;;False;data/raw/yahoo_dividendos/dividendos_PMAM3__20261006_903d6777.csv
20261006_100725;PMET5;PMET5.SA;TICKER_NAO_ENCONTRADO;TICKER_NAO_ENCONTRADO;TICKER_NAO_ENCONTRADO;;;0;True;Yahoo sem metadados para o ticker;False;
20261006_100725;PMET6;PMET6.SA;TICKER_NAO_ENCONTRADO;TICKER_NAO_ENCONTRADO;TICKER_NAO_ENCONTRADO;;;0;True;Yahoo sem metadados para o ticker;False;
20261006_100725;PNOR5;PNOR5.SA;TICKER_NAO_ENCONTRADO;TICKER_NAO_ENCONTRADO;TICKER_NAO_ENCONTRADO;;;0;True;Yahoo sem metadados para o ticker;False;
20261006_100725;PNOR6;PNOR6.SA;TICKER_NAO_ENCONTRADO;TICKER_NAO_ENCONTRADO;TICKER_NAO_ENCONTRADO;;;0;True;Yahoo sem metadados para o ticker;False;
20261006_100725;PNVL3;PNVL3.SA;COM_EVENTOS;COM_EVENTOS;REGISTRADO;INALTERADO;1;47;False;;False;data/raw/yahoo_dividendos/dividendos_PNVL3__20261006_d5b165c1.csv
20261006_100725;PNVL4;PNVL4.SA;TICKER_NAO_ENCONTRADO;TICKER_NAO_ENCONTRADO;TICKER_NAO_ENCONTRADO;;;0;True;Yahoo sem metadados para o ticker;False;
20261006_100725;POMO3;POMO3.SA;COM_EVENTOS;COM_EVENTOS;REGISTRADO;INALTERADO;1;51;False;;False;data/raw/yahoo_dividendos/dividendos_POMO3__20261006_c13064da.csv
20261006_100725;POMO4;POMO4.SA;COM_EVENTOS;COM_EVENTOS;REGISTRADO;INALTERADO;1;48;False;;False;data/raw/yahoo_dividendos/dividendos_POMO4__20261006_594ca46a.csv
20261006_100725;PORT3;PORT3.SA;TICKER_NAO_ENCONTRADO;TICKER_NAO_ENCONTRADO;TICKER_NAO_ENCONTRADO;;;0;True;Yahoo sem metadados para o ticker;False;
20261006_100725;POSI3;POSI3.SA;COM_EVENTOS;COM_EVENTOS;REGISTRADO;INALTERADO;1;16;False;;False;data/raw/yahoo_dividendos/dividendos_POSI3__20261006_8cbc8591.csv
20261006_100725;POWE3;POWE3.SA;TICKER_NAO_ENCONTRADO;TICKER_NAO_ENCONTRADO;TICKER_NAO_ENCONTRADO;;;0;True;Yahoo sem metadados para o ticker;False;
20261006_100725;PRIO3;PRIO3.SA;COM_EVENTOS;COM_EVENTOS;REGISTRADO;INALTERADO;1;1;False;;False;data/raw/yahoo_dividendos/dividendos_PRIO3__20261006_1c033d1b.csv
20261006_100725;PRML3;PRML3.SA;TICKER_NAO_ENCONTRADO;TICKER_NAO_ENCONTRADO;TICKER_NAO_ENCONTRADO;;;0;True;Yahoo sem metadados para o ticker;False;
20261006_100725;PRNR3;PRNR3.SA;COM_EVENTOS;COM_EVENTOS;REGISTRADO;INALTERADO;1;5;False;;False;data/raw/yahoo_dividendos/dividendos_PRNR3__20261006_8bbd368b.csv
20261006_100725;PRTX3;PRTX3.SA;TICKER_NAO_ENCONTRADO;TICKER_NAO_ENCONTRADO;TICKER_NAO_ENCONTRADO;;;0;True;Yahoo sem metadados para o ticker;False;
20261006_100725;PRVI3;PRVI3.SA;TICKER_NAO_ENCONTRADO;TICKER_NAO_ENCONTRADO;TICKER_NAO_ENCONTRADO;;;0;True;Yahoo sem metadados para o ticker;False;
20261006_100725;PTBL3;PTBL3.SA;COM_EVENTOS;COM_EVENTOS;REGISTRADO;INALTERADO;1;21;False;;False;data/raw/yahoo_dividendos/dividendos_PTBL3__20261006_50fb8954.csv
20261006_100725;PTNT3;PTNT3.SA;TICKER_NAO_ENCONTRADO;TICKER_NAO_ENCONTRADO;TICKER_NAO_ENCONTRADO;;;0;True;Yahoo sem metadados para o ticker;False;
20261006_100725;PTNT4;PTNT4.SA;TICKER_NAO_ENCONTRADO;TICKER_NAO_ENCONTRADO;TICKER_NAO_ENCONTRADO;;;0;True;Yahoo sem metadados para o ticker;False;
20261006_100725;PTPA3;PTPA3.SA;TICKER_NAO_ENCONTRADO;TICKER_NAO_ENCONTRADO;TICKER_NAO_ENCONTRADO;;;0;True;Yahoo sem metadados para o ticker;False;
20261006_100725;PTPA4;PTPA4.SA;TICKER_NAO_ENCONTRADO;TICKER_NAO_ENCONTRADO;TICKER_NAO_ENCONTRADO;;;0;True;Yahoo sem metadados para o ticker;False;
20261006_100725;QGEP3;QGEP3.SA;TICKER_NAO_ENCONTRADO;TICKER_NAO_ENCONTRADO;TICKER_NAO_ENCONTRADO;;;0;True;Yahoo sem metadados para o ticker;False;
20261006_100725;QUAL3;QUAL3.SA;COM_EVENTOS;COM_EVENTOS;REGISTRADO;INALTERADO;1;20;False;;False;data/raw/yahoo_dividendos/dividendos_QUAL3__20261006_699b6bcf.csv
20261006_100725;RADL3;RADL3.SA;COM_EVENTOS;COM_EVENTOS;REGISTRADO;INALTERADO;1;83;False;;False;data/raw/yahoo_dividendos/dividendos_RADL3__20261006_60cfaa77.csv
20261006_100725;RAIA3;RAIA3.SA;TICKER_NAO_ENCONTRADO;TICKER_NAO_ENCONTRADO;TICKER_NAO_ENCONTRADO;;;0;True;Yahoo sem metadados para o ticker;False;
20261006_100725;RAIL3;RAIL3.SA;COM_EVENTOS;COM_EVENTOS;REGISTRADO;INALTERADO;1;5;False;;False;data/raw/yahoo_dividendos/dividendos_RAIL3__20261006_2d5dac5a.csv
20261006_100725;RAIZ4;RAIZ4.SA;COM_EVENTOS;COM_EVENTOS;REGISTRADO;INALTERADO;1;10;False;;False;data/raw/yahoo_dividendos/dividendos_RAIZ4__20261006_c2407b1e.csv
20261006_100725;RANI3;RANI3.SA;COM_EVENTOS;COM_EVENTOS;REGISTRADO;INALTERADO;1;48;False;;False;data/raw/yahoo_dividendos/dividendos_RANI3__20261006_640908f0.csv
20261006_100725;RANI4;RANI4.SA;TICKER_NAO_ENCONTRADO;TICKER_NAO_ENCONTRADO;TICKER_NAO_ENCONTRADO;;;0;True;Yahoo sem metadados para o ticker;False;
20261006_100725;RAPT3;RAPT3.SA;COM_EVENTOS;COM_EVENTOS;REGISTRADO;INALTERADO;1;39;False;;False;data/raw/yahoo_dividendos/dividendos_RAPT3__20261006_c365e030.csv
20261006_100725;RAPT4;RAPT4.SA;COM_EVENTOS;COM_EVENTOS;REGISTRADO;INALTERADO;1;33;False;;False;data/raw/yahoo_dividendos/dividendos_RAPT4__20261006_5d9720fd.csv
20261006_100725;RCSL3;RCSL3.SA;SEM_EVENTOS;SEM_EVENTOS;REGISTRADO;INALTERADO;1;0;False;;False;data/raw/yahoo_dividendos/dividendos_RCSL3__20261006_642daec7.csv
20261006_100725;RCSL4;RCSL4.SA;SEM_EVENTOS;SEM_EVENTOS;REGISTRADO;INALTERADO;1;0;False;;False;data/raw/yahoo_dividendos/dividendos_RCSL4__20261006_642daec7.csv
20261006_100725;RDCD3;RDCD3.SA;TICKER_NAO_ENCONTRADO;TICKER_NAO_ENCONTRADO;TICKER_NAO_ENCONTRADO;;;0;True;Yahoo sem metadados para o ticker;False;
20261006_100725;RDNI3;RDNI3.SA;TICKER_NAO_ENCONTRADO;TICKER_NAO_ENCONTRADO;TICKER_NAO_ENCONTRADO;;;0;True;Yahoo sem metadados para o ticker;False;
20261006_100725;RDOR3;RDOR3.SA;COM_EVENTOS;COM_EVENTOS;REGISTRADO;INALTERADO;1;22;False;;False;data/raw/yahoo_dividendos/dividendos_RDOR3__20261006_1328bee2.csv
20261006_100725;RECV3;RECV3.SA;COM_EVENTOS;COM_EVENTOS;REGISTRADO;INALTERADO;1;11;False;;False;data/raw/yahoo_dividendos/dividendos_RECV3__20261006_8b931fe2.csv
20261006_100725;REDE3;REDE3.SA;COM_EVENTOS;COM_EVENTOS;REGISTRADO;INALTERADO;1;27;False;;False;data/raw/yahoo_dividendos/dividendos_REDE3__20261006_0e058f90.csv
20261006_100725;REDE4;REDE4.SA;TICKER_NAO_ENCONTRADO;TICKER_NAO_ENCONTRADO;TICKER_NAO_ENCONTRADO;;;0;True;Yahoo sem metadados para o ticker;False;
20261006_100725;REEM4;REEM4.SA;TICKER_NAO_ENCONTRADO;TICKER_NAO_ENCONTRADO;TICKER_NAO_ENCONTRADO;;;0;True;Yahoo sem metadados para o ticker;False;
20261006_100725;RENT3;RENT3.SA;COM_EVENTOS;COM_EVENTOS;REGISTRADO;INALTERADO;1;88;False;;False;data/raw/yahoo_dividendos/dividendos_RENT3__20261006_072ab627.csv
20261006_100725;RENT4;RENT4.SA;COM_EVENTOS;COM_EVENTOS;REGISTRADO;INALTERADO;1;3;False;;False;data/raw/yahoo_dividendos/dividendos_RENT4__20261006_75841a6b.csv
20261006_100725;RHDS3;RHDS3.SA;TICKER_NAO_ENCONTRADO;TICKER_NAO_ENCONTRADO;TICKER_NAO_ENCONTRADO;;;0;True;Yahoo sem metadados para o ticker;False;
20261006_100725;RIAA3;RIAA3.SA;COM_EVENTOS;COM_EVENTOS;REGISTRADO;INALTERADO;1;44;False;;False;data/raw/yahoo_dividendos/dividendos_RIAA3__20261006_44c5dafd.csv
20261006_100725;RIOS3;RIOS3.SA;TICKER_NAO_ENCONTRADO;TICKER_NAO_ENCONTRADO;TICKER_NAO_ENCONTRADO;;;0;True;Yahoo sem metadados para o ticker;False;
20261006_100725;RLOG3;RLOG3.SA;TICKER_NAO_ENCONTRADO;TICKER_NAO_ENCONTRADO;TICKER_NAO_ENCONTRADO;;;0;True;Yahoo sem metadados para o ticker;False;
20261006_100725;RNEW11;RNEW11.SA;TICKER_NAO_ENCONTRADO;TICKER_NAO_ENCONTRADO;TICKER_NAO_ENCONTRADO;;;0;True;Yahoo sem metadados para o ticker;False;
20261006_100725;RNEW3;RNEW3.SA;COM_EVENTOS;COM_EVENTOS;REGISTRADO;INALTERADO;1;1;False;;False;data/raw/yahoo_dividendos/dividendos_RNEW3__20261006_c39ac4bd.csv
20261006_100725;RNEW4;RNEW4.SA;SEM_EVENTOS;SEM_EVENTOS;REGISTRADO;INALTERADO;1;0;False;;False;data/raw/yahoo_dividendos/dividendos_RNEW4__20261006_642daec7.csv
20261006_100725;ROMI3;ROMI3.SA;COM_EVENTOS;COM_EVENTOS;REGISTRADO;INALTERADO;1;51;False;;False;data/raw/yahoo_dividendos/dividendos_ROMI3__20261006_a75499ca.csv
20261006_100725;RPMG3;RPMG3.SA;SEM_EVENTOS;SEM_EVENTOS;REGISTRADO;INALTERADO;1;0;False;;False;data/raw/yahoo_dividendos/dividendos_RPMG3__20261006_642daec7.csv
20261006_100725;RPMG4;RPMG4.SA;TICKER_NAO_ENCONTRADO;TICKER_NAO_ENCONTRADO;TICKER_NAO_ENCONTRADO;;;0;True;Yahoo sem metadados para o ticker;False;
20261006_100725;RRRP3;RRRP3.SA;TICKER_NAO_ENCONTRADO;TICKER_NAO_ENCONTRADO;TICKER_NAO_ENCONTRADO;;;0;True;Yahoo sem metadados para o ticker;False;
20261006_100725;RSID3;RSID3.SA;COM_EVENTOS;COM_EVENTOS;REGISTRADO;INALTERADO;1;5;False;;False;data/raw/yahoo_dividendos/dividendos_RSID3__20261006_f1f8601d.csv
20261006_100725;RSIP3;RSIP3.SA;TICKER_NAO_ENCONTRADO;TICKER_NAO_ENCONTRADO;TICKER_NAO_ENCONTRADO;;;0;True;Yahoo sem metadados para o ticker;False;
20261006_100725;RSIP4;RSIP4.SA;TICKER_NAO_ENCONTRADO;TICKER_NAO_ENCONTRADO;TICKER_NAO_ENCONTRADO;;;0;True;Yahoo sem metadados para o ticker;False;
20261006_100725;RSUL4;RSUL4.SA;COM_EVENTOS;COM_EVENTOS;REGISTRADO;INALTERADO;1;5;False;;False;data/raw/yahoo_dividendos/dividendos_RSUL4__20261006_4190fdca.csv
20261006_100725;RUMO3;RUMO3.SA;TICKER_NAO_ENCONTRADO;TICKER_NAO_ENCONTRADO;TICKER_NAO_ENCONTRADO;;;0;True;Yahoo sem metadados para o ticker;False;
20261006_100725;RVEE3;RVEE3.SA;SEM_EVENTOS;SEM_EVENTOS;REGISTRADO;INALTERADO;1;0;False;;False;data/raw/yahoo_dividendos/dividendos_RVEE3__20261006_642daec7.csv
20261006_100725;SAPR11;SAPR11.SA;COM_EVENTOS;COM_EVENTOS;REGISTRADO;INALTERADO;1;20;False;;False;data/raw/yahoo_dividendos/dividendos_SAPR11__20261006_5389ac19.csv
20261006_100725;SAPR3;SAPR3.SA;COM_EVENTOS;COM_EVENTOS;REGISTRADO;INALTERADO;1;37;False;;False;data/raw/yahoo_dividendos/dividendos_SAPR3__20261006_2a6ccdc5.csv
20261006_100725;SAPR4;SAPR4.SA;COM_EVENTOS;COM_EVENTOS;REGISTRADO;INALTERADO;1;38;False;;False;data/raw/yahoo_dividendos/dividendos_SAPR4__20261006_a6b3d6f9.csv
20261006_100725;SAUD3;SAUD3.SA;COM_EVENTOS;COM_EVENTOS;REGISTRADO;INALTERADO;1;104;False;;False;data/raw/yahoo_dividendos/dividendos_SAUD3__20261006_27b2fa03.csv
20261006_100725;SBFG3;SBFG3.SA;COM_EVENTOS;COM_EVENTOS;REGISTRADO;INALTERADO;1;5;False;;False;data/raw/yahoo_dividendos/dividendos_SBFG3__20261006_636de9d9.csv
20261006_100725;SBSP3;SBSP3.SA;COM_EVENTOS;COM_EVENTOS;REGISTRADO;INALTERADO;1;25;False;;False;data/raw/yahoo_dividendos/dividendos_SBSP3__20261006_e142ec13.csv
20261006_100725;SCAR3;SCAR3.SA;COM_EVENTOS;COM_EVENTOS;REGISTRADO;INALTERADO;1;24;False;;False;data/raw/yahoo_dividendos/dividendos_SCAR3__20261006_92b1779e.csv
20261006_100725;SCLO3;SCLO3.SA;TICKER_NAO_ENCONTRADO;TICKER_NAO_ENCONTRADO;TICKER_NAO_ENCONTRADO;;;0;True;Yahoo sem metadados para o ticker;False;
20261006_100725;SCLO4;SCLO4.SA;TICKER_NAO_ENCONTRADO;TICKER_NAO_ENCONTRADO;TICKER_NAO_ENCONTRADO;;;0;True;Yahoo sem metadados para o ticker;False;
20261006_100725;SEDU3;SEDU3.SA;TICKER_NAO_ENCONTRADO;TICKER_NAO_ENCONTRADO;TICKER_NAO_ENCONTRADO;;;0;True;Yahoo sem metadados para o ticker;False;
20261006_100725;SEER3;SEER3.SA;COM_EVENTOS;COM_EVENTOS;REGISTRADO;INALTERADO;1;21;False;;False;data/raw/yahoo_dividendos/dividendos_SEER3__20261006_b5a953f4.csv
20261006_100725;SEQL3;SEQL3.SA;SEM_EVENTOS;SEM_EVENTOS;REGISTRADO;INALTERADO;1;0;False;;False;data/raw/yahoo_dividendos/dividendos_SEQL3__20261006_642daec7.csv
20261006_100725;SGAS3;SGAS3.SA;TICKER_NAO_ENCONTRADO;TICKER_NAO_ENCONTRADO;TICKER_NAO_ENCONTRADO;;;0;True;Yahoo sem metadados para o ticker;False;
20261006_100725;SGAS4;SGAS4.SA;TICKER_NAO_ENCONTRADO;TICKER_NAO_ENCONTRADO;TICKER_NAO_ENCONTRADO;;;0;True;Yahoo sem metadados para o ticker;False;
20261006_100725;SGEN3;SGEN3.SA;TICKER_NAO_ENCONTRADO;TICKER_NAO_ENCONTRADO;TICKER_NAO_ENCONTRADO;;;0;True;Yahoo sem metadados para o ticker;False;
20261006_100725;SGEN4;SGEN4.SA;TICKER_NAO_ENCONTRADO;TICKER_NAO_ENCONTRADO;TICKER_NAO_ENCONTRADO;;;0;True;Yahoo sem metadados para o ticker;False;
20261006_100725;SGPS3;SGPS3.SA;TICKER_NAO_ENCONTRADO;TICKER_NAO_ENCONTRADO;TICKER_NAO_ENCONTRADO;;;0;True;Yahoo sem metadados para o ticker;False;
20261006_100725;SHOW3;SHOW3.SA;COM_EVENTOS;COM_EVENTOS;REGISTRADO;INALTERADO;1;5;False;;False;data/raw/yahoo_dividendos/dividendos_SHOW3__20261006_078cc2ed.csv
20261006_100725;SHUL3;SHUL3.SA;SEM_EVENTOS;SEM_EVENTOS;REGISTRADO;INALTERADO;1;0;False;;False;data/raw/yahoo_dividendos/dividendos_SHUL3__20261006_642daec7.csv
20261006_100725;SHUL4;SHUL4.SA;COM_EVENTOS;COM_EVENTOS;REGISTRADO;INALTERADO;1;47;False;;False;data/raw/yahoo_dividendos/dividendos_SHUL4__20261006_4f5bf019.csv
20261006_100725;SIMH3;SIMH3.SA;COM_EVENTOS;COM_EVENTOS;REGISTRADO;INALTERADO;1;8;False;;False;data/raw/yahoo_dividendos/dividendos_SIMH3__20261006_718a3078.csv
20261006_100725;SJOS4;SJOS4.SA;TICKER_NAO_ENCONTRADO;TICKER_NAO_ENCONTRADO;TICKER_NAO_ENCONTRADO;;;0;True;Yahoo sem metadados para o ticker;False;
20261006_100725;SLCE3;SLCE3.SA;COM_EVENTOS;COM_EVENTOS;REGISTRADO;INALTERADO;1;21;False;;False;data/raw/yahoo_dividendos/dividendos_SLCE3__20261006_3ce422af.csv
20261006_100725;SLED3;SLED3.SA;TICKER_NAO_ENCONTRADO;TICKER_NAO_ENCONTRADO;TICKER_NAO_ENCONTRADO;;;0;True;Yahoo sem metadados para o ticker;False;
20261006_100725;SLED4;SLED4.SA;TICKER_NAO_ENCONTRADO;TICKER_NAO_ENCONTRADO;TICKER_NAO_ENCONTRADO;;;0;True;Yahoo sem metadados para o ticker;False;
20261006_100725;SMFT3;SMFT3.SA;COM_EVENTOS;COM_EVENTOS;REGISTRADO;INALTERADO;1;11;False;;False;data/raw/yahoo_dividendos/dividendos_SMFT3__20261006_acb3ef8e.csv
20261006_100725;SMLE3;SMLE3.SA;TICKER_NAO_ENCONTRADO;TICKER_NAO_ENCONTRADO;TICKER_NAO_ENCONTRADO;;;0;True;Yahoo sem metadados para o ticker;False;
20261006_100725;SMLS3;SMLS3.SA;TICKER_NAO_ENCONTRADO;TICKER_NAO_ENCONTRADO;TICKER_NAO_ENCONTRADO;;;0;True;Yahoo sem metadados para o ticker;False;
20261006_100725;SMTO3;SMTO3.SA;COM_EVENTOS;COM_EVENTOS;REGISTRADO;INALTERADO;1;27;False;;False;data/raw/yahoo_dividendos/dividendos_SMTO3__20261006_c468af9b.csv
20261006_100725;SNSL3;SNSL3.SA;TICKER_NAO_ENCONTRADO;TICKER_NAO_ENCONTRADO;TICKER_NAO_ENCONTRADO;;;0;True;Yahoo sem metadados para o ticker;False;
20261006_100725;SNSY3;SNSY3.SA;SEM_EVENTOS;SEM_EVENTOS;REGISTRADO;INALTERADO;1;0;False;;False;data/raw/yahoo_dividendos/dividendos_SNSY3__20261006_642daec7.csv
20261006_100725;SNSY5;SNSY5.SA;SEM_EVENTOS;SEM_EVENTOS;REGISTRADO;INALTERADO;1;0;False;;False;data/raw/yahoo_dividendos/dividendos_SNSY5__20261006_642daec7.csv
20261006_100725;SNSY6;SNSY6.SA;SEM_EVENTOS;SEM_EVENTOS;REGISTRADO;INALTERADO;1;0;False;;False;data/raw/yahoo_dividendos/dividendos_SNSY6__20261006_642daec7.csv
20261006_100725;SOJA3;SOJA3.SA;COM_EVENTOS;COM_EVENTOS;REGISTRADO;INALTERADO;1;8;False;;False;data/raw/yahoo_dividendos/dividendos_SOJA3__20261006_3a97b35e.csv
20261006_100725;SOMA3;SOMA3.SA;TICKER_NAO_ENCONTRADO;TICKER_NAO_ENCONTRADO;TICKER_NAO_ENCONTRADO;;;0;True;Yahoo sem metadados para o ticker;False;
20261006_100725;SOND3;SOND3.SA;COM_EVENTOS;COM_EVENTOS;REGISTRADO;INALTERADO;1;23;False;;False;data/raw/yahoo_dividendos/dividendos_SOND3__20261006_bc3161e5.csv
20261006_100725;SOND5;SOND5.SA;COM_EVENTOS;COM_EVENTOS;REGISTRADO;INALTERADO;1;22;False;;False;data/raw/yahoo_dividendos/dividendos_SOND5__20261006_40ce52d5.csv
20261006_100725;SOND6;SOND6.SA;COM_EVENTOS;COM_EVENTOS;REGISTRADO;INALTERADO;1;22;False;;False;data/raw/yahoo_dividendos/dividendos_SOND6__20261006_1315fd7f.csv
20261006_100725;SPRI3;SPRI3.SA;TICKER_NAO_ENCONTRADO;TICKER_NAO_ENCONTRADO;TICKER_NAO_ENCONTRADO;;;0;True;Yahoo sem metadados para o ticker;False;
20261006_100725;SPRI5;SPRI5.SA;TICKER_NAO_ENCONTRADO;TICKER_NAO_ENCONTRADO;TICKER_NAO_ENCONTRADO;;;0;True;Yahoo sem metadados para o ticker;False;
20261006_100725;SPRI6;SPRI6.SA;TICKER_NAO_ENCONTRADO;TICKER_NAO_ENCONTRADO;TICKER_NAO_ENCONTRADO;;;0;True;Yahoo sem metadados para o ticker;False;
20261006_100725;SQIA3;SQIA3.SA;TICKER_NAO_ENCONTRADO;TICKER_NAO_ENCONTRADO;TICKER_NAO_ENCONTRADO;;;0;True;Yahoo sem metadados para o ticker;False;
20261006_100725;SRNA3;SRNA3.SA;TICKER_NAO_ENCONTRADO;TICKER_NAO_ENCONTRADO;TICKER_NAO_ENCONTRADO;;;0;True;Yahoo sem metadados para o ticker;False;
20261006_100725;SSBR3;SSBR3.SA;TICKER_NAO_ENCONTRADO;TICKER_NAO_ENCONTRADO;TICKER_NAO_ENCONTRADO;;;0;True;Yahoo sem metadados para o ticker;False;
20261006_100725;STBP11;STBP11.SA;TICKER_NAO_ENCONTRADO;TICKER_NAO_ENCONTRADO;TICKER_NAO_ENCONTRADO;;;0;True;Yahoo sem metadados para o ticker;False;
20261006_100725;STBP3;STBP3.SA;TICKER_NAO_ENCONTRADO;TICKER_NAO_ENCONTRADO;TICKER_NAO_ENCONTRADO;;;0;True;Yahoo sem metadados para o ticker;False;
20261006_100725;SULT3;SULT3.SA;TICKER_NAO_ENCONTRADO;TICKER_NAO_ENCONTRADO;TICKER_NAO_ENCONTRADO;;;0;True;Yahoo sem metadados para o ticker;False;
20261006_100725;SULT4;SULT4.SA;TICKER_NAO_ENCONTRADO;TICKER_NAO_ENCONTRADO;TICKER_NAO_ENCONTRADO;;;0;True;Yahoo sem metadados para o ticker;False;
20261006_100725;SUZB3;SUZB3.SA;COM_EVENTOS;COM_EVENTOS;REGISTRADO;INALTERADO;1;22;False;;False;data/raw/yahoo_dividendos/dividendos_SUZB3__20261006_6d622fa3.csv
20261006_100725;SUZB5;SUZB5.SA;TICKER_NAO_ENCONTRADO;TICKER_NAO_ENCONTRADO;TICKER_NAO_ENCONTRADO;;;0;True;Yahoo sem metadados para o ticker;False;
20261006_100725;SUZB6;SUZB6.SA;TICKER_NAO_ENCONTRADO;TICKER_NAO_ENCONTRADO;TICKER_NAO_ENCONTRADO;;;0;True;Yahoo sem metadados para o ticker;False;
20261006_100725;SYNE3;SYNE3.SA;COM_EVENTOS;COM_EVENTOS;REGISTRADO;INALTERADO;1;20;False;;False;data/raw/yahoo_dividendos/dividendos_SYNE3__20261006_024aaaf7.csv
20261006_100725;TAEE11;TAEE11.SA;COM_EVENTOS;COM_EVENTOS;REGISTRADO;INALTERADO;1;60;False;;False;data/raw/yahoo_dividendos/dividendos_TAEE11__20261006_cc21ead6.csv
20261006_100725;TAEE3;TAEE3.SA;COM_EVENTOS;COM_EVENTOS;REGISTRADO;INALTERADO;1;57;False;;False;data/raw/yahoo_dividendos/dividendos_TAEE3__20261006_fcd0bca6.csv
20261006_100725;TAEE4;TAEE4.SA;COM_EVENTOS;COM_EVENTOS;REGISTRADO;INALTERADO;1;41;False;;False;data/raw/yahoo_dividendos/dividendos_TAEE4__20261006_7d0cceec.csv
20261006_100725;TAMM3;TAMM3.SA;TICKER_NAO_ENCONTRADO;TICKER_NAO_ENCONTRADO;TICKER_NAO_ENCONTRADO;;;0;True;Yahoo sem metadados para o ticker;False;
20261006_100725;TAMM4;TAMM4.SA;TICKER_NAO_ENCONTRADO;TICKER_NAO_ENCONTRADO;TICKER_NAO_ENCONTRADO;;;0;True;Yahoo sem metadados para o ticker;False;
20261006_100725;TASA3;TASA3.SA;COM_EVENTOS;COM_EVENTOS;REGISTRADO;INALTERADO;1;17;False;;False;data/raw/yahoo_dividendos/dividendos_TASA3__20261006_2fa689fa.csv
20261006_100725;TASA4;TASA4.SA;COM_EVENTOS;COM_EVENTOS;REGISTRADO;INALTERADO;1;15;False;;False;data/raw/yahoo_dividendos/dividendos_TASA4__20261006_198aeb2b.csv
20261006_100725;TBLE3;TBLE3.SA;TICKER_NAO_ENCONTRADO;TICKER_NAO_ENCONTRADO;TICKER_NAO_ENCONTRADO;;;0;True;Yahoo sem metadados para o ticker;False;
20261006_100725;TCNO3;TCNO3.SA;TICKER_NAO_ENCONTRADO;TICKER_NAO_ENCONTRADO;TICKER_NAO_ENCONTRADO;;;0;True;Yahoo sem metadados para o ticker;False;
20261006_100725;TCNO4;TCNO4.SA;TICKER_NAO_ENCONTRADO;TICKER_NAO_ENCONTRADO;TICKER_NAO_ENCONTRADO;;;0;True;Yahoo sem metadados para o ticker;False;
20261006_100725;TCSA3;TCSA3.SA;COM_EVENTOS;COM_EVENTOS;REGISTRADO;INALTERADO;1;8;False;;False;data/raw/yahoo_dividendos/dividendos_TCSA3__20261006_25638dca.csv
20261006_100725;TCSL3;TCSL3.SA;TICKER_NAO_ENCONTRADO;TICKER_NAO_ENCONTRADO;TICKER_NAO_ENCONTRADO;;;0;True;Yahoo sem metadados para o ticker;False;
20261006_100725;TCSL4;TCSL4.SA;TICKER_NAO_ENCONTRADO;TICKER_NAO_ENCONTRADO;TICKER_NAO_ENCONTRADO;;;0;True;Yahoo sem metadados para o ticker;False;
20261006_100725;TECN3;TECN3.SA;COM_EVENTOS;COM_EVENTOS;REGISTRADO;INALTERADO;1;12;False;;False;data/raw/yahoo_dividendos/dividendos_TECN3__20261006_716320c9.csv
20261006_100725;TEKA3;TEKA3.SA;SEM_EVENTOS;SEM_EVENTOS;REGISTRADO;INALTERADO;1;0;False;;False;data/raw/yahoo_dividendos/dividendos_TEKA3__20261006_642daec7.csv
20261006_100725;TEKA4;TEKA4.SA;SEM_EVENTOS;SEM_EVENTOS;REGISTRADO;INALTERADO;1;0;False;;False;data/raw/yahoo_dividendos/dividendos_TEKA4__20261006_642daec7.csv
20261006_100725;TELB3;TELB3.SA;SEM_EVENTOS;SEM_EVENTOS;REGISTRADO;INALTERADO;1;0;False;;False;data/raw/yahoo_dividendos/dividendos_TELB3__20261006_642daec7.csv
20261006_100725;TELB4;TELB4.SA;SEM_EVENTOS;SEM_EVENTOS;REGISTRADO;INALTERADO;1;0;False;;False;data/raw/yahoo_dividendos/dividendos_TELB4__20261006_642daec7.csv
20261006_100725;TEMP3;TEMP3.SA;TICKER_NAO_ENCONTRADO;TICKER_NAO_ENCONTRADO;TICKER_NAO_ENCONTRADO;;;0;True;Yahoo sem metadados para o ticker;False;
20261006_100725;TEND3;TEND3.SA;COM_EVENTOS;COM_EVENTOS;REGISTRADO;INALTERADO;1;13;False;;False;data/raw/yahoo_dividendos/dividendos_TEND3__20261006_cc69d337.csv
20261006_100725;TENE5;TENE5.SA;TICKER_NAO_ENCONTRADO;TICKER_NAO_ENCONTRADO;TICKER_NAO_ENCONTRADO;;;0;True;Yahoo sem metadados para o ticker;False;
20261006_100725;TENE7;TENE7.SA;TICKER_NAO_ENCONTRADO;TICKER_NAO_ENCONTRADO;TICKER_NAO_ENCONTRADO;;;0;True;Yahoo sem metadados para o ticker;False;
20261006_100725;TERI3;TERI3.SA;TICKER_NAO_ENCONTRADO;TICKER_NAO_ENCONTRADO;TICKER_NAO_ENCONTRADO;;;0;True;Yahoo sem metadados para o ticker;False;
20261006_100725;TESA3;TESA3.SA;TICKER_NAO_ENCONTRADO;TICKER_NAO_ENCONTRADO;TICKER_NAO_ENCONTRADO;;;0;True;Yahoo sem metadados para o ticker;False;
20261006_100725;TFCO4;TFCO4.SA;COM_EVENTOS;COM_EVENTOS;REGISTRADO;INALTERADO;1;25;False;;False;data/raw/yahoo_dividendos/dividendos_TFCO4__20261006_7c555f8f.csv
20261006_100725;TGMA3;TGMA3.SA;COM_EVENTOS;COM_EVENTOS;REGISTRADO;INALTERADO;1;43;False;;False;data/raw/yahoo_dividendos/dividendos_TGMA3__20261006_d180e1c2.csv
20261006_100725;TIET11;TIET11.SA;TICKER_NAO_ENCONTRADO;TICKER_NAO_ENCONTRADO;TICKER_NAO_ENCONTRADO;;;0;True;Yahoo sem metadados para o ticker;False;
20261006_100725;TIET3;TIET3.SA;TICKER_NAO_ENCONTRADO;TICKER_NAO_ENCONTRADO;TICKER_NAO_ENCONTRADO;;;0;True;Yahoo sem metadados para o ticker;False;
20261006_100725;TIET4;TIET4.SA;TICKER_NAO_ENCONTRADO;TICKER_NAO_ENCONTRADO;TICKER_NAO_ENCONTRADO;;;0;True;Yahoo sem metadados para o ticker;False;
20261006_100725;TIMP3;TIMP3.SA;TICKER_NAO_ENCONTRADO;TICKER_NAO_ENCONTRADO;TICKER_NAO_ENCONTRADO;;;0;True;Yahoo sem metadados para o ticker;False;
20261006_100725;TIMS3;TIMS3.SA;COM_EVENTOS;COM_EVENTOS;REGISTRADO;INALTERADO;1;46;False;;False;data/raw/yahoo_dividendos/dividendos_TIMS3__20261006_10ec5779.csv
20261006_100725;TKNO3;TKNO3.SA;TICKER_NAO_ENCONTRADO;TICKER_NAO_ENCONTRADO;TICKER_NAO_ENCONTRADO;;;0;True;Yahoo sem metadados para o ticker;False;
20261006_100725;TKNO4;TKNO4.SA;TICKER_NAO_ENCONTRADO;TICKER_NAO_ENCONTRADO;TICKER_NAO_ENCONTRADO;;;0;True;Yahoo sem metadados para o ticker;False;
20261006_100725;TLPP3;TLPP3.SA;TICKER_NAO_ENCONTRADO;TICKER_NAO_ENCONTRADO;TICKER_NAO_ENCONTRADO;;;0;True;Yahoo sem metadados para o ticker;False;
20261006_100725;TLPP4;TLPP4.SA;TICKER_NAO_ENCONTRADO;TICKER_NAO_ENCONTRADO;TICKER_NAO_ENCONTRADO;;;0;True;Yahoo sem metadados para o ticker;False;
20261006_100725;TMAR3;TMAR3.SA;TICKER_NAO_ENCONTRADO;TICKER_NAO_ENCONTRADO;TICKER_NAO_ENCONTRADO;;;0;True;Yahoo sem metadados para o ticker;False;
20261006_100725;TMAR5;TMAR5.SA;TICKER_NAO_ENCONTRADO;TICKER_NAO_ENCONTRADO;TICKER_NAO_ENCONTRADO;;;0;True;Yahoo sem metadados para o ticker;False;
20261006_100725;TMAR6;TMAR6.SA;TICKER_NAO_ENCONTRADO;TICKER_NAO_ENCONTRADO;TICKER_NAO_ENCONTRADO;;;0;True;Yahoo sem metadados para o ticker;False;
20261006_100725;TNCP3;TNCP3.SA;TICKER_NAO_ENCONTRADO;TICKER_NAO_ENCONTRADO;TICKER_NAO_ENCONTRADO;;;0;True;Yahoo sem metadados para o ticker;False;
20261006_100725;TNCP4;TNCP4.SA;TICKER_NAO_ENCONTRADO;TICKER_NAO_ENCONTRADO;TICKER_NAO_ENCONTRADO;;;0;True;Yahoo sem metadados para o ticker;False;
20261006_100725;TNLP3;TNLP3.SA;TICKER_NAO_ENCONTRADO;TICKER_NAO_ENCONTRADO;TICKER_NAO_ENCONTRADO;;;0;True;Yahoo sem metadados para o ticker;False;
20261006_100725;TNLP4;TNLP4.SA;TICKER_NAO_ENCONTRADO;TICKER_NAO_ENCONTRADO;TICKER_NAO_ENCONTRADO;;;0;True;Yahoo sem metadados para o ticker;False;
20261006_100725;TOKY3;TOKY3.SA;SEM_EVENTOS;SEM_EVENTOS;REGISTRADO;INALTERADO;1;0;False;;False;data/raw/yahoo_dividendos/dividendos_TOKY3__20261006_642daec7.csv
20261006_100725;TOTS3;TOTS3.SA;COM_EVENTOS;COM_EVENTOS;REGISTRADO;INALTERADO;1;49;False;;False;data/raw/yahoo_dividendos/dividendos_TOTS3__20261006_cb8cfddb.csv
20261006_100725;TOYB3;TOYB3.SA;TICKER_NAO_ENCONTRADO;TICKER_NAO_ENCONTRADO;TICKER_NAO_ENCONTRADO;;;0;True;Yahoo sem metadados para o ticker;False;
20261006_100725;TOYB4;TOYB4.SA;TICKER_NAO_ENCONTRADO;TICKER_NAO_ENCONTRADO;TICKER_NAO_ENCONTRADO;;;0;True;Yahoo sem metadados para o ticker;False;
20261006_100725;TPIS3;TPIS3.SA;COM_EVENTOS;COM_EVENTOS;REGISTRADO;INALTERADO;1;18;False;;False;data/raw/yahoo_dividendos/dividendos_TPIS3__20261006_cca56058.csv
20261006_100725;TRAD3;TRAD3.SA;TICKER_NAO_ENCONTRADO;TICKER_NAO_ENCONTRADO;TICKER_NAO_ENCONTRADO;;;0;True;Yahoo sem metadados para o ticker;False;
20261006_100725;TRIS3;TRIS3.SA;COM_EVENTOS;COM_EVENTOS;REGISTRADO;INALTERADO;1;18;False;;False;data/raw/yahoo_dividendos/dividendos_TRIS3__20261006_b44b05ee.csv
20261006_100725;TRNA11;TRNA11.SA;TICKER_NAO_ENCONTRADO;TICKER_NAO_ENCONTRADO;TICKER_NAO_ENCONTRADO;;;0;True;Yahoo sem metadados para o ticker;False;
20261006_100725;TRPL3;TRPL3.SA;TICKER_NAO_ENCONTRADO;TICKER_NAO_ENCONTRADO;TICKER_NAO_ENCONTRADO;;;0;True;Yahoo sem metadados para o ticker;False;
20261006_100725;TRPL4;TRPL4.SA;TICKER_NAO_ENCONTRADO;TICKER_NAO_ENCONTRADO;TICKER_NAO_ENCONTRADO;;;0;True;Yahoo sem metadados para o ticker;False;
20261006_100725;TTEN3;TTEN3.SA;COM_EVENTOS;COM_EVENTOS;REGISTRADO;INALTERADO;1;5;False;;False;data/raw/yahoo_dividendos/dividendos_TTEN3__20261006_99067866.csv
20261006_100725;TUPY3;TUPY3.SA;COM_EVENTOS;COM_EVENTOS;REGISTRADO;INALTERADO;1;32;False;;False;data/raw/yahoo_dividendos/dividendos_TUPY3__20261006_50d4c20b.csv
20261006_100725;TUPY4;TUPY4.SA;TICKER_NAO_ENCONTRADO;TICKER_NAO_ENCONTRADO;TICKER_NAO_ENCONTRADO;;;0;True;Yahoo sem metadados para o ticker;False;
20261006_100725;TXRX3;TXRX3.SA;SEM_EVENTOS;SEM_EVENTOS;REGISTRADO;INALTERADO;1;0;False;;False;data/raw/yahoo_dividendos/dividendos_TXRX3__20261006_642daec7.csv
20261006_100725;TXRX4;TXRX4.SA;SEM_EVENTOS;SEM_EVENTOS;REGISTRADO;INALTERADO;1;0;False;;False;data/raw/yahoo_dividendos/dividendos_TXRX4__20261006_642daec7.csv
20261006_100725;UCAS3;UCAS3.SA;COM_EVENTOS;COM_EVENTOS;REGISTRADO;INALTERADO;1;14;False;;False;data/raw/yahoo_dividendos/dividendos_UCAS3__20261006_65cb3eff.csv
20261006_100725;UGPA3;UGPA3.SA;COM_EVENTOS;COM_EVENTOS;REGISTRADO;INALTERADO;1;37;False;;False;data/raw/yahoo_dividendos/dividendos_UGPA3__20261006_9adf6dcd.csv
20261006_100725;UGPA4;UGPA4.SA;TICKER_NAO_ENCONTRADO;TICKER_NAO_ENCONTRADO;TICKER_NAO_ENCONTRADO;;;0;True;Yahoo sem metadados para o ticker;False;
20261006_100725;UNIP3;UNIP3.SA;COM_EVENTOS;COM_EVENTOS;REGISTRADO;INALTERADO;1;35;False;;False;data/raw/yahoo_dividendos/dividendos_UNIP3__20261006_799953fc.csv
20261006_100725;UNIP5;UNIP5.SA;COM_EVENTOS;COM_EVENTOS;REGISTRADO;INALTERADO;1;28;False;;False;data/raw/yahoo_dividendos/dividendos_UNIP5__20261006_1b4e02d4.csv
20261006_100725;UNIP6;UNIP6.SA;COM_EVENTOS;COM_EVENTOS;REGISTRADO;INALTERADO;1;29;False;;False;data/raw/yahoo_dividendos/dividendos_UNIP6__20261006_efaceaff.csv
20261006_100725;UOLL4;UOLL4.SA;TICKER_NAO_ENCONTRADO;TICKER_NAO_ENCONTRADO;TICKER_NAO_ENCONTRADO;;;0;True;Yahoo sem metadados para o ticker;False;
20261006_100725;USIM3;USIM3.SA;COM_EVENTOS;COM_EVENTOS;REGISTRADO;INALTERADO;1;23;False;;False;data/raw/yahoo_dividendos/dividendos_USIM3__20261006_f9fc11d3.csv
20261006_100725;USIM5;USIM5.SA;COM_EVENTOS;COM_EVENTOS;REGISTRADO;INALTERADO;1;24;False;;False;data/raw/yahoo_dividendos/dividendos_USIM5__20261006_a8013547.csv
20261006_100725;USIM6;USIM6.SA;COM_EVENTOS;COM_EVENTOS;REGISTRADO;INALTERADO;1;17;False;;False;data/raw/yahoo_dividendos/dividendos_USIM6__20261006_d5badcef.csv
20261006_100725;VAGR3;VAGR3.SA;TICKER_NAO_ENCONTRADO;TICKER_NAO_ENCONTRADO;TICKER_NAO_ENCONTRADO;;;0;True;Yahoo sem metadados para o ticker;False;
20261006_100725;VALE3;VALE3.SA;COM_EVENTOS;COM_EVENTOS;REGISTRADO;NOVA_VERSAO;2;39;False;;False;data/raw/yahoo_dividendos/dividendos_VALE3__20261006_f2029804.csv
20261006_100725;VALE5;VALE5.SA;TICKER_NAO_ENCONTRADO;TICKER_NAO_ENCONTRADO;TICKER_NAO_ENCONTRADO;;;0;True;Yahoo sem metadados para o ticker;False;
20261006_100725;VAMO3;VAMO3.SA;COM_EVENTOS;COM_EVENTOS;REGISTRADO;INALTERADO;1;6;False;;False;data/raw/yahoo_dividendos/dividendos_VAMO3__20261006_b15e7eff.csv
20261006_100725;VBBR3;VBBR3.SA;COM_EVENTOS;COM_EVENTOS;REGISTRADO;INALTERADO;1;24;False;;False;data/raw/yahoo_dividendos/dividendos_VBBR3__20261006_a826236a.csv
20261006_100725;VIGR3;VIGR3.SA;TICKER_NAO_ENCONTRADO;TICKER_NAO_ENCONTRADO;TICKER_NAO_ENCONTRADO;;;0;True;Yahoo sem metadados para o ticker;False;
20261006_100725;VIIA3;VIIA3.SA;TICKER_NAO_ENCONTRADO;TICKER_NAO_ENCONTRADO;TICKER_NAO_ENCONTRADO;;;0;True;Yahoo sem metadados para o ticker;False;
20261006_100725;VINE3;VINE3.SA;TICKER_NAO_ENCONTRADO;TICKER_NAO_ENCONTRADO;TICKER_NAO_ENCONTRADO;;;0;True;Yahoo sem metadados para o ticker;False;
20261006_100725;VINE5;VINE5.SA;TICKER_NAO_ENCONTRADO;TICKER_NAO_ENCONTRADO;TICKER_NAO_ENCONTRADO;;;0;True;Yahoo sem metadados para o ticker;False;
20261006_100725;VINE6;VINE6.SA;TICKER_NAO_ENCONTRADO;TICKER_NAO_ENCONTRADO;TICKER_NAO_ENCONTRADO;;;0;True;Yahoo sem metadados para o ticker;False;
20261006_100725;VITT3;VITT3.SA;COM_EVENTOS;COM_EVENTOS;REGISTRADO;INALTERADO;1;13;False;;False;data/raw/yahoo_dividendos/dividendos_VITT3__20261006_cefb32e5.csv
20261006_100725;VIVA3;VIVA3.SA;COM_EVENTOS;COM_EVENTOS;REGISTRADO;INALTERADO;1;9;False;;False;data/raw/yahoo_dividendos/dividendos_VIVA3__20261006_4aa9fd3e.csv
20261006_100725;VIVO3;VIVO3.SA;TICKER_NAO_ENCONTRADO;TICKER_NAO_ENCONTRADO;TICKER_NAO_ENCONTRADO;;;0;True;Yahoo sem metadados para o ticker;False;
20261006_100725;VIVO4;VIVO4.SA;TICKER_NAO_ENCONTRADO;TICKER_NAO_ENCONTRADO;TICKER_NAO_ENCONTRADO;;;0;True;Yahoo sem metadados para o ticker;False;
20261006_100725;VIVR3;VIVR3.SA;SEM_EVENTOS;SEM_EVENTOS;REGISTRADO;INALTERADO;1;0;False;;False;data/raw/yahoo_dividendos/dividendos_VIVR3__20261006_642daec7.csv
20261006_100725;VIVT3;VIVT3.SA;COM_EVENTOS;COM_EVENTOS;REGISTRADO;INALTERADO;1;117;False;;False;data/raw/yahoo_dividendos/dividendos_VIVT3__20261006_da08a934.csv
20261006_100725;VIVT4;VIVT4.SA;TICKER_NAO_ENCONTRADO;TICKER_NAO_ENCONTRADO;TICKER_NAO_ENCONTRADO;;;0;True;Yahoo sem metadados para o ticker;False;
20261006_100725;VLID3;VLID3.SA;COM_EVENTOS;COM_EVENTOS;REGISTRADO;INALTERADO;1;56;False;;False;data/raw/yahoo_dividendos/dividendos_VLID3__20261006_7b54500a.csv
20261006_100725;VSPT3;VSPT3.SA;TICKER_NAO_ENCONTRADO;TICKER_NAO_ENCONTRADO;TICKER_NAO_ENCONTRADO;;;0;True;Yahoo sem metadados para o ticker;False;
20261006_100725;VSTE3;VSTE3.SA;COM_EVENTOS;COM_EVENTOS;REGISTRADO;INALTERADO;1;14;False;;False;data/raw/yahoo_dividendos/dividendos_VSTE3__20261006_698447dc.csv
20261006_100725;VTRU3;VTRU3.SA;COM_EVENTOS;COM_EVENTOS;REGISTRADO;INALTERADO;1;2;False;;False;data/raw/yahoo_dividendos/dividendos_VTRU3__20261006_d814f428.csv
20261006_100725;VULC3;VULC3.SA;COM_EVENTOS;COM_EVENTOS;REGISTRADO;INALTERADO;1;35;False;;False;data/raw/yahoo_dividendos/dividendos_VULC3__20261006_74b254cd.csv
20261006_100725;VVAR11;VVAR11.SA;TICKER_NAO_ENCONTRADO;TICKER_NAO_ENCONTRADO;TICKER_NAO_ENCONTRADO;;;0;True;Yahoo sem metadados para o ticker;False;
20261006_100725;VVAR3;VVAR3.SA;TICKER_NAO_ENCONTRADO;TICKER_NAO_ENCONTRADO;TICKER_NAO_ENCONTRADO;;;0;True;Yahoo sem metadados para o ticker;False;
20261006_100725;VVAR4;VVAR4.SA;TICKER_NAO_ENCONTRADO;TICKER_NAO_ENCONTRADO;TICKER_NAO_ENCONTRADO;;;0;True;Yahoo sem metadados para o ticker;False;
20261006_100725;VVEO3;VVEO3.SA;COM_EVENTOS;COM_EVENTOS;REGISTRADO;INALTERADO;1;4;False;;False;data/raw/yahoo_dividendos/dividendos_VVEO3__20261006_dc562936.csv
20261006_100725;WDCN3;WDCN3.SA;COM_EVENTOS;COM_EVENTOS;REGISTRADO;INALTERADO;1;3;False;;False;data/raw/yahoo_dividendos/dividendos_WDCN3__20261006_486b09bf.csv
20261006_100725;WEGE3;WEGE3.SA;COM_EVENTOS;COM_EVENTOS;REGISTRADO;INALTERADO;1;109;False;;False;data/raw/yahoo_dividendos/dividendos_WEGE3__20261006_33d9f159.csv
20261006_100725;WEST3;WEST3.SA;COM_EVENTOS;COM_EVENTOS;REGISTRADO;INALTERADO;1;1;False;;False;data/raw/yahoo_dividendos/dividendos_WEST3__20261006_cbe06750.csv
20261006_100725;WHRL3;WHRL3.SA;COM_EVENTOS;COM_EVENTOS;REGISTRADO;INALTERADO;1;33;False;;False;data/raw/yahoo_dividendos/dividendos_WHRL3__20261006_15d6d9d2.csv
20261006_100725;WHRL4;WHRL4.SA;COM_EVENTOS;COM_EVENTOS;REGISTRADO;INALTERADO;1;27;False;;False;data/raw/yahoo_dividendos/dividendos_WHRL4__20261006_f6e155ee.csv
20261006_100725;WLMM3;WLMM3.SA;COM_EVENTOS;COM_EVENTOS;REGISTRADO;INALTERADO;1;27;False;;False;data/raw/yahoo_dividendos/dividendos_WLMM3__20261006_de2ea8cd.csv
20261006_100725;WLMM4;WLMM4.SA;COM_EVENTOS;COM_EVENTOS;REGISTRADO;INALTERADO;1;37;False;;False;data/raw/yahoo_dividendos/dividendos_WLMM4__20261006_4583d5e6.csv
20261006_100725;YBRA4;YBRA4.SA;TICKER_NAO_ENCONTRADO;TICKER_NAO_ENCONTRADO;TICKER_NAO_ENCONTRADO;;;0;True;Yahoo sem metadados para o ticker;False;
20261006_100725;YDUQ3;YDUQ3.SA;COM_EVENTOS;COM_EVENTOS;REGISTRADO;INALTERADO;1;21;False;;False;data/raw/yahoo_dividendos/dividendos_YDUQ3__20261006_2cdd73fe.csv
20261006_100725;ZAMP3;ZAMP3.SA;TICKER_NAO_ENCONTRADO;TICKER_NAO_ENCONTRADO;TICKER_NAO_ENCONTRADO;;;0;True;Yahoo sem metadados para o ticker;False;
