ID_EXECUCAO;DATA_HORA_UTC;NOME_LOGICO;FONTE;ANO_REFERENCIA;URL;HTTP_STATUS;STATUS_VALIDACAO;ACAO;VERSAO_LOCAL;HASH_SHA256;QTD_BYTES;CAMINHO_RELATIVO
20261004_014443;2026-10-04T04:45:02.312197+00:00;cad_cia_aberta.csv;CVM_CAD;;https://dados.cvm.gov.br/dados/CIA_ABERTA/CAD/DADOS/cad_cia_aberta.csv;200;OK;NOVA_VERSAO;1;872223026e2f1053f51ed58cbdd9246e73fec09d3f22320d55a607b9f1fa4ec0;1493833;data/raw/cvm_cad/cad_cia_aberta__20261004_87222302.csv
20261004_014443;2026-10-04T04:45:03.044465+00:00;dfp_cia_aberta_2013.zip;CVM_DFP;2013;https://dados.cvm.gov.br/dados/CIA_ABERTA/DOC/DFP/DADOS/dfp_cia_aberta_2013.zip;200;OK;NOVA_VERSAO;1;ef379ac9aab9567434ca6d36053d8bd1f0a2a47a0c65a2e1d218259da530e224;9171449;data/raw/cvm_dfp/dfp_cia_aberta_2013__20261004_ef379ac9.zip
20261004_014443;2026-10-04T04:45:03.663245+00:00;dfp_cia_aberta_2011.zip;CVM_DFP;2011;https://dados.cvm.gov.br/dados/CIA_ABERTA/DOC/DFP/DADOS/dfp_cia_aberta_2011.zip;200;OK;NOVA_VERSAO;1;858423fba40124d7a30abea4e70248f7251e1d2c792e9fcece5a57afd3115f34;9225478;data/raw/cvm_dfp/dfp_cia_aberta_2011__20261004_858423fb.zip
20261004_014443;2026-10-04T04:45:05.027074+00:00;dfp_cia_aberta_2012.zip;CVM_DFP;2012;https://dados.cvm.gov.br/dados/CIA_ABERTA/DOC/DFP/DADOS/dfp_cia_aberta_2012.zip;200;OK;NOVA_VERSAO;1;3aff7a726d324d29924887eed45bbc58bc30b66cd9079bafe701d55efdfe0849;9201737;data/raw/cvm_dfp/dfp_cia_aberta_2012__20261004_3aff7a72.zip
20261004_014443;2026-10-04T04:45:06.240049+00:00;dfp_cia_aberta_2016.zip;CVM_DFP;2016;https://dados.cvm.gov.br/dados/CIA_ABERTA/DOC/DFP/DADOS/dfp_cia_aberta_2016.zip;200;OK;NOVA_VERSAO;1;772f06a73c5fe80534b61365ea5d03f9d8fcce21b87823bd5c9d48699bcf71d5;9832691;data/raw/cvm_dfp/dfp_cia_aberta_2016__20261004_772f06a7.zip
20261004_014443;2026-10-04T04:45:06.816749+00:00;dfp_cia_aberta_2014.zip;CVM_DFP;2014;https://dados.cvm.gov.br/dados/CIA_ABERTA/DOC/DFP/DADOS/dfp_cia_aberta_2014.zip;200;OK;NOVA_VERSAO;1;b8795dba134754475a485c0f88b6542face6613bb418d261caa011d90e032f28;9079931;data/raw/cvm_dfp/dfp_cia_aberta_2014__20261004_b8795dba.zip
20261004_014443;2026-10-04T04:45:07.160436+00:00;dfp_cia_aberta_2015.zip;CVM_DFP;2015;https://dados.cvm.gov.br/dados/CIA_ABERTA/DOC/DFP/DADOS/dfp_cia_aberta_2015.zip;200;OK;NOVA_VERSAO;1;39a7001be9eaa91a6acc83831c816794df4f92441d7702b80da6c4b234352b4e;8987623;data/raw/cvm_dfp/dfp_cia_aberta_2015__20261004_39a7001b.zip
20261004_014443;2026-10-04T04:45:09.199444+00:00;dfp_cia_aberta_2017.zip;CVM_DFP;2017;https://dados.cvm.gov.br/dados/CIA_ABERTA/DOC/DFP/DADOS/dfp_cia_aberta_2017.zip;200;OK;NOVA_VERSAO;1;1ff8185d61759e49b406c55c5d0b593587c2e76e9032c95f836f7fea02fc9d58;10150935;data/raw/cvm_dfp/dfp_cia_aberta_2017__20261004_1ff8185d.zip
20261004_014443;2026-10-04T04:45:09.204646+00:00;dfp_cia_aberta_2018.zip;CVM_DFP;2018;https://dados.cvm.gov.br/dados/CIA_ABERTA/DOC/DFP/DADOS/dfp_cia_aberta_2018.zip;200;OK;NOVA_VERSAO;1;280dcf5acd7bdb529acc186c9a1195092a1e06cf1e33ddcdca0b11c31261296f;10237924;data/raw/cvm_dfp/dfp_cia_aberta_2018__20261004_280dcf5a.zip
20261004_014443;2026-10-04T04:45:10.772525+00:00;dfp_cia_aberta_2019.zip;CVM_DFP;2019;https://dados.cvm.gov.br/dados/CIA_ABERTA/DOC/DFP/DADOS/dfp_cia_aberta_2019.zip;200;OK;NOVA_VERSAO;1;bc82a1162b44686e8953b521e3424a5938b6661ff4655f832db4ea9488296a0d;11185526;data/raw/cvm_dfp/dfp_cia_aberta_2019__20261004_bc82a116.zip
20261004_014443;2026-10-04T04:45:14.334855+00:00;dfp_cia_aberta_2020.zip;CVM_DFP;2020;https://dados.cvm.gov.br/dados/CIA_ABERTA/DOC/DFP/DADOS/dfp_cia_aberta_2020.zip;200;OK;NOVA_VERSAO;1;8fb97d1887aed1e1e2d85e54cb133baf9f65b9f46f60fa8720f09c1f7a74362e;12637854;data/raw/cvm_dfp/dfp_cia_aberta_2020__20261004_8fb97d18.zip
20261004_014443;2026-10-04T04:45:14.460206+00:00;dfp_cia_aberta_2023.zip;CVM_DFP;2023;https://dados.cvm.gov.br/dados/CIA_ABERTA/DOC/DFP/DADOS/dfp_cia_aberta_2023.zip;200;OK;NOVA_VERSAO;1;0ca6490b1ef4e5253131721af75bffe22e8ed63c7843b3c437d7d025414111fc;13563297;data/raw/cvm_dfp/dfp_cia_aberta_2023__20261004_0ca6490b.zip
20261004_014443;2026-10-04T04:45:15.247504+00:00;dfp_cia_aberta_2021.zip;CVM_DFP;2021;https://dados.cvm.gov.br/dados/CIA_ABERTA/DOC/DFP/DADOS/dfp_cia_aberta_2021.zip;200;OK;NOVA_VERSAO;1;64b8693b709538a0357c5179ae02231cb380d0000956ee57a873a21d4efda2e4;13283026;data/raw/cvm_dfp/dfp_cia_aberta_2021__20261004_64b8693b.zip
20261004_014443;2026-10-04T04:45:15.543528+00:00;dfp_cia_aberta_2022.zip;CVM_DFP;2022;https://dados.cvm.gov.br/dados/CIA_ABERTA/DOC/DFP/DADOS/dfp_cia_aberta_2022.zip;200;OK;NOVA_VERSAO;1;dd67d4fb9294e5de6bd95bbac780b99b2af99e800ab80afdd20caa8637340791;13448916;data/raw/cvm_dfp/dfp_cia_aberta_2022__20261004_dd67d4fb.zip
20261004_014443;2026-10-04T04:45:15.702032+00:00;dfp_cia_aberta_2026.zip;CVM_DFP;2026;https://dados.cvm.gov.br/dados/CIA_ABERTA/DOC/DFP/DADOS/dfp_cia_aberta_2026.zip;200;OK;NOVA_VERSAO;1;73806161bc74d889e19bb79dcc63a6a4ed76fdb47298a0efbde87a4049115a73;243348;data/raw/cvm_dfp/dfp_cia_aberta_2026__20261004_73806161.zip
20261004_014443;2026-10-04T04:45:17.706813+00:00;dfp_cia_aberta_2024.zip;CVM_DFP;2024;https://dados.cvm.gov.br/dados/CIA_ABERTA/DOC/DFP/DADOS/dfp_cia_aberta_2024.zip;200;OK;NOVA_VERSAO;1;ffc488e1a7c7375619a723440c8d5705c712902b15123a31daf9cc79b1d500f9;13396362;data/raw/cvm_dfp/dfp_cia_aberta_2024__20261004_ffc488e1.zip
20261004_014443;2026-10-04T04:45:18.935564+00:00;dfp_cia_aberta_2025.zip;CVM_DFP;2025;https://dados.cvm.gov.br/dados/CIA_ABERTA/DOC/DFP/DADOS/dfp_cia_aberta_2025.zip;200;OK;NOVA_VERSAO;1;336a92cc2d0829b5b96adcf2550f9acd469503cbf8b8cb6a05873ddd668bc4d2;12784098;data/raw/cvm_dfp/dfp_cia_aberta_2025__20261004_336a92cc.zip
20261004_014443;2026-10-04T04:45:21.278195+00:00;itr_cia_aberta_2012.zip;CVM_ITR;2012;https://dados.cvm.gov.br/dados/CIA_ABERTA/DOC/ITR/DADOS/itr_cia_aberta_2012.zip;200;OK;NOVA_VERSAO;1;f1d642a1a644e2528ae96c7963e6319a87537d083d003f965cee637ff9d39842;24650791;data/raw/cvm_itr/itr_cia_aberta_2012__20261004_f1d642a1.zip
20261004_014443;2026-10-04T04:45:24.972534+00:00;itr_cia_aberta_2013.zip;CVM_ITR;2013;https://dados.cvm.gov.br/dados/CIA_ABERTA/DOC/ITR/DADOS/itr_cia_aberta_2013.zip;200;OK;NOVA_VERSAO;1;a336c9d5d5f2e4650bf2c16a80600daf3a423d7bbcd594f1d8dd94bf12f148ea;24514311;data/raw/cvm_itr/itr_cia_aberta_2013__20261004_a336c9d5.zip
20261004_014443;2026-10-04T04:45:27.205621+00:00;itr_cia_aberta_2014.zip;CVM_ITR;2014;https://dados.cvm.gov.br/dados/CIA_ABERTA/DOC/ITR/DADOS/itr_cia_aberta_2014.zip;200;OK;NOVA_VERSAO;1;c10271ea978a7da9c0fb2ef57d6b485dc9eb8032c0634479d8f4afa90ba0ead9;24468760;data/raw/cvm_itr/itr_cia_aberta_2014__20261004_c10271ea.zip
20261004_014443;2026-10-04T04:45:27.703547+00:00;itr_cia_aberta_2011.zip;CVM_ITR;2011;https://dados.cvm.gov.br/dados/CIA_ABERTA/DOC/ITR/DADOS/itr_cia_aberta_2011.zip;200;OK;NOVA_VERSAO;1;11f0d8cc47bad618a6e705a4615f8444d652967cc210dd29af8d18cad11b2a9a;24581120;data/raw/cvm_itr/itr_cia_aberta_2011__20261004_11f0d8cc.zip
20261004_014443;2026-10-04T04:45:29.643536+00:00;itr_cia_aberta_2015.zip;CVM_ITR;2015;https://dados.cvm.gov.br/dados/CIA_ABERTA/DOC/ITR/DADOS/itr_cia_aberta_2015.zip;200;OK;NOVA_VERSAO;1;2755f06e74668144620b4265e59db8149284252a1b3a5bb6404c0db22b21c64b;24295580;data/raw/cvm_itr/itr_cia_aberta_2015__20261004_2755f06e.zip
20261004_014443;2026-10-04T04:45:31.847882+00:00;itr_cia_aberta_2016.zip;CVM_ITR;2016;https://dados.cvm.gov.br/dados/CIA_ABERTA/DOC/ITR/DADOS/itr_cia_aberta_2016.zip;200;OK;NOVA_VERSAO;1;3c2954a0d7e2c4c1c6dec157134e959fd0dea0ba53001d4bab01d04727d67c21;23803768;data/raw/cvm_itr/itr_cia_aberta_2016__20261004_3c2954a0.zip
20261004_014443;2026-10-04T04:45:33.965515+00:00;itr_cia_aberta_2017.zip;CVM_ITR;2017;https://dados.cvm.gov.br/dados/CIA_ABERTA/DOC/ITR/DADOS/itr_cia_aberta_2017.zip;200;OK;NOVA_VERSAO;1;f2e626260461ec4e04614d32212ca8dc5a1be7c5b56c261343eb8866c9ed5f26;24127956;data/raw/cvm_itr/itr_cia_aberta_2017__20261004_f2e62626.zip
20261004_014443;2026-10-04T04:45:36.002473+00:00;itr_cia_aberta_2018.zip;CVM_ITR;2018;https://dados.cvm.gov.br/dados/CIA_ABERTA/DOC/ITR/DADOS/itr_cia_aberta_2018.zip;200;OK;NOVA_VERSAO;1;a551278c83e5c0584edd2a29b6035e34e833176176827e3f04a28f8373df536b;23460448;data/raw/cvm_itr/itr_cia_aberta_2018__20261004_a551278c.zip
20261004_014443;2026-10-04T04:45:38.607871+00:00;itr_cia_aberta_2019.zip;CVM_ITR;2019;https://dados.cvm.gov.br/dados/CIA_ABERTA/DOC/ITR/DADOS/itr_cia_aberta_2019.zip;200;OK;NOVA_VERSAO;1;dbfe1e32296563a9efdcb993ed5811876e3d50b778bc547fe004af15b9a75021;24435666;data/raw/cvm_itr/itr_cia_aberta_2019__20261004_dbfe1e32.zip
20261004_014443;2026-10-04T04:45:40.277159+00:00;itr_cia_aberta_2020.zip;CVM_ITR;2020;https://dados.cvm.gov.br/dados/CIA_ABERTA/DOC/ITR/DADOS/itr_cia_aberta_2020.zip;200;OK;NOVA_VERSAO;1;4ca11b431eb21aa98f813a3c18086ca600f234f5eb0dcec0c51a8641fccbca0a;27151708;data/raw/cvm_itr/itr_cia_aberta_2020__20261004_4ca11b43.zip
20261004_014443;2026-10-04T04:45:46.690087+00:00;itr_cia_aberta_2021.zip;CVM_ITR;2021;https://dados.cvm.gov.br/dados/CIA_ABERTA/DOC/ITR/DADOS/itr_cia_aberta_2021.zip;200;OK;NOVA_VERSAO;1;c8723d5ccd4a6e99e9bc1566f2a558139cee1c2d96e4b940c4bcbedcb46a173a;31230595;data/raw/cvm_itr/itr_cia_aberta_2021__20261004_c8723d5c.zip
20261004_014443;2026-10-04T04:45:48.637390+00:00;itr_cia_aberta_2022.zip;CVM_ITR;2022;https://dados.cvm.gov.br/dados/CIA_ABERTA/DOC/ITR/DADOS/itr_cia_aberta_2022.zip;200;OK;NOVA_VERSAO;1;5f243e8d2c470b4617665a3f6c6629cd53dd277b76145517da56877b30b773fd;32324776;data/raw/cvm_itr/itr_cia_aberta_2022__20261004_5f243e8d.zip
20261004_014443;2026-10-04T04:45:52.256638+00:00;itr_cia_aberta_2025.zip;CVM_ITR;2025;https://dados.cvm.gov.br/dados/CIA_ABERTA/DOC/ITR/DADOS/itr_cia_aberta_2025.zip;200;OK;NOVA_VERSAO;1;5c14b3d3f8a2e2645a968a82a225ed057f34d23dd80e044c1b972a471bdb73cf;31660219;data/raw/cvm_itr/itr_cia_aberta_2025__20261004_5c14b3d3.zip
20261004_014443;2026-10-04T04:45:54.430651+00:00;itr_cia_aberta_2024.zip;CVM_ITR;2024;https://dados.cvm.gov.br/dados/CIA_ABERTA/DOC/ITR/DADOS/itr_cia_aberta_2024.zip;200;OK;NOVA_VERSAO;1;fe888a09f762e7a20a64f3896a4087f1c0d34cb6ea12ee862f2fe63a10981834;32723902;data/raw/cvm_itr/itr_cia_aberta_2024__20261004_fe888a09.zip
20261004_014443;2026-10-04T04:45:54.527004+00:00;fre_cia_aberta_2011.zip;CVM_FRE;2011;https://dados.cvm.gov.br/dados/CIA_ABERTA/DOC/FRE/DADOS/fre_cia_aberta_2011.zip;200;OK;NOVA_VERSAO;1;7ef45a3f8fa9d62f396cc11a692566e9d16137cc6d0ffccaaff8d8d507b4cad8;7050662;data/raw/cvm_fre/fre_cia_aberta_2011__20261004_7ef45a3f.zip
20261004_014443;2026-10-04T04:45:55.655167+00:00;itr_cia_aberta_2026.zip;CVM_ITR;2026;https://dados.cvm.gov.br/dados/CIA_ABERTA/DOC/ITR/DADOS/itr_cia_aberta_2026.zip;200;OK;NOVA_VERSAO;1;8d055a5ab316a47dba67d306ab4742b643810b14beb783192c3ed5edb329c23b;19597776;data/raw/cvm_itr/itr_cia_aberta_2026__20261004_8d055a5a.zip
20261004_014443;2026-10-04T04:45:57.502876+00:00;fre_cia_aberta_2014.zip;CVM_FRE;2014;https://dados.cvm.gov.br/dados/CIA_ABERTA/DOC/FRE/DADOS/fre_cia_aberta_2014.zip;200;OK;NOVA_VERSAO;1;8797e5b66f4c126d9266746ab704bdb0d787ed5d92dca917ceffa2749b150a50;7929118;data/raw/cvm_fre/fre_cia_aberta_2014__20261004_8797e5b6.zip
20261004_014443;2026-10-04T04:45:58.344788+00:00;itr_cia_aberta_2023.zip;CVM_ITR;2023;https://dados.cvm.gov.br/dados/CIA_ABERTA/DOC/ITR/DADOS/itr_cia_aberta_2023.zip;200;OK;NOVA_VERSAO;1;a59eca204a26e5aff934b6709b69f2b7eb3ccb1bdb81ad1a0955ca24fb1dab6d;32350723;data/raw/cvm_itr/itr_cia_aberta_2023__20261004_a59eca20.zip
20261004_014443;2026-10-04T04:45:58.520431+00:00;fre_cia_aberta_2012.zip;CVM_FRE;2012;https://dados.cvm.gov.br/dados/CIA_ABERTA/DOC/FRE/DADOS/fre_cia_aberta_2012.zip;200;OK;NOVA_VERSAO;1;cd48dd32bab6d410dc523a3de0d27ca3bb7ebd8c403e6fa1de647b1454fbd069;7427318;data/raw/cvm_fre/fre_cia_aberta_2012__20261004_cd48dd32.zip
20261004_014443;2026-10-04T04:45:58.560347+00:00;fre_cia_aberta_2013.zip;CVM_FRE;2013;https://dados.cvm.gov.br/dados/CIA_ABERTA/DOC/FRE/DADOS/fre_cia_aberta_2013.zip;200;OK;NOVA_VERSAO;1;2c746f2cf0636236972a06be1d4e15dabaac15281e88753505acae9385a76f79;7741288;data/raw/cvm_fre/fre_cia_aberta_2013__20261004_2c746f2c.zip
20261004_014443;2026-10-04T04:45:59.823217+00:00;fre_cia_aberta_2015.zip;CVM_FRE;2015;https://dados.cvm.gov.br/dados/CIA_ABERTA/DOC/FRE/DADOS/fre_cia_aberta_2015.zip;200;OK;NOVA_VERSAO;1;21be79d408fcc08e9edafcee941f02a339c5664e96b3ad83afd84f27ed838d60;7853370;data/raw/cvm_fre/fre_cia_aberta_2015__20261004_21be79d4.zip
20261004_014443;2026-10-04T04:46:00.226306+00:00;fre_cia_aberta_2016.zip;CVM_FRE;2016;https://dados.cvm.gov.br/dados/CIA_ABERTA/DOC/FRE/DADOS/fre_cia_aberta_2016.zip;200;OK;NOVA_VERSAO;1;bfd0513d903cb3e5a43360dcb1673b3c9ac1f23396974726cca764df64d481cc;7583877;data/raw/cvm_fre/fre_cia_aberta_2016__20261004_bfd0513d.zip
20261004_014443;2026-10-04T04:46:01.034049+00:00;fre_cia_aberta_2017.zip;CVM_FRE;2017;https://dados.cvm.gov.br/dados/CIA_ABERTA/DOC/FRE/DADOS/fre_cia_aberta_2017.zip;200;OK;NOVA_VERSAO;1;cb90963d1e7d6b2416265eb7aa0a463b98d067ade096f47b724467184273b0ab;7605478;data/raw/cvm_fre/fre_cia_aberta_2017__20261004_cb90963d.zip
20261004_014443;2026-10-04T04:46:01.663188+00:00;fre_cia_aberta_2018.zip;CVM_FRE;2018;https://dados.cvm.gov.br/dados/CIA_ABERTA/DOC/FRE/DADOS/fre_cia_aberta_2018.zip;200;OK;NOVA_VERSAO;1;7a349acbce124fdb0846c371b3e68e5ff06781ead4b8713d6080eabf6737d082;7824065;data/raw/cvm_fre/fre_cia_aberta_2018__20261004_7a349acb.zip
20261004_014443;2026-10-04T04:46:02.535739+00:00;fre_cia_aberta_2019.zip;CVM_FRE;2019;https://dados.cvm.gov.br/dados/CIA_ABERTA/DOC/FRE/DADOS/fre_cia_aberta_2019.zip;200;OK;NOVA_VERSAO;1;30f461d5d3b3cdbab84faac20c158c6a41cea1ee0223c40d988db9845e2c6a51;7935765;data/raw/cvm_fre/fre_cia_aberta_2019__20261004_30f461d5.zip
20261004_014443;2026-10-04T04:46:03.744912+00:00;fre_cia_aberta_2022.zip;CVM_FRE;2022;https://dados.cvm.gov.br/dados/CIA_ABERTA/DOC/FRE/DADOS/fre_cia_aberta_2022.zip;200;OK;NOVA_VERSAO;1;8dfe3301445fe7d0d8c68e21f61dbfa5f0e31f9d10f3e792598c7a0f3fce8955;10754964;data/raw/cvm_fre/fre_cia_aberta_2022__20261004_8dfe3301.zip
20261004_014443;2026-10-04T04:46:05.619475+00:00;fre_cia_aberta_2024.zip;CVM_FRE;2024;https://dados.cvm.gov.br/dados/CIA_ABERTA/DOC/FRE/DADOS/fre_cia_aberta_2024.zip;200;OK;NOVA_VERSAO;1;1adbfd733b8a70c1c4ab797e505134fa2e095808cf28165bda18b992f06fd003;8409760;data/raw/cvm_fre/fre_cia_aberta_2024__20261004_1adbfd73.zip
20261004_014443;2026-10-04T04:46:05.800863+00:00;fre_cia_aberta_2020.zip;CVM_FRE;2020;https://dados.cvm.gov.br/dados/CIA_ABERTA/DOC/FRE/DADOS/fre_cia_aberta_2020.zip;200;OK;NOVA_VERSAO;1;17d2d911201f64dc8ff501104ce8fe343cd4ab3bdb41ea03eb6bfc2c4f6b80ab;9233986;data/raw/cvm_fre/fre_cia_aberta_2020__20261004_17d2d911.zip
20261004_014443;2026-10-04T04:46:07.764444+00:00;fre_cia_aberta_2026.zip;CVM_FRE;2026;https://dados.cvm.gov.br/dados/CIA_ABERTA/DOC/FRE/DADOS/fre_cia_aberta_2026.zip;200;OK;NOVA_VERSAO;1;ee25c4fa3d87a87c3dfdb017cb22aec1922100500dcd919573d4a1571c7070da;8125985;data/raw/cvm_fre/fre_cia_aberta_2026__20261004_ee25c4fa.zip
20261004_014443;2026-10-04T04:46:07.835644+00:00;fre_cia_aberta_2023.zip;CVM_FRE;2023;https://dados.cvm.gov.br/dados/CIA_ABERTA/DOC/FRE/DADOS/fre_cia_aberta_2023.zip;200;OK;NOVA_VERSAO;1;99dac78d9d8e7f327bc9648406c1099e07f5177ea6976be9d1c059c5a89119d8;8132256;data/raw/cvm_fre/fre_cia_aberta_2023__20261004_99dac78d.zip
20261004_014443;2026-10-04T04:46:08.056295+00:00;fre_cia_aberta_2025.zip;CVM_FRE;2025;https://dados.cvm.gov.br/dados/CIA_ABERTA/DOC/FRE/DADOS/fre_cia_aberta_2025.zip;200;OK;NOVA_VERSAO;1;39f130d0873a76e9680ce0f6325d3ced9e0bce80f91fc5e8db1cc8fb096f4e57;8497424;data/raw/cvm_fre/fre_cia_aberta_2025__20261004_39f130d0.zip
20261004_014443;2026-10-04T04:46:08.278483+00:00;fca_cia_aberta_2011.zip;CVM_FCA;2011;https://dados.cvm.gov.br/dados/CIA_ABERTA/DOC/FCA/DADOS/fca_cia_aberta_2011.zip;200;OK;NOVA_VERSAO;1;f5c7aaa2a4464b4232a05d77c288d33bca5474edd72199a9295d6fa2a34012e8;381161;data/raw/cvm_fca/fca_cia_aberta_2011__20261004_f5c7aaa2.zip
20261004_014443;2026-10-04T04:46:08.333694+00:00;fca_cia_aberta_2012.zip;CVM_FCA;2012;https://dados.cvm.gov.br/dados/CIA_ABERTA/DOC/FCA/DADOS/fca_cia_aberta_2012.zip;200;OK;NOVA_VERSAO;1;ba68b8e8c12b74fc56bf76a75ae582aa53e5adef1d61d940d5191c55b9be2e06;381058;data/raw/cvm_fca/fca_cia_aberta_2012__20261004_ba68b8e8.zip
20261004_014443;2026-10-04T04:46:08.546640+00:00;fca_cia_aberta_2013.zip;CVM_FCA;2013;https://dados.cvm.gov.br/dados/CIA_ABERTA/DOC/FCA/DADOS/fca_cia_aberta_2013.zip;200;OK;NOVA_VERSAO;1;d62ef489d8c1208ef3d41cfd25a093b8fcb5f6b47640e59288aece45d4962cce;373007;data/raw/cvm_fca/fca_cia_aberta_2013__20261004_d62ef489.zip
20261004_014443;2026-10-04T04:46:08.691029+00:00;fre_cia_aberta_2021.zip;CVM_FRE;2021;https://dados.cvm.gov.br/dados/CIA_ABERTA/DOC/FRE/DADOS/fre_cia_aberta_2021.zip;200;OK;NOVA_VERSAO;1;882e4c19c0719b7ac75f8e906c264fdd69b899cf0a2942ad00c4eb14a1b855bd;10494738;data/raw/cvm_fre/fre_cia_aberta_2021__20261004_882e4c19.zip
20261004_014443;2026-10-04T04:46:08.768167+00:00;fca_cia_aberta_2014.zip;CVM_FCA;2014;https://dados.cvm.gov.br/dados/CIA_ABERTA/DOC/FCA/DADOS/fca_cia_aberta_2014.zip;200;OK;NOVA_VERSAO;1;1f70b5e3a544535affb47b04a0c60a618bef872bc783e6909940d2e7dad89e3f;384748;data/raw/cvm_fca/fca_cia_aberta_2014__20261004_1f70b5e3.zip
20261004_014443;2026-10-04T04:46:08.915206+00:00;fca_cia_aberta_2015.zip;CVM_FCA;2015;https://dados.cvm.gov.br/dados/CIA_ABERTA/DOC/FCA/DADOS/fca_cia_aberta_2015.zip;200;OK;NOVA_VERSAO;1;74326a566c405d703b56af257c9fade687f112f372ae68b8624719becc8215f2;380898;data/raw/cvm_fca/fca_cia_aberta_2015__20261004_74326a56.zip
20261004_014443;2026-10-04T04:46:09.118384+00:00;fca_cia_aberta_2016.zip;CVM_FCA;2016;https://dados.cvm.gov.br/dados/CIA_ABERTA/DOC/FCA/DADOS/fca_cia_aberta_2016.zip;200;OK;NOVA_VERSAO;1;229b2cfc8c0ac5e60083932381364bbdb6666f028422c13a1ac5f6dccc9e3e6c;376154;data/raw/cvm_fca/fca_cia_aberta_2016__20261004_229b2cfc.zip
20261004_014443;2026-10-04T04:46:09.145563+00:00;fca_cia_aberta_2017.zip;CVM_FCA;2017;https://dados.cvm.gov.br/dados/CIA_ABERTA/DOC/FCA/DADOS/fca_cia_aberta_2017.zip;200;OK;NOVA_VERSAO;1;48127cf15d8baf4d31b9544b266f9511962db158d591fc9803e335a8ab081d45;375132;data/raw/cvm_fca/fca_cia_aberta_2017__20261004_48127cf1.zip
20261004_014443;2026-10-04T04:46:09.254658+00:00;fca_cia_aberta_2018.zip;CVM_FCA;2018;https://dados.cvm.gov.br/dados/CIA_ABERTA/DOC/FCA/DADOS/fca_cia_aberta_2018.zip;200;OK;NOVA_VERSAO;1;b20056b00927c5261ba587b668e52e4cdfe2d989e7d794491b2bb127fbd0a8cd;381642;data/raw/cvm_fca/fca_cia_aberta_2018__20261004_b20056b0.zip
20261004_014443;2026-10-04T04:46:09.494984+00:00;fca_cia_aberta_2019.zip;CVM_FCA;2019;https://dados.cvm.gov.br/dados/CIA_ABERTA/DOC/FCA/DADOS/fca_cia_aberta_2019.zip;200;OK;NOVA_VERSAO;1;09f84e5f5485217c8b36f8379c36f718dbdcd6d6908b4e96b68861394e76fe97;371770;data/raw/cvm_fca/fca_cia_aberta_2019__20261004_09f84e5f.zip
20261004_014443;2026-10-04T04:46:09.619122+00:00;fca_cia_aberta_2020.zip;CVM_FCA;2020;https://dados.cvm.gov.br/dados/CIA_ABERTA/DOC/FCA/DADOS/fca_cia_aberta_2020.zip;200;OK;NOVA_VERSAO;1;ccf2ac081747da9ccefa50349a5494c263763d5dd8bb961565fd2ae64c264b20;405892;data/raw/cvm_fca/fca_cia_aberta_2020__20261004_ccf2ac08.zip
20261004_014443;2026-10-04T04:46:09.715612+00:00;fca_cia_aberta_2022.zip;CVM_FCA;2022;https://dados.cvm.gov.br/dados/CIA_ABERTA/DOC/FCA/DADOS/fca_cia_aberta_2022.zip;200;OK;NOVA_VERSAO;1;61efb7bbf9df5bfb58c5e1258b0da4c1fb76981940d89bbcc352cf47b35fb3fd;458286;data/raw/cvm_fca/fca_cia_aberta_2022__20261004_61efb7bb.zip
20261004_014443;2026-10-04T04:46:09.990193+00:00;fca_cia_aberta_2023.zip;CVM_FCA;2023;https://dados.cvm.gov.br/dados/CIA_ABERTA/DOC/FCA/DADOS/fca_cia_aberta_2023.zip;200;OK;NOVA_VERSAO;1;44ec83c86e78ab470147388211a522dd1e3e56b9c15aae27db1ed0da7fccd92e;434044;data/raw/cvm_fca/fca_cia_aberta_2023__20261004_44ec83c8.zip
20261004_014443;2026-10-04T04:46:10.024828+00:00;fca_cia_aberta_2021.zip;CVM_FCA;2021;https://dados.cvm.gov.br/dados/CIA_ABERTA/DOC/FCA/DADOS/fca_cia_aberta_2021.zip;200;OK;NOVA_VERSAO;1;65ba4b0225e9b2106901cdf348215933be8affba79925fc71361e2f6818c7999;465704;data/raw/cvm_fca/fca_cia_aberta_2021__20261004_65ba4b02.zip
20261004_014443;2026-10-04T04:46:10.119331+00:00;fca_cia_aberta_2024.zip;CVM_FCA;2024;https://dados.cvm.gov.br/dados/CIA_ABERTA/DOC/FCA/DADOS/fca_cia_aberta_2024.zip;200;OK;NOVA_VERSAO;1;2ad6fda1ce4a384a03acd3592bd4d662392861561a0ebddf01d329e23a2bbc96;392000;data/raw/cvm_fca/fca_cia_aberta_2024__20261004_2ad6fda1.zip
20261004_014443;2026-10-04T04:46:10.312082+00:00;fca_cia_aberta_2025.zip;CVM_FCA;2025;https://dados.cvm.gov.br/dados/CIA_ABERTA/DOC/FCA/DADOS/fca_cia_aberta_2025.zip;200;OK;NOVA_VERSAO;1;23c282d62bed08912891a567b672f7c6fe42090bffd74347b12746a848ef5c11;383620;data/raw/cvm_fca/fca_cia_aberta_2025__20261004_23c282d6.zip
20261004_014443;2026-10-04T04:46:10.474468+00:00;fca_cia_aberta_2026.zip;CVM_FCA;2026;https://dados.cvm.gov.br/dados/CIA_ABERTA/DOC/FCA/DADOS/fca_cia_aberta_2026.zip;200;OK;NOVA_VERSAO;1;80c1f1a04f86c682eb0b8eff0df8cf2312171a4da2830812e4f051fc5197e6e9;361112;data/raw/cvm_fca/fca_cia_aberta_2026__20261004_80c1f1a0.zip
20261004_014443;2026-10-04T04:46:13.776881+00:00;COTAHIST_A2011.zip;B3_COTAHIST;2011;https://bvmf.bmfbovespa.com.br/InstDados/SerHist/COTAHIST_A2011.ZIP;200;OK;NOVA_VERSAO;1;0cf67787cc1b77dde67a4ff1a340123ab261ce252245d24b5d32ec5b8b162359;10856136;data/raw/b3_cotahist/COTAHIST_A2011__20261004_0cf67787.zip
20261004_014443;2026-10-04T04:46:14.185183+00:00;COTAHIST_A2014.zip;B3_COTAHIST;2014;https://bvmf.bmfbovespa.com.br/InstDados/SerHist/COTAHIST_A2014.ZIP;200;OK;NOVA_VERSAO;1;613d76f8a64c7ffba0406cb54c1fd187266f55ed8b6037cb85993b2071a5aae7;13684612;data/raw/b3_cotahist/COTAHIST_A2014__20261004_613d76f8.zip
20261004_014443;2026-10-04T04:46:14.875493+00:00;COTAHIST_A2013.zip;B3_COTAHIST;2013;https://bvmf.bmfbovespa.com.br/InstDados/SerHist/COTAHIST_A2013.ZIP;200;OK;NOVA_VERSAO;1;b6dfb0d73181a60cc65083c2b185a1cbb0c95b87b21f873cc151515c65e47636;13300034;data/raw/b3_cotahist/COTAHIST_A2013__20261004_b6dfb0d7.zip
20261004_014443;2026-10-04T04:46:18.742531+00:00;COTAHIST_A2016.zip;B3_COTAHIST;2016;https://bvmf.bmfbovespa.com.br/InstDados/SerHist/COTAHIST_A2016.ZIP;200;OK;NOVA_VERSAO;1;ffc82a9b973cb5901e68dc11bea1bbc9bf0a2c46749e0efe5a7a89229bc0d81f;15715361;data/raw/b3_cotahist/COTAHIST_A2016__20261004_ffc82a9b.zip
20261004_014443;2026-10-04T04:46:18.867545+00:00;COTAHIST_A2017.zip;B3_COTAHIST;2017;https://bvmf.bmfbovespa.com.br/InstDados/SerHist/COTAHIST_A2017.ZIP;200;OK;NOVA_VERSAO;1;af6aaa85187c1d58ec6565522644066da573a7dc5b579c1d4c906ae95a2dea86;16527191;data/raw/b3_cotahist/COTAHIST_A2017__20261004_af6aaa85.zip
20261004_014443;2026-10-04T04:46:19.264610+00:00;COTAHIST_A2012.zip;B3_COTAHIST;2012;https://bvmf.bmfbovespa.com.br/InstDados/SerHist/COTAHIST_A2012.ZIP;200;OK;NOVA_VERSAO;1;98771b1248a3f19b547609ed4fd6c8da0eb396140afb6de91946db457c855465;11883689;data/raw/b3_cotahist/COTAHIST_A2012__20261004_98771b12.zip
20261004_014443;2026-10-04T04:46:19.513778+00:00;COTAHIST_A2015.zip;B3_COTAHIST;2015;https://bvmf.bmfbovespa.com.br/InstDados/SerHist/COTAHIST_A2015.ZIP;200;OK;NOVA_VERSAO;1;593f8740ec1aa87c80c54c623f1759530b6b32cdadd34a64f0fc66a529f34e35;14129467;data/raw/b3_cotahist/COTAHIST_A2015__20261004_593f8740.zip
20261004_014443;2026-10-04T04:46:26.842193+00:00;COTAHIST_A2018.zip;B3_COTAHIST;2018;https://bvmf.bmfbovespa.com.br/InstDados/SerHist/COTAHIST_A2018.ZIP;200;OK;NOVA_VERSAO;1;9d66136179d9822476c6035000167aecf2665f4396619e4d74c0011745a0c507;19488404;data/raw/b3_cotahist/COTAHIST_A2018__20261004_9d661361.zip
20261004_014443;2026-10-04T04:46:28.547496+00:00;COTAHIST_A2019.zip;B3_COTAHIST;2019;https://bvmf.bmfbovespa.com.br/InstDados/SerHist/COTAHIST_A2019.ZIP;200;OK;NOVA_VERSAO;1;5170d3f8f079c3306424b36c2fae9b467391f8fa37d16d389f487b4c5c28edb9;26650371;data/raw/b3_cotahist/COTAHIST_A2019__20261004_5170d3f8.zip
20261004_014443;2026-10-04T04:46:34.219198+00:00;COTAHIST_A2020.zip;B3_COTAHIST;2020;https://bvmf.bmfbovespa.com.br/InstDados/SerHist/COTAHIST_A2020.ZIP;200;OK;NOVA_VERSAO;1;86442168939b9da7b3cc1ec1662c333ee5ab4c75f2be1865b5bf55ba4c52168f;37181542;data/raw/b3_cotahist/COTAHIST_A2020__20261004_86442168.zip
20261004_014443;2026-10-04T04:46:39.509392+00:00;COTAHIST_A2021.zip;B3_COTAHIST;2021;https://bvmf.bmfbovespa.com.br/InstDados/SerHist/COTAHIST_A2021.ZIP;200;OK;NOVA_VERSAO;1;b0d4aed17d609c7ba615a23320c2fd513b580a251ae7d884a5015ef8a3fe4705;49678679;data/raw/b3_cotahist/COTAHIST_A2021__20261004_b0d4aed1.zip
20261004_014443;2026-10-04T04:46:45.749297+00:00;COTAHIST_A2023.zip;B3_COTAHIST;2023;https://bvmf.bmfbovespa.com.br/InstDados/SerHist/COTAHIST_A2023.ZIP;200;OK;NOVA_VERSAO;1;ad1603788d78aaa1de806498572277f1d9443f88ae116452751b5800cb23523e;70216090;data/raw/b3_cotahist/COTAHIST_A2023__20261004_ad160378.zip
20261004_014443;2026-10-04T04:46:51.709095+00:00;COTAHIST_A2022.zip;B3_COTAHIST;2022;https://bvmf.bmfbovespa.com.br/InstDados/SerHist/COTAHIST_A2022.ZIP;200;OK;NOVA_VERSAO;1;a4f9015b755f797d9c08b0d13f19dbfab18a6c75f379c0271a1cf1b5f6323cd8;58597842;data/raw/b3_cotahist/COTAHIST_A2022__20261004_a4f9015b.zip
20261004_014443;2026-10-04T04:47:05.035917+00:00;COTAHIST_A2024.zip;B3_COTAHIST;2024;https://bvmf.bmfbovespa.com.br/InstDados/SerHist/COTAHIST_A2024.ZIP;200;OK;NOVA_VERSAO;1;96a003d10fab0fa2ace0c64cdc2b892b4c111adf9da8e538aa0b28437bd2a172;79261198;data/raw/b3_cotahist/COTAHIST_A2024__20261004_96a003d1.zip
20261004_014443;2026-10-04T04:47:10.590989+00:00;COTAHIST_A2025.zip;B3_COTAHIST;2025;https://bvmf.bmfbovespa.com.br/InstDados/SerHist/COTAHIST_A2025.ZIP;200;OK;NOVA_VERSAO;1;6cc0ad851c8f605ca30418acac48be81f1767f6ed05b4f563772d06ae448047d;89056788;data/raw/b3_cotahist/COTAHIST_A2025__20261004_6cc0ad85.zip
20261004_014443;2026-10-04T04:47:19.881284+00:00;COTAHIST_A2026.zip;B3_COTAHIST;2026;https://bvmf.bmfbovespa.com.br/InstDados/SerHist/COTAHIST_A2026.ZIP;200;OK;NOVA_VERSAO;1;67a343ae7ecb74bf70f7ccccb1ba29cf6aefd388a37e7a633681e7fb98a2b4f4;87777418;data/raw/b3_cotahist/COTAHIST_A2026__20261004_67a343ae.zip
20261004_104210;2026-10-04T13:42:29.507889+00:00;dfp_cia_aberta_2026.zip;CVM_DFP;2026;https://dados.cvm.gov.br/dados/CIA_ABERTA/DOC/DFP/DADOS/dfp_cia_aberta_2026.zip;200;OK;NOVA_VERSAO;2;7eab96451f58476d37b52653dabdd4fd423feb0870b97d44df5925feb42cdd93;243348;data/raw/cvm_dfp/dfp_cia_aberta_2026__20261004_7eab9645.zip
20261004_104210;2026-10-04T13:42:31.654982+00:00;cad_cia_aberta.csv;CVM_CAD;;https://dados.cvm.gov.br/dados/CIA_ABERTA/CAD/DADOS/cad_cia_aberta.csv;200;OK;INALTERADO;1;872223026e2f1053f51ed58cbdd9246e73fec09d3f22320d55a607b9f1fa4ec0;1493833;data/raw/cvm_cad/cad_cia_aberta__20261004_87222302.csv
20261004_104210;2026-10-04T13:42:31.684423+00:00;dfp_cia_aberta_2025.zip;CVM_DFP;2025;https://dados.cvm.gov.br/dados/CIA_ABERTA/DOC/DFP/DADOS/dfp_cia_aberta_2025.zip;200;OK;NOVA_VERSAO;2;d7aec54e7c67998e4cd3ef94c463ab247f09a6baaa2254878d1e431f28130e2a;12784140;data/raw/cvm_dfp/dfp_cia_aberta_2025__20261004_d7aec54e.zip
20261004_104210;2026-10-04T13:42:34.863230+00:00;itr_cia_aberta_2025.zip;CVM_ITR;2025;https://dados.cvm.gov.br/dados/CIA_ABERTA/DOC/ITR/DADOS/itr_cia_aberta_2025.zip;200;OK;NOVA_VERSAO;2;efe754841bed9eac2a3138c92a187060842c1746845e9471749be5c91819dc51;31660219;data/raw/cvm_itr/itr_cia_aberta_2025__20261004_efe75484.zip
20261004_104210;2026-10-04T13:42:35.792577+00:00;fca_cia_aberta_2025.zip;CVM_FCA;2025;https://dados.cvm.gov.br/dados/CIA_ABERTA/DOC/FCA/DADOS/fca_cia_aberta_2025.zip;200;OK;NOVA_VERSAO;2;b8728d571587ebee9dc603d3150ffcf1146a38962a621862116e96d40185a7ef;383620;data/raw/cvm_fca/fca_cia_aberta_2025__20261004_b8728d57.zip
20261004_104210;2026-10-04T13:42:36.179307+00:00;fre_cia_aberta_2026.zip;CVM_FRE;2026;https://dados.cvm.gov.br/dados/CIA_ABERTA/DOC/FRE/DADOS/fre_cia_aberta_2026.zip;200;OK;NOVA_VERSAO;2;a04a1079f2807b3d53c25d0ff6978bba844f5f665ac6df62303c5d0aae46b624;8126598;data/raw/cvm_fre/fre_cia_aberta_2026__20261004_a04a1079.zip
20261004_104210;2026-10-04T13:42:36.594694+00:00;fca_cia_aberta_2026.zip;CVM_FCA;2026;https://dados.cvm.gov.br/dados/CIA_ABERTA/DOC/FCA/DADOS/fca_cia_aberta_2026.zip;200;OK;NOVA_VERSAO;2;21d4bb18fb6923cf2253c2a1d76496ef71366287fbde5ca725d76f303a2069b8;361734;data/raw/cvm_fca/fca_cia_aberta_2026__20261004_21d4bb18.zip
20261004_104210;2026-10-04T13:42:37.178172+00:00;fre_cia_aberta_2025.zip;CVM_FRE;2025;https://dados.cvm.gov.br/dados/CIA_ABERTA/DOC/FRE/DADOS/fre_cia_aberta_2025.zip;200;OK;NOVA_VERSAO;2;23cacdb758cffcce79732d2092ce0823988e64749992b2b83907dc0880fc33de;8497399;data/raw/cvm_fre/fre_cia_aberta_2025__20261004_23cacdb7.zip
20261004_104210;2026-10-04T13:42:37.709968+00:00;itr_cia_aberta_2026.zip;CVM_ITR;2026;https://dados.cvm.gov.br/dados/CIA_ABERTA/DOC/ITR/DADOS/itr_cia_aberta_2026.zip;200;OK;NOVA_VERSAO;2;0e1ef74291d2143e7bb55247b01c8bbd94995d995536f70f0d19de1d79d7e38c;19634453;data/raw/cvm_itr/itr_cia_aberta_2026__20261004_0e1ef742.zip
20261004_104210;2026-10-04T13:43:07.104213+00:00;COTAHIST_A2025.zip;B3_COTAHIST;2025;https://bvmf.bmfbovespa.com.br/InstDados/SerHist/COTAHIST_A2025.ZIP;200;OK;INALTERADO;1;6cc0ad851c8f605ca30418acac48be81f1767f6ed05b4f563772d06ae448047d;89056788;data/raw/b3_cotahist/COTAHIST_A2025__20261004_6cc0ad85.zip
20261004_104210;2026-10-04T13:43:11.152217+00:00;COTAHIST_A2026.zip;B3_COTAHIST;2026;https://bvmf.bmfbovespa.com.br/InstDados/SerHist/COTAHIST_A2026.ZIP;200;OK;INALTERADO;1;67a343ae7ecb74bf70f7ccccb1ba29cf6aefd388a37e7a633681e7fb98a2b4f4;87777418;data/raw/b3_cotahist/COTAHIST_A2026__20261004_67a343ae.zip
20261004_122451;2026-10-04T15:25:12.722990+00:00;dfp_cia_aberta_2026.zip;CVM_DFP;2026;https://dados.cvm.gov.br/dados/CIA_ABERTA/DOC/DFP/DADOS/dfp_cia_aberta_2026.zip;200;OK;INALTERADO;2;7eab96451f58476d37b52653dabdd4fd423feb0870b97d44df5925feb42cdd93;243348;data/raw/cvm_dfp/dfp_cia_aberta_2026__20261004_7eab9645.zip
20261004_122451;2026-10-04T15:25:14.298746+00:00;cad_cia_aberta.csv;CVM_CAD;;https://dados.cvm.gov.br/dados/CIA_ABERTA/CAD/DADOS/cad_cia_aberta.csv;200;OK;INALTERADO;1;872223026e2f1053f51ed58cbdd9246e73fec09d3f22320d55a607b9f1fa4ec0;1493833;data/raw/cvm_cad/cad_cia_aberta__20261004_87222302.csv
20261004_122451;2026-10-04T15:25:16.765026+00:00;itr_cia_aberta_2026.zip;CVM_ITR;2026;https://dados.cvm.gov.br/dados/CIA_ABERTA/DOC/ITR/DADOS/itr_cia_aberta_2026.zip;200;OK;INALTERADO;2;0e1ef74291d2143e7bb55247b01c8bbd94995d995536f70f0d19de1d79d7e38c;19634453;data/raw/cvm_itr/itr_cia_aberta_2026__20261004_0e1ef742.zip
20261004_122451;2026-10-04T15:25:19.254893+00:00;dfp_cia_aberta_2025.zip;CVM_DFP;2025;https://dados.cvm.gov.br/dados/CIA_ABERTA/DOC/DFP/DADOS/dfp_cia_aberta_2025.zip;200;OK;INALTERADO;2;d7aec54e7c67998e4cd3ef94c463ab247f09a6baaa2254878d1e431f28130e2a;12784140;data/raw/cvm_dfp/dfp_cia_aberta_2025__20261004_d7aec54e.zip
20261004_122451;2026-10-04T15:25:20.061130+00:00;fca_cia_aberta_2025.zip;CVM_FCA;2025;https://dados.cvm.gov.br/dados/CIA_ABERTA/DOC/FCA/DADOS/fca_cia_aberta_2025.zip;200;OK;INALTERADO;2;b8728d571587ebee9dc603d3150ffcf1146a38962a621862116e96d40185a7ef;383620;data/raw/cvm_fca/fca_cia_aberta_2025__20261004_b8728d57.zip
20261004_122451;2026-10-04T15:25:20.244242+00:00;fre_cia_aberta_2025.zip;CVM_FRE;2025;https://dados.cvm.gov.br/dados/CIA_ABERTA/DOC/FRE/DADOS/fre_cia_aberta_2025.zip;200;OK;INALTERADO;2;23cacdb758cffcce79732d2092ce0823988e64749992b2b83907dc0880fc33de;8497399;data/raw/cvm_fre/fre_cia_aberta_2025__20261004_23cacdb7.zip
20261004_122451;2026-10-04T15:25:20.463223+00:00;itr_cia_aberta_2025.zip;CVM_ITR;2025;https://dados.cvm.gov.br/dados/CIA_ABERTA/DOC/ITR/DADOS/itr_cia_aberta_2025.zip;200;OK;INALTERADO;2;efe754841bed9eac2a3138c92a187060842c1746845e9471749be5c91819dc51;31660219;data/raw/cvm_itr/itr_cia_aberta_2025__20261004_efe75484.zip
20261004_122451;2026-10-04T15:25:20.898747+00:00;fca_cia_aberta_2026.zip;CVM_FCA;2026;https://dados.cvm.gov.br/dados/CIA_ABERTA/DOC/FCA/DADOS/fca_cia_aberta_2026.zip;200;OK;INALTERADO;2;21d4bb18fb6923cf2253c2a1d76496ef71366287fbde5ca725d76f303a2069b8;361734;data/raw/cvm_fca/fca_cia_aberta_2026__20261004_21d4bb18.zip
20261004_122451;2026-10-04T15:25:21.480781+00:00;fre_cia_aberta_2026.zip;CVM_FRE;2026;https://dados.cvm.gov.br/dados/CIA_ABERTA/DOC/FRE/DADOS/fre_cia_aberta_2026.zip;200;OK;INALTERADO;2;a04a1079f2807b3d53c25d0ff6978bba844f5f665ac6df62303c5d0aae46b624;8126598;data/raw/cvm_fre/fre_cia_aberta_2026__20261004_a04a1079.zip
20261004_122451;2026-10-04T15:25:41.592684+00:00;COTAHIST_A2025.zip;B3_COTAHIST;2025;https://bvmf.bmfbovespa.com.br/InstDados/SerHist/COTAHIST_A2025.ZIP;200;OK;INALTERADO;1;6cc0ad851c8f605ca30418acac48be81f1767f6ed05b4f563772d06ae448047d;89056788;data/raw/b3_cotahist/COTAHIST_A2025__20261004_6cc0ad85.zip
20261004_122451;2026-10-04T15:25:57.367796+00:00;COTAHIST_A2026.zip;B3_COTAHIST;2026;https://bvmf.bmfbovespa.com.br/InstDados/SerHist/COTAHIST_A2026.ZIP;200;OK;INALTERADO;1;67a343ae7ecb74bf70f7ccccb1ba29cf6aefd388a37e7a633681e7fb98a2b4f4;87777418;data/raw/b3_cotahist/COTAHIST_A2026__20261004_67a343ae.zip
20261004_124449;2026-10-04T15:45:09.806133+00:00;dfp_cia_aberta_2026.zip;CVM_DFP;2026;https://dados.cvm.gov.br/dados/CIA_ABERTA/DOC/DFP/DADOS/dfp_cia_aberta_2026.zip;200;OK;INALTERADO;2;7eab96451f58476d37b52653dabdd4fd423feb0870b97d44df5925feb42cdd93;243348;data/raw/cvm_dfp/dfp_cia_aberta_2026__20261004_7eab9645.zip
20261004_124449;2026-10-04T15:45:10.621631+00:00;cad_cia_aberta.csv;CVM_CAD;;https://dados.cvm.gov.br/dados/CIA_ABERTA/CAD/DADOS/cad_cia_aberta.csv;200;OK;INALTERADO;1;872223026e2f1053f51ed58cbdd9246e73fec09d3f22320d55a607b9f1fa4ec0;1493833;data/raw/cvm_cad/cad_cia_aberta__20261004_87222302.csv
20261004_124449;2026-10-04T15:45:12.341227+00:00;dfp_cia_aberta_2025.zip;CVM_DFP;2025;https://dados.cvm.gov.br/dados/CIA_ABERTA/DOC/DFP/DADOS/dfp_cia_aberta_2025.zip;200;OK;INALTERADO;2;d7aec54e7c67998e4cd3ef94c463ab247f09a6baaa2254878d1e431f28130e2a;12784140;data/raw/cvm_dfp/dfp_cia_aberta_2025__20261004_d7aec54e.zip
20261004_124449;2026-10-04T15:45:14.828930+00:00;fre_cia_aberta_2025.zip;CVM_FRE;2025;https://dados.cvm.gov.br/dados/CIA_ABERTA/DOC/FRE/DADOS/fre_cia_aberta_2025.zip;200;OK;INALTERADO;2;23cacdb758cffcce79732d2092ce0823988e64749992b2b83907dc0880fc33de;8497399;data/raw/cvm_fre/fre_cia_aberta_2025__20261004_23cacdb7.zip
20261004_124449;2026-10-04T15:45:15.213782+00:00;itr_cia_aberta_2025.zip;CVM_ITR;2025;https://dados.cvm.gov.br/dados/CIA_ABERTA/DOC/ITR/DADOS/itr_cia_aberta_2025.zip;200;OK;INALTERADO;2;efe754841bed9eac2a3138c92a187060842c1746845e9471749be5c91819dc51;31660219;data/raw/cvm_itr/itr_cia_aberta_2025__20261004_efe75484.zip
20261004_124449;2026-10-04T15:45:15.341760+00:00;fca_cia_aberta_2025.zip;CVM_FCA;2025;https://dados.cvm.gov.br/dados/CIA_ABERTA/DOC/FCA/DADOS/fca_cia_aberta_2025.zip;200;OK;INALTERADO;2;b8728d571587ebee9dc603d3150ffcf1146a38962a621862116e96d40185a7ef;383620;data/raw/cvm_fca/fca_cia_aberta_2025__20261004_b8728d57.zip
20261004_124449;2026-10-04T15:45:15.738281+00:00;fca_cia_aberta_2026.zip;CVM_FCA;2026;https://dados.cvm.gov.br/dados/CIA_ABERTA/DOC/FCA/DADOS/fca_cia_aberta_2026.zip;200;OK;INALTERADO;2;21d4bb18fb6923cf2253c2a1d76496ef71366287fbde5ca725d76f303a2069b8;361734;data/raw/cvm_fca/fca_cia_aberta_2026__20261004_21d4bb18.zip
20261004_124449;2026-10-04T15:45:17.813342+00:00;fre_cia_aberta_2026.zip;CVM_FRE;2026;https://dados.cvm.gov.br/dados/CIA_ABERTA/DOC/FRE/DADOS/fre_cia_aberta_2026.zip;200;OK;INALTERADO;2;a04a1079f2807b3d53c25d0ff6978bba844f5f665ac6df62303c5d0aae46b624;8126598;data/raw/cvm_fre/fre_cia_aberta_2026__20261004_a04a1079.zip
20261004_124449;2026-10-04T15:45:18.340701+00:00;itr_cia_aberta_2026.zip;CVM_ITR;2026;https://dados.cvm.gov.br/dados/CIA_ABERTA/DOC/ITR/DADOS/itr_cia_aberta_2026.zip;200;OK;INALTERADO;2;0e1ef74291d2143e7bb55247b01c8bbd94995d995536f70f0d19de1d79d7e38c;19634453;data/raw/cvm_itr/itr_cia_aberta_2026__20261004_0e1ef742.zip
20261004_124449;2026-10-04T15:45:46.806077+00:00;COTAHIST_A2025.zip;B3_COTAHIST;2025;https://bvmf.bmfbovespa.com.br/InstDados/SerHist/COTAHIST_A2025.ZIP;200;OK;INALTERADO;1;6cc0ad851c8f605ca30418acac48be81f1767f6ed05b4f563772d06ae448047d;89056788;data/raw/b3_cotahist/COTAHIST_A2025__20261004_6cc0ad85.zip
20261004_124449;2026-10-04T15:45:50.659712+00:00;COTAHIST_A2026.zip;B3_COTAHIST;2026;https://bvmf.bmfbovespa.com.br/InstDados/SerHist/COTAHIST_A2026.ZIP;200;OK;INALTERADO;1;67a343ae7ecb74bf70f7ccccb1ba29cf6aefd388a37e7a633681e7fb98a2b4f4;87777418;data/raw/b3_cotahist/COTAHIST_A2026__20261004_67a343ae.zip
20261004_124449;2026-10-04T17:25:03.369424+00:00;dfp_cia_aberta_2026.zip;CVM_DFP;2026;https://dados.cvm.gov.br/dados/CIA_ABERTA/DOC/DFP/DADOS/dfp_cia_aberta_2026.zip;200;OK;INALTERADO;2;7eab96451f58476d37b52653dabdd4fd423feb0870b97d44df5925feb42cdd93;243348;data/raw/cvm_dfp/dfp_cia_aberta_2026__20261004_7eab9645.zip
20261004_124449;2026-10-04T17:25:05.153000+00:00;cad_cia_aberta.csv;CVM_CAD;;https://dados.cvm.gov.br/dados/CIA_ABERTA/CAD/DADOS/cad_cia_aberta.csv;200;OK;INALTERADO;1;872223026e2f1053f51ed58cbdd9246e73fec09d3f22320d55a607b9f1fa4ec0;1493833;data/raw/cvm_cad/cad_cia_aberta__20261004_87222302.csv
20261004_124449;2026-10-04T17:25:07.720008+00:00;itr_cia_aberta_2025.zip;CVM_ITR;2025;https://dados.cvm.gov.br/dados/CIA_ABERTA/DOC/ITR/DADOS/itr_cia_aberta_2025.zip;200;OK;INALTERADO;2;efe754841bed9eac2a3138c92a187060842c1746845e9471749be5c91819dc51;31660219;data/raw/cvm_itr/itr_cia_aberta_2025__20261004_efe75484.zip
20261004_124449;2026-10-04T17:25:08.554942+00:00;fre_cia_aberta_2025.zip;CVM_FRE;2025;https://dados.cvm.gov.br/dados/CIA_ABERTA/DOC/FRE/DADOS/fre_cia_aberta_2025.zip;200;OK;INALTERADO;2;23cacdb758cffcce79732d2092ce0823988e64749992b2b83907dc0880fc33de;8497399;data/raw/cvm_fre/fre_cia_aberta_2025__20261004_23cacdb7.zip
20261004_124449;2026-10-04T17:25:08.669878+00:00;dfp_cia_aberta_2025.zip;CVM_DFP;2025;https://dados.cvm.gov.br/dados/CIA_ABERTA/DOC/DFP/DADOS/dfp_cia_aberta_2025.zip;200;OK;INALTERADO;2;d7aec54e7c67998e4cd3ef94c463ab247f09a6baaa2254878d1e431f28130e2a;12784140;data/raw/cvm_dfp/dfp_cia_aberta_2025__20261004_d7aec54e.zip
20261004_124449;2026-10-04T17:25:09.524256+00:00;fre_cia_aberta_2026.zip;CVM_FRE;2026;https://dados.cvm.gov.br/dados/CIA_ABERTA/DOC/FRE/DADOS/fre_cia_aberta_2026.zip;200;OK;INALTERADO;2;a04a1079f2807b3d53c25d0ff6978bba844f5f665ac6df62303c5d0aae46b624;8126598;data/raw/cvm_fre/fre_cia_aberta_2026__20261004_a04a1079.zip
20261004_124449;2026-10-04T17:25:09.554621+00:00;fca_cia_aberta_2025.zip;CVM_FCA;2025;https://dados.cvm.gov.br/dados/CIA_ABERTA/DOC/FCA/DADOS/fca_cia_aberta_2025.zip;200;OK;INALTERADO;2;b8728d571587ebee9dc603d3150ffcf1146a38962a621862116e96d40185a7ef;383620;data/raw/cvm_fca/fca_cia_aberta_2025__20261004_b8728d57.zip
20261004_124449;2026-10-04T17:25:09.760738+00:00;fca_cia_aberta_2026.zip;CVM_FCA;2026;https://dados.cvm.gov.br/dados/CIA_ABERTA/DOC/FCA/DADOS/fca_cia_aberta_2026.zip;200;OK;INALTERADO;2;21d4bb18fb6923cf2253c2a1d76496ef71366287fbde5ca725d76f303a2069b8;361734;data/raw/cvm_fca/fca_cia_aberta_2026__20261004_21d4bb18.zip
20261004_124449;2026-10-04T17:25:11.413857+00:00;itr_cia_aberta_2026.zip;CVM_ITR;2026;https://dados.cvm.gov.br/dados/CIA_ABERTA/DOC/ITR/DADOS/itr_cia_aberta_2026.zip;200;OK;INALTERADO;2;0e1ef74291d2143e7bb55247b01c8bbd94995d995536f70f0d19de1d79d7e38c;19634453;data/raw/cvm_itr/itr_cia_aberta_2026__20261004_0e1ef742.zip
20261004_124449;2026-10-04T17:25:35.115854+00:00;COTAHIST_A2026.zip;B3_COTAHIST;2026;https://bvmf.bmfbovespa.com.br/InstDados/SerHist/COTAHIST_A2026.ZIP;200;OK;INALTERADO;1;67a343ae7ecb74bf70f7ccccb1ba29cf6aefd388a37e7a633681e7fb98a2b4f4;87777418;data/raw/b3_cotahist/COTAHIST_A2026__20261004_67a343ae.zip
20261004_124449;2026-10-04T17:25:46.682948+00:00;COTAHIST_A2025.zip;B3_COTAHIST;2025;https://bvmf.bmfbovespa.com.br/InstDados/SerHist/COTAHIST_A2025.ZIP;200;OK;INALTERADO;1;6cc0ad851c8f605ca30418acac48be81f1767f6ed05b4f563772d06ae448047d;89056788;data/raw/b3_cotahist/COTAHIST_A2025__20261004_6cc0ad85.zip
20261004_182444;2026-10-04T21:25:09.361267+00:00;cad_cia_aberta.csv;CVM_CAD;;https://dados.cvm.gov.br/dados/CIA_ABERTA/CAD/DADOS/cad_cia_aberta.csv;200;OK;INALTERADO;1;872223026e2f1053f51ed58cbdd9246e73fec09d3f22320d55a607b9f1fa4ec0;1493833;data/raw/cvm_cad/cad_cia_aberta__20261004_87222302.csv
20261004_182444;2026-10-04T21:25:09.390813+00:00;dfp_cia_aberta_2026.zip;CVM_DFP;2026;https://dados.cvm.gov.br/dados/CIA_ABERTA/DOC/DFP/DADOS/dfp_cia_aberta_2026.zip;200;OK;INALTERADO;2;7eab96451f58476d37b52653dabdd4fd423feb0870b97d44df5925feb42cdd93;243348;data/raw/cvm_dfp/dfp_cia_aberta_2026__20261004_7eab9645.zip
20261004_182444;2026-10-04T21:25:11.523646+00:00;fre_cia_aberta_2025.zip;CVM_FRE;2025;https://dados.cvm.gov.br/dados/CIA_ABERTA/DOC/FRE/DADOS/fre_cia_aberta_2025.zip;200;OK;INALTERADO;2;23cacdb758cffcce79732d2092ce0823988e64749992b2b83907dc0880fc33de;8497399;data/raw/cvm_fre/fre_cia_aberta_2025__20261004_23cacdb7.zip
20261004_182444;2026-10-04T21:25:13.499561+00:00;dfp_cia_aberta_2025.zip;CVM_DFP;2025;https://dados.cvm.gov.br/dados/CIA_ABERTA/DOC/DFP/DADOS/dfp_cia_aberta_2025.zip;200;OK;INALTERADO;2;d7aec54e7c67998e4cd3ef94c463ab247f09a6baaa2254878d1e431f28130e2a;12784140;data/raw/cvm_dfp/dfp_cia_aberta_2025__20261004_d7aec54e.zip
20261004_182444;2026-10-04T21:25:15.010056+00:00;fca_cia_aberta_2025.zip;CVM_FCA;2025;https://dados.cvm.gov.br/dados/CIA_ABERTA/DOC/FCA/DADOS/fca_cia_aberta_2025.zip;200;OK;INALTERADO;2;b8728d571587ebee9dc603d3150ffcf1146a38962a621862116e96d40185a7ef;383620;data/raw/cvm_fca/fca_cia_aberta_2025__20261004_b8728d57.zip
20261004_182444;2026-10-04T21:25:15.789406+00:00;fca_cia_aberta_2026.zip;CVM_FCA;2026;https://dados.cvm.gov.br/dados/CIA_ABERTA/DOC/FCA/DADOS/fca_cia_aberta_2026.zip;200;OK;INALTERADO;2;21d4bb18fb6923cf2253c2a1d76496ef71366287fbde5ca725d76f303a2069b8;361734;data/raw/cvm_fca/fca_cia_aberta_2026__20261004_21d4bb18.zip
20261004_182444;2026-10-04T21:25:15.870825+00:00;itr_cia_aberta_2025.zip;CVM_ITR;2025;https://dados.cvm.gov.br/dados/CIA_ABERTA/DOC/ITR/DADOS/itr_cia_aberta_2025.zip;200;OK;INALTERADO;2;efe754841bed9eac2a3138c92a187060842c1746845e9471749be5c91819dc51;31660219;data/raw/cvm_itr/itr_cia_aberta_2025__20261004_efe75484.zip
20261004_182444;2026-10-04T21:25:16.640131+00:00;itr_cia_aberta_2026.zip;CVM_ITR;2026;https://dados.cvm.gov.br/dados/CIA_ABERTA/DOC/ITR/DADOS/itr_cia_aberta_2026.zip;200;OK;INALTERADO;2;0e1ef74291d2143e7bb55247b01c8bbd94995d995536f70f0d19de1d79d7e38c;19634453;data/raw/cvm_itr/itr_cia_aberta_2026__20261004_0e1ef742.zip
20261004_182444;2026-10-04T21:25:16.937264+00:00;fre_cia_aberta_2026.zip;CVM_FRE;2026;https://dados.cvm.gov.br/dados/CIA_ABERTA/DOC/FRE/DADOS/fre_cia_aberta_2026.zip;200;OK;INALTERADO;2;a04a1079f2807b3d53c25d0ff6978bba844f5f665ac6df62303c5d0aae46b624;8126598;data/raw/cvm_fre/fre_cia_aberta_2026__20261004_a04a1079.zip
20261004_182444;2026-10-04T21:25:47.227550+00:00;COTAHIST_A2025.zip;B3_COTAHIST;2025;https://bvmf.bmfbovespa.com.br/InstDados/SerHist/COTAHIST_A2025.ZIP;200;OK;INALTERADO;1;6cc0ad851c8f605ca30418acac48be81f1767f6ed05b4f563772d06ae448047d;89056788;data/raw/b3_cotahist/COTAHIST_A2025__20261004_6cc0ad85.zip
20261004_182444;2026-10-04T21:25:58.235079+00:00;COTAHIST_A2026.zip;B3_COTAHIST;2026;https://bvmf.bmfbovespa.com.br/InstDados/SerHist/COTAHIST_A2026.ZIP;200;OK;INALTERADO;1;67a343ae7ecb74bf70f7ccccb1ba29cf6aefd388a37e7a633681e7fb98a2b4f4;87777418;data/raw/b3_cotahist/COTAHIST_A2026__20261004_67a343ae.zip
20261004_192002;2026-10-04T22:20:28.610536+00:00;dfp_cia_aberta_2026.zip;CVM_DFP;2026;https://dados.cvm.gov.br/dados/CIA_ABERTA/DOC/DFP/DADOS/dfp_cia_aberta_2026.zip;200;OK;INALTERADO;2;7eab96451f58476d37b52653dabdd4fd423feb0870b97d44df5925feb42cdd93;243348;data/raw/cvm_dfp/dfp_cia_aberta_2026__20261004_7eab9645.zip
20261004_192002;2026-10-04T22:20:28.846612+00:00;cad_cia_aberta.csv;CVM_CAD;;https://dados.cvm.gov.br/dados/CIA_ABERTA/CAD/DADOS/cad_cia_aberta.csv;200;OK;INALTERADO;1;872223026e2f1053f51ed58cbdd9246e73fec09d3f22320d55a607b9f1fa4ec0;1493833;data/raw/cvm_cad/cad_cia_aberta__20261004_87222302.csv
20261004_192002;2026-10-04T22:20:32.902582+00:00;dfp_cia_aberta_2025.zip;CVM_DFP;2025;https://dados.cvm.gov.br/dados/CIA_ABERTA/DOC/DFP/DADOS/dfp_cia_aberta_2025.zip;200;OK;INALTERADO;2;d7aec54e7c67998e4cd3ef94c463ab247f09a6baaa2254878d1e431f28130e2a;12784140;data/raw/cvm_dfp/dfp_cia_aberta_2025__20261004_d7aec54e.zip
20261004_192002;2026-10-04T22:20:32.983183+00:00;itr_cia_aberta_2025.zip;CVM_ITR;2025;https://dados.cvm.gov.br/dados/CIA_ABERTA/DOC/ITR/DADOS/itr_cia_aberta_2025.zip;200;OK;INALTERADO;2;efe754841bed9eac2a3138c92a187060842c1746845e9471749be5c91819dc51;31660219;data/raw/cvm_itr/itr_cia_aberta_2025__20261004_efe75484.zip
20261004_192002;2026-10-04T22:20:33.696854+00:00;fca_cia_aberta_2025.zip;CVM_FCA;2025;https://dados.cvm.gov.br/dados/CIA_ABERTA/DOC/FCA/DADOS/fca_cia_aberta_2025.zip;200;OK;INALTERADO;2;b8728d571587ebee9dc603d3150ffcf1146a38962a621862116e96d40185a7ef;383620;data/raw/cvm_fca/fca_cia_aberta_2025__20261004_b8728d57.zip
20261004_192002;2026-10-04T22:20:34.348384+00:00;fre_cia_aberta_2026.zip;CVM_FRE;2026;https://dados.cvm.gov.br/dados/CIA_ABERTA/DOC/FRE/DADOS/fre_cia_aberta_2026.zip;200;OK;INALTERADO;2;a04a1079f2807b3d53c25d0ff6978bba844f5f665ac6df62303c5d0aae46b624;8126598;data/raw/cvm_fre/fre_cia_aberta_2026__20261004_a04a1079.zip
20261004_192002;2026-10-04T22:20:34.433705+00:00;fca_cia_aberta_2026.zip;CVM_FCA;2026;https://dados.cvm.gov.br/dados/CIA_ABERTA/DOC/FCA/DADOS/fca_cia_aberta_2026.zip;200;OK;INALTERADO;2;21d4bb18fb6923cf2253c2a1d76496ef71366287fbde5ca725d76f303a2069b8;361734;data/raw/cvm_fca/fca_cia_aberta_2026__20261004_21d4bb18.zip
20261004_192002;2026-10-04T22:20:38.382513+00:00;fre_cia_aberta_2025.zip;CVM_FRE;2025;https://dados.cvm.gov.br/dados/CIA_ABERTA/DOC/FRE/DADOS/fre_cia_aberta_2025.zip;200;OK;INALTERADO;2;23cacdb758cffcce79732d2092ce0823988e64749992b2b83907dc0880fc33de;8497399;data/raw/cvm_fre/fre_cia_aberta_2025__20261004_23cacdb7.zip
20261004_192002;2026-10-04T22:20:38.461954+00:00;itr_cia_aberta_2026.zip;CVM_ITR;2026;https://dados.cvm.gov.br/dados/CIA_ABERTA/DOC/ITR/DADOS/itr_cia_aberta_2026.zip;200;OK;INALTERADO;2;0e1ef74291d2143e7bb55247b01c8bbd94995d995536f70f0d19de1d79d7e38c;19634453;data/raw/cvm_itr/itr_cia_aberta_2026__20261004_0e1ef742.zip
20261004_192002;2026-10-04T22:20:55.487765+00:00;COTAHIST_A2025.zip;B3_COTAHIST;2025;https://bvmf.bmfbovespa.com.br/InstDados/SerHist/COTAHIST_A2025.ZIP;200;OK;INALTERADO;1;6cc0ad851c8f605ca30418acac48be81f1767f6ed05b4f563772d06ae448047d;89056788;data/raw/b3_cotahist/COTAHIST_A2025__20261004_6cc0ad85.zip
20261004_192002;2026-10-04T22:21:19.331492+00:00;COTAHIST_A2026.zip;B3_COTAHIST;2026;https://bvmf.bmfbovespa.com.br/InstDados/SerHist/COTAHIST_A2026.ZIP;200;OK;INALTERADO;1;67a343ae7ecb74bf70f7ccccb1ba29cf6aefd388a37e7a633681e7fb98a2b4f4;87777418;data/raw/b3_cotahist/COTAHIST_A2026__20261004_67a343ae.zip
20261005_091423;2026-10-05T12:14:51.546326+00:00;dfp_cia_aberta_2026.zip;CVM_DFP;2026;https://dados.cvm.gov.br/dados/CIA_ABERTA/DOC/DFP/DADOS/dfp_cia_aberta_2026.zip;200;OK;INALTERADO;2;7eab96451f58476d37b52653dabdd4fd423feb0870b97d44df5925feb42cdd93;243348;data/raw/cvm_dfp/dfp_cia_aberta_2026__20261004_7eab9645.zip
20261005_091423;2026-10-05T12:14:53.220392+00:00;dfp_cia_aberta_2025.zip;CVM_DFP;2025;https://dados.cvm.gov.br/dados/CIA_ABERTA/DOC/DFP/DADOS/dfp_cia_aberta_2025.zip;200;OK;INALTERADO;2;d7aec54e7c67998e4cd3ef94c463ab247f09a6baaa2254878d1e431f28130e2a;12784140;data/raw/cvm_dfp/dfp_cia_aberta_2025__20261004_d7aec54e.zip
20261005_091423;2026-10-05T12:14:53.433656+00:00;cad_cia_aberta.csv;CVM_CAD;;https://dados.cvm.gov.br/dados/CIA_ABERTA/CAD/DADOS/cad_cia_aberta.csv;200;OK;INALTERADO;1;872223026e2f1053f51ed58cbdd9246e73fec09d3f22320d55a607b9f1fa4ec0;1493833;data/raw/cvm_cad/cad_cia_aberta__20261004_87222302.csv
20261005_091423;2026-10-05T12:14:55.036147+00:00;fre_cia_aberta_2026.zip;CVM_FRE;2026;https://dados.cvm.gov.br/dados/CIA_ABERTA/DOC/FRE/DADOS/fre_cia_aberta_2026.zip;200;OK;INALTERADO;2;a04a1079f2807b3d53c25d0ff6978bba844f5f665ac6df62303c5d0aae46b624;8126598;data/raw/cvm_fre/fre_cia_aberta_2026__20261004_a04a1079.zip
20261005_091423;2026-10-05T12:14:55.935367+00:00;fca_cia_aberta_2025.zip;CVM_FCA;2025;https://dados.cvm.gov.br/dados/CIA_ABERTA/DOC/FCA/DADOS/fca_cia_aberta_2025.zip;200;OK;INALTERADO;2;b8728d571587ebee9dc603d3150ffcf1146a38962a621862116e96d40185a7ef;383620;data/raw/cvm_fca/fca_cia_aberta_2025__20261004_b8728d57.zip
20261005_091423;2026-10-05T12:14:56.830838+00:00;fca_cia_aberta_2026.zip;CVM_FCA;2026;https://dados.cvm.gov.br/dados/CIA_ABERTA/DOC/FCA/DADOS/fca_cia_aberta_2026.zip;200;OK;INALTERADO;2;21d4bb18fb6923cf2253c2a1d76496ef71366287fbde5ca725d76f303a2069b8;361734;data/raw/cvm_fca/fca_cia_aberta_2026__20261004_21d4bb18.zip
20261005_091423;2026-10-05T12:14:57.291540+00:00;fre_cia_aberta_2025.zip;CVM_FRE;2025;https://dados.cvm.gov.br/dados/CIA_ABERTA/DOC/FRE/DADOS/fre_cia_aberta_2025.zip;200;OK;INALTERADO;2;23cacdb758cffcce79732d2092ce0823988e64749992b2b83907dc0880fc33de;8497399;data/raw/cvm_fre/fre_cia_aberta_2025__20261004_23cacdb7.zip
20261005_091423;2026-10-05T12:15:00.990035+00:00;itr_cia_aberta_2025.zip;CVM_ITR;2025;https://dados.cvm.gov.br/dados/CIA_ABERTA/DOC/ITR/DADOS/itr_cia_aberta_2025.zip;200;OK;INALTERADO;2;efe754841bed9eac2a3138c92a187060842c1746845e9471749be5c91819dc51;31660219;data/raw/cvm_itr/itr_cia_aberta_2025__20261004_efe75484.zip
20261005_091423;2026-10-05T12:15:05.539763+00:00;itr_cia_aberta_2026.zip;CVM_ITR;2026;https://dados.cvm.gov.br/dados/CIA_ABERTA/DOC/ITR/DADOS/itr_cia_aberta_2026.zip;200;OK;INALTERADO;2;0e1ef74291d2143e7bb55247b01c8bbd94995d995536f70f0d19de1d79d7e38c;19634453;data/raw/cvm_itr/itr_cia_aberta_2026__20261004_0e1ef742.zip
20261005_091423;2026-10-05T12:15:29.342347+00:00;COTAHIST_A2025.zip;B3_COTAHIST;2025;https://bvmf.bmfbovespa.com.br/InstDados/SerHist/COTAHIST_A2025.ZIP;200;OK;INALTERADO;1;6cc0ad851c8f605ca30418acac48be81f1767f6ed05b4f563772d06ae448047d;89056788;data/raw/b3_cotahist/COTAHIST_A2025__20261004_6cc0ad85.zip
20261005_091423;2026-10-05T12:15:31.944206+00:00;COTAHIST_A2026.zip;B3_COTAHIST;2026;https://bvmf.bmfbovespa.com.br/InstDados/SerHist/COTAHIST_A2026.ZIP;200;OK;INALTERADO;1;67a343ae7ecb74bf70f7ccccb1ba29cf6aefd388a37e7a633681e7fb98a2b4f4;87777418;data/raw/b3_cotahist/COTAHIST_A2026__20261004_67a343ae.zip
20261005_101548;2026-10-05T13:16:17.048449+00:00;dfp_cia_aberta_2026.zip;CVM_DFP;2026;https://dados.cvm.gov.br/dados/CIA_ABERTA/DOC/DFP/DADOS/dfp_cia_aberta_2026.zip;200;OK;INALTERADO;2;7eab96451f58476d37b52653dabdd4fd423feb0870b97d44df5925feb42cdd93;243348;data/raw/cvm_dfp/dfp_cia_aberta_2026__20261004_7eab9645.zip
20261005_101548;2026-10-05T13:16:19.984034+00:00;cad_cia_aberta.csv;CVM_CAD;;https://dados.cvm.gov.br/dados/CIA_ABERTA/CAD/DADOS/cad_cia_aberta.csv;200;OK;INALTERADO;1;872223026e2f1053f51ed58cbdd9246e73fec09d3f22320d55a607b9f1fa4ec0;1493833;data/raw/cvm_cad/cad_cia_aberta__20261004_87222302.csv
20261005_101548;2026-10-05T13:16:21.141935+00:00;itr_cia_aberta_2025.zip;CVM_ITR;2025;https://dados.cvm.gov.br/dados/CIA_ABERTA/DOC/ITR/DADOS/itr_cia_aberta_2025.zip;200;OK;INALTERADO;2;efe754841bed9eac2a3138c92a187060842c1746845e9471749be5c91819dc51;31660219;data/raw/cvm_itr/itr_cia_aberta_2025__20261004_efe75484.zip
20261005_101548;2026-10-05T13:16:21.704509+00:00;dfp_cia_aberta_2025.zip;CVM_DFP;2025;https://dados.cvm.gov.br/dados/CIA_ABERTA/DOC/DFP/DADOS/dfp_cia_aberta_2025.zip;200;OK;INALTERADO;2;d7aec54e7c67998e4cd3ef94c463ab247f09a6baaa2254878d1e431f28130e2a;12784140;data/raw/cvm_dfp/dfp_cia_aberta_2025__20261004_d7aec54e.zip
20261005_101548;2026-10-05T13:16:22.784665+00:00;fca_cia_aberta_2025.zip;CVM_FCA;2025;https://dados.cvm.gov.br/dados/CIA_ABERTA/DOC/FCA/DADOS/fca_cia_aberta_2025.zip;200;OK;INALTERADO;2;b8728d571587ebee9dc603d3150ffcf1146a38962a621862116e96d40185a7ef;383620;data/raw/cvm_fca/fca_cia_aberta_2025__20261004_b8728d57.zip
20261005_101548;2026-10-05T13:16:23.317262+00:00;fre_cia_aberta_2025.zip;CVM_FRE;2025;https://dados.cvm.gov.br/dados/CIA_ABERTA/DOC/FRE/DADOS/fre_cia_aberta_2025.zip;200;OK;INALTERADO;2;23cacdb758cffcce79732d2092ce0823988e64749992b2b83907dc0880fc33de;8497399;data/raw/cvm_fre/fre_cia_aberta_2025__20261004_23cacdb7.zip
20261005_101548;2026-10-05T13:16:23.318906+00:00;fre_cia_aberta_2026.zip;CVM_FRE;2026;https://dados.cvm.gov.br/dados/CIA_ABERTA/DOC/FRE/DADOS/fre_cia_aberta_2026.zip;200;OK;INALTERADO;2;a04a1079f2807b3d53c25d0ff6978bba844f5f665ac6df62303c5d0aae46b624;8126598;data/raw/cvm_fre/fre_cia_aberta_2026__20261004_a04a1079.zip
20261005_101548;2026-10-05T13:16:23.468416+00:00;fca_cia_aberta_2026.zip;CVM_FCA;2026;https://dados.cvm.gov.br/dados/CIA_ABERTA/DOC/FCA/DADOS/fca_cia_aberta_2026.zip;200;OK;INALTERADO;2;21d4bb18fb6923cf2253c2a1d76496ef71366287fbde5ca725d76f303a2069b8;361734;data/raw/cvm_fca/fca_cia_aberta_2026__20261004_21d4bb18.zip
20261005_101548;2026-10-05T13:16:25.139995+00:00;itr_cia_aberta_2026.zip;CVM_ITR;2026;https://dados.cvm.gov.br/dados/CIA_ABERTA/DOC/ITR/DADOS/itr_cia_aberta_2026.zip;200;OK;INALTERADO;2;0e1ef74291d2143e7bb55247b01c8bbd94995d995536f70f0d19de1d79d7e38c;19634453;data/raw/cvm_itr/itr_cia_aberta_2026__20261004_0e1ef742.zip
20261005_101548;2026-10-05T13:16:53.922223+00:00;COTAHIST_A2026.zip;B3_COTAHIST;2026;https://bvmf.bmfbovespa.com.br/InstDados/SerHist/COTAHIST_A2026.ZIP;200;OK;INALTERADO;1;67a343ae7ecb74bf70f7ccccb1ba29cf6aefd388a37e7a633681e7fb98a2b4f4;87777418;data/raw/b3_cotahist/COTAHIST_A2026__20261004_67a343ae.zip
20261005_101548;2026-10-05T13:16:58.173513+00:00;COTAHIST_A2025.zip;B3_COTAHIST;2025;https://bvmf.bmfbovespa.com.br/InstDados/SerHist/COTAHIST_A2025.ZIP;200;OK;INALTERADO;1;6cc0ad851c8f605ca30418acac48be81f1767f6ed05b4f563772d06ae448047d;89056788;data/raw/b3_cotahist/COTAHIST_A2025__20261004_6cc0ad85.zip
20261005_125142;2026-10-05T15:52:09.565890+00:00;dfp_cia_aberta_2026.zip;CVM_DFP;2026;https://dados.cvm.gov.br/dados/CIA_ABERTA/DOC/DFP/DADOS/dfp_cia_aberta_2026.zip;200;OK;INALTERADO;2;7eab96451f58476d37b52653dabdd4fd423feb0870b97d44df5925feb42cdd93;243348;data/raw/cvm_dfp/dfp_cia_aberta_2026__20261004_7eab9645.zip
20261005_125142;2026-10-05T15:52:10.099290+00:00;cad_cia_aberta.csv;CVM_CAD;;https://dados.cvm.gov.br/dados/CIA_ABERTA/CAD/DADOS/cad_cia_aberta.csv;200;OK;INALTERADO;1;872223026e2f1053f51ed58cbdd9246e73fec09d3f22320d55a607b9f1fa4ec0;1493833;data/raw/cvm_cad/cad_cia_aberta__20261004_87222302.csv
20261005_125142;2026-10-05T15:52:15.221600+00:00;fre_cia_aberta_2025.zip;CVM_FRE;2025;https://dados.cvm.gov.br/dados/CIA_ABERTA/DOC/FRE/DADOS/fre_cia_aberta_2025.zip;200;OK;INALTERADO;2;23cacdb758cffcce79732d2092ce0823988e64749992b2b83907dc0880fc33de;8497399;data/raw/cvm_fre/fre_cia_aberta_2025__20261004_23cacdb7.zip
20261005_125142;2026-10-05T15:52:15.325586+00:00;itr_cia_aberta_2025.zip;CVM_ITR;2025;https://dados.cvm.gov.br/dados/CIA_ABERTA/DOC/ITR/DADOS/itr_cia_aberta_2025.zip;200;OK;INALTERADO;2;efe754841bed9eac2a3138c92a187060842c1746845e9471749be5c91819dc51;31660219;data/raw/cvm_itr/itr_cia_aberta_2025__20261004_efe75484.zip
20261005_125142;2026-10-05T15:52:15.402380+00:00;dfp_cia_aberta_2025.zip;CVM_DFP;2025;https://dados.cvm.gov.br/dados/CIA_ABERTA/DOC/DFP/DADOS/dfp_cia_aberta_2025.zip;200;OK;INALTERADO;2;d7aec54e7c67998e4cd3ef94c463ab247f09a6baaa2254878d1e431f28130e2a;12784140;data/raw/cvm_dfp/dfp_cia_aberta_2025__20261004_d7aec54e.zip
20261005_125142;2026-10-05T15:52:15.926042+00:00;fca_cia_aberta_2025.zip;CVM_FCA;2025;https://dados.cvm.gov.br/dados/CIA_ABERTA/DOC/FCA/DADOS/fca_cia_aberta_2025.zip;200;OK;INALTERADO;2;b8728d571587ebee9dc603d3150ffcf1146a38962a621862116e96d40185a7ef;383620;data/raw/cvm_fca/fca_cia_aberta_2025__20261004_b8728d57.zip
20261005_125142;2026-10-05T15:52:15.981366+00:00;fca_cia_aberta_2026.zip;CVM_FCA;2026;https://dados.cvm.gov.br/dados/CIA_ABERTA/DOC/FCA/DADOS/fca_cia_aberta_2026.zip;200;OK;INALTERADO;2;21d4bb18fb6923cf2253c2a1d76496ef71366287fbde5ca725d76f303a2069b8;361734;data/raw/cvm_fca/fca_cia_aberta_2026__20261004_21d4bb18.zip
20261005_125142;2026-10-05T15:52:16.949450+00:00;itr_cia_aberta_2026.zip;CVM_ITR;2026;https://dados.cvm.gov.br/dados/CIA_ABERTA/DOC/ITR/DADOS/itr_cia_aberta_2026.zip;200;OK;INALTERADO;2;0e1ef74291d2143e7bb55247b01c8bbd94995d995536f70f0d19de1d79d7e38c;19634453;data/raw/cvm_itr/itr_cia_aberta_2026__20261004_0e1ef742.zip
20261005_125142;2026-10-05T15:52:18.965854+00:00;fre_cia_aberta_2026.zip;CVM_FRE;2026;https://dados.cvm.gov.br/dados/CIA_ABERTA/DOC/FRE/DADOS/fre_cia_aberta_2026.zip;200;OK;INALTERADO;2;a04a1079f2807b3d53c25d0ff6978bba844f5f665ac6df62303c5d0aae46b624;8126598;data/raw/cvm_fre/fre_cia_aberta_2026__20261004_a04a1079.zip
20261005_125142;2026-10-05T15:52:40.537263+00:00;COTAHIST_A2026.zip;B3_COTAHIST;2026;https://bvmf.bmfbovespa.com.br/InstDados/SerHist/COTAHIST_A2026.ZIP;200;OK;INALTERADO;1;67a343ae7ecb74bf70f7ccccb1ba29cf6aefd388a37e7a633681e7fb98a2b4f4;87777418;data/raw/b3_cotahist/COTAHIST_A2026__20261004_67a343ae.zip
20261005_125142;2026-10-05T15:53:01.935332+00:00;COTAHIST_A2025.zip;B3_COTAHIST;2025;https://bvmf.bmfbovespa.com.br/InstDados/SerHist/COTAHIST_A2025.ZIP;200;OK;INALTERADO;1;6cc0ad851c8f605ca30418acac48be81f1767f6ed05b4f563772d06ae448047d;89056788;data/raw/b3_cotahist/COTAHIST_A2025__20261004_6cc0ad85.zip
20261005_154346;2026-10-05T18:44:14.251107+00:00;dfp_cia_aberta_2026.zip;CVM_DFP;2026;https://dados.cvm.gov.br/dados/CIA_ABERTA/DOC/DFP/DADOS/dfp_cia_aberta_2026.zip;200;OK;INALTERADO;2;7eab96451f58476d37b52653dabdd4fd423feb0870b97d44df5925feb42cdd93;243348;data/raw/cvm_dfp/dfp_cia_aberta_2026__20261004_7eab9645.zip
20261005_154346;2026-10-05T18:44:15.278601+00:00;cad_cia_aberta.csv;CVM_CAD;;https://dados.cvm.gov.br/dados/CIA_ABERTA/CAD/DADOS/cad_cia_aberta.csv;200;OK;INALTERADO;1;872223026e2f1053f51ed58cbdd9246e73fec09d3f22320d55a607b9f1fa4ec0;1493833;data/raw/cvm_cad/cad_cia_aberta__20261004_87222302.csv
20261005_154346;2026-10-05T18:44:18.400566+00:00;itr_cia_aberta_2025.zip;CVM_ITR;2025;https://dados.cvm.gov.br/dados/CIA_ABERTA/DOC/ITR/DADOS/itr_cia_aberta_2025.zip;200;OK;INALTERADO;2;efe754841bed9eac2a3138c92a187060842c1746845e9471749be5c91819dc51;31660219;data/raw/cvm_itr/itr_cia_aberta_2025__20261004_efe75484.zip
20261005_154346;2026-10-05T18:44:20.671071+00:00;fre_cia_aberta_2025.zip;CVM_FRE;2025;https://dados.cvm.gov.br/dados/CIA_ABERTA/DOC/FRE/DADOS/fre_cia_aberta_2025.zip;200;OK;INALTERADO;2;23cacdb758cffcce79732d2092ce0823988e64749992b2b83907dc0880fc33de;8497399;data/raw/cvm_fre/fre_cia_aberta_2025__20261004_23cacdb7.zip
20261005_154346;2026-10-05T18:44:21.223864+00:00;fca_cia_aberta_2025.zip;CVM_FCA;2025;https://dados.cvm.gov.br/dados/CIA_ABERTA/DOC/FCA/DADOS/fca_cia_aberta_2025.zip;200;OK;INALTERADO;2;b8728d571587ebee9dc603d3150ffcf1146a38962a621862116e96d40185a7ef;383620;data/raw/cvm_fca/fca_cia_aberta_2025__20261004_b8728d57.zip
20261005_154346;2026-10-05T18:44:22.268695+00:00;fca_cia_aberta_2026.zip;CVM_FCA;2026;https://dados.cvm.gov.br/dados/CIA_ABERTA/DOC/FCA/DADOS/fca_cia_aberta_2026.zip;200;OK;INALTERADO;2;21d4bb18fb6923cf2253c2a1d76496ef71366287fbde5ca725d76f303a2069b8;361734;data/raw/cvm_fca/fca_cia_aberta_2026__20261004_21d4bb18.zip
20261005_154346;2026-10-05T18:44:22.303365+00:00;fre_cia_aberta_2026.zip;CVM_FRE;2026;https://dados.cvm.gov.br/dados/CIA_ABERTA/DOC/FRE/DADOS/fre_cia_aberta_2026.zip;200;OK;INALTERADO;2;a04a1079f2807b3d53c25d0ff6978bba844f5f665ac6df62303c5d0aae46b624;8126598;data/raw/cvm_fre/fre_cia_aberta_2026__20261004_a04a1079.zip
20261005_154346;2026-10-05T18:44:24.677225+00:00;dfp_cia_aberta_2025.zip;CVM_DFP;2025;https://dados.cvm.gov.br/dados/CIA_ABERTA/DOC/DFP/DADOS/dfp_cia_aberta_2025.zip;200;OK;INALTERADO;2;d7aec54e7c67998e4cd3ef94c463ab247f09a6baaa2254878d1e431f28130e2a;12784140;data/raw/cvm_dfp/dfp_cia_aberta_2025__20261004_d7aec54e.zip
20261005_154346;2026-10-05T18:44:25.326618+00:00;itr_cia_aberta_2026.zip;CVM_ITR;2026;https://dados.cvm.gov.br/dados/CIA_ABERTA/DOC/ITR/DADOS/itr_cia_aberta_2026.zip;200;OK;INALTERADO;2;0e1ef74291d2143e7bb55247b01c8bbd94995d995536f70f0d19de1d79d7e38c;19634453;data/raw/cvm_itr/itr_cia_aberta_2026__20261004_0e1ef742.zip
20261005_154346;2026-10-05T18:44:48.404111+00:00;COTAHIST_A2025.zip;B3_COTAHIST;2025;https://bvmf.bmfbovespa.com.br/InstDados/SerHist/COTAHIST_A2025.ZIP;200;OK;INALTERADO;1;6cc0ad851c8f605ca30418acac48be81f1767f6ed05b4f563772d06ae448047d;89056788;data/raw/b3_cotahist/COTAHIST_A2025__20261004_6cc0ad85.zip
20261005_154346;2026-10-05T18:45:11.884209+00:00;COTAHIST_A2026.zip;B3_COTAHIST;2026;https://bvmf.bmfbovespa.com.br/InstDados/SerHist/COTAHIST_A2026.ZIP;200;OK;INALTERADO;1;67a343ae7ecb74bf70f7ccccb1ba29cf6aefd388a37e7a633681e7fb98a2b4f4;87777418;data/raw/b3_cotahist/COTAHIST_A2026__20261004_67a343ae.zip
20261005_213028;2026-10-06T00:30:58.315026+00:00;dfp_cia_aberta_2026.zip;CVM_DFP;2026;https://dados.cvm.gov.br/dados/CIA_ABERTA/DOC/DFP/DADOS/dfp_cia_aberta_2026.zip;200;OK;INALTERADO;2;7eab96451f58476d37b52653dabdd4fd423feb0870b97d44df5925feb42cdd93;243348;data/raw/cvm_dfp/dfp_cia_aberta_2026__20261004_7eab9645.zip
20261005_213028;2026-10-06T00:30:59.787133+00:00;cad_cia_aberta.csv;CVM_CAD;;https://dados.cvm.gov.br/dados/CIA_ABERTA/CAD/DADOS/cad_cia_aberta.csv;200;OK;INALTERADO;1;872223026e2f1053f51ed58cbdd9246e73fec09d3f22320d55a607b9f1fa4ec0;1493833;data/raw/cvm_cad/cad_cia_aberta__20261004_87222302.csv
20261005_213028;2026-10-06T00:31:01.531942+00:00;itr_cia_aberta_2025.zip;CVM_ITR;2025;https://dados.cvm.gov.br/dados/CIA_ABERTA/DOC/ITR/DADOS/itr_cia_aberta_2025.zip;200;OK;INALTERADO;2;efe754841bed9eac2a3138c92a187060842c1746845e9471749be5c91819dc51;31660219;data/raw/cvm_itr/itr_cia_aberta_2025__20261004_efe75484.zip
20261005_213028;2026-10-06T00:31:01.799347+00:00;fre_cia_aberta_2025.zip;CVM_FRE;2025;https://dados.cvm.gov.br/dados/CIA_ABERTA/DOC/FRE/DADOS/fre_cia_aberta_2025.zip;200;OK;INALTERADO;2;23cacdb758cffcce79732d2092ce0823988e64749992b2b83907dc0880fc33de;8497399;data/raw/cvm_fre/fre_cia_aberta_2025__20261004_23cacdb7.zip
20261005_213028;2026-10-06T00:31:03.078632+00:00;fca_cia_aberta_2025.zip;CVM_FCA;2025;https://dados.cvm.gov.br/dados/CIA_ABERTA/DOC/FCA/DADOS/fca_cia_aberta_2025.zip;200;OK;INALTERADO;2;b8728d571587ebee9dc603d3150ffcf1146a38962a621862116e96d40185a7ef;383620;data/raw/cvm_fca/fca_cia_aberta_2025__20261004_b8728d57.zip
20261005_213028;2026-10-06T00:31:03.156953+00:00;dfp_cia_aberta_2025.zip;CVM_DFP;2025;https://dados.cvm.gov.br/dados/CIA_ABERTA/DOC/DFP/DADOS/dfp_cia_aberta_2025.zip;200;OK;INALTERADO;2;d7aec54e7c67998e4cd3ef94c463ab247f09a6baaa2254878d1e431f28130e2a;12784140;data/raw/cvm_dfp/dfp_cia_aberta_2025__20261004_d7aec54e.zip
20261005_213028;2026-10-06T00:31:03.484263+00:00;fre_cia_aberta_2026.zip;CVM_FRE;2026;https://dados.cvm.gov.br/dados/CIA_ABERTA/DOC/FRE/DADOS/fre_cia_aberta_2026.zip;200;OK;INALTERADO;2;a04a1079f2807b3d53c25d0ff6978bba844f5f665ac6df62303c5d0aae46b624;8126598;data/raw/cvm_fre/fre_cia_aberta_2026__20261004_a04a1079.zip
20261005_213028;2026-10-06T00:31:04.253516+00:00;fca_cia_aberta_2026.zip;CVM_FCA;2026;https://dados.cvm.gov.br/dados/CIA_ABERTA/DOC/FCA/DADOS/fca_cia_aberta_2026.zip;200;OK;INALTERADO;2;21d4bb18fb6923cf2253c2a1d76496ef71366287fbde5ca725d76f303a2069b8;361734;data/raw/cvm_fca/fca_cia_aberta_2026__20261004_21d4bb18.zip
20261005_213028;2026-10-06T00:31:07.238849+00:00;itr_cia_aberta_2026.zip;CVM_ITR;2026;https://dados.cvm.gov.br/dados/CIA_ABERTA/DOC/ITR/DADOS/itr_cia_aberta_2026.zip;200;OK;INALTERADO;2;0e1ef74291d2143e7bb55247b01c8bbd94995d995536f70f0d19de1d79d7e38c;19634453;data/raw/cvm_itr/itr_cia_aberta_2026__20261004_0e1ef742.zip
20261005_213028;2026-10-06T00:31:19.001312+00:00;COTAHIST_A2025.zip;B3_COTAHIST;2025;https://bvmf.bmfbovespa.com.br/InstDados/SerHist/COTAHIST_A2025.ZIP;200;OK;INALTERADO;1;6cc0ad851c8f605ca30418acac48be81f1767f6ed05b4f563772d06ae448047d;89056788;data/raw/b3_cotahist/COTAHIST_A2025__20261004_6cc0ad85.zip
20261005_213028;2026-10-06T00:31:22.491682+00:00;COTAHIST_A2026.zip;B3_COTAHIST;2026;https://bvmf.bmfbovespa.com.br/InstDados/SerHist/COTAHIST_A2026.ZIP;200;OK;NOVA_VERSAO;2;6aa0558c7d2571a6ec28393402f9ccceb6a0fa859af196d29d9ee137ff99efdf;92505617;data/raw/b3_cotahist/COTAHIST_A2026__20261006_6aa0558c.zip
20261005_213028;2026-10-06T05:01:09.860060+00:00;dividendos_AALR3.csv;YAHOO_DIVIDENDOS;;AALR3.SA;;COM_EVENTOS;NOVA_VERSAO;1;9ad0dcbe12f7837b7fdaf1a7d233b671dccb404a94d27bc71c10cbcef2e17078;121;data/raw/yahoo_dividendos/dividendos_AALR3__20261006_9ad0dcbe.csv
20261005_213028;2026-10-06T05:01:10.061622+00:00;dividendos_ABEV3.csv;YAHOO_DIVIDENDOS;;ABEV3.SA;;COM_EVENTOS;NOVA_VERSAO;1;0d928b78a4aed2b65dba75662a1deec45a3b60b0fa9257babd8afbc4027563fd;1891;data/raw/yahoo_dividendos/dividendos_ABEV3__20261006_0d928b78.csv
20261005_213028;2026-10-06T05:01:14.655330+00:00;dividendos_AERI3.csv;YAHOO_DIVIDENDOS;;AERI3.SA;;COM_EVENTOS;NOVA_VERSAO;1;b0a80b13af9a65b7934b21db3cf704b1083baead854e776068fc5e7f37833c6d;84;data/raw/yahoo_dividendos/dividendos_AERI3__20261006_b0a80b13.csv
20261005_213028;2026-10-06T05:01:15.400443+00:00;dividendos_AFLT3.csv;YAHOO_DIVIDENDOS;;AFLT3.SA;;COM_EVENTOS;NOVA_VERSAO;1;1ebe220851d894e35befa4378dce6224e9debcf9d4a9674374c969496ffb7a18;1091;data/raw/yahoo_dividendos/dividendos_AFLT3__20261006_1ebe2208.csv
20261005_213028;2026-10-06T05:01:17.187568+00:00;dividendos_AGXY3.csv;YAHOO_DIVIDENDOS;;AGXY3.SA;;COM_EVENTOS;NOVA_VERSAO;1;b8e83c2fdbabb939bed5e3d807d8132347990ce36e38260415a77916a489d693;120;data/raw/yahoo_dividendos/dividendos_AGXY3__20261006_b8e83c2f.csv
20261005_213028;2026-10-06T05:01:17.533656+00:00;dividendos_AGRO3.csv;YAHOO_DIVIDENDOS;;AGRO3.SA;;COM_EVENTOS;NOVA_VERSAO;1;a1c412066306fe8b4ee9b1b6721b9fd225b213e0d4c61750ed781acc692eb415;586;data/raw/yahoo_dividendos/dividendos_AGRO3__20261006_a1c41206.csv
20261005_213028;2026-10-06T05:01:17.986858+00:00;dividendos_AHEB3.csv;YAHOO_DIVIDENDOS;;AHEB3.SA;;SEM_EVENTOS;NOVA_VERSAO;1;642daec761ccb28fc097aa7f22cfeb4552f7859c3b919e315b4f51bc1ae66de3;49;data/raw/yahoo_dividendos/dividendos_AHEB3__20261006_642daec7.csv
20261005_213028;2026-10-06T05:01:18.224966+00:00;dividendos_AHEB5.csv;YAHOO_DIVIDENDOS;;AHEB5.SA;;SEM_EVENTOS;NOVA_VERSAO;1;642daec761ccb28fc097aa7f22cfeb4552f7859c3b919e315b4f51bc1ae66de3;49;data/raw/yahoo_dividendos/dividendos_AHEB5__20261006_642daec7.csv
20261005_213028;2026-10-06T05:01:18.777403+00:00;dividendos_AHEB6.csv;YAHOO_DIVIDENDOS;;AHEB6.SA;;SEM_EVENTOS;NOVA_VERSAO;1;642daec761ccb28fc097aa7f22cfeb4552f7859c3b919e315b4f51bc1ae66de3;49;data/raw/yahoo_dividendos/dividendos_AHEB6__20261006_642daec7.csv
20261005_213028;2026-10-06T05:01:18.948177+00:00;dividendos_ALLD3.csv;YAHOO_DIVIDENDOS;;ALLD3.SA;;COM_EVENTOS;NOVA_VERSAO;1;d66588ab369b7567d46b42aa785538bb5f371dc485d567f717620d08e92972ef;408;data/raw/yahoo_dividendos/dividendos_ALLD3__20261006_d66588ab.csv
20261005_213028;2026-10-06T05:01:20.131211+00:00;dividendos_ALOS3.csv;YAHOO_DIVIDENDOS;;ALOS3.SA;;COM_EVENTOS;NOVA_VERSAO;1;f4c0821b2584c1ebfb2f3a740b75d2bd2c89305462b74f118fd3199d8a9a7bb9;1386;data/raw/yahoo_dividendos/dividendos_ALOS3__20261006_f4c0821b.csv
20261005_213028;2026-10-06T05:01:20.654558+00:00;dividendos_ALPA3.csv;YAHOO_DIVIDENDOS;;ALPA3.SA;;COM_EVENTOS;NOVA_VERSAO;1;f4dbdd6a072fec629f2cc0740b640b8120b594f3d88e875503fa136d6e2daa7d;1840;data/raw/yahoo_dividendos/dividendos_ALPA3__20261006_f4dbdd6a.csv
20261005_213028;2026-10-06T05:01:20.819652+00:00;dividendos_ALPA4.csv;YAHOO_DIVIDENDOS;;ALPA4.SA;;COM_EVENTOS;NOVA_VERSAO;1;e9c4c18b3fb0e03aff91b0130f4d3a48cbb4c0caee05db9d262dd86f7fb7847d;1587;data/raw/yahoo_dividendos/dividendos_ALPA4__20261006_e9c4c18b.csv
20261005_213028;2026-10-06T05:01:21.375882+00:00;dividendos_ALPK3.csv;YAHOO_DIVIDENDOS;;ALPK3.SA;;COM_EVENTOS;NOVA_VERSAO;1;24d8645f0a6f06561837291f3874a9a54d03796a2bc484efed1d41eba3edc968;85;data/raw/yahoo_dividendos/dividendos_ALPK3__20261006_24d8645f.csv
20261005_213028;2026-10-06T05:01:23.001991+00:00;dividendos_ALUP11.csv;YAHOO_DIVIDENDOS;;ALUP11.SA;;COM_EVENTOS;NOVA_VERSAO;1;6f49824864f73e298cf22c837cfc8484b15c8e43060ce3696160d98351f76b2c;1076;data/raw/yahoo_dividendos/dividendos_ALUP11__20261006_6f498248.csv
20261005_213028;2026-10-06T05:01:23.268119+00:00;dividendos_ALUP3.csv;YAHOO_DIVIDENDOS;;ALUP3.SA;;COM_EVENTOS;NOVA_VERSAO;1;a39e9bfc11c933979fa4330c2fe2310c514c851b6202c16f5820325e1b10440b;873;data/raw/yahoo_dividendos/dividendos_ALUP3__20261006_a39e9bfc.csv
20261005_213028;2026-10-06T05:01:23.762195+00:00;dividendos_ALUP4.csv;YAHOO_DIVIDENDOS;;ALUP4.SA;;COM_EVENTOS;NOVA_VERSAO;1;0f620d96d67aa45654c104690d4cfd1ddc3c28ecf1911bac204f5be4c6a7ee0a;873;data/raw/yahoo_dividendos/dividendos_ALUP4__20261006_0f620d96.csv
20261005_213028;2026-10-06T05:01:24.034192+00:00;dividendos_AMAR3.csv;YAHOO_DIVIDENDOS;;AMAR3.SA;;COM_EVENTOS;NOVA_VERSAO;1;c1b1e05fd6f9658e36259e88401a7c7987aaa4ce2e5f07cad3b9aee595265d35;515;data/raw/yahoo_dividendos/dividendos_AMAR3__20261006_c1b1e05f.csv
20261005_213028;2026-10-06T05:01:24.450395+00:00;dividendos_AMBP3.csv;YAHOO_DIVIDENDOS;;AMBP3.SA;;COM_EVENTOS;NOVA_VERSAO;1;c911662effaf6e57b0fbbe2d7d92dd41196c9c56ecf74ec604053be6ec954a79;157;data/raw/yahoo_dividendos/dividendos_AMBP3__20261006_c911662e.csv
20261005_213028;2026-10-06T05:01:26.400706+00:00;dividendos_AMER3.csv;YAHOO_DIVIDENDOS;;AMER3.SA;;COM_EVENTOS;NOVA_VERSAO;1;58dcf37a1e5e7abd9d595c98ca65f9170cf7086de6ede84756215a4fd8949941;303;data/raw/yahoo_dividendos/dividendos_AMER3__20261006_58dcf37a.csv
20261005_213028;2026-10-06T05:01:27.390911+00:00;dividendos_AMOB3.csv;YAHOO_DIVIDENDOS;;AMOB3.SA;;SEM_EVENTOS;NOVA_VERSAO;1;642daec761ccb28fc097aa7f22cfeb4552f7859c3b919e315b4f51bc1ae66de3;49;data/raw/yahoo_dividendos/dividendos_AMOB3__20261006_642daec7.csv
20261005_213028;2026-10-06T05:01:27.988509+00:00;dividendos_ANIM3.csv;YAHOO_DIVIDENDOS;;ANIM3.SA;;COM_EVENTOS;NOVA_VERSAO;1;d039dfaf62a5524d4e63ced33856a1fdf08f2ca2c7b6d54d76175ca30c17d360;365;data/raw/yahoo_dividendos/dividendos_ANIM3__20261006_d039dfaf.csv
20261005_213028;2026-10-06T05:01:29.291909+00:00;dividendos_ARML3.csv;YAHOO_DIVIDENDOS;;ARML3.SA;;COM_EVENTOS;NOVA_VERSAO;1;26f949e3e7b91c5bf16be0c3dbf344e4d97ba8d7128dea8413dfc9c6976bedb5;624;data/raw/yahoo_dividendos/dividendos_ARML3__20261006_26f949e3.csv
20261005_213028;2026-10-06T05:01:30.902988+00:00;dividendos_ASAI3.csv;YAHOO_DIVIDENDOS;;ASAI3.SA;;COM_EVENTOS;NOVA_VERSAO;1;03b3566f3be9f0e66f20482d828d485f547f30d0c143fd8eb56e3817d6219065;336;data/raw/yahoo_dividendos/dividendos_ASAI3__20261006_03b3566f.csv
20261005_213028;2026-10-06T05:01:31.483061+00:00;dividendos_ATED3.csv;YAHOO_DIVIDENDOS;;ATED3.SA;;SEM_EVENTOS;NOVA_VERSAO;1;642daec761ccb28fc097aa7f22cfeb4552f7859c3b919e315b4f51bc1ae66de3;49;data/raw/yahoo_dividendos/dividendos_ATED3__20261006_642daec7.csv
20261005_213028;2026-10-06T05:01:32.359214+00:00;dividendos_AUAU3.csv;YAHOO_DIVIDENDOS;;AUAU3.SA;;COM_EVENTOS;NOVA_VERSAO;1;aa7da9449bbd766f63e5e6c1677286eac16b4f3c1dcf51c42dc0f4c120ec148a;85;data/raw/yahoo_dividendos/dividendos_AUAU3__20261006_aa7da944.csv
20261005_213028;2026-10-06T05:01:32.881993+00:00;dividendos_AURE3.csv;YAHOO_DIVIDENDOS;;AURE3.SA;;COM_EVENTOS;NOVA_VERSAO;1;ae4391fe9786a48aa5950f64a24f33bb7da3698ec32bec834e062ee38a7c7e65;209;data/raw/yahoo_dividendos/dividendos_AURE3__20261006_ae4391fe.csv
20261005_213028;2026-10-06T05:01:33.699487+00:00;dividendos_AVLL3.csv;YAHOO_DIVIDENDOS;;AVLL3.SA;;SEM_EVENTOS;NOVA_VERSAO;1;642daec761ccb28fc097aa7f22cfeb4552f7859c3b919e315b4f51bc1ae66de3;49;data/raw/yahoo_dividendos/dividendos_AVLL3__20261006_642daec7.csv
20261005_213028;2026-10-06T05:01:34.812070+00:00;dividendos_AXIA3.csv;YAHOO_DIVIDENDOS;;AXIA3.SA;;COM_EVENTOS;NOVA_VERSAO;1;8dd498af18003ba44f5d283a5eca1e38df011d00f84c15f6e15801b3ec0e550f;696;data/raw/yahoo_dividendos/dividendos_AXIA3__20261006_8dd498af.csv
20261005_213028;2026-10-06T05:01:35.644513+00:00;dividendos_AXIA7.csv;YAHOO_DIVIDENDOS;;AXIA7.SA;;SEM_EVENTOS;NOVA_VERSAO;1;642daec761ccb28fc097aa7f22cfeb4552f7859c3b919e315b4f51bc1ae66de3;49;data/raw/yahoo_dividendos/dividendos_AXIA7__20261006_642daec7.csv
20261005_213028;2026-10-06T05:01:36.719731+00:00;dividendos_AZEV3.csv;YAHOO_DIVIDENDOS;;AZEV3.SA;;COM_EVENTOS;NOVA_VERSAO;1;348a98296208660730b42904c2de1d13a792de7ece6182a5c828af83cb6ab6c1;157;data/raw/yahoo_dividendos/dividendos_AZEV3__20261006_348a9829.csv
20261005_213028;2026-10-06T05:01:36.911899+00:00;dividendos_AZEV4.csv;YAHOO_DIVIDENDOS;;AZEV4.SA;;COM_EVENTOS;NOVA_VERSAO;1;a23efe61aea02ea3e716e79fcc8be109d10c829d8876bdfb7892737a4490169b;157;data/raw/yahoo_dividendos/dividendos_AZEV4__20261006_a23efe61.csv
20261005_213028;2026-10-06T05:01:37.346795+00:00;dividendos_AZTE3.csv;YAHOO_DIVIDENDOS;;AZTE3.SA;;SEM_EVENTOS;NOVA_VERSAO;1;642daec761ccb28fc097aa7f22cfeb4552f7859c3b919e315b4f51bc1ae66de3;49;data/raw/yahoo_dividendos/dividendos_AZTE3__20261006_642daec7.csv
20261005_213028;2026-10-06T05:01:37.713765+00:00;dividendos_AZUL3.csv;YAHOO_DIVIDENDOS;;AZUL3.SA;;SEM_EVENTOS;NOVA_VERSAO;1;642daec761ccb28fc097aa7f22cfeb4552f7859c3b919e315b4f51bc1ae66de3;49;data/raw/yahoo_dividendos/dividendos_AZUL3__20261006_642daec7.csv
20261005_213028;2026-10-06T05:01:38.264199+00:00;dividendos_AZUL97.csv;YAHOO_DIVIDENDOS;;AZUL97.SA;;SEM_EVENTOS;NOVA_VERSAO;1;642daec761ccb28fc097aa7f22cfeb4552f7859c3b919e315b4f51bc1ae66de3;49;data/raw/yahoo_dividendos/dividendos_AZUL97__20261006_642daec7.csv
20261005_213028;2026-10-06T05:01:38.852914+00:00;dividendos_AZUL98.csv;YAHOO_DIVIDENDOS;;AZUL98.SA;;SEM_EVENTOS;NOVA_VERSAO;1;642daec761ccb28fc097aa7f22cfeb4552f7859c3b919e315b4f51bc1ae66de3;49;data/raw/yahoo_dividendos/dividendos_AZUL98__20261006_642daec7.csv
20261005_213028;2026-10-06T05:01:39.188779+00:00;dividendos_AZUL99.csv;YAHOO_DIVIDENDOS;;AZUL99.SA;;SEM_EVENTOS;NOVA_VERSAO;1;642daec761ccb28fc097aa7f22cfeb4552f7859c3b919e315b4f51bc1ae66de3;49;data/raw/yahoo_dividendos/dividendos_AZUL99__20261006_642daec7.csv
20261005_213028;2026-10-06T05:01:39.427081+00:00;dividendos_AZZA3.csv;YAHOO_DIVIDENDOS;;AZZA3.SA;;COM_EVENTOS;NOVA_VERSAO;1;3ba62d7cc821ffbbc6aba439f55c34f98f62728ed0033624ba78fa5f45bb5830;1831;data/raw/yahoo_dividendos/dividendos_AZZA3__20261006_3ba62d7c.csv
20261005_213028;2026-10-06T05:01:40.292937+00:00;dividendos_BALM3.csv;YAHOO_DIVIDENDOS;;BALM3.SA;;COM_EVENTOS;NOVA_VERSAO;1;a736e873ac31ddb76e716c4704c24d9e98ea188ccb0f5bd22211132a818757e6;817;data/raw/yahoo_dividendos/dividendos_BALM3__20261006_a736e873.csv
20261005_213028;2026-10-06T05:01:40.859881+00:00;dividendos_BALM4.csv;YAHOO_DIVIDENDOS;;BALM4.SA;;COM_EVENTOS;NOVA_VERSAO;1;db887bdd4283de267f79a2b95333eb17c01c3c04aa69ea42fbf43b2ee25a50a2;781;data/raw/yahoo_dividendos/dividendos_BALM4__20261006_db887bdd.csv
20261005_213028;2026-10-06T05:01:40.860511+00:00;dividendos_BAUH4.csv;YAHOO_DIVIDENDOS;;BAUH4.SA;;COM_EVENTOS;NOVA_VERSAO;1;ad5b71844acc8a97d32f3fd2e5b7badf22f237eea2ea181af408a36e8fc8d647;464;data/raw/yahoo_dividendos/dividendos_BAUH4__20261006_ad5b7184.csv
20261005_213028;2026-10-06T05:01:41.441670+00:00;dividendos_BDLL3.csv;YAHOO_DIVIDENDOS;;BDLL3.SA;;COM_EVENTOS;NOVA_VERSAO;1;eae3339ebdac774085c07a65492a9fb9ab8d9f8f73c9cc82fc033531ef8b31af;214;data/raw/yahoo_dividendos/dividendos_BDLL3__20261006_eae3339e.csv
20261005_213028;2026-10-06T05:01:42.172242+00:00;dividendos_BDLL4.csv;YAHOO_DIVIDENDOS;;BDLL4.SA;;COM_EVENTOS;NOVA_VERSAO;1;a6295c0d72936cf23ce23d9277a05818e200a3e7f12a65096e4c081e3baa2f3b;213;data/raw/yahoo_dividendos/dividendos_BDLL4__20261006_a6295c0d.csv
20261005_213028;2026-10-06T05:01:42.757617+00:00;dividendos_BEEF3.csv;YAHOO_DIVIDENDOS;;BEEF3.SA;;COM_EVENTOS;NOVA_VERSAO;1;4da4bc4bac28994f230013524c043535ef1377ee60f1ec45bcc77efd022363ac;515;data/raw/yahoo_dividendos/dividendos_BEEF3__20261006_4da4bc4b.csv
20261005_213028;2026-10-06T05:01:44.099330+00:00;dividendos_BHIA3.csv;YAHOO_DIVIDENDOS;;BHIA3.SA;;COM_EVENTOS;NOVA_VERSAO;1;d976ba6b42602d22e15f9ae13ce779eb5332d192f0d28cd0e062c755a7535395;336;data/raw/yahoo_dividendos/dividendos_BHIA3__20261006_d976ba6b.csv
20261005_213028;2026-10-06T05:01:44.645351+00:00;dividendos_BIED3.csv;YAHOO_DIVIDENDOS;;BIED3.SA;;COM_EVENTOS;NOVA_VERSAO;1;154ca1989b046c54155114bfba6a6ce537e90c1f287ee7390acbeffc76d1aa38;300;data/raw/yahoo_dividendos/dividendos_BIED3__20261006_154ca198.csv
20261005_213028;2026-10-06T05:01:45.258189+00:00;dividendos_BIOM3.csv;YAHOO_DIVIDENDOS;;BIOM3.SA;;SEM_EVENTOS;NOVA_VERSAO;1;642daec761ccb28fc097aa7f22cfeb4552f7859c3b919e315b4f51bc1ae66de3;49;data/raw/yahoo_dividendos/dividendos_BIOM3__20261006_642daec7.csv
20261005_213028;2026-10-06T05:01:46.484119+00:00;dividendos_BLAU3.csv;YAHOO_DIVIDENDOS;;BLAU3.SA;;COM_EVENTOS;NOVA_VERSAO;1;ba823622552757409713ef267619a906ba88a5536089f8d69da18ee6eefcbe4d;840;data/raw/yahoo_dividendos/dividendos_BLAU3__20261006_ba823622.csv
20261005_213028;2026-10-06T05:01:46.998142+00:00;dividendos_BMKS3.csv;YAHOO_DIVIDENDOS;;BMKS3.SA;;COM_EVENTOS;NOVA_VERSAO;1;8d63e27ae690079fa2deecd8e1f02e4b591b39a68a0ab6443877ce457949b86d;725;data/raw/yahoo_dividendos/dividendos_BMKS3__20261006_8d63e27a.csv
20261005_213028;2026-10-06T05:01:47.193885+00:00;dividendos_BMOB3.csv;YAHOO_DIVIDENDOS;;BMOB3.SA;;COM_EVENTOS;NOVA_VERSAO;1;78a82f44b165b36802828652a7556ff32d96621ac01e52e3122a09fbcf4e2c50;373;data/raw/yahoo_dividendos/dividendos_BMOB3__20261006_78a82f44.csv
20261005_213028;2026-10-06T05:01:49.140743+00:00;dividendos_BOBR4.csv;YAHOO_DIVIDENDOS;;BOBR4.SA;;SEM_EVENTOS;NOVA_VERSAO;1;642daec761ccb28fc097aa7f22cfeb4552f7859c3b919e315b4f51bc1ae66de3;49;data/raw/yahoo_dividendos/dividendos_BOBR4__20261006_642daec7.csv
20261005_213028;2026-10-06T05:01:49.777016+00:00;dividendos_BRAV3.csv;YAHOO_DIVIDENDOS;;BRAV3.SA;;COM_EVENTOS;NOVA_VERSAO;1;54bad17b7173aeb975d01b2cedff694f66469851fc5bc00e1c48b2ffab238e40;121;data/raw/yahoo_dividendos/dividendos_BRAV3__20261006_54bad17b.csv
20261005_213028;2026-10-06T05:01:52.203291+00:00;dividendos_BRKM3.csv;YAHOO_DIVIDENDOS;;BRKM3.SA;;COM_EVENTOS;NOVA_VERSAO;1;2a4ab5f02b9459ae86d7a9e6b984a08a9f98f70bfcd495cad259de1e69b0286b;479;data/raw/yahoo_dividendos/dividendos_BRKM3__20261006_2a4ab5f0.csv
20261005_213028;2026-10-06T05:01:52.376854+00:00;dividendos_BRKM5.csv;YAHOO_DIVIDENDOS;;BRKM5.SA;;COM_EVENTOS;NOVA_VERSAO;1;fb2987d72bbc257d7c4f46698d9eb5dcffed3612a5c5aafd065485ecce638d6d;620;data/raw/yahoo_dividendos/dividendos_BRKM5__20261006_fb2987d7.csv
20261005_213028;2026-10-06T05:01:52.940903+00:00;dividendos_BRKM6.csv;YAHOO_DIVIDENDOS;;BRKM6.SA;;COM_EVENTOS;NOVA_VERSAO;1;4dc993dc99308b62b759d8e02e6b646233ab3c24cff9b52615042c8050ec8aa3;371;data/raw/yahoo_dividendos/dividendos_BRKM6__20261006_4dc993dc.csv
20261005_213028;2026-10-06T05:01:54.165508+00:00;dividendos_BRST3.csv;YAHOO_DIVIDENDOS;;BRST3.SA;;COM_EVENTOS;NOVA_VERSAO;1;26071b8e4bc26d0105acf56a75c07fdf6b86b84f3ebf255fb8883f28f105f82b;85;data/raw/yahoo_dividendos/dividendos_BRST3__20261006_26071b8e.csv
20261005_213028;2026-10-06T05:01:57.921613+00:00;dividendos_CALI3.csv;YAHOO_DIVIDENDOS;;CALI3.SA;;COM_EVENTOS;NOVA_VERSAO;1;5425b019235571e891ab8ff70f42ed9561450b3b6a25165378f7ec9661b1d39d;406;data/raw/yahoo_dividendos/dividendos_CALI3__20261006_5425b019.csv
20261005_213028;2026-10-06T05:01:58.497567+00:00;dividendos_CAMB3.csv;YAHOO_DIVIDENDOS;;CAMB3.SA;;COM_EVENTOS;NOVA_VERSAO;1;be3ddc8ffc2a6c8df63c7ba6fd4358a40894462ba33ed998c029ef363fb460ec;826;data/raw/yahoo_dividendos/dividendos_CAMB3__20261006_be3ddc8f.csv
20261005_213028;2026-10-06T05:01:59.853292+00:00;dividendos_CAML3.csv;YAHOO_DIVIDENDOS;;CAML3.SA;;COM_EVENTOS;NOVA_VERSAO;1;d918f8651b9b7a40c37ce39d0f2ef31e27b2484a8e7e8787f4ec4ea13481a564;1375;data/raw/yahoo_dividendos/dividendos_CAML3__20261006_d918f865.csv
20261005_213028;2026-10-06T05:02:00.696788+00:00;dividendos_CASH3.csv;YAHOO_DIVIDENDOS;;CASH3.SA;;COM_EVENTOS;NOVA_VERSAO;1;72d0a4d1f74dca7c63e4cbec6f021c3293d794da66be573cadbceaf26feb12c2;85;data/raw/yahoo_dividendos/dividendos_CASH3__20261006_72d0a4d1.csv
20261005_213028;2026-10-06T05:02:01.444710+00:00;dividendos_CASN3.csv;YAHOO_DIVIDENDOS;;CASN3.SA;;SEM_EVENTOS;NOVA_VERSAO;1;642daec761ccb28fc097aa7f22cfeb4552f7859c3b919e315b4f51bc1ae66de3;49;data/raw/yahoo_dividendos/dividendos_CASN3__20261006_642daec7.csv
20261005_213028;2026-10-06T05:02:01.991140+00:00;dividendos_CBAV3.csv;YAHOO_DIVIDENDOS;;CBAV3.SA;;COM_EVENTOS;NOVA_VERSAO;1;57f2c0d6bfdbf74b891f8531743d0f8dced0b26a77de44441c3637c3f86dd93c;193;data/raw/yahoo_dividendos/dividendos_CBAV3__20261006_57f2c0d6.csv
20261005_213028;2026-10-06T05:02:02.845459+00:00;dividendos_CBEE3.csv;YAHOO_DIVIDENDOS;;CBEE3.SA;;COM_EVENTOS;NOVA_VERSAO;1;283be4b0515f87e405d9e69d9f6b6e54134d340cf47b98fd265c470b78a78801;516;data/raw/yahoo_dividendos/dividendos_CBEE3__20261006_283be4b0.csv
20261005_213028;2026-10-06T05:02:06.984242+00:00;dividendos_CCTY3.csv;YAHOO_DIVIDENDOS;;CCTY3.SA;;SEM_EVENTOS;NOVA_VERSAO;1;642daec761ccb28fc097aa7f22cfeb4552f7859c3b919e315b4f51bc1ae66de3;49;data/raw/yahoo_dividendos/dividendos_CCTY3__20261006_642daec7.csv
20261005_213028;2026-10-06T05:02:07.307124+00:00;dividendos_CEAB3.csv;YAHOO_DIVIDENDOS;;CEAB3.SA;;COM_EVENTOS;NOVA_VERSAO;1;292103de134056d3f2e34db3d37a7e8283b916cc11841dfbc52b7c9d572d1e90;191;data/raw/yahoo_dividendos/dividendos_CEAB3__20261006_292103de.csv
20261005_213028;2026-10-06T05:02:07.631965+00:00;dividendos_CEBR3.csv;YAHOO_DIVIDENDOS;;CEBR3.SA;;COM_EVENTOS;NOVA_VERSAO;1;862b5aa062c01ecd9c12ac1832b276d5dac6032a98a0d28e0ebf3ce6a43cba4c;652;data/raw/yahoo_dividendos/dividendos_CEBR3__20261006_862b5aa0.csv
20261005_213028;2026-10-06T05:02:08.009915+00:00;dividendos_CEBR5.csv;YAHOO_DIVIDENDOS;;CEBR5.SA;;COM_EVENTOS;NOVA_VERSAO;1;0051730f3276195fc2d260c9776800e96be262864d21864496d55523d78b3a63;653;data/raw/yahoo_dividendos/dividendos_CEBR5__20261006_0051730f.csv
20261005_213028;2026-10-06T05:02:08.310200+00:00;dividendos_CEBR6.csv;YAHOO_DIVIDENDOS;;CEBR6.SA;;COM_EVENTOS;NOVA_VERSAO;1;64e2b39d165cd3768c9fa6aae57ed6b0b2936a8de3a78d9ddb86f5f2b3307311;657;data/raw/yahoo_dividendos/dividendos_CEBR6__20261006_64e2b39d.csv
20261005_213028;2026-10-06T05:02:08.643050+00:00;dividendos_CEDO3.csv;YAHOO_DIVIDENDOS;;CEDO3.SA;;COM_EVENTOS;NOVA_VERSAO;1;27c611b76745117f20b312149019ad4012e135044dbbed344964afd7c5aa8447;458;data/raw/yahoo_dividendos/dividendos_CEDO3__20261006_27c611b7.csv
20261005_213028;2026-10-06T05:02:08.833179+00:00;dividendos_CEDO4.csv;YAHOO_DIVIDENDOS;;CEDO4.SA;;COM_EVENTOS;NOVA_VERSAO;1;6609f9da24e66d7d95d03725aec70557ff038f0e136bfbb8cec2a40aadb11130;211;data/raw/yahoo_dividendos/dividendos_CEDO4__20261006_6609f9da.csv
20261005_213028;2026-10-06T05:02:09.364533+00:00;dividendos_CEEB3.csv;YAHOO_DIVIDENDOS;;CEEB3.SA;;COM_EVENTOS;NOVA_VERSAO;1;40f5ac68ca3213db96121803c70ee2ad1a5d579b3ae029e18f4afcd5c781c67e;2350;data/raw/yahoo_dividendos/dividendos_CEEB3__20261006_40f5ac68.csv
20261005_213028;2026-10-06T05:02:09.398899+00:00;dividendos_CEEB5.csv;YAHOO_DIVIDENDOS;;CEEB5.SA;;COM_EVENTOS;NOVA_VERSAO;1;4d05236b3c0308b314503079a19f5bb109f1705c02ed1ed5499f691fb6dd308f;2130;data/raw/yahoo_dividendos/dividendos_CEEB5__20261006_4d05236b.csv
20261005_213028;2026-10-06T05:02:09.786080+00:00;dividendos_CEED3.csv;YAHOO_DIVIDENDOS;;CEED3.SA;;SEM_EVENTOS;NOVA_VERSAO;1;642daec761ccb28fc097aa7f22cfeb4552f7859c3b919e315b4f51bc1ae66de3;49;data/raw/yahoo_dividendos/dividendos_CEED3__20261006_642daec7.csv
20261005_213028;2026-10-06T05:02:09.938272+00:00;dividendos_CEED4.csv;YAHOO_DIVIDENDOS;;CEED4.SA;;SEM_EVENTOS;NOVA_VERSAO;1;642daec761ccb28fc097aa7f22cfeb4552f7859c3b919e315b4f51bc1ae66de3;49;data/raw/yahoo_dividendos/dividendos_CEED4__20261006_642daec7.csv
20261005_213028;2026-10-06T05:02:10.485597+00:00;dividendos_CEGR3.csv;YAHOO_DIVIDENDOS;;CEGR3.SA;;COM_EVENTOS;NOVA_VERSAO;1;3cd18895d4c12cbeea8b9d72f2f1d084eb38b064b397ec388ec7d1456dc453d2;1362;data/raw/yahoo_dividendos/dividendos_CEGR3__20261006_3cd18895.csv
20261005_213028;2026-10-06T05:02:16.591693+00:00;dividendos_CGAS3.csv;YAHOO_DIVIDENDOS;;CGAS3.SA;;COM_EVENTOS;NOVA_VERSAO;1;d3c7be53c50e671fcf449afa8ebf4b6e589092bce4049c3272d06a988f384a39;1734;data/raw/yahoo_dividendos/dividendos_CGAS3__20261006_d3c7be53.csv
20261005_213028;2026-10-06T05:02:16.970444+00:00;dividendos_CGAS5.csv;YAHOO_DIVIDENDOS;;CGAS5.SA;;COM_EVENTOS;NOVA_VERSAO;1;6ce443c777878ae70a6231f9fda366cf23d8cee4a361501d53391a350eb5416b;1702;data/raw/yahoo_dividendos/dividendos_CGAS5__20261006_6ce443c7.csv
20261005_213028;2026-10-06T05:02:17.320737+00:00;dividendos_CGRA3.csv;YAHOO_DIVIDENDOS;;CGRA3.SA;;COM_EVENTOS;NOVA_VERSAO;1;acaabea2d486b55dc14f388216d1423b6a7b53636535928f485d0c4bf086363a;1196;data/raw/yahoo_dividendos/dividendos_CGRA3__20261006_acaabea2.csv
20261005_213028;2026-10-06T05:02:17.899513+00:00;dividendos_CGRA4.csv;YAHOO_DIVIDENDOS;;CGRA4.SA;;COM_EVENTOS;NOVA_VERSAO;1;2be978721479e591acb9b6923ac1955483fa9897ccc20cbee35fe41e11f48f31;1164;data/raw/yahoo_dividendos/dividendos_CGRA4__20261006_2be97872.csv
20261005_213028;2026-10-06T05:02:20.145145+00:00;dividendos_CLSC3.csv;YAHOO_DIVIDENDOS;;CLSC3.SA;;COM_EVENTOS;NOVA_VERSAO;1;04f258c516d2dec55961e728a1799f2161b87165ecacb071f72c406d44ea3337;1554;data/raw/yahoo_dividendos/dividendos_CLSC3__20261006_04f258c5.csv
20261005_213028;2026-10-06T05:02:20.707904+00:00;dividendos_CLSC4.csv;YAHOO_DIVIDENDOS;;CLSC4.SA;;COM_EVENTOS;NOVA_VERSAO;1;c19364c490c9035b61b29f0af6a9f70eb8034dada0e2d50f0973018851128c55;1303;data/raw/yahoo_dividendos/dividendos_CLSC4__20261006_c19364c4.csv
20261005_213028;2026-10-06T05:02:23.049648+00:00;dividendos_CMIG3.csv;YAHOO_DIVIDENDOS;;CMIG3.SA;;COM_EVENTOS;NOVA_VERSAO;1;65a27b0adefd09bf5092abcbabe1386a2c4707f5deeb92700cd44ee9098d3ad9;2050;data/raw/yahoo_dividendos/dividendos_CMIG3__20261006_65a27b0a.csv
20261005_213028;2026-10-06T05:02:23.577725+00:00;dividendos_CMIN3.csv;YAHOO_DIVIDENDOS;;CMIN3.SA;;COM_EVENTOS;NOVA_VERSAO;1;af6fb8b50215a0cfd0b446b5d3e019754301dd27934c9938de0ee94c23600d99;659;data/raw/yahoo_dividendos/dividendos_CMIN3__20261006_af6fb8b5.csv
20261005_213028;2026-10-06T05:02:23.687832+00:00;dividendos_CMIG4.csv;YAHOO_DIVIDENDOS;;CMIG4.SA;;COM_EVENTOS;NOVA_VERSAO;1;8e8ba82eda34a21b4b8fae6e89fb9fb71e8f7321e389804e1a3d168fcb189fff;1946;data/raw/yahoo_dividendos/dividendos_CMIG4__20261006_8e8ba82e.csv
20261005_213028;2026-10-06T05:02:25.331641+00:00;dividendos_COCE3.csv;YAHOO_DIVIDENDOS;;COCE3.SA;;COM_EVENTOS;NOVA_VERSAO;1;7e615e4d84e9765c05b7b856e580317874fb3d94d9f4b8f75acd07608067186d;800;data/raw/yahoo_dividendos/dividendos_COCE3__20261006_7e615e4d.csv
20261005_213028;2026-10-06T05:02:26.351731+00:00;dividendos_COCE5.csv;YAHOO_DIVIDENDOS;;COCE5.SA;;COM_EVENTOS;NOVA_VERSAO;1;ea661685f9685876ca0977554e1172e2138bd0ebc500cb12067ba874162287f0;765;data/raw/yahoo_dividendos/dividendos_COCE5__20261006_ea661685.csv
20261005_213028;2026-10-06T05:02:27.047621+00:00;dividendos_COGN3.csv;YAHOO_DIVIDENDOS;;COGN3.SA;;COM_EVENTOS;NOVA_VERSAO;1;b33523ff0f5156edfb10963c7b73dd391c4a28343c750cb1200a897eefdd99d4;1129;data/raw/yahoo_dividendos/dividendos_COGN3__20261006_b33523ff.csv
20261005_213028;2026-10-06T05:02:28.036680+00:00;dividendos_CPFE3.csv;YAHOO_DIVIDENDOS;;CPFE3.SA;;COM_EVENTOS;NOVA_VERSAO;1;a7e1ee78d313d209a239b80f9734fad3e183cfecfdd4a161eba8ba9ed5afbe1b;983;data/raw/yahoo_dividendos/dividendos_CPFE3__20261006_a7e1ee78.csv
20261005_213028;2026-10-06T05:02:29.146411+00:00;dividendos_CPLE3.csv;YAHOO_DIVIDENDOS;;CPLE3.SA;;COM_EVENTOS;NOVA_VERSAO;1;fa5f062ec977ed6e163e10cedf0e6ab405b7d53da4e0a39f0c93b61eb9ac7a95;1335;data/raw/yahoo_dividendos/dividendos_CPLE3__20261006_fa5f062e.csv
20261005_213028;2026-10-06T05:02:33.331933+00:00;dividendos_CRPG5.csv;YAHOO_DIVIDENDOS;;CRPG5.SA;;COM_EVENTOS;NOVA_VERSAO;1;bfacd51b4541fd5664cf648aace602b01103364a14ea0942ada53a76e1c3d3e5;886;data/raw/yahoo_dividendos/dividendos_CRPG5__20261006_bfacd51b.csv
20261005_213028;2026-10-06T05:02:33.416386+00:00;dividendos_CRPG3.csv;YAHOO_DIVIDENDOS;;CRPG3.SA;;COM_EVENTOS;NOVA_VERSAO;1;37968e99c0c5a747389dee380bd326d4250b77e4ecb0e9881e016e7faa7de5c4;889;data/raw/yahoo_dividendos/dividendos_CRPG3__20261006_37968e99.csv
20261005_213028;2026-10-06T05:02:34.050195+00:00;dividendos_CRPG6.csv;YAHOO_DIVIDENDOS;;CRPG6.SA;;COM_EVENTOS;NOVA_VERSAO;1;83e828c71d46710a4b29c47ea59622540d3a77ea04791a91fa98d755dcbdfeef;855;data/raw/yahoo_dividendos/dividendos_CRPG6__20261006_83e828c7.csv
20261005_213028;2026-10-06T05:02:34.798988+00:00;dividendos_CSAN3.csv;YAHOO_DIVIDENDOS;;CSAN3.SA;;COM_EVENTOS;NOVA_VERSAO;1;5804723db0c801befbf9d4057ae9ab27ab562e533a1e8dd02832c2e71c0aa6be;839;data/raw/yahoo_dividendos/dividendos_CSAN3__20261006_5804723d.csv
20261005_213028;2026-10-06T05:02:35.175911+00:00;dividendos_CSED3.csv;YAHOO_DIVIDENDOS;;CSED3.SA;;COM_EVENTOS;NOVA_VERSAO;1;28a377f2806439df290bd97e3f3efca9b4c2d01ae94ec4cbd29a525f8edc6275;334;data/raw/yahoo_dividendos/dividendos_CSED3__20261006_28a377f2.csv
20261005_213028;2026-10-06T05:02:35.431507+00:00;dividendos_CSMG3.csv;YAHOO_DIVIDENDOS;;CSMG3.SA;;COM_EVENTOS;NOVA_VERSAO;1;048513d9545a2511e971c0b5195bf7b2719ac6caf3e6f1d163557e20d65757c0;2488;data/raw/yahoo_dividendos/dividendos_CSMG3__20261006_048513d9.csv
20261005_213028;2026-10-06T05:02:36.083168+00:00;dividendos_CSNA3.csv;YAHOO_DIVIDENDOS;;CSNA3.SA;;COM_EVENTOS;NOVA_VERSAO;1;3e1e48a70f69abdc5dbad88f6226d3ae3db1f3a30d96a5866d3d0d982923622a;1046;data/raw/yahoo_dividendos/dividendos_CSNA3__20261006_3e1e48a7.csv
20261005_213028;2026-10-06T05:02:37.966713+00:00;dividendos_CSUD3.csv;YAHOO_DIVIDENDOS;;CSUD3.SA;;COM_EVENTOS;NOVA_VERSAO;1;c2e386c2c4b2136bcbdf951bec89e7eadf7d8180a95bf33e26465f7b4e88bbd7;1769;data/raw/yahoo_dividendos/dividendos_CSUD3__20261006_c2e386c2.csv
20261005_213028;2026-10-06T05:02:39.008688+00:00;dividendos_CTAX3.csv;YAHOO_DIVIDENDOS;;CTAX3.SA;;COM_EVENTOS;NOVA_VERSAO;1;e9afed3ca38dc0c0c45936e03fb38fbc72035c45ae0334f58ad4493459cce9a0;413;data/raw/yahoo_dividendos/dividendos_CTAX3__20261006_e9afed3c.csv
20261005_213028;2026-10-06T05:02:39.580392+00:00;dividendos_CTKA3.csv;YAHOO_DIVIDENDOS;;CTKA3.SA;;COM_EVENTOS;NOVA_VERSAO;1;62e303f9f84bb8356a52f12913d3d3ad30143d3a88c5844194fd26f171205733;157;data/raw/yahoo_dividendos/dividendos_CTKA3__20261006_62e303f9.csv
20261005_213028;2026-10-06T05:02:40.293526+00:00;dividendos_CTKA4.csv;YAHOO_DIVIDENDOS;;CTKA4.SA;;COM_EVENTOS;NOVA_VERSAO;1;1a83371865fdb77e78d33aff33ebdc75db5b5bb0abce25bcb25c8e01efcb8841;119;data/raw/yahoo_dividendos/dividendos_CTKA4__20261006_1a833718.csv
20261005_213028;2026-10-06T05:02:41.287643+00:00;dividendos_CTNM4.csv;YAHOO_DIVIDENDOS;;CTNM4.SA;;COM_EVENTOS;NOVA_VERSAO;1;9364b050f49b383463d1c4a7126f5908be4c9e157bc7fc9ee212143530348b01;85;data/raw/yahoo_dividendos/dividendos_CTNM4__20261006_9364b050.csv
20261005_213028;2026-10-06T05:02:42.261173+00:00;dividendos_CTSA3.csv;YAHOO_DIVIDENDOS;;CTSA3.SA;;COM_EVENTOS;NOVA_VERSAO;1;a41472f20131aaa6baae68c430ad9d8f406e8ca4a5af2869edcc2c9e57bb419b;804;data/raw/yahoo_dividendos/dividendos_CTSA3__20261006_a41472f2.csv
20261005_213028;2026-10-06T05:02:42.907786+00:00;dividendos_CURY3.csv;YAHOO_DIVIDENDOS;;CURY3.SA;;COM_EVENTOS;NOVA_VERSAO;1;2ba8c2ef4f593098bd124af2c8b4e69be1ceeff1be422bc729acd3b51730e9a7;693;data/raw/yahoo_dividendos/dividendos_CURY3__20261006_2ba8c2ef.csv
20261005_213028;2026-10-06T05:02:43.237586+00:00;dividendos_CTSA4.csv;YAHOO_DIVIDENDOS;;CTSA4.SA;;COM_EVENTOS;NOVA_VERSAO;1;f8fd59b6bc6ab27c94516221d1e1e371b66461c8ff32a9040ec292f5eb9f500b;588;data/raw/yahoo_dividendos/dividendos_CTSA4__20261006_f8fd59b6.csv
20261005_213028;2026-10-06T05:02:43.690087+00:00;dividendos_CVCB3.csv;YAHOO_DIVIDENDOS;;CVCB3.SA;;COM_EVENTOS;NOVA_VERSAO;1;4e60b6596140864ad977348bb7cf1d7a0db2074e8bc9c66780a45bb718812485;516;data/raw/yahoo_dividendos/dividendos_CVCB3__20261006_4e60b659.csv
20261005_213028;2026-10-06T05:02:44.071977+00:00;dividendos_CYRE3.csv;YAHOO_DIVIDENDOS;;CYRE3.SA;;COM_EVENTOS;NOVA_VERSAO;1;782a19624f206adc7777d0bacbb5e5a76541d22c6ce004ce824bdb5b33943268;803;data/raw/yahoo_dividendos/dividendos_CYRE3__20261006_782a1962.csv
20261005_213028;2026-10-06T05:02:44.096762+00:00;dividendos_CYRE4.csv;YAHOO_DIVIDENDOS;;CYRE4.SA;;SEM_EVENTOS;NOVA_VERSAO;1;642daec761ccb28fc097aa7f22cfeb4552f7859c3b919e315b4f51bc1ae66de3;49;data/raw/yahoo_dividendos/dividendos_CYRE4__20261006_642daec7.csv
20261005_213028;2026-10-06T05:02:44.967672+00:00;dividendos_DESK3.csv;YAHOO_DIVIDENDOS;;DESK3.SA;;COM_EVENTOS;NOVA_VERSAO;1;007554c6ca778febfc1d414d24ab9845c07f3aa889ef0098311dad553fecb686;301;data/raw/yahoo_dividendos/dividendos_DESK3__20261006_007554c6.csv
20261005_213028;2026-10-06T05:02:45.380667+00:00;dividendos_DASA3.csv;YAHOO_DIVIDENDOS;;DASA3.SA;;COM_EVENTOS;NOVA_VERSAO;1;4f739ce5ff9ab4e7bac14d28bc22f5f47188b1f91d915ff3c837bc6f7ca292ce;625;data/raw/yahoo_dividendos/dividendos_DASA3__20261006_4f739ce5.csv
20261005_213028;2026-10-06T05:02:45.781172+00:00;dividendos_DEXP3.csv;YAHOO_DIVIDENDOS;;DEXP3.SA;;COM_EVENTOS;NOVA_VERSAO;1;104e15113aee4658d5b2507aa2767d96c151d0aa752b43c8da599a1c732d7bd1;408;data/raw/yahoo_dividendos/dividendos_DEXP3__20261006_104e1511.csv
20261005_213028;2026-10-06T05:02:46.123833+00:00;dividendos_DEXP4.csv;YAHOO_DIVIDENDOS;;DEXP4.SA;;COM_EVENTOS;NOVA_VERSAO;1;b110e10733a370161edd5519c86716a182507f8b2fb102a1526b391c5cff05ef;337;data/raw/yahoo_dividendos/dividendos_DEXP4__20261006_b110e107.csv
20261005_213028;2026-10-06T05:02:47.889421+00:00;dividendos_DMVF3.csv;YAHOO_DIVIDENDOS;;DMVF3.SA;;SEM_EVENTOS;NOVA_VERSAO;1;642daec761ccb28fc097aa7f22cfeb4552f7859c3b919e315b4f51bc1ae66de3;49;data/raw/yahoo_dividendos/dividendos_DMVF3__20261006_642daec7.csv
20261005_213028;2026-10-06T05:02:47.993881+00:00;dividendos_DIRR3.csv;YAHOO_DIVIDENDOS;;DIRR3.SA;;COM_EVENTOS;NOVA_VERSAO;1;38e13e83b5a577f40a7308d300c3dc2f4f24bb4e3971728a00dec397f5992f42;835;data/raw/yahoo_dividendos/dividendos_DIRR3__20261006_38e13e83.csv
20261005_213028;2026-10-06T05:02:49.496870+00:00;dividendos_DOHL3.csv;YAHOO_DIVIDENDOS;;DOHL3.SA;;COM_EVENTOS;NOVA_VERSAO;1;42571061ee4151cc2eff43872c2788299bc7f13dfc6230de9cf152c9d7c0f996;684;data/raw/yahoo_dividendos/dividendos_DOHL3__20261006_42571061.csv
20261005_213028;2026-10-06T05:02:49.684044+00:00;dividendos_DOHL4.csv;YAHOO_DIVIDENDOS;;DOHL4.SA;;COM_EVENTOS;NOVA_VERSAO;1;a41338522b606341eb5c86b00d3d9307d2da6a9ecb302abefd02acfa7ff53205;593;data/raw/yahoo_dividendos/dividendos_DOHL4__20261006_a4133852.csv
20261005_213028;2026-10-06T05:02:50.517801+00:00;dividendos_DOTZ3.csv;YAHOO_DIVIDENDOS;;DOTZ3.SA;;SEM_EVENTOS;NOVA_VERSAO;1;642daec761ccb28fc097aa7f22cfeb4552f7859c3b919e315b4f51bc1ae66de3;49;data/raw/yahoo_dividendos/dividendos_DOTZ3__20261006_642daec7.csv
20261005_213028;2026-10-06T05:02:51.244188+00:00;dividendos_DTCY3.csv;YAHOO_DIVIDENDOS;;DTCY3.SA;;SEM_EVENTOS;NOVA_VERSAO;1;642daec761ccb28fc097aa7f22cfeb4552f7859c3b919e315b4f51bc1ae66de3;49;data/raw/yahoo_dividendos/dividendos_DTCY3__20261006_642daec7.csv
20261005_213028;2026-10-06T05:02:53.536003+00:00;dividendos_DXCO3.csv;YAHOO_DIVIDENDOS;;DXCO3.SA;;COM_EVENTOS;NOVA_VERSAO;1;ac38d6b79ef42bdc1d90f8f33e81482407663842f9207f64443131c7f419fd6e;1124;data/raw/yahoo_dividendos/dividendos_DXCO3__20261006_ac38d6b7.csv
20261005_213028;2026-10-06T05:02:54.300639+00:00;dividendos_EALT3.csv;YAHOO_DIVIDENDOS;;EALT3.SA;;COM_EVENTOS;NOVA_VERSAO;1;2076c8cce7689da3ee1f63f64b9a21faaa13076e623cda6ab4df15c8047aff7c;729;data/raw/yahoo_dividendos/dividendos_EALT3__20261006_2076c8cc.csv
20261005_213028;2026-10-06T05:02:54.979034+00:00;dividendos_EALT4.csv;YAHOO_DIVIDENDOS;;EALT4.SA;;COM_EVENTOS;NOVA_VERSAO;1;0375ab9d6d66424fd701dc26e61465580706b1813f9d5de0d803bd67adb87843;767;data/raw/yahoo_dividendos/dividendos_EALT4__20261006_0375ab9d.csv
20261005_213028;2026-10-06T05:02:56.681902+00:00;dividendos_ECOM3.csv;YAHOO_DIVIDENDOS;;ECOM3.SA;;COM_EVENTOS;NOVA_VERSAO;1;456360f2d108c134f62f7be5f0e25bc5fb4600a66ca2bcff18beec0d4b36962f;85;data/raw/yahoo_dividendos/dividendos_ECOM3__20261006_456360f2.csv
20261005_213028;2026-10-06T05:02:57.498949+00:00;dividendos_ECOR3.csv;YAHOO_DIVIDENDOS;;ECOR3.SA;;COM_EVENTOS;NOVA_VERSAO;1;42e3214f5b9b552bad54c611cadebd1f8a68ff971e7090f1831c646a0f3d5256;801;data/raw/yahoo_dividendos/dividendos_ECOR3__20261006_42e3214f.csv
20261005_213028;2026-10-06T05:02:58.757171+00:00;dividendos_EGGY3.csv;YAHOO_DIVIDENDOS;;EGGY3.SA;;SEM_EVENTOS;NOVA_VERSAO;1;642daec761ccb28fc097aa7f22cfeb4552f7859c3b919e315b4f51bc1ae66de3;49;data/raw/yahoo_dividendos/dividendos_EGGY3__20261006_642daec7.csv
20261005_213028;2026-10-06T05:02:59.432420+00:00;dividendos_EKTR3.csv;YAHOO_DIVIDENDOS;;EKTR3.SA;;COM_EVENTOS;NOVA_VERSAO;1;a1e526656b3b6e49d6f77b6402289f3360baec6314830d1e3a6f98484046191a;2165;data/raw/yahoo_dividendos/dividendos_EKTR3__20261006_a1e52665.csv
20261005_213028;2026-10-06T05:02:59.446817+00:00;dividendos_EGIE3.csv;YAHOO_DIVIDENDOS;;EGIE3.SA;;COM_EVENTOS;NOVA_VERSAO;1;20585436bb9492eb8ebf985785a48ae7565f5dc5a444ae6036a1dc2c6fe63201;2024;data/raw/yahoo_dividendos/dividendos_EGIE3__20261006_20585436.csv
20261005_213028;2026-10-06T05:03:00.021575+00:00;dividendos_EKTR4.csv;YAHOO_DIVIDENDOS;;EKTR4.SA;;COM_EVENTOS;NOVA_VERSAO;1;afd1173470b4011d91b742da71e095906806b5e993b63bacfc604b9ea1468e69;2024;data/raw/yahoo_dividendos/dividendos_EKTR4__20261006_afd11734.csv
20261005_213028;2026-10-06T05:03:04.300374+00:00;dividendos_EMAE3.csv;YAHOO_DIVIDENDOS;;EMAE3.SA;;COM_EVENTOS;NOVA_VERSAO;1;3498f25b4fab892277a76112e272eff10495ea28fe2eff98f1326c28f47e04c8;583;data/raw/yahoo_dividendos/dividendos_EMAE3__20261006_3498f25b.csv
20261005_213028;2026-10-06T05:03:05.244186+00:00;dividendos_EMAE4.csv;YAHOO_DIVIDENDOS;;EMAE4.SA;;COM_EVENTOS;NOVA_VERSAO;1;1a4b4082c95cc974166b350ae68ac7f023d9e882152ca6267d2929a5085567cc;831;data/raw/yahoo_dividendos/dividendos_EMAE4__20261006_1a4b4082.csv
20261005_213028;2026-10-06T05:03:05.479907+00:00;dividendos_EMBJ3.csv;YAHOO_DIVIDENDOS;;EMBJ3.SA;;COM_EVENTOS;NOVA_VERSAO;1;6e591f3c626038f67f9f2e828bbb101cf551c8d1bcfdf0737fcc143ad5966592;1652;data/raw/yahoo_dividendos/dividendos_EMBJ3__20261006_6e591f3c.csv
20261005_213028;2026-10-06T05:03:07.493727+00:00;dividendos_ENEV3.csv;YAHOO_DIVIDENDOS;;ENEV3.SA;;COM_EVENTOS;NOVA_VERSAO;1;d447af79c1b1e030c9f74f5354d935346de1a772a49eaa516b2009225db583ee;85;data/raw/yahoo_dividendos/dividendos_ENEV3__20261006_d447af79.csv
20261005_213028;2026-10-06T05:03:08.007211+00:00;dividendos_ENGI11.csv;YAHOO_DIVIDENDOS;;ENGI11.SA;;COM_EVENTOS;NOVA_VERSAO;1;ae3dcc8b96af9c09ac25ba96f2f02359105cc33f30f3c61ce17fd275e86e3120;1395;data/raw/yahoo_dividendos/dividendos_ENGI11__20261006_ae3dcc8b.csv
20261005_213028;2026-10-06T05:03:08.133113+00:00;dividendos_ENGI3.csv;YAHOO_DIVIDENDOS;;ENGI3.SA;;COM_EVENTOS;NOVA_VERSAO;1;d559642bae426239dd31a30292ec5608a681eabb4eed8585a40e66c221eb483b;1478;data/raw/yahoo_dividendos/dividendos_ENGI3__20261006_d559642b.csv
20261005_213028;2026-10-06T05:03:08.737125+00:00;dividendos_ENGI4.csv;YAHOO_DIVIDENDOS;;ENGI4.SA;;COM_EVENTOS;NOVA_VERSAO;1;e4c5dc06c96c1f4b529381882cce49a9fbe94b12f7d216852403764f7fd0d18c;1395;data/raw/yahoo_dividendos/dividendos_ENGI4__20261006_e4c5dc06.csv
20261005_213028;2026-10-06T05:03:08.737621+00:00;dividendos_ENJU3.csv;YAHOO_DIVIDENDOS;;ENJU3.SA;;COM_EVENTOS;NOVA_VERSAO;1;1f7a768e07694b77ab600c02758fd886960482556596ac4ced64ce95087d2e87;85;data/raw/yahoo_dividendos/dividendos_ENJU3__20261006_1f7a768e.csv
20261005_213028;2026-10-06T05:03:09.266194+00:00;dividendos_ENMT4.csv;YAHOO_DIVIDENDOS;;ENMT4.SA;;COM_EVENTOS;NOVA_VERSAO;1;36a7ebcd820dc37bcaa9a624a23a0f7f05a5a629597425733503c3155956b44e;1186;data/raw/yahoo_dividendos/dividendos_ENMT4__20261006_36a7ebcd.csv
20261005_213028;2026-10-06T05:03:09.428252+00:00;dividendos_ENMT3.csv;YAHOO_DIVIDENDOS;;ENMT3.SA;;COM_EVENTOS;NOVA_VERSAO;1;9dae9f4c4706e3ea63952d9df99e63e6551b32a79bc11b67c7d4f9dd9aaa4c36;1076;data/raw/yahoo_dividendos/dividendos_ENMT3__20261006_9dae9f4c.csv
20261005_213028;2026-10-06T05:03:10.072542+00:00;dividendos_EPAR3.csv;YAHOO_DIVIDENDOS;;EPAR3.SA;;COM_EVENTOS;NOVA_VERSAO;1;ef94c10c46ec48333c4dec2834531555a333b1f04561e6fda66b45418ba70a69;369;data/raw/yahoo_dividendos/dividendos_EPAR3__20261006_ef94c10c.csv
20261005_213028;2026-10-06T05:03:10.088544+00:00;dividendos_EQPA3.csv;YAHOO_DIVIDENDOS;;EQPA3.SA;;COM_EVENTOS;NOVA_VERSAO;1;eabd2932e21393f50e3f70190097044e13f5ec0342f9c7dafcccadaf3b2dc38b;821;data/raw/yahoo_dividendos/dividendos_EQPA3__20261006_eabd2932.csv
20261005_213028;2026-10-06T05:03:10.753694+00:00;dividendos_EQPA5.csv;YAHOO_DIVIDENDOS;;EQPA5.SA;;COM_EVENTOS;NOVA_VERSAO;1;cac184fd486fd4ea5c496053acc47f78fab6ae1520ef2c2ab846899703679052;785;data/raw/yahoo_dividendos/dividendos_EQPA5__20261006_cac184fd.csv
20261005_213028;2026-10-06T05:03:10.855070+00:00;dividendos_EQPA6.csv;YAHOO_DIVIDENDOS;;EQPA6.SA;;COM_EVENTOS;NOVA_VERSAO;1;aa9ff4fc713d03b69e1907524bc687d174bf279045da599ac2b43da1854c2558;785;data/raw/yahoo_dividendos/dividendos_EQPA6__20261006_aa9ff4fc.csv
20261005_213028;2026-10-06T05:03:11.512857+00:00;dividendos_EQPA7.csv;YAHOO_DIVIDENDOS;;EQPA7.SA;;COM_EVENTOS;NOVA_VERSAO;1;4f5a2aabe41eda4825fcdd03ac67c925be2820f189f1a4050128d480d5742424;785;data/raw/yahoo_dividendos/dividendos_EQPA7__20261006_4f5a2aab.csv
20261005_213028;2026-10-06T05:03:11.712232+00:00;dividendos_EQTL3.csv;YAHOO_DIVIDENDOS;;EQTL3.SA;;COM_EVENTOS;NOVA_VERSAO;1;31b9ae76ae07fa7886f893608becfc4233980c2a721e959b094dfe0321d968aa;1051;data/raw/yahoo_dividendos/dividendos_EQTL3__20261006_31b9ae76.csv
20261005_213028;2026-10-06T05:03:12.475087+00:00;dividendos_ESPA3.csv;YAHOO_DIVIDENDOS;;ESPA3.SA;;COM_EVENTOS;NOVA_VERSAO;1;b66d5d6e211d48908b0283746db6fc9eb7422d81b120893627c66c6c484d066c;229;data/raw/yahoo_dividendos/dividendos_ESPA3__20261006_b66d5d6e.csv
20261005_213028;2026-10-06T05:03:13.339289+00:00;dividendos_ESTR3.csv;YAHOO_DIVIDENDOS;;ESTR3.SA;;SEM_EVENTOS;NOVA_VERSAO;1;642daec761ccb28fc097aa7f22cfeb4552f7859c3b919e315b4f51bc1ae66de3;49;data/raw/yahoo_dividendos/dividendos_ESTR3__20261006_642daec7.csv
20261005_213028;2026-10-06T05:03:13.865421+00:00;dividendos_ESTR4.csv;YAHOO_DIVIDENDOS;;ESTR4.SA;;SEM_EVENTOS;NOVA_VERSAO;1;642daec761ccb28fc097aa7f22cfeb4552f7859c3b919e315b4f51bc1ae66de3;49;data/raw/yahoo_dividendos/dividendos_ESTR4__20261006_642daec7.csv
20261005_213028;2026-10-06T05:03:14.215252+00:00;dividendos_ETER3.csv;YAHOO_DIVIDENDOS;;ETER3.SA;;COM_EVENTOS;NOVA_VERSAO;1;fef65d54898727922c59282a568fddf32b60c356b178b3c17079f96db57b9737;1847;data/raw/yahoo_dividendos/dividendos_ETER3__20261006_fef65d54.csv
20261005_213028;2026-10-06T05:03:14.468656+00:00;dividendos_EUCA3.csv;YAHOO_DIVIDENDOS;;EUCA3.SA;;COM_EVENTOS;NOVA_VERSAO;1;dbadb5fde02f379c3794692617b2a9fa19cc3cd8fe5535c88a4277ca44cbd7fd;656;data/raw/yahoo_dividendos/dividendos_EUCA3__20261006_dbadb5fd.csv
20261005_213028;2026-10-06T05:03:15.100320+00:00;dividendos_EUCA4.csv;YAHOO_DIVIDENDOS;;EUCA4.SA;;COM_EVENTOS;NOVA_VERSAO;1;453d1c0e86917ddbfc8f84e53cff73f28c5ad4cd29e08bd487f7cd7b5b4fa8ef;659;data/raw/yahoo_dividendos/dividendos_EUCA4__20261006_453d1c0e.csv
20261005_213028;2026-10-06T05:03:15.285786+00:00;dividendos_EVEN3.csv;YAHOO_DIVIDENDOS;;EVEN3.SA;;COM_EVENTOS;NOVA_VERSAO;1;2b82427cbd509631afab5a73ea2e68bc1b14568d7214a10aaeb7be2dbf88478a;761;data/raw/yahoo_dividendos/dividendos_EVEN3__20261006_2b82427c.csv
20261005_213028;2026-10-06T05:03:16.112184+00:00;dividendos_EZTC3.csv;YAHOO_DIVIDENDOS;;EZTC3.SA;;COM_EVENTOS;NOVA_VERSAO;1;79ad72d4cefd0e803ac0410b258cabf7062dd37b83ef59f3c234463cafe50de1;1235;data/raw/yahoo_dividendos/dividendos_EZTC3__20261006_79ad72d4.csv
20261005_213028;2026-10-06T05:03:17.300663+00:00;dividendos_FESA3.csv;YAHOO_DIVIDENDOS;;FESA3.SA;;COM_EVENTOS;NOVA_VERSAO;1;f23e2b668d8f01ea95cb265b4440327864dc39b5df6ab6690b0d590b7c35d91d;2022;data/raw/yahoo_dividendos/dividendos_FESA3__20261006_f23e2b66.csv
20261005_213028;2026-10-06T05:03:17.949903+00:00;dividendos_FESA4.csv;YAHOO_DIVIDENDOS;;FESA4.SA;;COM_EVENTOS;NOVA_VERSAO;1;3eeaf04eb0a7da8918761cb5ceb8a4a7409bf44025d8d7c3b4aac7b0d7ccfece;1953;data/raw/yahoo_dividendos/dividendos_FESA4__20261006_3eeaf04e.csv
20261005_213028;2026-10-06T05:03:19.007258+00:00;dividendos_FHER3.csv;YAHOO_DIVIDENDOS;;FHER3.SA;;COM_EVENTOS;NOVA_VERSAO;1;f4a2d80a2f960f4f7f7b5927ad6310af36f8bd98eb007e40a7b85c8e5b76f1cb;113;data/raw/yahoo_dividendos/dividendos_FHER3__20261006_f4a2d80a.csv
20261005_213028;2026-10-06T05:03:19.421699+00:00;dividendos_FICT3.csv;YAHOO_DIVIDENDOS;;FICT3.SA;;SEM_EVENTOS;NOVA_VERSAO;1;642daec761ccb28fc097aa7f22cfeb4552f7859c3b919e315b4f51bc1ae66de3;49;data/raw/yahoo_dividendos/dividendos_FICT3__20261006_642daec7.csv
20261005_213028;2026-10-06T05:03:20.101958+00:00;dividendos_FIEI3.csv;YAHOO_DIVIDENDOS;;FIEI3.SA;;COM_EVENTOS;NOVA_VERSAO;1;3fcd288bb13e3908f1f57c4120c07e131b69bf72cde1cf30f88f2059804d99c4;246;data/raw/yahoo_dividendos/dividendos_FIEI3__20261006_3fcd288b.csv
20261005_213028;2026-10-06T05:03:21.219415+00:00;dividendos_FIGE3.csv;YAHOO_DIVIDENDOS;;FIGE3.SA;;COM_EVENTOS;NOVA_VERSAO;1;4d28e3073fe5295dd1084e530297c4b74305033d68dc53296c0c73d6dafce359;754;data/raw/yahoo_dividendos/dividendos_FIGE3__20261006_4d28e307.csv
20261005_213028;2026-10-06T05:03:21.974602+00:00;dividendos_FIQE3.csv;YAHOO_DIVIDENDOS;;FIQE3.SA;;COM_EVENTOS;NOVA_VERSAO;1;2f0eca758e0f6e861ceb2d8fa64cc9c22be30e4dc4f20af8f442fd7d105554aa;479;data/raw/yahoo_dividendos/dividendos_FIQE3__20261006_2f0eca75.csv
20261005_213028;2026-10-06T05:03:23.286848+00:00;dividendos_FLRY3.csv;YAHOO_DIVIDENDOS;;FLRY3.SA;;COM_EVENTOS;NOVA_VERSAO;1;82fb83d6925a8033c760ce88f8170ac128acfaf5d54cd4a26a687843a5666135;1522;data/raw/yahoo_dividendos/dividendos_FLRY3__20261006_82fb83d6.csv
20261005_213028;2026-10-06T05:03:23.578507+00:00;dividendos_FRAS3.csv;YAHOO_DIVIDENDOS;;FRAS3.SA;;COM_EVENTOS;NOVA_VERSAO;1;5d34a2fa310819b5579acd4c504003d74f4834b0dc6191e4945b25c1c7326bef;1809;data/raw/yahoo_dividendos/dividendos_FRAS3__20261006_5d34a2fa.csv
20261005_213028;2026-10-06T05:03:24.411604+00:00;dividendos_FRIO3.csv;YAHOO_DIVIDENDOS;;FRIO3.SA;;COM_EVENTOS;NOVA_VERSAO;1;794e12bdc370a7fd6fbd7530a5456fbea0dc707149dd76cf0d41efba6f76e21d;194;data/raw/yahoo_dividendos/dividendos_FRIO3__20261006_794e12bd.csv
20261005_213028;2026-10-06T05:03:26.221593+00:00;dividendos_GEPA3.csv;YAHOO_DIVIDENDOS;;GEPA3.SA;;COM_EVENTOS;NOVA_VERSAO;1;4216a72216b5bae29ad85081d2c1e932f257bdd159b61a0abba6ed123febe043;1529;data/raw/yahoo_dividendos/dividendos_GEPA3__20261006_4216a722.csv
20261005_213028;2026-10-06T05:03:26.995656+00:00;dividendos_GEPA4.csv;YAHOO_DIVIDENDOS;;GEPA4.SA;;COM_EVENTOS;NOVA_VERSAO;1;489337ef6a72931e49f9e89b34d3b21d108599a465fa152407bf8d0eaa1e2f9d;1564;data/raw/yahoo_dividendos/dividendos_GEPA4__20261006_489337ef.csv
20261005_213028;2026-10-06T05:03:28.723394+00:00;dividendos_GFSA3.csv;YAHOO_DIVIDENDOS;;GFSA3.SA;;COM_EVENTOS;NOVA_VERSAO;1;7681852d98d4c8763b2e26e5e67856b558fb9e3e14ff979b0b5b1b5ab60be8b2;305;data/raw/yahoo_dividendos/dividendos_GFSA3__20261006_7681852d.csv
20261005_213028;2026-10-06T05:03:28.738706+00:00;dividendos_GGBR3.csv;YAHOO_DIVIDENDOS;;GGBR3.SA;;COM_EVENTOS;NOVA_VERSAO;1;d4768f394746b5d5f0cb35f69b2cc2900a7a19a8ac69ca38c7ae8372ab109e67;2372;data/raw/yahoo_dividendos/dividendos_GGBR3__20261006_d4768f39.csv
20261005_213028;2026-10-06T05:03:29.401964+00:00;dividendos_GGPS3.csv;YAHOO_DIVIDENDOS;;GGPS3.SA;;COM_EVENTOS;NOVA_VERSAO;1;a9f1c3f847b89e0d7a375413add6f661824182ddf8660d66a3f9c32088a0694c;228;data/raw/yahoo_dividendos/dividendos_GGPS3__20261006_a9f1c3f8.csv
20261005_213028;2026-10-06T05:03:29.506275+00:00;dividendos_GGBR4.csv;YAHOO_DIVIDENDOS;;GGBR4.SA;;COM_EVENTOS;NOVA_VERSAO;1;b4959e22eeb431c7fded6bb64526b90392d721e133ddb100143007f2583f3d84;3380;data/raw/yahoo_dividendos/dividendos_GGBR4__20261006_b4959e22.csv
20261005_213028;2026-10-06T05:03:30.037296+00:00;dividendos_GMAT3.csv;YAHOO_DIVIDENDOS;;GMAT3.SA;;COM_EVENTOS;NOVA_VERSAO;1;3d76760bbf11466687cd11d36d307a48429672cba20ab8896ab318fc664dab54;337;data/raw/yahoo_dividendos/dividendos_GMAT3__20261006_3d76760b.csv
20261005_213028;2026-10-06T05:03:31.518348+00:00;dividendos_GOAU3.csv;YAHOO_DIVIDENDOS;;GOAU3.SA;;COM_EVENTOS;NOVA_VERSAO;1;40fb07eda8e975a86019551f022780157cea8d3a1c6f875271b4a99f66eca5c9;2284;data/raw/yahoo_dividendos/dividendos_GOAU3__20261006_40fb07ed.csv
20261005_213028;2026-10-06T05:03:32.088034+00:00;dividendos_GOAU4.csv;YAHOO_DIVIDENDOS;;GOAU4.SA;;COM_EVENTOS;NOVA_VERSAO;1;5aada177b2acb57338988e6275a191c6b1ab3436d7ff536a725363aebfba6d1f;3291;data/raw/yahoo_dividendos/dividendos_GOAU4__20261006_5aada177.csv
20261005_213028;2026-10-06T05:03:33.148515+00:00;dividendos_GPAR3.csv;YAHOO_DIVIDENDOS;;GPAR3.SA;;COM_EVENTOS;NOVA_VERSAO;1;07499817aa547fb65ab4943ebc370b1b992b73c2a91b7e6bbb4bf313af079a4b;230;data/raw/yahoo_dividendos/dividendos_GPAR3__20261006_07499817.csv
20261005_213028;2026-10-06T05:03:34.459185+00:00;dividendos_GRND3.csv;YAHOO_DIVIDENDOS;;GRND3.SA;;COM_EVENTOS;NOVA_VERSAO;1;8dc637b5add019deabf592c2fc9524d672f60522a27d6d4c60f253e97ed847f7;2643;data/raw/yahoo_dividendos/dividendos_GRND3__20261006_8dc637b5.csv
20261005_213028;2026-10-06T05:03:35.249655+00:00;dividendos_GSHP3.csv;YAHOO_DIVIDENDOS;;GSHP3.SA;;COM_EVENTOS;NOVA_VERSAO;1;ea3ca38734e1d6a9b8bc8c44a76de94edc1c32103f121b544e6789fee0e4f598;86;data/raw/yahoo_dividendos/dividendos_GSHP3__20261006_ea3ca387.csv
20261005_213028;2026-10-06T05:03:36.580982+00:00;dividendos_HAGA3.csv;YAHOO_DIVIDENDOS;;HAGA3.SA;;SEM_EVENTOS;NOVA_VERSAO;1;642daec761ccb28fc097aa7f22cfeb4552f7859c3b919e315b4f51bc1ae66de3;49;data/raw/yahoo_dividendos/dividendos_HAGA3__20261006_642daec7.csv
20261005_213028;2026-10-06T05:03:37.133625+00:00;dividendos_HAPV3.csv;YAHOO_DIVIDENDOS;;HAPV3.SA;;COM_EVENTOS;NOVA_VERSAO;1;46dca6d98a9d5bf7c38a2ad54ba755448b966e8610265123d0291baf1311cec2;442;data/raw/yahoo_dividendos/dividendos_HAPV3__20261006_46dca6d9.csv
20261005_213028;2026-10-06T05:03:37.424033+00:00;dividendos_HAGA4.csv;YAHOO_DIVIDENDOS;;HAGA4.SA;;SEM_EVENTOS;NOVA_VERSAO;1;642daec761ccb28fc097aa7f22cfeb4552f7859c3b919e315b4f51bc1ae66de3;49;data/raw/yahoo_dividendos/dividendos_HAGA4__20261006_642daec7.csv
20261005_213028;2026-10-06T05:03:37.956687+00:00;dividendos_HBOR3.csv;YAHOO_DIVIDENDOS;;HBOR3.SA;;COM_EVENTOS;NOVA_VERSAO;1;fbd9b67a37fb762f64196984566f80273c8925c4c05c888c2c7bac8d33b6e001;585;data/raw/yahoo_dividendos/dividendos_HBOR3__20261006_fbd9b67a.csv
20261005_213028;2026-10-06T05:03:38.138840+00:00;dividendos_HBRE3.csv;YAHOO_DIVIDENDOS;;HBRE3.SA;;COM_EVENTOS;NOVA_VERSAO;1;eccaa8c762a232934f47fad7ac644e7ea0ee24de4bcc0e7ae10f9fe726c1bc06;85;data/raw/yahoo_dividendos/dividendos_HBRE3__20261006_eccaa8c7.csv
20261005_213028;2026-10-06T05:03:38.655650+00:00;dividendos_HBSA3.csv;YAHOO_DIVIDENDOS;;HBSA3.SA;;SEM_EVENTOS;NOVA_VERSAO;1;642daec761ccb28fc097aa7f22cfeb4552f7859c3b919e315b4f51bc1ae66de3;49;data/raw/yahoo_dividendos/dividendos_HBSA3__20261006_642daec7.csv
20261005_213028;2026-10-06T05:03:39.026954+00:00;dividendos_HETA3.csv;YAHOO_DIVIDENDOS;;HETA3.SA;;SEM_EVENTOS;NOVA_VERSAO;1;642daec761ccb28fc097aa7f22cfeb4552f7859c3b919e315b4f51bc1ae66de3;49;data/raw/yahoo_dividendos/dividendos_HETA3__20261006_642daec7.csv
20261005_213028;2026-10-06T05:03:39.261973+00:00;dividendos_HBTS5.csv;YAHOO_DIVIDENDOS;;HBTS5.SA;;COM_EVENTOS;NOVA_VERSAO;1;d310c8104648734ff63403bc153ae70e04f6c33695ae3f417c06818428be1c07;582;data/raw/yahoo_dividendos/dividendos_HBTS5__20261006_d310c810.csv
20261005_213028;2026-10-06T05:03:40.064599+00:00;dividendos_HETA4.csv;YAHOO_DIVIDENDOS;;HETA4.SA;;SEM_EVENTOS;NOVA_VERSAO;1;642daec761ccb28fc097aa7f22cfeb4552f7859c3b919e315b4f51bc1ae66de3;49;data/raw/yahoo_dividendos/dividendos_HETA4__20261006_642daec7.csv
20261005_213028;2026-10-06T05:03:40.874961+00:00;dividendos_HOOT4.csv;YAHOO_DIVIDENDOS;;HOOT4.SA;;SEM_EVENTOS;NOVA_VERSAO;1;642daec761ccb28fc097aa7f22cfeb4552f7859c3b919e315b4f51bc1ae66de3;49;data/raw/yahoo_dividendos/dividendos_HOOT4__20261006_642daec7.csv
20261005_213028;2026-10-06T05:03:41.599237+00:00;dividendos_HYPE3.csv;YAHOO_DIVIDENDOS;;HYPE3.SA;;COM_EVENTOS;NOVA_VERSAO;1;b21091557ec184c58086726bbb56726976edf7f6481f7c74dc4bfafc41b998f8;1768;data/raw/yahoo_dividendos/dividendos_HYPE3__20261006_b2109155.csv
20261005_213028;2026-10-06T05:03:44.249616+00:00;dividendos_IFCM3.csv;YAHOO_DIVIDENDOS;;IFCM3.SA;;SEM_EVENTOS;NOVA_VERSAO;1;642daec761ccb28fc097aa7f22cfeb4552f7859c3b919e315b4f51bc1ae66de3;49;data/raw/yahoo_dividendos/dividendos_IFCM3__20261006_642daec7.csv
20261005_213028;2026-10-06T05:03:45.749663+00:00;dividendos_IGTI11.csv;YAHOO_DIVIDENDOS;;IGTI11.SA;;COM_EVENTOS;NOVA_VERSAO;1;8430de9dbaa9beb0de65c05ffb9d7e1ba37e372a4225b8edc55b3fda2d7fb266;425;data/raw/yahoo_dividendos/dividendos_IGTI11__20261006_8430de9d.csv
20261005_213028;2026-10-06T05:03:46.213599+00:00;dividendos_IGTI3.csv;YAHOO_DIVIDENDOS;;IGTI3.SA;;COM_EVENTOS;NOVA_VERSAO;1;0d0cb46979264ceea6bdc1a5d5e8fb25e6c64366ceee4051e31a84ba5b814fb3;799;data/raw/yahoo_dividendos/dividendos_IGTI3__20261006_0d0cb469.csv
20261005_213028;2026-10-06T05:03:46.455165+00:00;dividendos_IGTI4.csv;YAHOO_DIVIDENDOS;;IGTI4.SA;;COM_EVENTOS;NOVA_VERSAO;1;174dd428bcc35ee9e523dc6c847d42a0da4ba047f8d8ee27e1255f799cf61da6;337;data/raw/yahoo_dividendos/dividendos_IGTI4__20261006_174dd428.csv
20261005_213028;2026-10-06T05:03:50.933527+00:00;dividendos_INEP3.csv;YAHOO_DIVIDENDOS;;INEP3.SA;;COM_EVENTOS;NOVA_VERSAO;1;0cd3bdbec7371e1c763c3a8ee53da92bd4c303c227849b0dfef3c26283fe5274;85;data/raw/yahoo_dividendos/dividendos_INEP3__20261006_0cd3bdbe.csv
20261005_213028;2026-10-06T05:03:51.807992+00:00;dividendos_INEP4.csv;YAHOO_DIVIDENDOS;;INEP4.SA;;COM_EVENTOS;NOVA_VERSAO;1;7c9375412d6d99f5ae4c44501102ebd98d759d2c98ffc818e3d92437f5ca8c91;85;data/raw/yahoo_dividendos/dividendos_INEP4__20261006_7c937541.csv
20261005_213028;2026-10-06T05:03:52.342008+00:00;dividendos_INTB3.csv;YAHOO_DIVIDENDOS;;INTB3.SA;;COM_EVENTOS;NOVA_VERSAO;1;36386387f7c8ab1f3d3bcb500480b8ec127114e8b0107bb696aeda8741a5f693;660;data/raw/yahoo_dividendos/dividendos_INTB3__20261006_36386387.csv
20261005_213028;2026-10-06T05:03:52.879236+00:00;dividendos_ISAE3.csv;YAHOO_DIVIDENDOS;;ISAE3.SA;;COM_EVENTOS;NOVA_VERSAO;1;5d718b3c44bab2ac26e84caa4164aedc115c2dee9e9e6fe75968c1d472b8ff87;2458;data/raw/yahoo_dividendos/dividendos_ISAE3__20261006_5d718b3c.csv
20261005_213028;2026-10-06T05:03:53.470827+00:00;dividendos_ISAE4.csv;YAHOO_DIVIDENDOS;;ISAE4.SA;;COM_EVENTOS;NOVA_VERSAO;1;d751631dc2ecc43ba446543a6063f788f3c3386861ec504271618789f67f8961;2386;data/raw/yahoo_dividendos/dividendos_ISAE4__20261006_d751631d.csv
20261005_213028;2026-10-06T05:03:54.740316+00:00;dividendos_ITSA3.csv;YAHOO_DIVIDENDOS;;ITSA3.SA;;COM_EVENTOS;NOVA_VERSAO;1;e066a5cdcf4695614579e18a9e7f4281d8d2f47577a22c8a1917c0c6327e01df;5204;data/raw/yahoo_dividendos/dividendos_ITSA3__20261006_e066a5cd.csv
20261005_213028;2026-10-06T05:03:55.033491+00:00;dividendos_ITSA4.csv;YAHOO_DIVIDENDOS;;ITSA4.SA;;COM_EVENTOS;NOVA_VERSAO;1;61e069e7428fd40bb22f4e71b7d0cc94ebd0ccd4b7d0431e57bee96a948e292e;5132;data/raw/yahoo_dividendos/dividendos_ITSA4__20261006_61e069e7.csv
20261005_213028;2026-10-06T05:03:55.585723+00:00;dividendos_JALL3.csv;YAHOO_DIVIDENDOS;;JALL3.SA;;COM_EVENTOS;NOVA_VERSAO;1;ff6f0b07ded9ca263503dd37d2f7f543c3fe7ead4014ee7f361892834ae3c18e;265;data/raw/yahoo_dividendos/dividendos_JALL3__20261006_ff6f0b07.csv
20261005_213028;2026-10-06T05:03:56.197961+00:00;dividendos_JFEN3.csv;YAHOO_DIVIDENDOS;;JFEN3.SA;;COM_EVENTOS;NOVA_VERSAO;1;a04f93d58f0da16867700be5049f1af445136e9caf78c6dc1dac950a18a7c27f;196;data/raw/yahoo_dividendos/dividendos_JFEN3__20261006_a04f93d5.csv
20261005_213028;2026-10-06T05:03:56.656446+00:00;dividendos_JOPA3.csv;YAHOO_DIVIDENDOS;;JOPA3.SA;;COM_EVENTOS;NOVA_VERSAO;1;c90ba93313c8f2844fb37cfe6e919e8aca45a1f9f4b879b03ef01cf0bfbc63c7;757;data/raw/yahoo_dividendos/dividendos_JOPA3__20261006_c90ba933.csv
20261005_213028;2026-10-06T05:03:56.892691+00:00;dividendos_JHSF3.csv;YAHOO_DIVIDENDOS;;JHSF3.SA;;COM_EVENTOS;NOVA_VERSAO;1;265cdf6246b71615b97762e69f35749989ceb3263ce688867b1a64e8e96f51fb;2281;data/raw/yahoo_dividendos/dividendos_JHSF3__20261006_265cdf62.csv
20261005_213028;2026-10-06T05:03:57.281097+00:00;dividendos_JOPA4.csv;YAHOO_DIVIDENDOS;;JOPA4.SA;;COM_EVENTOS;NOVA_VERSAO;1;ef5d8706042f31f31a93f86a453f036203e3ffa5d344451db2e79330424c1ddc;864;data/raw/yahoo_dividendos/dividendos_JOPA4__20261006_ef5d8706.csv
20261005_213028;2026-10-06T05:03:58.754409+00:00;dividendos_JSLG3.csv;YAHOO_DIVIDENDOS;;JSLG3.SA;;COM_EVENTOS;NOVA_VERSAO;1;1acbee895ad1265652964ef5b12c8bc0b1eb7f21db882924f43a30d1ae4587bd;334;data/raw/yahoo_dividendos/dividendos_JSLG3__20261006_1acbee89.csv
20261005_213028;2026-10-06T05:03:58.944140+00:00;dividendos_KEPL3.csv;YAHOO_DIVIDENDOS;;KEPL3.SA;;COM_EVENTOS;NOVA_VERSAO;1;12497b975abd24a6329bb2fc52ce77c0be37c5f47e03f3cea5475aad02a045ff;1014;data/raw/yahoo_dividendos/dividendos_KEPL3__20261006_12497b97.csv
20261005_213028;2026-10-06T05:03:59.670514+00:00;dividendos_KLBN3.csv;YAHOO_DIVIDENDOS;;KLBN3.SA;;COM_EVENTOS;NOVA_VERSAO;1;698f4531436a99e661e5c7a24d572b42e483006857dbc905d8271c1b0ebc1837;2055;data/raw/yahoo_dividendos/dividendos_KLBN3__20261006_698f4531.csv
20261005_213028;2026-10-06T05:03:59.774173+00:00;dividendos_KLBN11.csv;YAHOO_DIVIDENDOS;;KLBN11.SA;;COM_EVENTOS;NOVA_VERSAO;1;87f742a12ee040251c76be89b2184acd0a69bcd7139e513807aea529fb485003;1830;data/raw/yahoo_dividendos/dividendos_KLBN11__20261006_87f742a1.csv
20261005_213028;2026-10-06T05:04:00.887306+00:00;dividendos_KLBN4.csv;YAHOO_DIVIDENDOS;;KLBN4.SA;;COM_EVENTOS;NOVA_VERSAO;1;2d8d8c0d08a9b29573ddb49a30714f2926b7726de9924c749758c3391e126140;2128;data/raw/yahoo_dividendos/dividendos_KLBN4__20261006_2d8d8c0d.csv
20261005_213028;2026-10-06T05:04:04.021267+00:00;dividendos_LAND3.csv;YAHOO_DIVIDENDOS;;LAND3.SA;;COM_EVENTOS;NOVA_VERSAO;1;e04ec5c45edf488d228660c945fd379614a69fbd66968403c7c3b60652c588d3;193;data/raw/yahoo_dividendos/dividendos_LAND3__20261006_e04ec5c4.csv
20261005_213028;2026-10-06T05:04:04.581925+00:00;dividendos_LAVV3.csv;YAHOO_DIVIDENDOS;;LAVV3.SA;;COM_EVENTOS;NOVA_VERSAO;1;7137fb6427b4b5fd7bedd8ee5f066cb639c4b8ca1ce171a7a8024a8f73aff890;766;data/raw/yahoo_dividendos/dividendos_LAVV3__20261006_7137fb64.csv
20261005_213028;2026-10-06T05:04:05.414064+00:00;dividendos_LEVE3.csv;YAHOO_DIVIDENDOS;;LEVE3.SA;;COM_EVENTOS;NOVA_VERSAO;1;20a1b0484c2fa336d96d2e1dec554e675e8cd6762515f13743c13c2ae9773d3c;1662;data/raw/yahoo_dividendos/dividendos_LEVE3__20261006_20a1b048.csv
20261005_213028;2026-10-06T05:04:08.396074+00:00;dividendos_LIGT3.csv;YAHOO_DIVIDENDOS;;LIGT3.SA;;COM_EVENTOS;NOVA_VERSAO;1;5c2e201fe6786751dfb0ea64493a6be2beaa5c3a1341a2908fbf437d91565acd;696;data/raw/yahoo_dividendos/dividendos_LIGT3__20261006_5c2e201f.csv
20261005_213028;2026-10-06T05:04:10.545187+00:00;dividendos_LJQQ3.csv;YAHOO_DIVIDENDOS;;LJQQ3.SA;;COM_EVENTOS;NOVA_VERSAO;1;5312397517600e4820839484e9b031014062481d6a3886633645675f3b04ac34;228;data/raw/yahoo_dividendos/dividendos_LJQQ3__20261006_53123975.csv
20261005_213028;2026-10-06T05:04:12.344896+00:00;dividendos_LOGG3.csv;YAHOO_DIVIDENDOS;;LOGG3.SA;;COM_EVENTOS;NOVA_VERSAO;1;33d86e4b0200e68bfe49e5ecb49820be476c7d98e371f0285643949b7517bc7e;552;data/raw/yahoo_dividendos/dividendos_LOGG3__20261006_33d86e4b.csv
20261005_213028;2026-10-06T05:04:12.824267+00:00;dividendos_LOGN3.csv;YAHOO_DIVIDENDOS;;LOGN3.SA;;COM_EVENTOS;NOVA_VERSAO;1;77490de8e9860e4c2c96c636524d437bb937bcbf1f29ef0ac427b629541f9c0b;120;data/raw/yahoo_dividendos/dividendos_LOGN3__20261006_77490de8.csv
20261005_213028;2026-10-06T05:04:13.158198+00:00;dividendos_LPSB3.csv;YAHOO_DIVIDENDOS;;LPSB3.SA;;COM_EVENTOS;NOVA_VERSAO;1;7570210839f5dc0fd3910329413c0cd16efc978d0c3c987106137db0340e9fb5;478;data/raw/yahoo_dividendos/dividendos_LPSB3__20261006_75702108.csv
20261005_213028;2026-10-06T05:04:13.470017+00:00;dividendos_LREN3.csv;YAHOO_DIVIDENDOS;;LREN3.SA;;COM_EVENTOS;NOVA_VERSAO;1;4432a3a51dca8e88fd3a04db6f51693a89ab8147b42d50c674cab4c4245fc5e4;2884;data/raw/yahoo_dividendos/dividendos_LREN3__20261006_4432a3a5.csv
20261005_213028;2026-10-06T05:04:14.047149+00:00;dividendos_LUPA3.csv;YAHOO_DIVIDENDOS;;LUPA3.SA;;SEM_EVENTOS;NOVA_VERSAO;1;642daec761ccb28fc097aa7f22cfeb4552f7859c3b919e315b4f51bc1ae66de3;49;data/raw/yahoo_dividendos/dividendos_LUPA3__20261006_642daec7.csv
20261005_213028;2026-10-06T05:04:15.001916+00:00;dividendos_LWSA3.csv;YAHOO_DIVIDENDOS;;LWSA3.SA;;COM_EVENTOS;NOVA_VERSAO;1;f22629d4657678f02c441df38e60cd9c21a3ad3ef767858d9a647d536ef3ec11;265;data/raw/yahoo_dividendos/dividendos_LWSA3__20261006_f22629d4.csv
20261005_213028;2026-10-06T05:04:15.154272+00:00;dividendos_LUXM4.csv;YAHOO_DIVIDENDOS;;LUXM4.SA;;COM_EVENTOS;NOVA_VERSAO;1;9fbc83d60c31b168967bc24d15d5fd8e0b9f9ec7d0cd6af00244ac4f35dd5465;765;data/raw/yahoo_dividendos/dividendos_LUXM4__20261006_9fbc83d6.csv
20261005_213028;2026-10-06T05:04:16.400195+00:00;dividendos_MAPT3.csv;YAHOO_DIVIDENDOS;;MAPT3.SA;;SEM_EVENTOS;NOVA_VERSAO;1;642daec761ccb28fc097aa7f22cfeb4552f7859c3b919e315b4f51bc1ae66de3;49;data/raw/yahoo_dividendos/dividendos_MAPT3__20261006_642daec7.csv
20261005_213028;2026-10-06T05:04:17.039982+00:00;dividendos_MAPT4.csv;YAHOO_DIVIDENDOS;;MAPT4.SA;;SEM_EVENTOS;NOVA_VERSAO;1;642daec761ccb28fc097aa7f22cfeb4552f7859c3b919e315b4f51bc1ae66de3;49;data/raw/yahoo_dividendos/dividendos_MAPT4__20261006_642daec7.csv
20261005_213028;2026-10-06T05:04:17.122361+00:00;dividendos_MATD3.csv;YAHOO_DIVIDENDOS;;MATD3.SA;;COM_EVENTOS;NOVA_VERSAO;1;cf37d9e8b9bd5454a2b0aef3aa997699fc8cbe90ded4342ba30314fc06100f92;229;data/raw/yahoo_dividendos/dividendos_MATD3__20261006_cf37d9e8.csv
20261005_213028;2026-10-06T05:04:17.937227+00:00;dividendos_MBRF3.csv;YAHOO_DIVIDENDOS;;MBRF3.SA;;COM_EVENTOS;NOVA_VERSAO;1;a9e3a44b61d6c60861290ead410989ab5359d4a38b346168a9bcd346ebc153b5;445;data/raw/yahoo_dividendos/dividendos_MBRF3__20261006_a9e3a44b.csv
20261005_213028;2026-10-06T05:04:18.478869+00:00;dividendos_MDIA3.csv;YAHOO_DIVIDENDOS;;MDIA3.SA;;COM_EVENTOS;NOVA_VERSAO;1;f5a4face838461c3c0140e5189ffc7fb3edd033cac2bec88f4d880bd0e824818;1913;data/raw/yahoo_dividendos/dividendos_MDIA3__20261006_f5a4face.csv
20261005_213028;2026-10-06T05:04:18.850613+00:00;dividendos_MDNE3.csv;YAHOO_DIVIDENDOS;;MDNE3.SA;;COM_EVENTOS;NOVA_VERSAO;1;8f013dde620562edd1585b53894bf76ff6c78145b333c3c48db473f2d9208eaf;193;data/raw/yahoo_dividendos/dividendos_MDNE3__20261006_8f013dde.csv
20261005_213028;2026-10-06T05:04:19.405991+00:00;dividendos_MEAL3.csv;YAHOO_DIVIDENDOS;;MEAL3.SA;;COM_EVENTOS;NOVA_VERSAO;1;9cbaeda868e6bf8971f383abafd933717c435cfd67a51a4732e93c45b8694a95;193;data/raw/yahoo_dividendos/dividendos_MEAL3__20261006_9cbaeda8.csv
20261005_213028;2026-10-06T05:04:20.002757+00:00;dividendos_MELK3.csv;YAHOO_DIVIDENDOS;;MELK3.SA;;COM_EVENTOS;NOVA_VERSAO;1;36d1dff0a19343ebbf4fd885822dfb1387c612a43d9cda7d813d8f41ceac72df;660;data/raw/yahoo_dividendos/dividendos_MELK3__20261006_36d1dff0.csv
20261005_213028;2026-10-06T05:04:21.889903+00:00;dividendos_MGEL4.csv;YAHOO_DIVIDENDOS;;MGEL4.SA;;COM_EVENTOS;NOVA_VERSAO;1;a80d53b7a6bb01acc760c35fd664fab0c9cba3659295b05ce95bdf78598ea4b8;85;data/raw/yahoo_dividendos/dividendos_MGEL4__20261006_a80d53b7.csv
20261005_213028;2026-10-06T05:04:22.415416+00:00;dividendos_MGLU3.csv;YAHOO_DIVIDENDOS;;MGLU3.SA;;COM_EVENTOS;NOVA_VERSAO;1;ac1c1d2d557e534a4b058ef53bbdf16778f7e670de031de051ef1bef52cf3fb9;660;data/raw/yahoo_dividendos/dividendos_MGLU3__20261006_ac1c1d2d.csv
20261005_213028;2026-10-06T05:04:23.116748+00:00;dividendos_MLAS3.csv;YAHOO_DIVIDENDOS;;MLAS3.SA;;COM_EVENTOS;NOVA_VERSAO;1;7bbbb24c627c2ec6c46e9c0138bfe167aab15372d6b16a12d1143667ac919644;120;data/raw/yahoo_dividendos/dividendos_MLAS3__20261006_7bbbb24c.csv
20261005_213028;2026-10-06T05:04:23.216700+00:00;dividendos_MILS3.csv;YAHOO_DIVIDENDOS;;MILS3.SA;;COM_EVENTOS;NOVA_VERSAO;1;302ac106d742b8d35675e7f59555fb8830a7d147fe48910d1973df5d26e5e63c;1196;data/raw/yahoo_dividendos/dividendos_MILS3__20261006_302ac106.csv
20261005_213028;2026-10-06T05:04:23.999673+00:00;dividendos_MMAQ4.csv;YAHOO_DIVIDENDOS;;MMAQ4.SA;;COM_EVENTOS;NOVA_VERSAO;1;f3881907fec64cf212d9750e1f962b56c13df88a12916374fd35b4cf679b7005;734;data/raw/yahoo_dividendos/dividendos_MMAQ4__20261006_f3881907.csv
20261005_213028;2026-10-06T05:04:24.178073+00:00;dividendos_MMAQ3.csv;YAHOO_DIVIDENDOS;;MMAQ3.SA;;COM_EVENTOS;NOVA_VERSAO;1;e5ff4adbd928b9912fdc0d1b0a388d549ba38b0eb323fd0b61a7bdff8f2d2a51;947;data/raw/yahoo_dividendos/dividendos_MMAQ3__20261006_e5ff4adb.csv
20261005_213028;2026-10-06T05:04:25.093871+00:00;dividendos_MNDL3.csv;YAHOO_DIVIDENDOS;;MNDL3.SA;;COM_EVENTOS;NOVA_VERSAO;1;de87609fb6b90874b42944c2fbd55831e07eab813200bb5f2f99f9d7387211bf;228;data/raw/yahoo_dividendos/dividendos_MNDL3__20261006_de87609f.csv
20261005_213028;2026-10-06T05:04:25.917069+00:00;dividendos_MNPR3.csv;YAHOO_DIVIDENDOS;;MNPR3.SA;;COM_EVENTOS;NOVA_VERSAO;1;694b8642f7fdb6a58c80416c4afbd903a7523a1254408b9cd141435dd7701c5c;85;data/raw/yahoo_dividendos/dividendos_MNPR3__20261006_694b8642.csv
20261005_213028;2026-10-06T05:04:27.376549+00:00;dividendos_MOTV3.csv;YAHOO_DIVIDENDOS;;MOTV3.SA;;COM_EVENTOS;NOVA_VERSAO;1;21e926501fc4df70940df052de4ea049f08107f1a05dc3202a96bc7c16902ae4;1422;data/raw/yahoo_dividendos/dividendos_MOTV3__20261006_21e92650.csv
20261005_213028;2026-10-06T05:04:27.921615+00:00;dividendos_MOVI3.csv;YAHOO_DIVIDENDOS;;MOVI3.SA;;COM_EVENTOS;NOVA_VERSAO;1;827735bfaf5b1f2fd8df1fd941117ec3f0c8181639e31fc79eed5436f7c0c268;911;data/raw/yahoo_dividendos/dividendos_MOVI3__20261006_827735bf.csv
20261005_213028;2026-10-06T05:04:30.825313+00:00;dividendos_MRVE3.csv;YAHOO_DIVIDENDOS;;MRVE3.SA;;COM_EVENTOS;NOVA_VERSAO;1;39898c1260c7fa8860fcfe8173a502e081706bba3756bed46986f6a950db547d;897;data/raw/yahoo_dividendos/dividendos_MRVE3__20261006_39898c12.csv
20261005_213028;2026-10-06T05:04:31.119151+00:00;dividendos_MSPA3.csv;YAHOO_DIVIDENDOS;;MSPA3.SA;;COM_EVENTOS;NOVA_VERSAO;1;123030c76c59f7a03454fd43acfee79f6d5ba811b8aa06320cf8dcdcf51d3e92;314;data/raw/yahoo_dividendos/dividendos_MSPA3__20261006_123030c7.csv
20261005_213028;2026-10-06T05:04:31.295325+00:00;dividendos_MSPA4.csv;YAHOO_DIVIDENDOS;;MSPA4.SA;;COM_EVENTOS;NOVA_VERSAO;1;ba35015259ed6dc1ed793910db7078ff0b3fbff300f22a731d2180ee0f1e79f5;316;data/raw/yahoo_dividendos/dividendos_MSPA4__20261006_ba350152.csv
20261005_213028;2026-10-06T05:04:32.735499+00:00;dividendos_MTRE3.csv;YAHOO_DIVIDENDOS;;MTRE3.SA;;COM_EVENTOS;NOVA_VERSAO;1;e3fcba3ed00c32b37ef8b1b78aa91c3f16481085a91d5571ab79efb9f9b1aa6b;1370;data/raw/yahoo_dividendos/dividendos_MTRE3__20261006_e3fcba3e.csv
20261005_213028;2026-10-06T05:04:33.101633+00:00;dividendos_MTSA3.csv;YAHOO_DIVIDENDOS;;MTSA3.SA;;COM_EVENTOS;NOVA_VERSAO;1;1b9df9daef28ab6e736486af9bc5e213083680e90c2d87728dc5e06e39092189;1376;data/raw/yahoo_dividendos/dividendos_MTSA3__20261006_1b9df9da.csv
20261005_213028;2026-10-06T05:04:33.425352+00:00;dividendos_MTSA4.csv;YAHOO_DIVIDENDOS;;MTSA4.SA;;COM_EVENTOS;NOVA_VERSAO;1;9d50f92377ed34ada1be021f14ee2616ba530585a5aa33e938bc0b480c5836b3;1274;data/raw/yahoo_dividendos/dividendos_MTSA4__20261006_9d50f923.csv
20261005_213028;2026-10-06T05:04:33.869985+00:00;dividendos_MULT3.csv;YAHOO_DIVIDENDOS;;MULT3.SA;;COM_EVENTOS;NOVA_VERSAO;1;761c217fe9fc17f18eef54d2c1f24105b5ae635f397e702810db09a59ec04fc3;1663;data/raw/yahoo_dividendos/dividendos_MULT3__20261006_761c217f.csv
20261005_213028;2026-10-06T05:04:34.289922+00:00;dividendos_MWET3.csv;YAHOO_DIVIDENDOS;;MWET3.SA;;SEM_EVENTOS;NOVA_VERSAO;1;642daec761ccb28fc097aa7f22cfeb4552f7859c3b919e315b4f51bc1ae66de3;49;data/raw/yahoo_dividendos/dividendos_MWET3__20261006_642daec7.csv
20261005_213028;2026-10-06T05:04:34.558764+00:00;dividendos_MWET4.csv;YAHOO_DIVIDENDOS;;MWET4.SA;;SEM_EVENTOS;NOVA_VERSAO;1;642daec761ccb28fc097aa7f22cfeb4552f7859c3b919e315b4f51bc1ae66de3;49;data/raw/yahoo_dividendos/dividendos_MWET4__20261006_642daec7.csv
20261005_213028;2026-10-06T05:04:35.124826+00:00;dividendos_MYPK3.csv;YAHOO_DIVIDENDOS;;MYPK3.SA;;COM_EVENTOS;NOVA_VERSAO;1;0f8969da05f2df5a4aee15fce314bc6036d417438573fc96e6a7bce244818a32;1052;data/raw/yahoo_dividendos/dividendos_MYPK3__20261006_0f8969da.csv
20261005_213028;2026-10-06T05:04:36.470156+00:00;dividendos_NATU3.csv;YAHOO_DIVIDENDOS;;NATU3.SA;;COM_EVENTOS;NOVA_VERSAO;1;c32c4584d8f4be0c566d3cf956d7e03b96dc8799fa2cddec9925038556e63c03;910;data/raw/yahoo_dividendos/dividendos_NATU3__20261006_c32c4584.csv
20261005_213028;2026-10-06T05:04:38.699110+00:00;dividendos_NEXP3.csv;YAHOO_DIVIDENDOS;;NEXP3.SA;;COM_EVENTOS;NOVA_VERSAO;1;8b60f36ec1ca5b6d29707b94fe7ffbd53a710f9b51df368a5269b6c9e400c801;306;data/raw/yahoo_dividendos/dividendos_NEXP3__20261006_8b60f36e.csv
20261005_213028;2026-10-06T05:04:40.537099+00:00;dividendos_NORD3.csv;YAHOO_DIVIDENDOS;;NORD3.SA;;SEM_EVENTOS;NOVA_VERSAO;1;642daec761ccb28fc097aa7f22cfeb4552f7859c3b919e315b4f51bc1ae66de3;49;data/raw/yahoo_dividendos/dividendos_NORD3__20261006_642daec7.csv
20261005_213028;2026-10-06T05:04:41.125177+00:00;dividendos_NUTR3.csv;YAHOO_DIVIDENDOS;;NUTR3.SA;;SEM_EVENTOS;NOVA_VERSAO;1;642daec761ccb28fc097aa7f22cfeb4552f7859c3b919e315b4f51bc1ae66de3;49;data/raw/yahoo_dividendos/dividendos_NUTR3__20261006_642daec7.csv
20261005_213028;2026-10-06T05:04:41.216757+00:00;dividendos_ODER4.csv;YAHOO_DIVIDENDOS;;ODER4.SA;;SEM_EVENTOS;NOVA_VERSAO;1;642daec761ccb28fc097aa7f22cfeb4552f7859c3b919e315b4f51bc1ae66de3;49;data/raw/yahoo_dividendos/dividendos_ODER4__20261006_642daec7.csv
20261005_213028;2026-10-06T05:04:42.411217+00:00;dividendos_OFSA3.csv;YAHOO_DIVIDENDOS;;OFSA3.SA;;COM_EVENTOS;NOVA_VERSAO;1;329a5456451850055a452d95da2dac34dade39a2f2d241097c4946e079a03664;834;data/raw/yahoo_dividendos/dividendos_OFSA3__20261006_329a5456.csv
20261005_213028;2026-10-06T05:04:44.340051+00:00;dividendos_OIBR3.csv;YAHOO_DIVIDENDOS;;OIBR3.SA;;COM_EVENTOS;NOVA_VERSAO;1;1044e1907f842ae50da50b2bc7af21de7853d59e5a20170daa141314ebdcb799;304;data/raw/yahoo_dividendos/dividendos_OIBR3__20261006_1044e190.csv
20261005_213028;2026-10-06T05:04:44.582565+00:00;dividendos_OIBR4.csv;YAHOO_DIVIDENDOS;;OIBR4.SA;;COM_EVENTOS;NOVA_VERSAO;1;f2304c4a26baa73302c2898ea6861a6640799f66def801c09d05ab8d54b46ff8;870;data/raw/yahoo_dividendos/dividendos_OIBR4__20261006_f2304c4a.csv
20261005_213028;2026-10-06T05:04:45.541327+00:00;dividendos_ONCO3.csv;YAHOO_DIVIDENDOS;;ONCO3.SA;;SEM_EVENTOS;NOVA_VERSAO;1;642daec761ccb28fc097aa7f22cfeb4552f7859c3b919e315b4f51bc1ae66de3;49;data/raw/yahoo_dividendos/dividendos_ONCO3__20261006_642daec7.csv
20261005_213028;2026-10-06T05:04:46.226860+00:00;dividendos_ORVR3.csv;YAHOO_DIVIDENDOS;;ORVR3.SA;;SEM_EVENTOS;NOVA_VERSAO;1;642daec761ccb28fc097aa7f22cfeb4552f7859c3b919e315b4f51bc1ae66de3;49;data/raw/yahoo_dividendos/dividendos_ORVR3__20261006_642daec7.csv
20261005_213028;2026-10-06T05:04:46.268799+00:00;dividendos_OPCT3.csv;YAHOO_DIVIDENDOS;;OPCT3.SA;;COM_EVENTOS;NOVA_VERSAO;1;d6fbc4a132650354afc0f213e46f5cf27bd339ebc3545bd5583219a2b993227f;85;data/raw/yahoo_dividendos/dividendos_OPCT3__20261006_d6fbc4a1.csv
20261005_213028;2026-10-06T05:04:46.897245+00:00;dividendos_OSXB3.csv;YAHOO_DIVIDENDOS;;OSXB3.SA;;SEM_EVENTOS;NOVA_VERSAO;1;642daec761ccb28fc097aa7f22cfeb4552f7859c3b919e315b4f51bc1ae66de3;49;data/raw/yahoo_dividendos/dividendos_OSXB3__20261006_642daec7.csv
20261005_213028;2026-10-06T05:04:47.523713+00:00;dividendos_PASS3.csv;YAHOO_DIVIDENDOS;;PASS3.SA;;SEM_EVENTOS;NOVA_VERSAO;1;642daec761ccb28fc097aa7f22cfeb4552f7859c3b919e315b4f51bc1ae66de3;49;data/raw/yahoo_dividendos/dividendos_PASS3__20261006_642daec7.csv
20261005_213028;2026-10-06T05:04:48.066332+00:00;dividendos_PATI3.csv;YAHOO_DIVIDENDOS;;PATI3.SA;;COM_EVENTOS;NOVA_VERSAO;1;986357be26bf871f513dcc83e54a694b5040694e792ac9a08eb4edc42b61c960;801;data/raw/yahoo_dividendos/dividendos_PATI3__20261006_986357be.csv
20261005_213028;2026-10-06T05:04:48.201871+00:00;dividendos_PATI4.csv;YAHOO_DIVIDENDOS;;PATI4.SA;;COM_EVENTOS;NOVA_VERSAO;1;d8688233dbc35f8faf041e5d26e8878deb436bed104406579340e321388cd0cf;768;data/raw/yahoo_dividendos/dividendos_PATI4__20261006_d8688233.csv
20261005_213028;2026-10-06T05:04:49.053932+00:00;dividendos_PCAR3.csv;YAHOO_DIVIDENDOS;;PCAR3.SA;;COM_EVENTOS;NOVA_VERSAO;1;2ffcafa1aa3d1869bad2f1a0594dcec7ad21f369c961f92cefbd3219bb6d4afd;1450;data/raw/yahoo_dividendos/dividendos_PCAR3__20261006_2ffcafa1.csv
20261005_213028;2026-10-06T05:04:49.780170+00:00;dividendos_PDGR3.csv;YAHOO_DIVIDENDOS;;PDGR3.SA;;COM_EVENTOS;NOVA_VERSAO;1;f3de7492ef4b5d6a85f64c90c0b2176f0ebf262f9c0664f393cd9b88ba459e0b;232;data/raw/yahoo_dividendos/dividendos_PDGR3__20261006_f3de7492.csv
20261005_213028;2026-10-06T05:04:50.400393+00:00;dividendos_PDTC3.csv;YAHOO_DIVIDENDOS;;PDTC3.SA;;COM_EVENTOS;NOVA_VERSAO;1;479584c829608c275343adaeff96c6f81abdab5552c92889010ea1ea09be6f0c;85;data/raw/yahoo_dividendos/dividendos_PDTC3__20261006_479584c8.csv
20261005_213028;2026-10-06T05:04:50.923158+00:00;dividendos_PEAB3.csv;YAHOO_DIVIDENDOS;;PEAB3.SA;;COM_EVENTOS;NOVA_VERSAO;1;bf5cce60f0204f6bb7efed069a25928818ed0405a3dd2b197cb140de451a57c6;1105;data/raw/yahoo_dividendos/dividendos_PEAB3__20261006_bf5cce60.csv
20261005_213028;2026-10-06T05:04:51.041120+00:00;dividendos_PEAB4.csv;YAHOO_DIVIDENDOS;;PEAB4.SA;;COM_EVENTOS;NOVA_VERSAO;1;db3f54d7c155dd503f2ed9118dbc061fec39430d74b408ae6ef6d32b2d14fc0d;976;data/raw/yahoo_dividendos/dividendos_PEAB4__20261006_db3f54d7.csv
20261005_213028;2026-10-06T05:04:51.785344+00:00;dividendos_PETR3.csv;YAHOO_DIVIDENDOS;;PETR3.SA;;COM_EVENTOS;NOVA_VERSAO;1;400229a00084ea37a3ed0cf9a228ff09a3ea17ffaffd995b0411dd19174e97e7;1794;data/raw/yahoo_dividendos/dividendos_PETR3__20261006_400229a0.csv
20261005_213028;2026-10-06T05:04:51.904420+00:00;dividendos_PETR4.csv;YAHOO_DIVIDENDOS;;PETR4.SA;;COM_EVENTOS;NOVA_VERSAO;1;65a940e2a3990b3a9d7171bbe0d2ac853311d49a77225cd15ed04cc2a11b0acd;2173;data/raw/yahoo_dividendos/dividendos_PETR4__20261006_65a940e2.csv
20261005_213028;2026-10-06T05:04:52.717056+00:00;dividendos_PFRM3.csv;YAHOO_DIVIDENDOS;;PFRM3.SA;;COM_EVENTOS;NOVA_VERSAO;1;3e8b7607920f66817493565ad32cd6cc7dab7c9a8727c3c51e835884c2641cc0;587;data/raw/yahoo_dividendos/dividendos_PFRM3__20261006_3e8b7607.csv
20261005_213028;2026-10-06T05:04:53.366630+00:00;dividendos_PGMN3.csv;YAHOO_DIVIDENDOS;;PGMN3.SA;;COM_EVENTOS;NOVA_VERSAO;1;e6c8b875a10bcd4b98c37e0f84485be6afa3066bd8c38f5f7faeef4328eab740;193;data/raw/yahoo_dividendos/dividendos_PGMN3__20261006_e6c8b875.csv
20261005_213028;2026-10-06T05:04:53.880654+00:00;dividendos_PLAS3.csv;YAHOO_DIVIDENDOS;;PLAS3.SA;;COM_EVENTOS;NOVA_VERSAO;1;bff65cc5a4a5e85c92678e38d06d48012e5e34e150851aaf22071f0fa51b4fa7;84;data/raw/yahoo_dividendos/dividendos_PLAS3__20261006_bff65cc5.csv
20261005_213028;2026-10-06T05:04:54.104666+00:00;dividendos_PLPL3.csv;YAHOO_DIVIDENDOS;;PLPL3.SA;;COM_EVENTOS;NOVA_VERSAO;1;f66125eeedb80db8c630a59eaf07d3f7cf7a89efbc9280afc992935feb16c054;264;data/raw/yahoo_dividendos/dividendos_PLPL3__20261006_f66125ee.csv
20261005_213028;2026-10-06T05:04:54.700146+00:00;dividendos_PMAM3.csv;YAHOO_DIVIDENDOS;;PMAM3.SA;;COM_EVENTOS;NOVA_VERSAO;1;903d6777ae88d3e76dc36d8ffbe60f19c46f76842123db94fb3886a8d0e3b7c7;121;data/raw/yahoo_dividendos/dividendos_PMAM3__20261006_903d6777.csv
20261005_213028;2026-10-06T05:04:57.271898+00:00;dividendos_PNVL3.csv;YAHOO_DIVIDENDOS;;PNVL3.SA;;COM_EVENTOS;NOVA_VERSAO;1;d5b165c1e39099f2b180ebc2b7a502b9fae068f31f962d27829e477d1dc3b6a4;1735;data/raw/yahoo_dividendos/dividendos_PNVL3__20261006_d5b165c1.csv
20261005_213028;2026-10-06T05:04:58.246742+00:00;dividendos_POMO3.csv;YAHOO_DIVIDENDOS;;POMO3.SA;;COM_EVENTOS;NOVA_VERSAO;1;c13064da2856c3aac82f057aaeabda55bd7c45d87082aae6722e6399541e2548;1869;data/raw/yahoo_dividendos/dividendos_POMO3__20261006_c13064da.csv
20261005_213028;2026-10-06T05:04:58.829877+00:00;dividendos_POMO4.csv;YAHOO_DIVIDENDOS;;POMO4.SA;;COM_EVENTOS;NOVA_VERSAO;1;594ca46aee642b5e75f3a78df0c470e6dcf2dcf74205276cc40a5a9993ab76cf;1756;data/raw/yahoo_dividendos/dividendos_POMO4__20261006_594ca46a.csv
20261005_213028;2026-10-06T05:04:59.315811+00:00;dividendos_POSI3.csv;YAHOO_DIVIDENDOS;;POSI3.SA;;COM_EVENTOS;NOVA_VERSAO;1;8cbc8591062b72a87f11abf3ef8d768596f62ffe987f393791c7d35a988a7a0f;622;data/raw/yahoo_dividendos/dividendos_POSI3__20261006_8cbc8591.csv
20261005_213028;2026-10-06T05:05:00.451558+00:00;dividendos_PRIO3.csv;YAHOO_DIVIDENDOS;;PRIO3.SA;;COM_EVENTOS;NOVA_VERSAO;1;1c033d1bbc1b7ee670e9cd03803e599aa2ce832a4fcea8c820d9c0dd358483eb;85;data/raw/yahoo_dividendos/dividendos_PRIO3__20261006_1c033d1b.csv
20261005_213028;2026-10-06T05:05:01.546464+00:00;dividendos_PRNR3.csv;YAHOO_DIVIDENDOS;;PRNR3.SA;;COM_EVENTOS;NOVA_VERSAO;1;8bbd368b004dc21491698975521557a2fc5ea10437a04acdfb181ac6ddf64200;229;data/raw/yahoo_dividendos/dividendos_PRNR3__20261006_8bbd368b.csv
20261005_213028;2026-10-06T05:05:03.190784+00:00;dividendos_PTBL3.csv;YAHOO_DIVIDENDOS;;PTBL3.SA;;COM_EVENTOS;NOVA_VERSAO;1;50fb8954ee7e73e235d94a5c3351d9e172205749937fbfd93f0ee28a040600f1;795;data/raw/yahoo_dividendos/dividendos_PTBL3__20261006_50fb8954.csv
20261005_213028;2026-10-06T05:05:06.265098+00:00;dividendos_QUAL3.csv;YAHOO_DIVIDENDOS;;QUAL3.SA;;COM_EVENTOS;NOVA_VERSAO;1;699b6bcfb290c298f590004d13b3343074ec9bdfd089d6407983ef711858047b;767;data/raw/yahoo_dividendos/dividendos_QUAL3__20261006_699b6bcf.csv
20261005_213028;2026-10-06T05:05:06.528221+00:00;dividendos_RADL3.csv;YAHOO_DIVIDENDOS;;RADL3.SA;;COM_EVENTOS;NOVA_VERSAO;1;60cfaa77547e36ea72c9b691a7e547fe9388a098996ec23443de2bb4136e0ac1;3028;data/raw/yahoo_dividendos/dividendos_RADL3__20261006_60cfaa77.csv
20261005_213028;2026-10-06T05:05:07.104332+00:00;dividendos_RAIL3.csv;YAHOO_DIVIDENDOS;;RAIL3.SA;;COM_EVENTOS;NOVA_VERSAO;1;2d5dac5a62a8b9cc86f60b9f5524e7db3a47c6eaefdc74f2ca2cdc7970325847;229;data/raw/yahoo_dividendos/dividendos_RAIL3__20261006_2d5dac5a.csv
20261005_213028;2026-10-06T05:05:07.944342+00:00;dividendos_RAIZ4.csv;YAHOO_DIVIDENDOS;;RAIZ4.SA;;COM_EVENTOS;NOVA_VERSAO;1;c2407b1e43f06253a5ac0ec3749b28c9cd03350055a24d3d381a6af1296be42f;406;data/raw/yahoo_dividendos/dividendos_RAIZ4__20261006_c2407b1e.csv
20261005_213028;2026-10-06T05:05:08.270885+00:00;dividendos_RANI3.csv;YAHOO_DIVIDENDOS;;RANI3.SA;;COM_EVENTOS;NOVA_VERSAO;1;640908f0804ef6cfa702f069f227210b51cc9ce5d89825e9e2546a210c0eab7e;1770;data/raw/yahoo_dividendos/dividendos_RANI3__20261006_640908f0.csv
20261005_213028;2026-10-06T05:05:09.170886+00:00;dividendos_RAPT3.csv;YAHOO_DIVIDENDOS;;RAPT3.SA;;COM_EVENTOS;NOVA_VERSAO;1;c365e030ef8bd6365482a7707b4eff1b8ef6172b45b4b297e048eeb45dd9ca81;1446;data/raw/yahoo_dividendos/dividendos_RAPT3__20261006_c365e030.csv
20261005_213028;2026-10-06T05:05:09.776242+00:00;dividendos_RAPT4.csv;YAHOO_DIVIDENDOS;;RAPT4.SA;;COM_EVENTOS;NOVA_VERSAO;1;5d9720fdaf848f4449436f4ea2274337ad9cf10ab8e1147b304d724881485536;1220;data/raw/yahoo_dividendos/dividendos_RAPT4__20261006_5d9720fd.csv
20261005_213028;2026-10-06T05:05:10.195001+00:00;dividendos_RCSL3.csv;YAHOO_DIVIDENDOS;;RCSL3.SA;;SEM_EVENTOS;NOVA_VERSAO;1;642daec761ccb28fc097aa7f22cfeb4552f7859c3b919e315b4f51bc1ae66de3;49;data/raw/yahoo_dividendos/dividendos_RCSL3__20261006_642daec7.csv
20261005_213028;2026-10-06T05:05:10.485615+00:00;dividendos_RCSL4.csv;YAHOO_DIVIDENDOS;;RCSL4.SA;;SEM_EVENTOS;NOVA_VERSAO;1;642daec761ccb28fc097aa7f22cfeb4552f7859c3b919e315b4f51bc1ae66de3;49;data/raw/yahoo_dividendos/dividendos_RCSL4__20261006_642daec7.csv
20261005_213028;2026-10-06T05:05:11.986571+00:00;dividendos_RDOR3.csv;YAHOO_DIVIDENDOS;;RDOR3.SA;;COM_EVENTOS;NOVA_VERSAO;1;1328bee2df0e1ad726f68e60166c7c8406c52fbed688cc2c7d95bf51e368140a;840;data/raw/yahoo_dividendos/dividendos_RDOR3__20261006_1328bee2.csv
20261005_213028;2026-10-06T05:05:12.414115+00:00;dividendos_RECV3.csv;YAHOO_DIVIDENDOS;;RECV3.SA;;COM_EVENTOS;NOVA_VERSAO;1;8b931fe201aa60113c3219ae7170762268c36c22a107a939793883c24e0f3788;444;data/raw/yahoo_dividendos/dividendos_RECV3__20261006_8b931fe2.csv
20261005_213028;2026-10-06T05:05:13.102656+00:00;dividendos_REDE3.csv;YAHOO_DIVIDENDOS;;REDE3.SA;;COM_EVENTOS;NOVA_VERSAO;1;0e058f9043a29b7a55b6ae62c1e2924d9dcf1fb532abf35035e766f0b49922cc;1016;data/raw/yahoo_dividendos/dividendos_REDE3__20261006_0e058f90.csv
20261005_213028;2026-10-06T05:05:14.032408+00:00;dividendos_RENT3.csv;YAHOO_DIVIDENDOS;;RENT3.SA;;COM_EVENTOS;NOVA_VERSAO;1;072ab6279e36fb76bfabab7bba62e0de4ba588f61305d2505b5e46ccdaf8d3eb;3200;data/raw/yahoo_dividendos/dividendos_RENT3__20261006_072ab627.csv
20261005_213028;2026-10-06T05:05:14.684849+00:00;dividendos_RENT4.csv;YAHOO_DIVIDENDOS;;RENT4.SA;;COM_EVENTOS;NOVA_VERSAO;1;75841a6baea456d59548f1cd619038b1b1c4f1e908c919e2dd63ff550b0a5c24;156;data/raw/yahoo_dividendos/dividendos_RENT4__20261006_75841a6b.csv
20261005_213028;2026-10-06T05:05:15.720254+00:00;dividendos_RIAA3.csv;YAHOO_DIVIDENDOS;;RIAA3.SA;;COM_EVENTOS;NOVA_VERSAO;1;44c5dafdaf11bb46de81042d3179846f96d9bafb21760a3ed4d9c0c69d95c161;1583;data/raw/yahoo_dividendos/dividendos_RIAA3__20261006_44c5dafd.csv
20261005_213028;2026-10-06T05:05:17.651072+00:00;dividendos_RNEW3.csv;YAHOO_DIVIDENDOS;;RNEW3.SA;;COM_EVENTOS;NOVA_VERSAO;1;c39ac4bd47aebbb21381df2f6a46866192150ca0d1da7f568f538444595684ee;84;data/raw/yahoo_dividendos/dividendos_RNEW3__20261006_c39ac4bd.csv
20261005_213028;2026-10-06T05:05:18.262059+00:00;dividendos_RNEW4.csv;YAHOO_DIVIDENDOS;;RNEW4.SA;;SEM_EVENTOS;NOVA_VERSAO;1;642daec761ccb28fc097aa7f22cfeb4552f7859c3b919e315b4f51bc1ae66de3;49;data/raw/yahoo_dividendos/dividendos_RNEW4__20261006_642daec7.csv
20261005_213028;2026-10-06T05:05:18.709440+00:00;dividendos_ROMI3.csv;YAHOO_DIVIDENDOS;;ROMI3.SA;;COM_EVENTOS;NOVA_VERSAO;1;a75499ca31650000cacde1438fa0b1b25d2029c8a0ad6cbfa60dafbdbfc123d5;1838;data/raw/yahoo_dividendos/dividendos_ROMI3__20261006_a75499ca.csv
20261005_213028;2026-10-06T05:05:18.771659+00:00;dividendos_RPMG3.csv;YAHOO_DIVIDENDOS;;RPMG3.SA;;SEM_EVENTOS;NOVA_VERSAO;1;642daec761ccb28fc097aa7f22cfeb4552f7859c3b919e315b4f51bc1ae66de3;49;data/raw/yahoo_dividendos/dividendos_RPMG3__20261006_642daec7.csv
20261005_213028;2026-10-06T05:05:20.681670+00:00;dividendos_RSID3.csv;YAHOO_DIVIDENDOS;;RSID3.SA;;COM_EVENTOS;NOVA_VERSAO;1;f1f8601d64dc19ef6c1ea014b77902595b1e231bed40009aff2381896c965750;229;data/raw/yahoo_dividendos/dividendos_RSID3__20261006_f1f8601d.csv
20261005_213028;2026-10-06T05:05:21.756835+00:00;dividendos_RSUL4.csv;YAHOO_DIVIDENDOS;;RSUL4.SA;;COM_EVENTOS;NOVA_VERSAO;1;4190fdcacd1a56605417f024b383a0b03f6496506bd8bfd92068e366ee8291a3;228;data/raw/yahoo_dividendos/dividendos_RSUL4__20261006_4190fdca.csv
20261005_213028;2026-10-06T05:05:22.503408+00:00;dividendos_RVEE3.csv;YAHOO_DIVIDENDOS;;RVEE3.SA;;SEM_EVENTOS;NOVA_VERSAO;1;642daec761ccb28fc097aa7f22cfeb4552f7859c3b919e315b4f51bc1ae66de3;49;data/raw/yahoo_dividendos/dividendos_RVEE3__20261006_642daec7.csv
20261005_213028;2026-10-06T05:05:23.279233+00:00;dividendos_SAPR11.csv;YAHOO_DIVIDENDOS;;SAPR11.SA;;COM_EVENTOS;NOVA_VERSAO;1;5389ac19854e898ec1113e1ae4f0014690f4969180192b523dcf76ab411a0a64;806;data/raw/yahoo_dividendos/dividendos_SAPR11__20261006_5389ac19.csv
20261005_213028;2026-10-06T05:05:23.337128+00:00;dividendos_SAPR3.csv;YAHOO_DIVIDENDOS;;SAPR3.SA;;COM_EVENTOS;NOVA_VERSAO;1;2a6ccdc5b22fbf02d667acf01c1192b54d62e4aece343de21f9ffef5a5f7beb6;1378;data/raw/yahoo_dividendos/dividendos_SAPR3__20261006_2a6ccdc5.csv
20261005_213028;2026-10-06T05:05:24.021101+00:00;dividendos_SAPR4.csv;YAHOO_DIVIDENDOS;;SAPR4.SA;;COM_EVENTOS;NOVA_VERSAO;1;a6b3d6f90678bc8f58e71c355c813181fe270104840557a4ed2dd751fe27065d;1413;data/raw/yahoo_dividendos/dividendos_SAPR4__20261006_a6b3d6f9.csv
20261005_213028;2026-10-06T05:05:24.189050+00:00;dividendos_SAUD3.csv;YAHOO_DIVIDENDOS;;SAUD3.SA;;COM_EVENTOS;NOVA_VERSAO;1;27b2fa038ebeb91f5c9c8966d3f80dcbca1caa8a1cfee28195c782104699178d;3785;data/raw/yahoo_dividendos/dividendos_SAUD3__20261006_27b2fa03.csv
20261005_213028;2026-10-06T05:05:24.613387+00:00;dividendos_SBFG3.csv;YAHOO_DIVIDENDOS;;SBFG3.SA;;COM_EVENTOS;NOVA_VERSAO;1;636de9d96a986a33372040cf3094d7fc34a887c8ef8c1cf9d55eef1576066ffb;228;data/raw/yahoo_dividendos/dividendos_SBFG3__20261006_636de9d9.csv
20261005_213028;2026-10-06T05:05:25.191759+00:00;dividendos_SBSP3.csv;YAHOO_DIVIDENDOS;;SBSP3.SA;;COM_EVENTOS;NOVA_VERSAO;1;e142ec1309291efe57b1f93df0d93a0156c8ab6ae219c45505681afe060cc8a0;947;data/raw/yahoo_dividendos/dividendos_SBSP3__20261006_e142ec13.csv
20261005_213028;2026-10-06T05:05:25.234528+00:00;dividendos_SCAR3.csv;YAHOO_DIVIDENDOS;;SCAR3.SA;;COM_EVENTOS;NOVA_VERSAO;1;92b1779e5550197d7806b44cfcb182a400e0e65f835f135e68bef99abb5dbc7c;910;data/raw/yahoo_dividendos/dividendos_SCAR3__20261006_92b1779e.csv
20261005_213028;2026-10-06T05:05:27.429403+00:00;dividendos_SEER3.csv;YAHOO_DIVIDENDOS;;SEER3.SA;;COM_EVENTOS;NOVA_VERSAO;1;b5a953f4e19c8b9c73ddec64ba4d9a5ca6390a018cf2ba550325f893c1845c0f;802;data/raw/yahoo_dividendos/dividendos_SEER3__20261006_b5a953f4.csv
20261005_213028;2026-10-06T05:05:28.006407+00:00;dividendos_SEQL3.csv;YAHOO_DIVIDENDOS;;SEQL3.SA;;SEM_EVENTOS;NOVA_VERSAO;1;642daec761ccb28fc097aa7f22cfeb4552f7859c3b919e315b4f51bc1ae66de3;49;data/raw/yahoo_dividendos/dividendos_SEQL3__20261006_642daec7.csv
20261005_213028;2026-10-06T05:05:30.692611+00:00;dividendos_SHOW3.csv;YAHOO_DIVIDENDOS;;SHOW3.SA;;COM_EVENTOS;NOVA_VERSAO;1;078cc2edfe7ea71ff9bec3e3e61b1ad6ccec481b0d141e2bcd7910277d33e3aa;222;data/raw/yahoo_dividendos/dividendos_SHOW3__20261006_078cc2ed.csv
20261005_213028;2026-10-06T05:05:31.072755+00:00;dividendos_SHUL3.csv;YAHOO_DIVIDENDOS;;SHUL3.SA;;SEM_EVENTOS;NOVA_VERSAO;1;642daec761ccb28fc097aa7f22cfeb4552f7859c3b919e315b4f51bc1ae66de3;49;data/raw/yahoo_dividendos/dividendos_SHUL3__20261006_642daec7.csv
20261005_213028;2026-10-06T05:05:31.314390+00:00;dividendos_SHUL4.csv;YAHOO_DIVIDENDOS;;SHUL4.SA;;COM_EVENTOS;NOVA_VERSAO;1;4f5bf019a33f85d9e43816dbda081d84719c64af32cd235d988b8435994bcf28;1737;data/raw/yahoo_dividendos/dividendos_SHUL4__20261006_4f5bf019.csv
20261005_213028;2026-10-06T05:05:31.578720+00:00;dividendos_SIMH3.csv;YAHOO_DIVIDENDOS;;SIMH3.SA;;COM_EVENTOS;NOVA_VERSAO;1;718a3078efd70b0d720eb4d8630896ec969b14526cb61a8f7418f8954e8093a5;336;data/raw/yahoo_dividendos/dividendos_SIMH3__20261006_718a3078.csv
20261005_213028;2026-10-06T05:05:32.492052+00:00;dividendos_SLCE3.csv;YAHOO_DIVIDENDOS;;SLCE3.SA;;COM_EVENTOS;NOVA_VERSAO;1;3ce422af8bb274974b2e6a86ac43a3ec463463d785ec12b58fcf61d20983ed4c;801;data/raw/yahoo_dividendos/dividendos_SLCE3__20261006_3ce422af.csv
20261005_213028;2026-10-06T05:05:33.932660+00:00;dividendos_SMFT3.csv;YAHOO_DIVIDENDOS;;SMFT3.SA;;COM_EVENTOS;NOVA_VERSAO;1;acb3ef8e1f75e94c28b9c78ccdfd24534a5b867d22e919b5abca7a0551064669;443;data/raw/yahoo_dividendos/dividendos_SMFT3__20261006_acb3ef8e.csv
20261005_213028;2026-10-06T05:05:35.810852+00:00;dividendos_SMTO3.csv;YAHOO_DIVIDENDOS;;SMTO3.SA;;COM_EVENTOS;NOVA_VERSAO;1;c468af9b6b8da1b3c2c4c44fd614418c193eb1fda5d6d5dec3357a91a59c30b8;1016;data/raw/yahoo_dividendos/dividendos_SMTO3__20261006_c468af9b.csv
20261005_213028;2026-10-06T05:05:36.360561+00:00;dividendos_SNSY3.csv;YAHOO_DIVIDENDOS;;SNSY3.SA;;SEM_EVENTOS;NOVA_VERSAO;1;642daec761ccb28fc097aa7f22cfeb4552f7859c3b919e315b4f51bc1ae66de3;49;data/raw/yahoo_dividendos/dividendos_SNSY3__20261006_642daec7.csv
20261005_213028;2026-10-06T05:05:36.899066+00:00;dividendos_SNSY6.csv;YAHOO_DIVIDENDOS;;SNSY6.SA;;SEM_EVENTOS;NOVA_VERSAO;1;642daec761ccb28fc097aa7f22cfeb4552f7859c3b919e315b4f51bc1ae66de3;49;data/raw/yahoo_dividendos/dividendos_SNSY6__20261006_642daec7.csv
20261005_213028;2026-10-06T05:05:36.998221+00:00;dividendos_SNSY5.csv;YAHOO_DIVIDENDOS;;SNSY5.SA;;SEM_EVENTOS;NOVA_VERSAO;1;642daec761ccb28fc097aa7f22cfeb4552f7859c3b919e315b4f51bc1ae66de3;49;data/raw/yahoo_dividendos/dividendos_SNSY5__20261006_642daec7.csv
20261005_213028;2026-10-06T05:05:37.661134+00:00;dividendos_SOJA3.csv;YAHOO_DIVIDENDOS;;SOJA3.SA;;COM_EVENTOS;NOVA_VERSAO;1;3a97b35e08ed41b587bdab8b7faeb0895570979f419b954e3824526ac2f9c2c1;337;data/raw/yahoo_dividendos/dividendos_SOJA3__20261006_3a97b35e.csv
20261005_213028;2026-10-06T05:05:38.256528+00:00;dividendos_SOND3.csv;YAHOO_DIVIDENDOS;;SOND3.SA;;COM_EVENTOS;NOVA_VERSAO;1;bc3161e5f8457d36f9ebc41a578b3a4d7a536bcc04b51e2631bec3b140ca9527;873;data/raw/yahoo_dividendos/dividendos_SOND3__20261006_bc3161e5.csv
20261005_213028;2026-10-06T05:05:38.746870+00:00;dividendos_SOND5.csv;YAHOO_DIVIDENDOS;;SOND5.SA;;COM_EVENTOS;NOVA_VERSAO;1;40ce52d5bf47e5f6ed557a5d26f2a0e6b51710cce76e9cb2d82bfe2c6758334c;837;data/raw/yahoo_dividendos/dividendos_SOND5__20261006_40ce52d5.csv
20261005_213028;2026-10-06T05:05:38.822461+00:00;dividendos_SOND6.csv;YAHOO_DIVIDENDOS;;SOND6.SA;;COM_EVENTOS;NOVA_VERSAO;1;1315fd7fc5e1c1bcd3ba3ef326abe55e5efcf86bea11f3a690876a9eb51d5e46;837;data/raw/yahoo_dividendos/dividendos_SOND6__20261006_1315fd7f.csv
20261005_213028;2026-10-06T05:05:44.607870+00:00;dividendos_SUZB3.csv;YAHOO_DIVIDENDOS;;SUZB3.SA;;COM_EVENTOS;NOVA_VERSAO;1;6d622fa3d2bb92e69cb64442a5ef0d7622b1d2e40350014ffce76a4877334e20;823;data/raw/yahoo_dividendos/dividendos_SUZB3__20261006_6d622fa3.csv
20261005_213028;2026-10-06T05:05:45.976213+00:00;dividendos_SYNE3.csv;YAHOO_DIVIDENDOS;;SYNE3.SA;;COM_EVENTOS;NOVA_VERSAO;1;024aaaf767432340efe88d4f49add42187fcf938d1acc8ce606c0c1289f63d90;767;data/raw/yahoo_dividendos/dividendos_SYNE3__20261006_024aaaf7.csv
20261005_213028;2026-10-06T05:05:46.211625+00:00;dividendos_TAEE11.csv;YAHOO_DIVIDENDOS;;TAEE11.SA;;COM_EVENTOS;NOVA_VERSAO;1;cc21ead6e2ff61604e5ac179722acc7b1036c423ed3d67243d7318133bb349a0;2316;data/raw/yahoo_dividendos/dividendos_TAEE11__20261006_cc21ead6.csv
20261005_213028;2026-10-06T05:05:46.680186+00:00;dividendos_TAEE4.csv;YAHOO_DIVIDENDOS;;TAEE4.SA;;COM_EVENTOS;NOVA_VERSAO;1;7d0cceeca9b9ef3fe0751eddc2b3b0156b82c637782ef84c6374ff08ae058738;1515;data/raw/yahoo_dividendos/dividendos_TAEE4__20261006_7d0cceec.csv
20261005_213028;2026-10-06T05:05:46.701685+00:00;dividendos_TAEE3.csv;YAHOO_DIVIDENDOS;;TAEE3.SA;;COM_EVENTOS;NOVA_VERSAO;1;fcd0bca6706633133fcc1fadae19320fccbfc1b8150f7e5f7f1606a8a6392400;2088;data/raw/yahoo_dividendos/dividendos_TAEE3__20261006_fcd0bca6.csv
20261005_213028;2026-10-06T05:05:48.465799+00:00;dividendos_TASA4.csv;YAHOO_DIVIDENDOS;;TASA4.SA;;COM_EVENTOS;NOVA_VERSAO;1;198aeb2b654d3b1af3ca66b31e385d8026991003835514c1283264b608e09a3b;569;data/raw/yahoo_dividendos/dividendos_TASA4__20261006_198aeb2b.csv
20261005_213028;2026-10-06T05:05:48.608148+00:00;dividendos_TASA3.csv;YAHOO_DIVIDENDOS;;TASA3.SA;;COM_EVENTOS;NOVA_VERSAO;1;2fa689facebb923d404686895b265847b711ea5643d4d14b53b8d92198f539c8;655;data/raw/yahoo_dividendos/dividendos_TASA3__20261006_2fa689fa.csv
20261005_213028;2026-10-06T05:05:50.361976+00:00;dividendos_TCSA3.csv;YAHOO_DIVIDENDOS;;TCSA3.SA;;COM_EVENTOS;NOVA_VERSAO;1;25638dcadb22294bb112598af64ec5a4a9cadff0463f234e5cf884bd044dcafb;337;data/raw/yahoo_dividendos/dividendos_TCSA3__20261006_25638dca.csv
20261005_213028;2026-10-06T05:05:52.696323+00:00;dividendos_TECN3.csv;YAHOO_DIVIDENDOS;;TECN3.SA;;COM_EVENTOS;NOVA_VERSAO;1;716320c9f26b1484383bc4c1a501c3755276f56f0d9ddb86d58efeca09807f3f;473;data/raw/yahoo_dividendos/dividendos_TECN3__20261006_716320c9.csv
20261005_213028;2026-10-06T05:05:52.947794+00:00;dividendos_TEKA3.csv;YAHOO_DIVIDENDOS;;TEKA3.SA;;SEM_EVENTOS;NOVA_VERSAO;1;642daec761ccb28fc097aa7f22cfeb4552f7859c3b919e315b4f51bc1ae66de3;49;data/raw/yahoo_dividendos/dividendos_TEKA3__20261006_642daec7.csv
20261005_213028;2026-10-06T05:05:53.535797+00:00;dividendos_TEKA4.csv;YAHOO_DIVIDENDOS;;TEKA4.SA;;SEM_EVENTOS;NOVA_VERSAO;1;642daec761ccb28fc097aa7f22cfeb4552f7859c3b919e315b4f51bc1ae66de3;49;data/raw/yahoo_dividendos/dividendos_TEKA4__20261006_642daec7.csv
20261005_213028;2026-10-06T05:05:53.633461+00:00;dividendos_TELB3.csv;YAHOO_DIVIDENDOS;;TELB3.SA;;SEM_EVENTOS;NOVA_VERSAO;1;642daec761ccb28fc097aa7f22cfeb4552f7859c3b919e315b4f51bc1ae66de3;49;data/raw/yahoo_dividendos/dividendos_TELB3__20261006_642daec7.csv
20261005_213028;2026-10-06T05:05:54.239247+00:00;dividendos_TELB4.csv;YAHOO_DIVIDENDOS;;TELB4.SA;;SEM_EVENTOS;NOVA_VERSAO;1;642daec761ccb28fc097aa7f22cfeb4552f7859c3b919e315b4f51bc1ae66de3;49;data/raw/yahoo_dividendos/dividendos_TELB4__20261006_642daec7.csv
20261005_213028;2026-10-06T05:05:54.942802+00:00;dividendos_TEND3.csv;YAHOO_DIVIDENDOS;;TEND3.SA;;COM_EVENTOS;NOVA_VERSAO;1;cc69d33766dff8a71efd2b72417598d2543b321e46356bb951fcbb447243409b;517;data/raw/yahoo_dividendos/dividendos_TEND3__20261006_cc69d337.csv
20261005_213028;2026-10-06T05:05:57.600993+00:00;dividendos_TGMA3.csv;YAHOO_DIVIDENDOS;;TGMA3.SA;;COM_EVENTOS;NOVA_VERSAO;1;d180e1c27e712193071aec64c35da5b42ee7d0182252ee6ab9f85a37431c4dae;1547;data/raw/yahoo_dividendos/dividendos_TGMA3__20261006_d180e1c2.csv
20261005_213028;2026-10-06T05:05:57.688430+00:00;dividendos_TFCO4.csv;YAHOO_DIVIDENDOS;;TFCO4.SA;;COM_EVENTOS;NOVA_VERSAO;1;7c555f8f2189ed788415ec7314241feeee754f0a3ec36201e2a9b0c995e560a1;947;data/raw/yahoo_dividendos/dividendos_TFCO4__20261006_7c555f8f.csv
20261005_213028;2026-10-06T05:06:00.315213+00:00;dividendos_TIMS3.csv;YAHOO_DIVIDENDOS;;TIMS3.SA;;COM_EVENTOS;NOVA_VERSAO;1;10ec5779aebb2da835f7546f3be15ff98b561d610330bb48c7288cb67f1875ef;1700;data/raw/yahoo_dividendos/dividendos_TIMS3__20261006_10ec5779.csv
20261005_213028;2026-10-06T05:06:06.579261+00:00;dividendos_TOKY3.csv;YAHOO_DIVIDENDOS;;TOKY3.SA;;SEM_EVENTOS;NOVA_VERSAO;1;642daec761ccb28fc097aa7f22cfeb4552f7859c3b919e315b4f51bc1ae66de3;49;data/raw/yahoo_dividendos/dividendos_TOKY3__20261006_642daec7.csv
20261005_213028;2026-10-06T05:06:07.658156+00:00;dividendos_TOTS3.csv;YAHOO_DIVIDENDOS;;TOTS3.SA;;COM_EVENTOS;NOVA_VERSAO;1;cb8cfddb14c393019017f53627cb3ff8eea1d5170e8f5727376910995c7c4527;1754;data/raw/yahoo_dividendos/dividendos_TOTS3__20261006_cb8cfddb.csv
20261005_213028;2026-10-06T05:06:08.879974+00:00;dividendos_TPIS3.csv;YAHOO_DIVIDENDOS;;TPIS3.SA;;COM_EVENTOS;NOVA_VERSAO;1;cca56058d2bafb625ec94dd101506223b156f559e8e49a8666dbd4deed740615;689;data/raw/yahoo_dividendos/dividendos_TPIS3__20261006_cca56058.csv
20261005_213028;2026-10-06T05:06:10.227149+00:00;dividendos_TRIS3.csv;YAHOO_DIVIDENDOS;;TRIS3.SA;;COM_EVENTOS;NOVA_VERSAO;1;b44b05ee03bc737ba5d7584065feead2d34ee0d7c84e1c68f3ed215bf94f354c;695;data/raw/yahoo_dividendos/dividendos_TRIS3__20261006_b44b05ee.csv
20261005_213028;2026-10-06T05:06:12.148621+00:00;dividendos_TTEN3.csv;YAHOO_DIVIDENDOS;;TTEN3.SA;;COM_EVENTOS;NOVA_VERSAO;1;99067866154ac680183f1ae2d01682fa32ad6a755e44908eaeb7c46ed4fd109d;229;data/raw/yahoo_dividendos/dividendos_TTEN3__20261006_99067866.csv
20261005_213028;2026-10-06T05:06:12.991533+00:00;dividendos_TUPY3.csv;YAHOO_DIVIDENDOS;;TUPY3.SA;;COM_EVENTOS;NOVA_VERSAO;1;50d4c20b17381183c1bc0547b329d1a8c35ba2223a3c57882703975f8783333d;1184;data/raw/yahoo_dividendos/dividendos_TUPY3__20261006_50d4c20b.csv
20261005_213028;2026-10-06T05:06:13.713868+00:00;dividendos_TXRX3.csv;YAHOO_DIVIDENDOS;;TXRX3.SA;;SEM_EVENTOS;NOVA_VERSAO;1;642daec761ccb28fc097aa7f22cfeb4552f7859c3b919e315b4f51bc1ae66de3;49;data/raw/yahoo_dividendos/dividendos_TXRX3__20261006_642daec7.csv
20261005_213028;2026-10-06T05:06:14.014878+00:00;dividendos_TXRX4.csv;YAHOO_DIVIDENDOS;;TXRX4.SA;;SEM_EVENTOS;NOVA_VERSAO;1;642daec761ccb28fc097aa7f22cfeb4552f7859c3b919e315b4f51bc1ae66de3;49;data/raw/yahoo_dividendos/dividendos_TXRX4__20261006_642daec7.csv
20261005_213028;2026-10-06T05:06:14.498689+00:00;dividendos_UCAS3.csv;YAHOO_DIVIDENDOS;;UCAS3.SA;;COM_EVENTOS;NOVA_VERSAO;1;65cb3eff2c93a60b01e604b5a93253f7ddce8f34649380f3dea3ed7431f7e3e6;535;data/raw/yahoo_dividendos/dividendos_UCAS3__20261006_65cb3eff.csv
20261005_213028;2026-10-06T05:06:14.747484+00:00;dividendos_UGPA3.csv;YAHOO_DIVIDENDOS;;UGPA3.SA;;COM_EVENTOS;NOVA_VERSAO;1;9adf6dcd5d619c0f6264f2fdcf8c22402326f69866b2a256320dc4790faa1c94;1330;data/raw/yahoo_dividendos/dividendos_UGPA3__20261006_9adf6dcd.csv
20261005_213028;2026-10-06T05:06:15.612823+00:00;dividendos_UNIP3.csv;YAHOO_DIVIDENDOS;;UNIP3.SA;;COM_EVENTOS;NOVA_VERSAO;1;799953fca35741d7151385ba240b0ec6384e79430d69c806113f7a762e894bb9;1303;data/raw/yahoo_dividendos/dividendos_UNIP3__20261006_799953fc.csv
20261005_213028;2026-10-06T05:06:16.272933+00:00;dividendos_UNIP5.csv;YAHOO_DIVIDENDOS;;UNIP5.SA;;COM_EVENTOS;NOVA_VERSAO;1;1b4e02d4d80d837ae82c8c8eff7f5c442974849a179570c29a31770e051d95ef;1053;data/raw/yahoo_dividendos/dividendos_UNIP5__20261006_1b4e02d4.csv
20261005_213028;2026-10-06T05:06:16.457370+00:00;dividendos_UNIP6.csv;YAHOO_DIVIDENDOS;;UNIP6.SA;;COM_EVENTOS;NOVA_VERSAO;1;efaceaff37f541486768c48a26ca4ac99d93ef2748395aa23aa838d98e567130;1089;data/raw/yahoo_dividendos/dividendos_UNIP6__20261006_efaceaff.csv
20261005_213028;2026-10-06T05:06:17.403441+00:00;dividendos_USIM3.csv;YAHOO_DIVIDENDOS;;USIM3.SA;;COM_EVENTOS;NOVA_VERSAO;1;f9fc11d337e95daa35a8acc764b3375fc5d659206bf8935bdee2d96e1e1775c9;868;data/raw/yahoo_dividendos/dividendos_USIM3__20261006_f9fc11d3.csv
20261005_213028;2026-10-06T05:06:18.251270+00:00;dividendos_USIM5.csv;YAHOO_DIVIDENDOS;;USIM5.SA;;COM_EVENTOS;NOVA_VERSAO;1;a8013547833949024c3bc8d144c93364259a3d197e5097d9b3ae7d0e2b9aa90a;907;data/raw/yahoo_dividendos/dividendos_USIM5__20261006_a8013547.csv
20261005_213028;2026-10-06T05:06:18.290630+00:00;dividendos_USIM6.csv;YAHOO_DIVIDENDOS;;USIM6.SA;;COM_EVENTOS;NOVA_VERSAO;1;d5badcef4e425807759afbefefea082098006706b18695697c8f3ded5565c9d4;660;data/raw/yahoo_dividendos/dividendos_USIM6__20261006_d5badcef.csv
20261005_213028;2026-10-06T05:06:19.418466+00:00;dividendos_VALE3.csv;YAHOO_DIVIDENDOS;;VALE3.SA;;COM_EVENTOS;NOVA_VERSAO;1;642d7045d8d30b6bdc9c95ee823c3d6db1332f203843c36a2a978963a6dc75ac;1441;data/raw/yahoo_dividendos/dividendos_VALE3__20261006_642d7045.csv
20261005_213028;2026-10-06T05:06:19.894612+00:00;dividendos_VAMO3.csv;YAHOO_DIVIDENDOS;;VAMO3.SA;;COM_EVENTOS;NOVA_VERSAO;1;b15e7eff83704053f2c9ac4397ec9aaf60cebb59b25d5bb72d95ed8f9d4f5418;264;data/raw/yahoo_dividendos/dividendos_VAMO3__20261006_b15e7eff.csv
20261005_213028;2026-10-06T05:06:20.438464+00:00;dividendos_VBBR3.csv;YAHOO_DIVIDENDOS;;VBBR3.SA;;COM_EVENTOS;NOVA_VERSAO;1;a826236a709608ee1c825be73707dce7e29db3f02e9db8c36af7eba5bb5720ae;913;data/raw/yahoo_dividendos/dividendos_VBBR3__20261006_a826236a.csv
20261005_213028;2026-10-06T05:06:23.939465+00:00;dividendos_VITT3.csv;YAHOO_DIVIDENDOS;;VITT3.SA;;COM_EVENTOS;NOVA_VERSAO;1;cefb32e5771ce6352f2bcac5a0b945f284c34ef9d1a36a9467d46eb8f3d68a39;517;data/raw/yahoo_dividendos/dividendos_VITT3__20261006_cefb32e5.csv
20261005_213028;2026-10-06T05:06:24.179947+00:00;dividendos_VIVA3.csv;YAHOO_DIVIDENDOS;;VIVA3.SA;;COM_EVENTOS;NOVA_VERSAO;1;4aa9fd3e5d82ecd6afc59cc177b4193dcf714dd84adf3550310727ba51805195;372;data/raw/yahoo_dividendos/dividendos_VIVA3__20261006_4aa9fd3e.csv
20261005_213028;2026-10-06T05:06:25.363237+00:00;dividendos_VIVR3.csv;YAHOO_DIVIDENDOS;;VIVR3.SA;;SEM_EVENTOS;NOVA_VERSAO;1;642daec761ccb28fc097aa7f22cfeb4552f7859c3b919e315b4f51bc1ae66de3;49;data/raw/yahoo_dividendos/dividendos_VIVR3__20261006_642daec7.csv
20261005_213028;2026-10-06T05:06:26.239226+00:00;dividendos_VIVT3.csv;YAHOO_DIVIDENDOS;;VIVT3.SA;;COM_EVENTOS;NOVA_VERSAO;1;da08a934b9ee06ef7e171c1e5cdb47df277d88f97b8e8106cf4d06a2a4fefc71;4249;data/raw/yahoo_dividendos/dividendos_VIVT3__20261006_da08a934.csv
20261005_213028;2026-10-06T05:06:26.954422+00:00;dividendos_VLID3.csv;YAHOO_DIVIDENDOS;;VLID3.SA;;COM_EVENTOS;NOVA_VERSAO;1;7b54500abf6fadf7ab3ec75be710db795165934b697367a555f4762fe5fc3b3c;2029;data/raw/yahoo_dividendos/dividendos_VLID3__20261006_7b54500a.csv
20261005_213028;2026-10-06T05:06:27.488571+00:00;dividendos_VSTE3.csv;YAHOO_DIVIDENDOS;;VSTE3.SA;;COM_EVENTOS;NOVA_VERSAO;1;698447dcf90549396e1f1c9d11c4bfccd48b15276497abc5e55c7cf0a0ad80a8;551;data/raw/yahoo_dividendos/dividendos_VSTE3__20261006_698447dc.csv
20261005_213028;2026-10-06T05:06:28.084532+00:00;dividendos_VTRU3.csv;YAHOO_DIVIDENDOS;;VTRU3.SA;;COM_EVENTOS;NOVA_VERSAO;1;d814f4286837b9a7a665fd23f116a3201db1bf114c29c070291a0545a9088868;121;data/raw/yahoo_dividendos/dividendos_VTRU3__20261006_d814f428.csv
20261005_213028;2026-10-06T05:06:28.988273+00:00;dividendos_VULC3.csv;YAHOO_DIVIDENDOS;;VULC3.SA;;COM_EVENTOS;NOVA_VERSAO;1;74b254cd1f9dfbd4001d85f5c7fa82ee28f80590601f68ee5e490ea4e30bbf34;1290;data/raw/yahoo_dividendos/dividendos_VULC3__20261006_74b254cd.csv
20261005_213028;2026-10-06T05:06:30.794899+00:00;dividendos_VVEO3.csv;YAHOO_DIVIDENDOS;;VVEO3.SA;;COM_EVENTOS;NOVA_VERSAO;1;dc562936afb9fc0e23f6aea6b58cc346368233a2b8470c14b51501f4793c75e3;193;data/raw/yahoo_dividendos/dividendos_VVEO3__20261006_dc562936.csv
20261005_213028;2026-10-06T05:06:31.522551+00:00;dividendos_WEGE3.csv;YAHOO_DIVIDENDOS;;WEGE3.SA;;COM_EVENTOS;NOVA_VERSAO;1;33d9f15922a57c155ca4f6b2ee2f1d778b63914656c8bc43e9f8fd2fd7f32759;3967;data/raw/yahoo_dividendos/dividendos_WEGE3__20261006_33d9f159.csv
20261005_213028;2026-10-06T05:06:31.525777+00:00;dividendos_WDCN3.csv;YAHOO_DIVIDENDOS;;WDCN3.SA;;COM_EVENTOS;NOVA_VERSAO;1;486b09bf33a60ee6dea68d328ed6df6bbf67aa775122eba36e95914575dca8b8;157;data/raw/yahoo_dividendos/dividendos_WDCN3__20261006_486b09bf.csv
20261005_213028;2026-10-06T05:06:32.469099+00:00;dividendos_WEST3.csv;YAHOO_DIVIDENDOS;;WEST3.SA;;COM_EVENTOS;NOVA_VERSAO;1;cbe06750ba5932a5aca178d0842c194d4fa2eba913c15f26551c61020e25f8ee;85;data/raw/yahoo_dividendos/dividendos_WEST3__20261006_cbe06750.csv
20261005_213028;2026-10-06T05:06:32.503136+00:00;dividendos_WHRL3.csv;YAHOO_DIVIDENDOS;;WHRL3.SA;;COM_EVENTOS;NOVA_VERSAO;1;15d6d9d2cb0a970bbf1df82350bd6f0996a80d9a7c1a4aead6e4b15ff2017411;1200;data/raw/yahoo_dividendos/dividendos_WHRL3__20261006_15d6d9d2.csv
20261005_213028;2026-10-06T05:06:33.079504+00:00;dividendos_WLMM3.csv;YAHOO_DIVIDENDOS;;WLMM3.SA;;COM_EVENTOS;NOVA_VERSAO;1;de2ea8cdf8c1ac4d4032c9319d3db34613887c4e482ea9e80c1c06b6e58a7aaf;1003;data/raw/yahoo_dividendos/dividendos_WLMM3__20261006_de2ea8cd.csv
20261005_213028;2026-10-06T05:06:33.119057+00:00;dividendos_WHRL4.csv;YAHOO_DIVIDENDOS;;WHRL4.SA;;COM_EVENTOS;NOVA_VERSAO;1;f6e155eea2132b0c1a5380f44f20bf5c22fdf4d2cbbed564449a6515efc6144a;996;data/raw/yahoo_dividendos/dividendos_WHRL4__20261006_f6e155ee.csv
20261005_213028;2026-10-06T05:06:33.935889+00:00;dividendos_WLMM4.csv;YAHOO_DIVIDENDOS;;WLMM4.SA;;COM_EVENTOS;NOVA_VERSAO;1;4583d5e6335e66e47a323de09a1f5f2d2e6b88a31bbd4b7a7212d826e08280c4;1360;data/raw/yahoo_dividendos/dividendos_WLMM4__20261006_4583d5e6.csv
20261005_213028;2026-10-06T05:06:34.817822+00:00;dividendos_YDUQ3.csv;YAHOO_DIVIDENDOS;;YDUQ3.SA;;COM_EVENTOS;NOVA_VERSAO;1;2cdd73fefeecb973710ec897b7ddbe41156976a4b63bf26285656635ee0134cc;803;data/raw/yahoo_dividendos/dividendos_YDUQ3__20261006_2cdd73fe.csv
20261005_213028;2026-10-06T05:09:52.025570+00:00;dividendos_AALR3.csv;YAHOO_DIVIDENDOS;;AALR3.SA;;COM_EVENTOS;INALTERADO;1;9ad0dcbe12f7837b7fdaf1a7d233b671dccb404a94d27bc71c10cbcef2e17078;121;data/raw/yahoo_dividendos/dividendos_AALR3__20261006_9ad0dcbe.csv
20261005_213028;2026-10-06T05:09:52.341822+00:00;dividendos_ABEV3.csv;YAHOO_DIVIDENDOS;;ABEV3.SA;;COM_EVENTOS;INALTERADO;1;0d928b78a4aed2b65dba75662a1deec45a3b60b0fa9257babd8afbc4027563fd;1891;data/raw/yahoo_dividendos/dividendos_ABEV3__20261006_0d928b78.csv
20261005_213028;2026-10-06T05:09:55.540299+00:00;dividendos_AERI3.csv;YAHOO_DIVIDENDOS;;AERI3.SA;;COM_EVENTOS;INALTERADO;1;b0a80b13af9a65b7934b21db3cf704b1083baead854e776068fc5e7f37833c6d;84;data/raw/yahoo_dividendos/dividendos_AERI3__20261006_b0a80b13.csv
20261005_213028;2026-10-06T05:09:57.161884+00:00;dividendos_AFLT3.csv;YAHOO_DIVIDENDOS;;AFLT3.SA;;COM_EVENTOS;INALTERADO;1;1ebe220851d894e35befa4378dce6224e9debcf9d4a9674374c969496ffb7a18;1091;data/raw/yahoo_dividendos/dividendos_AFLT3__20261006_1ebe2208.csv
20261005_213028;2026-10-06T05:09:58.748257+00:00;dividendos_AGXY3.csv;YAHOO_DIVIDENDOS;;AGXY3.SA;;COM_EVENTOS;INALTERADO;1;b8e83c2fdbabb939bed5e3d807d8132347990ce36e38260415a77916a489d693;120;data/raw/yahoo_dividendos/dividendos_AGXY3__20261006_b8e83c2f.csv
20261005_213028;2026-10-06T05:09:58.800939+00:00;dividendos_AGRO3.csv;YAHOO_DIVIDENDOS;;AGRO3.SA;;COM_EVENTOS;INALTERADO;1;a1c412066306fe8b4ee9b1b6721b9fd225b213e0d4c61750ed781acc692eb415;586;data/raw/yahoo_dividendos/dividendos_AGRO3__20261006_a1c41206.csv
20261005_213028;2026-10-06T05:09:59.244417+00:00;dividendos_AHEB5.csv;YAHOO_DIVIDENDOS;;AHEB5.SA;;SEM_EVENTOS;INALTERADO;1;642daec761ccb28fc097aa7f22cfeb4552f7859c3b919e315b4f51bc1ae66de3;49;data/raw/yahoo_dividendos/dividendos_AHEB5__20261006_642daec7.csv
20261005_213028;2026-10-06T05:09:59.321162+00:00;dividendos_AHEB3.csv;YAHOO_DIVIDENDOS;;AHEB3.SA;;SEM_EVENTOS;INALTERADO;1;642daec761ccb28fc097aa7f22cfeb4552f7859c3b919e315b4f51bc1ae66de3;49;data/raw/yahoo_dividendos/dividendos_AHEB3__20261006_642daec7.csv
20261005_213028;2026-10-06T05:09:59.858711+00:00;dividendos_AHEB6.csv;YAHOO_DIVIDENDOS;;AHEB6.SA;;SEM_EVENTOS;INALTERADO;1;642daec761ccb28fc097aa7f22cfeb4552f7859c3b919e315b4f51bc1ae66de3;49;data/raw/yahoo_dividendos/dividendos_AHEB6__20261006_642daec7.csv
20261005_213028;2026-10-06T05:09:59.885420+00:00;dividendos_ALLD3.csv;YAHOO_DIVIDENDOS;;ALLD3.SA;;COM_EVENTOS;INALTERADO;1;d66588ab369b7567d46b42aa785538bb5f371dc485d567f717620d08e92972ef;408;data/raw/yahoo_dividendos/dividendos_ALLD3__20261006_d66588ab.csv
20261005_213028;2026-10-06T05:10:00.486924+00:00;dividendos_ALOS3.csv;YAHOO_DIVIDENDOS;;ALOS3.SA;;COM_EVENTOS;INALTERADO;1;f4c0821b2584c1ebfb2f3a740b75d2bd2c89305462b74f118fd3199d8a9a7bb9;1386;data/raw/yahoo_dividendos/dividendos_ALOS3__20261006_f4c0821b.csv
20261005_213028;2026-10-06T05:10:01.388152+00:00;dividendos_ALPA3.csv;YAHOO_DIVIDENDOS;;ALPA3.SA;;COM_EVENTOS;INALTERADO;1;f4dbdd6a072fec629f2cc0740b640b8120b594f3d88e875503fa136d6e2daa7d;1840;data/raw/yahoo_dividendos/dividendos_ALPA3__20261006_f4dbdd6a.csv
20261005_213028;2026-10-06T05:10:01.637192+00:00;dividendos_ALPA4.csv;YAHOO_DIVIDENDOS;;ALPA4.SA;;COM_EVENTOS;INALTERADO;1;e9c4c18b3fb0e03aff91b0130f4d3a48cbb4c0caee05db9d262dd86f7fb7847d;1587;data/raw/yahoo_dividendos/dividendos_ALPA4__20261006_e9c4c18b.csv
20261005_213028;2026-10-06T05:10:01.877434+00:00;dividendos_ALPK3.csv;YAHOO_DIVIDENDOS;;ALPK3.SA;;COM_EVENTOS;INALTERADO;1;24d8645f0a6f06561837291f3874a9a54d03796a2bc484efed1d41eba3edc968;85;data/raw/yahoo_dividendos/dividendos_ALPK3__20261006_24d8645f.csv
20261005_213028;2026-10-06T05:10:03.583418+00:00;dividendos_ALUP11.csv;YAHOO_DIVIDENDOS;;ALUP11.SA;;COM_EVENTOS;INALTERADO;1;6f49824864f73e298cf22c837cfc8484b15c8e43060ce3696160d98351f76b2c;1076;data/raw/yahoo_dividendos/dividendos_ALUP11__20261006_6f498248.csv
20261005_213028;2026-10-06T05:10:04.062983+00:00;dividendos_ALUP3.csv;YAHOO_DIVIDENDOS;;ALUP3.SA;;COM_EVENTOS;INALTERADO;1;a39e9bfc11c933979fa4330c2fe2310c514c851b6202c16f5820325e1b10440b;873;data/raw/yahoo_dividendos/dividendos_ALUP3__20261006_a39e9bfc.csv
20261005_213028;2026-10-06T05:10:04.187096+00:00;dividendos_ALUP4.csv;YAHOO_DIVIDENDOS;;ALUP4.SA;;COM_EVENTOS;INALTERADO;1;0f620d96d67aa45654c104690d4cfd1ddc3c28ecf1911bac204f5be4c6a7ee0a;873;data/raw/yahoo_dividendos/dividendos_ALUP4__20261006_0f620d96.csv
20261005_213028;2026-10-06T05:10:04.917131+00:00;dividendos_AMBP3.csv;YAHOO_DIVIDENDOS;;AMBP3.SA;;COM_EVENTOS;INALTERADO;1;c911662effaf6e57b0fbbe2d7d92dd41196c9c56ecf74ec604053be6ec954a79;157;data/raw/yahoo_dividendos/dividendos_AMBP3__20261006_c911662e.csv
20261005_213028;2026-10-06T05:10:04.918694+00:00;dividendos_AMAR3.csv;YAHOO_DIVIDENDOS;;AMAR3.SA;;COM_EVENTOS;INALTERADO;1;c1b1e05fd6f9658e36259e88401a7c7987aaa4ce2e5f07cad3b9aee595265d35;515;data/raw/yahoo_dividendos/dividendos_AMAR3__20261006_c1b1e05f.csv
20261005_213028;2026-10-06T05:10:06.809245+00:00;dividendos_AMER3.csv;YAHOO_DIVIDENDOS;;AMER3.SA;;COM_EVENTOS;INALTERADO;1;58dcf37a1e5e7abd9d595c98ca65f9170cf7086de6ede84756215a4fd8949941;303;data/raw/yahoo_dividendos/dividendos_AMER3__20261006_58dcf37a.csv
20261005_213028;2026-10-06T05:10:07.693565+00:00;dividendos_AMOB3.csv;YAHOO_DIVIDENDOS;;AMOB3.SA;;SEM_EVENTOS;INALTERADO;1;642daec761ccb28fc097aa7f22cfeb4552f7859c3b919e315b4f51bc1ae66de3;49;data/raw/yahoo_dividendos/dividendos_AMOB3__20261006_642daec7.csv
20261005_213028;2026-10-06T05:10:08.951289+00:00;dividendos_ANIM3.csv;YAHOO_DIVIDENDOS;;ANIM3.SA;;COM_EVENTOS;INALTERADO;1;d039dfaf62a5524d4e63ced33856a1fdf08f2ca2c7b6d54d76175ca30c17d360;365;data/raw/yahoo_dividendos/dividendos_ANIM3__20261006_d039dfaf.csv
20261005_213028;2026-10-06T05:10:09.500133+00:00;dividendos_ARML3.csv;YAHOO_DIVIDENDOS;;ARML3.SA;;COM_EVENTOS;INALTERADO;1;26f949e3e7b91c5bf16be0c3dbf344e4d97ba8d7128dea8413dfc9c6976bedb5;624;data/raw/yahoo_dividendos/dividendos_ARML3__20261006_26f949e3.csv
20261005_213028;2026-10-06T05:10:11.319682+00:00;dividendos_ASAI3.csv;YAHOO_DIVIDENDOS;;ASAI3.SA;;COM_EVENTOS;INALTERADO;1;03b3566f3be9f0e66f20482d828d485f547f30d0c143fd8eb56e3817d6219065;336;data/raw/yahoo_dividendos/dividendos_ASAI3__20261006_03b3566f.csv
20261005_213028;2026-10-06T05:10:11.680571+00:00;dividendos_ATED3.csv;YAHOO_DIVIDENDOS;;ATED3.SA;;SEM_EVENTOS;INALTERADO;1;642daec761ccb28fc097aa7f22cfeb4552f7859c3b919e315b4f51bc1ae66de3;49;data/raw/yahoo_dividendos/dividendos_ATED3__20261006_642daec7.csv
20261005_213028;2026-10-06T05:10:13.062164+00:00;dividendos_AUAU3.csv;YAHOO_DIVIDENDOS;;AUAU3.SA;;COM_EVENTOS;INALTERADO;1;aa7da9449bbd766f63e5e6c1677286eac16b4f3c1dcf51c42dc0f4c120ec148a;85;data/raw/yahoo_dividendos/dividendos_AUAU3__20261006_aa7da944.csv
20261005_213028;2026-10-06T05:10:13.649479+00:00;dividendos_AURE3.csv;YAHOO_DIVIDENDOS;;AURE3.SA;;COM_EVENTOS;INALTERADO;1;ae4391fe9786a48aa5950f64a24f33bb7da3698ec32bec834e062ee38a7c7e65;209;data/raw/yahoo_dividendos/dividendos_AURE3__20261006_ae4391fe.csv
20261005_213028;2026-10-06T05:10:14.194170+00:00;dividendos_AVLL3.csv;YAHOO_DIVIDENDOS;;AVLL3.SA;;SEM_EVENTOS;INALTERADO;1;642daec761ccb28fc097aa7f22cfeb4552f7859c3b919e315b4f51bc1ae66de3;49;data/raw/yahoo_dividendos/dividendos_AVLL3__20261006_642daec7.csv
20261005_213028;2026-10-06T05:10:15.003286+00:00;dividendos_AXIA3.csv;YAHOO_DIVIDENDOS;;AXIA3.SA;;COM_EVENTOS;INALTERADO;1;8dd498af18003ba44f5d283a5eca1e38df011d00f84c15f6e15801b3ec0e550f;696;data/raw/yahoo_dividendos/dividendos_AXIA3__20261006_8dd498af.csv
20261005_213028;2026-10-06T05:10:15.856602+00:00;dividendos_AXIA7.csv;YAHOO_DIVIDENDOS;;AXIA7.SA;;SEM_EVENTOS;INALTERADO;1;642daec761ccb28fc097aa7f22cfeb4552f7859c3b919e315b4f51bc1ae66de3;49;data/raw/yahoo_dividendos/dividendos_AXIA7__20261006_642daec7.csv
20261005_213028;2026-10-06T05:10:16.561364+00:00;dividendos_AZEV3.csv;YAHOO_DIVIDENDOS;;AZEV3.SA;;COM_EVENTOS;INALTERADO;1;348a98296208660730b42904c2de1d13a792de7ece6182a5c828af83cb6ab6c1;157;data/raw/yahoo_dividendos/dividendos_AZEV3__20261006_348a9829.csv
20261005_213028;2026-10-06T05:10:16.709005+00:00;dividendos_AZEV4.csv;YAHOO_DIVIDENDOS;;AZEV4.SA;;COM_EVENTOS;INALTERADO;1;a23efe61aea02ea3e716e79fcc8be109d10c829d8876bdfb7892737a4490169b;157;data/raw/yahoo_dividendos/dividendos_AZEV4__20261006_a23efe61.csv
20261005_213028;2026-10-06T05:10:16.969339+00:00;dividendos_AZTE3.csv;YAHOO_DIVIDENDOS;;AZTE3.SA;;SEM_EVENTOS;INALTERADO;1;642daec761ccb28fc097aa7f22cfeb4552f7859c3b919e315b4f51bc1ae66de3;49;data/raw/yahoo_dividendos/dividendos_AZTE3__20261006_642daec7.csv
20261005_213028;2026-10-06T05:10:17.107069+00:00;dividendos_AZUL3.csv;YAHOO_DIVIDENDOS;;AZUL3.SA;;SEM_EVENTOS;INALTERADO;1;642daec761ccb28fc097aa7f22cfeb4552f7859c3b919e315b4f51bc1ae66de3;49;data/raw/yahoo_dividendos/dividendos_AZUL3__20261006_642daec7.csv
20261005_213028;2026-10-06T05:10:17.525568+00:00;dividendos_AZUL97.csv;YAHOO_DIVIDENDOS;;AZUL97.SA;;SEM_EVENTOS;INALTERADO;1;642daec761ccb28fc097aa7f22cfeb4552f7859c3b919e315b4f51bc1ae66de3;49;data/raw/yahoo_dividendos/dividendos_AZUL97__20261006_642daec7.csv
20261005_213028;2026-10-06T05:10:18.194966+00:00;dividendos_AZUL98.csv;YAHOO_DIVIDENDOS;;AZUL98.SA;;SEM_EVENTOS;INALTERADO;1;642daec761ccb28fc097aa7f22cfeb4552f7859c3b919e315b4f51bc1ae66de3;49;data/raw/yahoo_dividendos/dividendos_AZUL98__20261006_642daec7.csv
20261005_213028;2026-10-06T05:10:18.473120+00:00;dividendos_AZUL99.csv;YAHOO_DIVIDENDOS;;AZUL99.SA;;SEM_EVENTOS;INALTERADO;1;642daec761ccb28fc097aa7f22cfeb4552f7859c3b919e315b4f51bc1ae66de3;49;data/raw/yahoo_dividendos/dividendos_AZUL99__20261006_642daec7.csv
20261005_213028;2026-10-06T05:10:19.037700+00:00;dividendos_AZZA3.csv;YAHOO_DIVIDENDOS;;AZZA3.SA;;COM_EVENTOS;INALTERADO;1;3ba62d7cc821ffbbc6aba439f55c34f98f62728ed0033624ba78fa5f45bb5830;1831;data/raw/yahoo_dividendos/dividendos_AZZA3__20261006_3ba62d7c.csv
20261005_213028;2026-10-06T05:10:19.764715+00:00;dividendos_BALM3.csv;YAHOO_DIVIDENDOS;;BALM3.SA;;COM_EVENTOS;INALTERADO;1;a736e873ac31ddb76e716c4704c24d9e98ea188ccb0f5bd22211132a818757e6;817;data/raw/yahoo_dividendos/dividendos_BALM3__20261006_a736e873.csv
20261005_213028;2026-10-06T05:10:20.285043+00:00;dividendos_BALM4.csv;YAHOO_DIVIDENDOS;;BALM4.SA;;COM_EVENTOS;INALTERADO;1;db887bdd4283de267f79a2b95333eb17c01c3c04aa69ea42fbf43b2ee25a50a2;781;data/raw/yahoo_dividendos/dividendos_BALM4__20261006_db887bdd.csv
20261005_213028;2026-10-06T05:10:20.472651+00:00;dividendos_BAUH4.csv;YAHOO_DIVIDENDOS;;BAUH4.SA;;COM_EVENTOS;INALTERADO;1;ad5b71844acc8a97d32f3fd2e5b7badf22f237eea2ea181af408a36e8fc8d647;464;data/raw/yahoo_dividendos/dividendos_BAUH4__20261006_ad5b7184.csv
20261005_213028;2026-10-06T05:10:21.044383+00:00;dividendos_BDLL3.csv;YAHOO_DIVIDENDOS;;BDLL3.SA;;COM_EVENTOS;INALTERADO;1;eae3339ebdac774085c07a65492a9fb9ab8d9f8f73c9cc82fc033531ef8b31af;214;data/raw/yahoo_dividendos/dividendos_BDLL3__20261006_eae3339e.csv
20261005_213028;2026-10-06T05:10:21.887278+00:00;dividendos_BDLL4.csv;YAHOO_DIVIDENDOS;;BDLL4.SA;;COM_EVENTOS;INALTERADO;1;a6295c0d72936cf23ce23d9277a05818e200a3e7f12a65096e4c081e3baa2f3b;213;data/raw/yahoo_dividendos/dividendos_BDLL4__20261006_a6295c0d.csv
20261005_213028;2026-10-06T05:10:22.164248+00:00;dividendos_BEEF3.csv;YAHOO_DIVIDENDOS;;BEEF3.SA;;COM_EVENTOS;INALTERADO;1;4da4bc4bac28994f230013524c043535ef1377ee60f1ec45bcc77efd022363ac;515;data/raw/yahoo_dividendos/dividendos_BEEF3__20261006_4da4bc4b.csv
20261005_213028;2026-10-06T05:10:23.412845+00:00;dividendos_BHIA3.csv;YAHOO_DIVIDENDOS;;BHIA3.SA;;COM_EVENTOS;INALTERADO;1;d976ba6b42602d22e15f9ae13ce779eb5332d192f0d28cd0e062c755a7535395;336;data/raw/yahoo_dividendos/dividendos_BHIA3__20261006_d976ba6b.csv
20261005_213028;2026-10-06T05:10:24.138405+00:00;dividendos_BIED3.csv;YAHOO_DIVIDENDOS;;BIED3.SA;;COM_EVENTOS;INALTERADO;1;154ca1989b046c54155114bfba6a6ce537e90c1f287ee7390acbeffc76d1aa38;300;data/raw/yahoo_dividendos/dividendos_BIED3__20261006_154ca198.csv
20261005_213028;2026-10-06T05:10:24.211004+00:00;dividendos_BIOM3.csv;YAHOO_DIVIDENDOS;;BIOM3.SA;;SEM_EVENTOS;INALTERADO;1;642daec761ccb28fc097aa7f22cfeb4552f7859c3b919e315b4f51bc1ae66de3;49;data/raw/yahoo_dividendos/dividendos_BIOM3__20261006_642daec7.csv
20261005_213028;2026-10-06T05:10:26.280263+00:00;dividendos_BLAU3.csv;YAHOO_DIVIDENDOS;;BLAU3.SA;;COM_EVENTOS;INALTERADO;1;ba823622552757409713ef267619a906ba88a5536089f8d69da18ee6eefcbe4d;840;data/raw/yahoo_dividendos/dividendos_BLAU3__20261006_ba823622.csv
20261005_213028;2026-10-06T05:10:26.616498+00:00;dividendos_BMKS3.csv;YAHOO_DIVIDENDOS;;BMKS3.SA;;COM_EVENTOS;INALTERADO;1;8d63e27ae690079fa2deecd8e1f02e4b591b39a68a0ab6443877ce457949b86d;725;data/raw/yahoo_dividendos/dividendos_BMKS3__20261006_8d63e27a.csv
20261005_213028;2026-10-06T05:10:26.980645+00:00;dividendos_BMOB3.csv;YAHOO_DIVIDENDOS;;BMOB3.SA;;COM_EVENTOS;INALTERADO;1;78a82f44b165b36802828652a7556ff32d96621ac01e52e3122a09fbcf4e2c50;373;data/raw/yahoo_dividendos/dividendos_BMOB3__20261006_78a82f44.csv
20261005_213028;2026-10-06T05:10:28.079894+00:00;dividendos_BOBR4.csv;YAHOO_DIVIDENDOS;;BOBR4.SA;;SEM_EVENTOS;INALTERADO;1;642daec761ccb28fc097aa7f22cfeb4552f7859c3b919e315b4f51bc1ae66de3;49;data/raw/yahoo_dividendos/dividendos_BOBR4__20261006_642daec7.csv
20261005_213028;2026-10-06T05:10:28.720814+00:00;dividendos_BRAV3.csv;YAHOO_DIVIDENDOS;;BRAV3.SA;;COM_EVENTOS;INALTERADO;1;54bad17b7173aeb975d01b2cedff694f66469851fc5bc00e1c48b2ffab238e40;121;data/raw/yahoo_dividendos/dividendos_BRAV3__20261006_54bad17b.csv
20261005_213028;2026-10-06T05:10:31.145878+00:00;dividendos_BRKM3.csv;YAHOO_DIVIDENDOS;;BRKM3.SA;;COM_EVENTOS;INALTERADO;1;2a4ab5f02b9459ae86d7a9e6b984a08a9f98f70bfcd495cad259de1e69b0286b;479;data/raw/yahoo_dividendos/dividendos_BRKM3__20261006_2a4ab5f0.csv
20261005_213028;2026-10-06T05:10:31.715682+00:00;dividendos_BRKM6.csv;YAHOO_DIVIDENDOS;;BRKM6.SA;;COM_EVENTOS;INALTERADO;1;4dc993dc99308b62b759d8e02e6b646233ab3c24cff9b52615042c8050ec8aa3;371;data/raw/yahoo_dividendos/dividendos_BRKM6__20261006_4dc993dc.csv
20261005_213028;2026-10-06T05:10:31.939424+00:00;dividendos_BRKM5.csv;YAHOO_DIVIDENDOS;;BRKM5.SA;;COM_EVENTOS;INALTERADO;1;fb2987d72bbc257d7c4f46698d9eb5dcffed3612a5c5aafd065485ecce638d6d;620;data/raw/yahoo_dividendos/dividendos_BRKM5__20261006_fb2987d7.csv
20261005_213028;2026-10-06T05:10:33.539054+00:00;dividendos_BRST3.csv;YAHOO_DIVIDENDOS;;BRST3.SA;;COM_EVENTOS;INALTERADO;1;26071b8e4bc26d0105acf56a75c07fdf6b86b84f3ebf255fb8883f28f105f82b;85;data/raw/yahoo_dividendos/dividendos_BRST3__20261006_26071b8e.csv
20261005_213028;2026-10-06T05:10:37.319000+00:00;dividendos_CALI3.csv;YAHOO_DIVIDENDOS;;CALI3.SA;;COM_EVENTOS;INALTERADO;1;5425b019235571e891ab8ff70f42ed9561450b3b6a25165378f7ec9661b1d39d;406;data/raw/yahoo_dividendos/dividendos_CALI3__20261006_5425b019.csv
20261005_213028;2026-10-06T05:10:38.215579+00:00;dividendos_CAMB3.csv;YAHOO_DIVIDENDOS;;CAMB3.SA;;COM_EVENTOS;INALTERADO;1;be3ddc8ffc2a6c8df63c7ba6fd4358a40894462ba33ed998c029ef363fb460ec;826;data/raw/yahoo_dividendos/dividendos_CAMB3__20261006_be3ddc8f.csv
20261005_213028;2026-10-06T05:10:38.897974+00:00;dividendos_CAML3.csv;YAHOO_DIVIDENDOS;;CAML3.SA;;COM_EVENTOS;INALTERADO;1;d918f8651b9b7a40c37ce39d0f2ef31e27b2484a8e7e8787f4ec4ea13481a564;1375;data/raw/yahoo_dividendos/dividendos_CAML3__20261006_d918f865.csv
20261005_213028;2026-10-06T05:10:40.065306+00:00;dividendos_CASH3.csv;YAHOO_DIVIDENDOS;;CASH3.SA;;COM_EVENTOS;INALTERADO;1;72d0a4d1f74dca7c63e4cbec6f021c3293d794da66be573cadbceaf26feb12c2;85;data/raw/yahoo_dividendos/dividendos_CASH3__20261006_72d0a4d1.csv
20261005_213028;2026-10-06T05:10:40.385793+00:00;dividendos_CASN3.csv;YAHOO_DIVIDENDOS;;CASN3.SA;;SEM_EVENTOS;INALTERADO;1;642daec761ccb28fc097aa7f22cfeb4552f7859c3b919e315b4f51bc1ae66de3;49;data/raw/yahoo_dividendos/dividendos_CASN3__20261006_642daec7.csv
20261005_213028;2026-10-06T05:10:40.951601+00:00;dividendos_CBAV3.csv;YAHOO_DIVIDENDOS;;CBAV3.SA;;COM_EVENTOS;INALTERADO;1;57f2c0d6bfdbf74b891f8531743d0f8dced0b26a77de44441c3637c3f86dd93c;193;data/raw/yahoo_dividendos/dividendos_CBAV3__20261006_57f2c0d6.csv
20261005_213028;2026-10-06T05:10:41.552077+00:00;dividendos_CBEE3.csv;YAHOO_DIVIDENDOS;;CBEE3.SA;;COM_EVENTOS;INALTERADO;1;283be4b0515f87e405d9e69d9f6b6e54134d340cf47b98fd265c470b78a78801;516;data/raw/yahoo_dividendos/dividendos_CBEE3__20261006_283be4b0.csv
20261005_213028;2026-10-06T05:10:45.764969+00:00;dividendos_CCTY3.csv;YAHOO_DIVIDENDOS;;CCTY3.SA;;SEM_EVENTOS;INALTERADO;1;642daec761ccb28fc097aa7f22cfeb4552f7859c3b919e315b4f51bc1ae66de3;49;data/raw/yahoo_dividendos/dividendos_CCTY3__20261006_642daec7.csv
20261005_213028;2026-10-06T05:10:46.048420+00:00;dividendos_CEAB3.csv;YAHOO_DIVIDENDOS;;CEAB3.SA;;COM_EVENTOS;INALTERADO;1;292103de134056d3f2e34db3d37a7e8283b916cc11841dfbc52b7c9d572d1e90;191;data/raw/yahoo_dividendos/dividendos_CEAB3__20261006_292103de.csv
20261005_213028;2026-10-06T05:10:47.427857+00:00;dividendos_CEBR3.csv;YAHOO_DIVIDENDOS;;CEBR3.SA;;COM_EVENTOS;INALTERADO;1;862b5aa062c01ecd9c12ac1832b276d5dac6032a98a0d28e0ebf3ce6a43cba4c;652;data/raw/yahoo_dividendos/dividendos_CEBR3__20261006_862b5aa0.csv
20261005_213028;2026-10-06T05:10:47.696641+00:00;dividendos_CEBR5.csv;YAHOO_DIVIDENDOS;;CEBR5.SA;;COM_EVENTOS;INALTERADO;1;0051730f3276195fc2d260c9776800e96be262864d21864496d55523d78b3a63;653;data/raw/yahoo_dividendos/dividendos_CEBR5__20261006_0051730f.csv
20261005_213028;2026-10-06T05:10:48.228325+00:00;dividendos_CEBR6.csv;YAHOO_DIVIDENDOS;;CEBR6.SA;;COM_EVENTOS;INALTERADO;1;64e2b39d165cd3768c9fa6aae57ed6b0b2936a8de3a78d9ddb86f5f2b3307311;657;data/raw/yahoo_dividendos/dividendos_CEBR6__20261006_64e2b39d.csv
20261005_213028;2026-10-06T05:10:48.460654+00:00;dividendos_CEDO3.csv;YAHOO_DIVIDENDOS;;CEDO3.SA;;COM_EVENTOS;INALTERADO;1;27c611b76745117f20b312149019ad4012e135044dbbed344964afd7c5aa8447;458;data/raw/yahoo_dividendos/dividendos_CEDO3__20261006_27c611b7.csv
20261005_213028;2026-10-06T05:10:48.729933+00:00;dividendos_CEDO4.csv;YAHOO_DIVIDENDOS;;CEDO4.SA;;COM_EVENTOS;INALTERADO;1;6609f9da24e66d7d95d03725aec70557ff038f0e136bfbb8cec2a40aadb11130;211;data/raw/yahoo_dividendos/dividendos_CEDO4__20261006_6609f9da.csv
20261005_213028;2026-10-06T05:10:49.218970+00:00;dividendos_CEEB3.csv;YAHOO_DIVIDENDOS;;CEEB3.SA;;COM_EVENTOS;INALTERADO;1;40f5ac68ca3213db96121803c70ee2ad1a5d579b3ae029e18f4afcd5c781c67e;2350;data/raw/yahoo_dividendos/dividendos_CEEB3__20261006_40f5ac68.csv
20261005_213028;2026-10-06T05:10:49.306422+00:00;dividendos_CEEB5.csv;YAHOO_DIVIDENDOS;;CEEB5.SA;;COM_EVENTOS;INALTERADO;1;4d05236b3c0308b314503079a19f5bb109f1705c02ed1ed5499f691fb6dd308f;2130;data/raw/yahoo_dividendos/dividendos_CEEB5__20261006_4d05236b.csv
20261005_213028;2026-10-06T05:10:49.661735+00:00;dividendos_CEED3.csv;YAHOO_DIVIDENDOS;;CEED3.SA;;SEM_EVENTOS;INALTERADO;1;642daec761ccb28fc097aa7f22cfeb4552f7859c3b919e315b4f51bc1ae66de3;49;data/raw/yahoo_dividendos/dividendos_CEED3__20261006_642daec7.csv
20261005_213028;2026-10-06T05:10:49.736397+00:00;dividendos_CEED4.csv;YAHOO_DIVIDENDOS;;CEED4.SA;;SEM_EVENTOS;INALTERADO;1;642daec761ccb28fc097aa7f22cfeb4552f7859c3b919e315b4f51bc1ae66de3;49;data/raw/yahoo_dividendos/dividendos_CEED4__20261006_642daec7.csv
20261005_213028;2026-10-06T05:10:50.304142+00:00;dividendos_CEGR3.csv;YAHOO_DIVIDENDOS;;CEGR3.SA;;COM_EVENTOS;INALTERADO;1;3cd18895d4c12cbeea8b9d72f2f1d084eb38b064b397ec388ec7d1456dc453d2;1362;data/raw/yahoo_dividendos/dividendos_CEGR3__20261006_3cd18895.csv
20261005_213028;2026-10-06T05:10:56.218215+00:00;dividendos_CGAS3.csv;YAHOO_DIVIDENDOS;;CGAS3.SA;;COM_EVENTOS;INALTERADO;1;d3c7be53c50e671fcf449afa8ebf4b6e589092bce4049c3272d06a988f384a39;1734;data/raw/yahoo_dividendos/dividendos_CGAS3__20261006_d3c7be53.csv
20261005_213028;2026-10-06T05:10:56.950197+00:00;dividendos_CGAS5.csv;YAHOO_DIVIDENDOS;;CGAS5.SA;;COM_EVENTOS;INALTERADO;1;6ce443c777878ae70a6231f9fda366cf23d8cee4a361501d53391a350eb5416b;1702;data/raw/yahoo_dividendos/dividendos_CGAS5__20261006_6ce443c7.csv
20261005_213028;2026-10-06T05:10:57.067006+00:00;dividendos_CGRA3.csv;YAHOO_DIVIDENDOS;;CGRA3.SA;;COM_EVENTOS;INALTERADO;1;acaabea2d486b55dc14f388216d1423b6a7b53636535928f485d0c4bf086363a;1196;data/raw/yahoo_dividendos/dividendos_CGRA3__20261006_acaabea2.csv
20261005_213028;2026-10-06T05:10:57.846592+00:00;dividendos_CGRA4.csv;YAHOO_DIVIDENDOS;;CGRA4.SA;;COM_EVENTOS;INALTERADO;1;2be978721479e591acb9b6923ac1955483fa9897ccc20cbee35fe41e11f48f31;1164;data/raw/yahoo_dividendos/dividendos_CGRA4__20261006_2be97872.csv
20261005_213028;2026-10-06T05:10:59.674922+00:00;dividendos_CLSC3.csv;YAHOO_DIVIDENDOS;;CLSC3.SA;;COM_EVENTOS;INALTERADO;1;04f258c516d2dec55961e728a1799f2161b87165ecacb071f72c406d44ea3337;1554;data/raw/yahoo_dividendos/dividendos_CLSC3__20261006_04f258c5.csv
20261005_213028;2026-10-06T05:11:00.401473+00:00;dividendos_CLSC4.csv;YAHOO_DIVIDENDOS;;CLSC4.SA;;COM_EVENTOS;INALTERADO;1;c19364c490c9035b61b29f0af6a9f70eb8034dada0e2d50f0973018851128c55;1303;data/raw/yahoo_dividendos/dividendos_CLSC4__20261006_c19364c4.csv
20261005_213028;2026-10-06T05:11:02.975453+00:00;dividendos_CMIG3.csv;YAHOO_DIVIDENDOS;;CMIG3.SA;;COM_EVENTOS;INALTERADO;1;65a27b0adefd09bf5092abcbabe1386a2c4707f5deeb92700cd44ee9098d3ad9;2050;data/raw/yahoo_dividendos/dividendos_CMIG3__20261006_65a27b0a.csv
20261005_213028;2026-10-06T05:11:03.521458+00:00;dividendos_CMIN3.csv;YAHOO_DIVIDENDOS;;CMIN3.SA;;COM_EVENTOS;INALTERADO;1;af6fb8b50215a0cfd0b446b5d3e019754301dd27934c9938de0ee94c23600d99;659;data/raw/yahoo_dividendos/dividendos_CMIN3__20261006_af6fb8b5.csv
20261005_213028;2026-10-06T05:11:03.634411+00:00;dividendos_CMIG4.csv;YAHOO_DIVIDENDOS;;CMIG4.SA;;COM_EVENTOS;INALTERADO;1;8e8ba82eda34a21b4b8fae6e89fb9fb71e8f7321e389804e1a3d168fcb189fff;1946;data/raw/yahoo_dividendos/dividendos_CMIG4__20261006_8e8ba82e.csv
20261005_213028;2026-10-06T05:11:06.012974+00:00;dividendos_COCE3.csv;YAHOO_DIVIDENDOS;;COCE3.SA;;COM_EVENTOS;INALTERADO;1;7e615e4d84e9765c05b7b856e580317874fb3d94d9f4b8f75acd07608067186d;800;data/raw/yahoo_dividendos/dividendos_COCE3__20261006_7e615e4d.csv
20261005_213028;2026-10-06T05:11:06.797947+00:00;dividendos_COCE5.csv;YAHOO_DIVIDENDOS;;COCE5.SA;;COM_EVENTOS;INALTERADO;1;ea661685f9685876ca0977554e1172e2138bd0ebc500cb12067ba874162287f0;765;data/raw/yahoo_dividendos/dividendos_COCE5__20261006_ea661685.csv
20261005_213028;2026-10-06T05:11:07.648735+00:00;dividendos_COGN3.csv;YAHOO_DIVIDENDOS;;COGN3.SA;;COM_EVENTOS;INALTERADO;1;b33523ff0f5156edfb10963c7b73dd391c4a28343c750cb1200a897eefdd99d4;1129;data/raw/yahoo_dividendos/dividendos_COGN3__20261006_b33523ff.csv
20261005_213028;2026-10-06T05:11:08.372730+00:00;dividendos_CPFE3.csv;YAHOO_DIVIDENDOS;;CPFE3.SA;;COM_EVENTOS;INALTERADO;1;a7e1ee78d313d209a239b80f9734fad3e183cfecfdd4a161eba8ba9ed5afbe1b;983;data/raw/yahoo_dividendos/dividendos_CPFE3__20261006_a7e1ee78.csv
20261005_213028;2026-10-06T05:11:09.398972+00:00;dividendos_CPLE3.csv;YAHOO_DIVIDENDOS;;CPLE3.SA;;COM_EVENTOS;INALTERADO;1;fa5f062ec977ed6e163e10cedf0e6ab405b7d53da4e0a39f0c93b61eb9ac7a95;1335;data/raw/yahoo_dividendos/dividendos_CPLE3__20261006_fa5f062e.csv
20261005_213028;2026-10-06T05:11:13.376350+00:00;dividendos_CRPG3.csv;YAHOO_DIVIDENDOS;;CRPG3.SA;;COM_EVENTOS;INALTERADO;1;37968e99c0c5a747389dee380bd326d4250b77e4ecb0e9881e016e7faa7de5c4;889;data/raw/yahoo_dividendos/dividendos_CRPG3__20261006_37968e99.csv
20261005_213028;2026-10-06T05:11:13.432781+00:00;dividendos_CRPG5.csv;YAHOO_DIVIDENDOS;;CRPG5.SA;;COM_EVENTOS;INALTERADO;1;bfacd51b4541fd5664cf648aace602b01103364a14ea0942ada53a76e1c3d3e5;886;data/raw/yahoo_dividendos/dividendos_CRPG5__20261006_bfacd51b.csv
20261005_213028;2026-10-06T05:11:14.243281+00:00;dividendos_CRPG6.csv;YAHOO_DIVIDENDOS;;CRPG6.SA;;COM_EVENTOS;INALTERADO;1;83e828c71d46710a4b29c47ea59622540d3a77ea04791a91fa98d755dcbdfeef;855;data/raw/yahoo_dividendos/dividendos_CRPG6__20261006_83e828c7.csv
20261005_213028;2026-10-06T05:11:14.987772+00:00;dividendos_CSAN3.csv;YAHOO_DIVIDENDOS;;CSAN3.SA;;COM_EVENTOS;INALTERADO;1;5804723db0c801befbf9d4057ae9ab27ab562e533a1e8dd02832c2e71c0aa6be;839;data/raw/yahoo_dividendos/dividendos_CSAN3__20261006_5804723d.csv
20261005_213028;2026-10-06T05:11:15.349869+00:00;dividendos_CSED3.csv;YAHOO_DIVIDENDOS;;CSED3.SA;;COM_EVENTOS;INALTERADO;1;28a377f2806439df290bd97e3f3efca9b4c2d01ae94ec4cbd29a525f8edc6275;334;data/raw/yahoo_dividendos/dividendos_CSED3__20261006_28a377f2.csv
20261005_213028;2026-10-06T05:11:15.610865+00:00;dividendos_CSMG3.csv;YAHOO_DIVIDENDOS;;CSMG3.SA;;COM_EVENTOS;INALTERADO;1;048513d9545a2511e971c0b5195bf7b2719ac6caf3e6f1d163557e20d65757c0;2488;data/raw/yahoo_dividendos/dividendos_CSMG3__20261006_048513d9.csv
20261005_213028;2026-10-06T05:11:16.285663+00:00;dividendos_CSNA3.csv;YAHOO_DIVIDENDOS;;CSNA3.SA;;COM_EVENTOS;INALTERADO;1;3e1e48a70f69abdc5dbad88f6226d3ae3db1f3a30d96a5866d3d0d982923622a;1046;data/raw/yahoo_dividendos/dividendos_CSNA3__20261006_3e1e48a7.csv
20261005_213028;2026-10-06T05:11:18.098146+00:00;dividendos_CSUD3.csv;YAHOO_DIVIDENDOS;;CSUD3.SA;;COM_EVENTOS;INALTERADO;1;c2e386c2c4b2136bcbdf951bec89e7eadf7d8180a95bf33e26465f7b4e88bbd7;1769;data/raw/yahoo_dividendos/dividendos_CSUD3__20261006_c2e386c2.csv
20261005_213028;2026-10-06T05:11:18.889296+00:00;dividendos_CTAX3.csv;YAHOO_DIVIDENDOS;;CTAX3.SA;;COM_EVENTOS;INALTERADO;1;e9afed3ca38dc0c0c45936e03fb38fbc72035c45ae0334f58ad4493459cce9a0;413;data/raw/yahoo_dividendos/dividendos_CTAX3__20261006_e9afed3c.csv
20261005_213028;2026-10-06T05:11:19.471372+00:00;dividendos_CTKA3.csv;YAHOO_DIVIDENDOS;;CTKA3.SA;;COM_EVENTOS;INALTERADO;1;62e303f9f84bb8356a52f12913d3d3ad30143d3a88c5844194fd26f171205733;157;data/raw/yahoo_dividendos/dividendos_CTKA3__20261006_62e303f9.csv
20261005_213028;2026-10-06T05:11:20.206093+00:00;dividendos_CTKA4.csv;YAHOO_DIVIDENDOS;;CTKA4.SA;;COM_EVENTOS;INALTERADO;1;1a83371865fdb77e78d33aff33ebdc75db5b5bb0abce25bcb25c8e01efcb8841;119;data/raw/yahoo_dividendos/dividendos_CTKA4__20261006_1a833718.csv
20261005_213028;2026-10-06T05:11:21.058428+00:00;dividendos_CTNM4.csv;YAHOO_DIVIDENDOS;;CTNM4.SA;;COM_EVENTOS;INALTERADO;1;9364b050f49b383463d1c4a7126f5908be4c9e157bc7fc9ee212143530348b01;85;data/raw/yahoo_dividendos/dividendos_CTNM4__20261006_9364b050.csv
20261005_213028;2026-10-06T05:11:22.080399+00:00;dividendos_CTSA3.csv;YAHOO_DIVIDENDOS;;CTSA3.SA;;COM_EVENTOS;INALTERADO;1;a41472f20131aaa6baae68c430ad9d8f406e8ca4a5af2869edcc2c9e57bb419b;804;data/raw/yahoo_dividendos/dividendos_CTSA3__20261006_a41472f2.csv
20261005_213028;2026-10-06T05:11:22.780465+00:00;dividendos_CURY3.csv;YAHOO_DIVIDENDOS;;CURY3.SA;;COM_EVENTOS;INALTERADO;1;2ba8c2ef4f593098bd124af2c8b4e69be1ceeff1be422bc729acd3b51730e9a7;693;data/raw/yahoo_dividendos/dividendos_CURY3__20261006_2ba8c2ef.csv
20261005_213028;2026-10-06T05:11:23.045376+00:00;dividendos_CTSA4.csv;YAHOO_DIVIDENDOS;;CTSA4.SA;;COM_EVENTOS;INALTERADO;1;f8fd59b6bc6ab27c94516221d1e1e371b66461c8ff32a9040ec292f5eb9f500b;588;data/raw/yahoo_dividendos/dividendos_CTSA4__20261006_f8fd59b6.csv
20261005_213028;2026-10-06T05:11:23.576996+00:00;dividendos_CVCB3.csv;YAHOO_DIVIDENDOS;;CVCB3.SA;;COM_EVENTOS;INALTERADO;1;4e60b6596140864ad977348bb7cf1d7a0db2074e8bc9c66780a45bb718812485;516;data/raw/yahoo_dividendos/dividendos_CVCB3__20261006_4e60b659.csv
20261005_213028;2026-10-06T05:11:23.893179+00:00;dividendos_CYRE3.csv;YAHOO_DIVIDENDOS;;CYRE3.SA;;COM_EVENTOS;INALTERADO;1;782a19624f206adc7777d0bacbb5e5a76541d22c6ce004ce824bdb5b33943268;803;data/raw/yahoo_dividendos/dividendos_CYRE3__20261006_782a1962.csv
20261005_213028;2026-10-06T05:11:23.972975+00:00;dividendos_CYRE4.csv;YAHOO_DIVIDENDOS;;CYRE4.SA;;SEM_EVENTOS;INALTERADO;1;642daec761ccb28fc097aa7f22cfeb4552f7859c3b919e315b4f51bc1ae66de3;49;data/raw/yahoo_dividendos/dividendos_CYRE4__20261006_642daec7.csv
20261005_213028;2026-10-06T05:11:24.560862+00:00;dividendos_DESK3.csv;YAHOO_DIVIDENDOS;;DESK3.SA;;COM_EVENTOS;INALTERADO;1;007554c6ca778febfc1d414d24ab9845c07f3aa889ef0098311dad553fecb686;301;data/raw/yahoo_dividendos/dividendos_DESK3__20261006_007554c6.csv
20261005_213028;2026-10-06T05:11:24.747511+00:00;dividendos_DASA3.csv;YAHOO_DIVIDENDOS;;DASA3.SA;;COM_EVENTOS;INALTERADO;1;4f739ce5ff9ab4e7bac14d28bc22f5f47188b1f91d915ff3c837bc6f7ca292ce;625;data/raw/yahoo_dividendos/dividendos_DASA3__20261006_4f739ce5.csv
20261005_213028;2026-10-06T05:11:25.213548+00:00;dividendos_DEXP4.csv;YAHOO_DIVIDENDOS;;DEXP4.SA;;COM_EVENTOS;INALTERADO;1;b110e10733a370161edd5519c86716a182507f8b2fb102a1526b391c5cff05ef;337;data/raw/yahoo_dividendos/dividendos_DEXP4__20261006_b110e107.csv
20261005_213028;2026-10-06T05:11:25.423034+00:00;dividendos_DEXP3.csv;YAHOO_DIVIDENDOS;;DEXP3.SA;;COM_EVENTOS;INALTERADO;1;104e15113aee4658d5b2507aa2767d96c151d0aa752b43c8da599a1c732d7bd1;408;data/raw/yahoo_dividendos/dividendos_DEXP3__20261006_104e1511.csv
20261005_213028;2026-10-06T05:11:27.033110+00:00;dividendos_DMVF3.csv;YAHOO_DIVIDENDOS;;DMVF3.SA;;SEM_EVENTOS;INALTERADO;1;642daec761ccb28fc097aa7f22cfeb4552f7859c3b919e315b4f51bc1ae66de3;49;data/raw/yahoo_dividendos/dividendos_DMVF3__20261006_642daec7.csv
20261005_213028;2026-10-06T05:11:27.111372+00:00;dividendos_DIRR3.csv;YAHOO_DIVIDENDOS;;DIRR3.SA;;COM_EVENTOS;INALTERADO;1;38e13e83b5a577f40a7308d300c3dc2f4f24bb4e3971728a00dec397f5992f42;835;data/raw/yahoo_dividendos/dividendos_DIRR3__20261006_38e13e83.csv
20261005_213028;2026-10-06T05:11:28.782746+00:00;dividendos_DOHL3.csv;YAHOO_DIVIDENDOS;;DOHL3.SA;;COM_EVENTOS;INALTERADO;1;42571061ee4151cc2eff43872c2788299bc7f13dfc6230de9cf152c9d7c0f996;684;data/raw/yahoo_dividendos/dividendos_DOHL3__20261006_42571061.csv
20261005_213028;2026-10-06T05:11:28.935113+00:00;dividendos_DOHL4.csv;YAHOO_DIVIDENDOS;;DOHL4.SA;;COM_EVENTOS;INALTERADO;1;a41338522b606341eb5c86b00d3d9307d2da6a9ecb302abefd02acfa7ff53205;593;data/raw/yahoo_dividendos/dividendos_DOHL4__20261006_a4133852.csv
20261005_213028;2026-10-06T05:11:29.510538+00:00;dividendos_DOTZ3.csv;YAHOO_DIVIDENDOS;;DOTZ3.SA;;SEM_EVENTOS;INALTERADO;1;642daec761ccb28fc097aa7f22cfeb4552f7859c3b919e315b4f51bc1ae66de3;49;data/raw/yahoo_dividendos/dividendos_DOTZ3__20261006_642daec7.csv
20261005_213028;2026-10-06T05:11:30.175389+00:00;dividendos_DTCY3.csv;YAHOO_DIVIDENDOS;;DTCY3.SA;;SEM_EVENTOS;INALTERADO;1;642daec761ccb28fc097aa7f22cfeb4552f7859c3b919e315b4f51bc1ae66de3;49;data/raw/yahoo_dividendos/dividendos_DTCY3__20261006_642daec7.csv
20261005_213028;2026-10-06T05:11:32.438339+00:00;dividendos_DXCO3.csv;YAHOO_DIVIDENDOS;;DXCO3.SA;;COM_EVENTOS;INALTERADO;1;ac38d6b79ef42bdc1d90f8f33e81482407663842f9207f64443131c7f419fd6e;1124;data/raw/yahoo_dividendos/dividendos_DXCO3__20261006_ac38d6b7.csv
20261005_213028;2026-10-06T05:11:33.069570+00:00;dividendos_EALT3.csv;YAHOO_DIVIDENDOS;;EALT3.SA;;COM_EVENTOS;INALTERADO;1;2076c8cce7689da3ee1f63f64b9a21faaa13076e623cda6ab4df15c8047aff7c;729;data/raw/yahoo_dividendos/dividendos_EALT3__20261006_2076c8cc.csv
20261005_213028;2026-10-06T05:11:33.944307+00:00;dividendos_EALT4.csv;YAHOO_DIVIDENDOS;;EALT4.SA;;COM_EVENTOS;INALTERADO;1;0375ab9d6d66424fd701dc26e61465580706b1813f9d5de0d803bd67adb87843;767;data/raw/yahoo_dividendos/dividendos_EALT4__20261006_0375ab9d.csv
20261005_213028;2026-10-06T05:11:36.175375+00:00;dividendos_ECOM3.csv;YAHOO_DIVIDENDOS;;ECOM3.SA;;COM_EVENTOS;INALTERADO;1;456360f2d108c134f62f7be5f0e25bc5fb4600a66ca2bcff18beec0d4b36962f;85;data/raw/yahoo_dividendos/dividendos_ECOM3__20261006_456360f2.csv
20261005_213028;2026-10-06T05:11:36.333490+00:00;dividendos_ECOR3.csv;YAHOO_DIVIDENDOS;;ECOR3.SA;;COM_EVENTOS;INALTERADO;1;42e3214f5b9b552bad54c611cadebd1f8a68ff971e7090f1831c646a0f3d5256;801;data/raw/yahoo_dividendos/dividendos_ECOR3__20261006_42e3214f.csv
20261005_213028;2026-10-06T05:11:37.665615+00:00;dividendos_EGGY3.csv;YAHOO_DIVIDENDOS;;EGGY3.SA;;SEM_EVENTOS;INALTERADO;1;642daec761ccb28fc097aa7f22cfeb4552f7859c3b919e315b4f51bc1ae66de3;49;data/raw/yahoo_dividendos/dividendos_EGGY3__20261006_642daec7.csv
20261005_213028;2026-10-06T05:11:38.121681+00:00;dividendos_EGIE3.csv;YAHOO_DIVIDENDOS;;EGIE3.SA;;COM_EVENTOS;INALTERADO;1;20585436bb9492eb8ebf985785a48ae7565f5dc5a444ae6036a1dc2c6fe63201;2024;data/raw/yahoo_dividendos/dividendos_EGIE3__20261006_20585436.csv
20261005_213028;2026-10-06T05:11:38.308899+00:00;dividendos_EKTR3.csv;YAHOO_DIVIDENDOS;;EKTR3.SA;;COM_EVENTOS;INALTERADO;1;a1e526656b3b6e49d6f77b6402289f3360baec6314830d1e3a6f98484046191a;2165;data/raw/yahoo_dividendos/dividendos_EKTR3__20261006_a1e52665.csv
20261005_213028;2026-10-06T05:11:38.840924+00:00;dividendos_EKTR4.csv;YAHOO_DIVIDENDOS;;EKTR4.SA;;COM_EVENTOS;INALTERADO;1;afd1173470b4011d91b742da71e095906806b5e993b63bacfc604b9ea1468e69;2024;data/raw/yahoo_dividendos/dividendos_EKTR4__20261006_afd11734.csv
20261005_213028;2026-10-06T05:11:43.949123+00:00;dividendos_EMAE3.csv;YAHOO_DIVIDENDOS;;EMAE3.SA;;COM_EVENTOS;INALTERADO;1;3498f25b4fab892277a76112e272eff10495ea28fe2eff98f1326c28f47e04c8;583;data/raw/yahoo_dividendos/dividendos_EMAE3__20261006_3498f25b.csv
20261005_213028;2026-10-06T05:11:44.363177+00:00;dividendos_EMAE4.csv;YAHOO_DIVIDENDOS;;EMAE4.SA;;COM_EVENTOS;INALTERADO;1;1a4b4082c95cc974166b350ae68ac7f023d9e882152ca6267d2929a5085567cc;831;data/raw/yahoo_dividendos/dividendos_EMAE4__20261006_1a4b4082.csv
20261005_213028;2026-10-06T05:11:44.718687+00:00;dividendos_EMBJ3.csv;YAHOO_DIVIDENDOS;;EMBJ3.SA;;COM_EVENTOS;INALTERADO;1;6e591f3c626038f67f9f2e828bbb101cf551c8d1bcfdf0737fcc143ad5966592;1652;data/raw/yahoo_dividendos/dividendos_EMBJ3__20261006_6e591f3c.csv
20261005_213028;2026-10-06T05:11:46.502646+00:00;dividendos_ENEV3.csv;YAHOO_DIVIDENDOS;;ENEV3.SA;;COM_EVENTOS;INALTERADO;1;d447af79c1b1e030c9f74f5354d935346de1a772a49eaa516b2009225db583ee;85;data/raw/yahoo_dividendos/dividendos_ENEV3__20261006_d447af79.csv
20261005_213028;2026-10-06T05:11:47.098254+00:00;dividendos_ENGI3.csv;YAHOO_DIVIDENDOS;;ENGI3.SA;;COM_EVENTOS;INALTERADO;1;d559642bae426239dd31a30292ec5608a681eabb4eed8585a40e66c221eb483b;1478;data/raw/yahoo_dividendos/dividendos_ENGI3__20261006_d559642b.csv
20261005_213028;2026-10-06T05:11:47.098710+00:00;dividendos_ENGI11.csv;YAHOO_DIVIDENDOS;;ENGI11.SA;;COM_EVENTOS;INALTERADO;1;ae3dcc8b96af9c09ac25ba96f2f02359105cc33f30f3c61ce17fd275e86e3120;1395;data/raw/yahoo_dividendos/dividendos_ENGI11__20261006_ae3dcc8b.csv
20261005_213028;2026-10-06T05:11:47.588849+00:00;dividendos_ENJU3.csv;YAHOO_DIVIDENDOS;;ENJU3.SA;;COM_EVENTOS;INALTERADO;1;1f7a768e07694b77ab600c02758fd886960482556596ac4ced64ce95087d2e87;85;data/raw/yahoo_dividendos/dividendos_ENJU3__20261006_1f7a768e.csv
20261005_213028;2026-10-06T05:11:48.081892+00:00;dividendos_ENGI4.csv;YAHOO_DIVIDENDOS;;ENGI4.SA;;COM_EVENTOS;INALTERADO;1;e4c5dc06c96c1f4b529381882cce49a9fbe94b12f7d216852403764f7fd0d18c;1395;data/raw/yahoo_dividendos/dividendos_ENGI4__20261006_e4c5dc06.csv
20261005_213028;2026-10-06T05:11:48.178496+00:00;dividendos_ENMT3.csv;YAHOO_DIVIDENDOS;;ENMT3.SA;;COM_EVENTOS;INALTERADO;1;9dae9f4c4706e3ea63952d9df99e63e6551b32a79bc11b67c7d4f9dd9aaa4c36;1076;data/raw/yahoo_dividendos/dividendos_ENMT3__20261006_9dae9f4c.csv
20261005_213028;2026-10-06T05:11:48.742303+00:00;dividendos_ENMT4.csv;YAHOO_DIVIDENDOS;;ENMT4.SA;;COM_EVENTOS;INALTERADO;1;36a7ebcd820dc37bcaa9a624a23a0f7f05a5a629597425733503c3155956b44e;1186;data/raw/yahoo_dividendos/dividendos_ENMT4__20261006_36a7ebcd.csv
20261005_213028;2026-10-06T05:11:48.940809+00:00;dividendos_EPAR3.csv;YAHOO_DIVIDENDOS;;EPAR3.SA;;COM_EVENTOS;INALTERADO;1;ef94c10c46ec48333c4dec2834531555a333b1f04561e6fda66b45418ba70a69;369;data/raw/yahoo_dividendos/dividendos_EPAR3__20261006_ef94c10c.csv
20261005_213028;2026-10-06T05:11:49.469090+00:00;dividendos_EQPA3.csv;YAHOO_DIVIDENDOS;;EQPA3.SA;;COM_EVENTOS;INALTERADO;1;eabd2932e21393f50e3f70190097044e13f5ec0342f9c7dafcccadaf3b2dc38b;821;data/raw/yahoo_dividendos/dividendos_EQPA3__20261006_eabd2932.csv
20261005_213028;2026-10-06T05:11:49.627576+00:00;dividendos_EQPA5.csv;YAHOO_DIVIDENDOS;;EQPA5.SA;;COM_EVENTOS;INALTERADO;1;cac184fd486fd4ea5c496053acc47f78fab6ae1520ef2c2ab846899703679052;785;data/raw/yahoo_dividendos/dividendos_EQPA5__20261006_cac184fd.csv
20261005_213028;2026-10-06T05:11:49.959797+00:00;dividendos_EQPA6.csv;YAHOO_DIVIDENDOS;;EQPA6.SA;;COM_EVENTOS;INALTERADO;1;aa9ff4fc713d03b69e1907524bc687d174bf279045da599ac2b43da1854c2558;785;data/raw/yahoo_dividendos/dividendos_EQPA6__20261006_aa9ff4fc.csv
20261005_213028;2026-10-06T05:11:50.216353+00:00;dividendos_EQPA7.csv;YAHOO_DIVIDENDOS;;EQPA7.SA;;COM_EVENTOS;INALTERADO;1;4f5a2aabe41eda4825fcdd03ac67c925be2820f189f1a4050128d480d5742424;785;data/raw/yahoo_dividendos/dividendos_EQPA7__20261006_4f5a2aab.csv
20261005_213028;2026-10-06T05:11:50.605533+00:00;dividendos_EQTL3.csv;YAHOO_DIVIDENDOS;;EQTL3.SA;;COM_EVENTOS;INALTERADO;1;31b9ae76ae07fa7886f893608becfc4233980c2a721e959b094dfe0321d968aa;1051;data/raw/yahoo_dividendos/dividendos_EQTL3__20261006_31b9ae76.csv
20261005_213028;2026-10-06T05:11:50.787708+00:00;dividendos_ESPA3.csv;YAHOO_DIVIDENDOS;;ESPA3.SA;;COM_EVENTOS;INALTERADO;1;b66d5d6e211d48908b0283746db6fc9eb7422d81b120893627c66c6c484d066c;229;data/raw/yahoo_dividendos/dividendos_ESPA3__20261006_b66d5d6e.csv
20261005_213028;2026-10-06T05:11:51.459106+00:00;dividendos_ESTR3.csv;YAHOO_DIVIDENDOS;;ESTR3.SA;;SEM_EVENTOS;INALTERADO;1;642daec761ccb28fc097aa7f22cfeb4552f7859c3b919e315b4f51bc1ae66de3;49;data/raw/yahoo_dividendos/dividendos_ESTR3__20261006_642daec7.csv
20261005_213028;2026-10-06T05:11:52.199629+00:00;dividendos_ESTR4.csv;YAHOO_DIVIDENDOS;;ESTR4.SA;;SEM_EVENTOS;INALTERADO;1;642daec761ccb28fc097aa7f22cfeb4552f7859c3b919e315b4f51bc1ae66de3;49;data/raw/yahoo_dividendos/dividendos_ESTR4__20261006_642daec7.csv
20261005_213028;2026-10-06T05:11:52.798731+00:00;dividendos_ETER3.csv;YAHOO_DIVIDENDOS;;ETER3.SA;;COM_EVENTOS;INALTERADO;1;fef65d54898727922c59282a568fddf32b60c356b178b3c17079f96db57b9737;1847;data/raw/yahoo_dividendos/dividendos_ETER3__20261006_fef65d54.csv
20261005_213028;2026-10-06T05:11:52.902213+00:00;dividendos_EUCA3.csv;YAHOO_DIVIDENDOS;;EUCA3.SA;;COM_EVENTOS;INALTERADO;1;dbadb5fde02f379c3794692617b2a9fa19cc3cd8fe5535c88a4277ca44cbd7fd;656;data/raw/yahoo_dividendos/dividendos_EUCA3__20261006_dbadb5fd.csv
20261005_213028;2026-10-06T05:11:53.652425+00:00;dividendos_EUCA4.csv;YAHOO_DIVIDENDOS;;EUCA4.SA;;COM_EVENTOS;INALTERADO;1;453d1c0e86917ddbfc8f84e53cff73f28c5ad4cd29e08bd487f7cd7b5b4fa8ef;659;data/raw/yahoo_dividendos/dividendos_EUCA4__20261006_453d1c0e.csv
20261005_213028;2026-10-06T05:11:53.729649+00:00;dividendos_EVEN3.csv;YAHOO_DIVIDENDOS;;EVEN3.SA;;COM_EVENTOS;INALTERADO;1;2b82427cbd509631afab5a73ea2e68bc1b14568d7214a10aaeb7be2dbf88478a;761;data/raw/yahoo_dividendos/dividendos_EVEN3__20261006_2b82427c.csv
20261005_213028;2026-10-06T05:11:54.301955+00:00;dividendos_EZTC3.csv;YAHOO_DIVIDENDOS;;EZTC3.SA;;COM_EVENTOS;INALTERADO;1;79ad72d4cefd0e803ac0410b258cabf7062dd37b83ef59f3c234463cafe50de1;1235;data/raw/yahoo_dividendos/dividendos_EZTC3__20261006_79ad72d4.csv
20261005_213028;2026-10-06T05:11:55.544470+00:00;dividendos_FESA3.csv;YAHOO_DIVIDENDOS;;FESA3.SA;;COM_EVENTOS;INALTERADO;1;f23e2b668d8f01ea95cb265b4440327864dc39b5df6ab6690b0d590b7c35d91d;2022;data/raw/yahoo_dividendos/dividendos_FESA3__20261006_f23e2b66.csv
20261005_213028;2026-10-06T05:11:56.147380+00:00;dividendos_FESA4.csv;YAHOO_DIVIDENDOS;;FESA4.SA;;COM_EVENTOS;INALTERADO;1;3eeaf04eb0a7da8918761cb5ceb8a4a7409bf44025d8d7c3b4aac7b0d7ccfece;1953;data/raw/yahoo_dividendos/dividendos_FESA4__20261006_3eeaf04e.csv
20261005_213028;2026-10-06T05:11:57.170882+00:00;dividendos_FHER3.csv;YAHOO_DIVIDENDOS;;FHER3.SA;;COM_EVENTOS;INALTERADO;1;f4a2d80a2f960f4f7f7b5927ad6310af36f8bd98eb007e40a7b85c8e5b76f1cb;113;data/raw/yahoo_dividendos/dividendos_FHER3__20261006_f4a2d80a.csv
20261005_213028;2026-10-06T05:11:57.681308+00:00;dividendos_FICT3.csv;YAHOO_DIVIDENDOS;;FICT3.SA;;SEM_EVENTOS;INALTERADO;1;642daec761ccb28fc097aa7f22cfeb4552f7859c3b919e315b4f51bc1ae66de3;49;data/raw/yahoo_dividendos/dividendos_FICT3__20261006_642daec7.csv
20261005_213028;2026-10-06T05:11:58.220320+00:00;dividendos_FIEI3.csv;YAHOO_DIVIDENDOS;;FIEI3.SA;;COM_EVENTOS;INALTERADO;1;3fcd288bb13e3908f1f57c4120c07e131b69bf72cde1cf30f88f2059804d99c4;246;data/raw/yahoo_dividendos/dividendos_FIEI3__20261006_3fcd288b.csv
20261005_213028;2026-10-06T05:11:58.800312+00:00;dividendos_FIGE3.csv;YAHOO_DIVIDENDOS;;FIGE3.SA;;COM_EVENTOS;INALTERADO;1;4d28e3073fe5295dd1084e530297c4b74305033d68dc53296c0c73d6dafce359;754;data/raw/yahoo_dividendos/dividendos_FIGE3__20261006_4d28e307.csv
20261005_213028;2026-10-06T05:11:59.347356+00:00;dividendos_FIQE3.csv;YAHOO_DIVIDENDOS;;FIQE3.SA;;COM_EVENTOS;INALTERADO;1;2f0eca758e0f6e861ceb2d8fa64cc9c22be30e4dc4f20af8f442fd7d105554aa;479;data/raw/yahoo_dividendos/dividendos_FIQE3__20261006_2f0eca75.csv
20261005_213028;2026-10-06T05:12:01.226837+00:00;dividendos_FLRY3.csv;YAHOO_DIVIDENDOS;;FLRY3.SA;;COM_EVENTOS;INALTERADO;1;82fb83d6925a8033c760ce88f8170ac128acfaf5d54cd4a26a687843a5666135;1522;data/raw/yahoo_dividendos/dividendos_FLRY3__20261006_82fb83d6.csv
20261005_213028;2026-10-06T05:12:01.274739+00:00;dividendos_FRAS3.csv;YAHOO_DIVIDENDOS;;FRAS3.SA;;COM_EVENTOS;INALTERADO;1;5d34a2fa310819b5579acd4c504003d74f4834b0dc6191e4945b25c1c7326bef;1809;data/raw/yahoo_dividendos/dividendos_FRAS3__20261006_5d34a2fa.csv
20261005_213028;2026-10-06T05:12:01.995600+00:00;dividendos_FRIO3.csv;YAHOO_DIVIDENDOS;;FRIO3.SA;;COM_EVENTOS;INALTERADO;1;794e12bdc370a7fd6fbd7530a5456fbea0dc707149dd76cf0d41efba6f76e21d;194;data/raw/yahoo_dividendos/dividendos_FRIO3__20261006_794e12bd.csv
20261005_213028;2026-10-06T05:12:04.676304+00:00;dividendos_GEPA3.csv;YAHOO_DIVIDENDOS;;GEPA3.SA;;COM_EVENTOS;INALTERADO;1;4216a72216b5bae29ad85081d2c1e932f257bdd159b61a0abba6ed123febe043;1529;data/raw/yahoo_dividendos/dividendos_GEPA3__20261006_4216a722.csv
20261005_213028;2026-10-06T05:12:05.600930+00:00;dividendos_GEPA4.csv;YAHOO_DIVIDENDOS;;GEPA4.SA;;COM_EVENTOS;INALTERADO;1;489337ef6a72931e49f9e89b34d3b21d108599a465fa152407bf8d0eaa1e2f9d;1564;data/raw/yahoo_dividendos/dividendos_GEPA4__20261006_489337ef.csv
20261005_213028;2026-10-06T05:12:06.848875+00:00;dividendos_GFSA3.csv;YAHOO_DIVIDENDOS;;GFSA3.SA;;COM_EVENTOS;INALTERADO;1;7681852d98d4c8763b2e26e5e67856b558fb9e3e14ff979b0b5b1b5ab60be8b2;305;data/raw/yahoo_dividendos/dividendos_GFSA3__20261006_7681852d.csv
20261005_213028;2026-10-06T05:12:07.577443+00:00;dividendos_GGBR3.csv;YAHOO_DIVIDENDOS;;GGBR3.SA;;COM_EVENTOS;INALTERADO;1;d4768f394746b5d5f0cb35f69b2cc2900a7a19a8ac69ca38c7ae8372ab109e67;2372;data/raw/yahoo_dividendos/dividendos_GGBR3__20261006_d4768f39.csv
20261005_213028;2026-10-06T05:12:07.772452+00:00;dividendos_GGBR4.csv;YAHOO_DIVIDENDOS;;GGBR4.SA;;COM_EVENTOS;INALTERADO;1;b4959e22eeb431c7fded6bb64526b90392d721e133ddb100143007f2583f3d84;3380;data/raw/yahoo_dividendos/dividendos_GGBR4__20261006_b4959e22.csv
20261005_213028;2026-10-06T05:12:08.348468+00:00;dividendos_GGPS3.csv;YAHOO_DIVIDENDOS;;GGPS3.SA;;COM_EVENTOS;INALTERADO;1;a9f1c3f847b89e0d7a375413add6f661824182ddf8660d66a3f9c32088a0694c;228;data/raw/yahoo_dividendos/dividendos_GGPS3__20261006_a9f1c3f8.csv
20261005_213028;2026-10-06T05:12:08.920567+00:00;dividendos_GMAT3.csv;YAHOO_DIVIDENDOS;;GMAT3.SA;;COM_EVENTOS;INALTERADO;1;3d76760bbf11466687cd11d36d307a48429672cba20ab8896ab318fc664dab54;337;data/raw/yahoo_dividendos/dividendos_GMAT3__20261006_3d76760b.csv
20261005_213028;2026-10-06T05:12:10.026649+00:00;dividendos_GOAU3.csv;YAHOO_DIVIDENDOS;;GOAU3.SA;;COM_EVENTOS;INALTERADO;1;40fb07eda8e975a86019551f022780157cea8d3a1c6f875271b4a99f66eca5c9;2284;data/raw/yahoo_dividendos/dividendos_GOAU3__20261006_40fb07ed.csv
20261005_213028;2026-10-06T05:12:10.991312+00:00;dividendos_GOAU4.csv;YAHOO_DIVIDENDOS;;GOAU4.SA;;COM_EVENTOS;INALTERADO;1;5aada177b2acb57338988e6275a191c6b1ab3436d7ff536a725363aebfba6d1f;3291;data/raw/yahoo_dividendos/dividendos_GOAU4__20261006_5aada177.csv
20261005_213028;2026-10-06T05:12:11.705995+00:00;dividendos_GPAR3.csv;YAHOO_DIVIDENDOS;;GPAR3.SA;;COM_EVENTOS;INALTERADO;1;07499817aa547fb65ab4943ebc370b1b992b73c2a91b7e6bbb4bf313af079a4b;230;data/raw/yahoo_dividendos/dividendos_GPAR3__20261006_07499817.csv
20261005_213028;2026-10-06T05:12:13.023839+00:00;dividendos_GRND3.csv;YAHOO_DIVIDENDOS;;GRND3.SA;;COM_EVENTOS;INALTERADO;1;8dc637b5add019deabf592c2fc9524d672f60522a27d6d4c60f253e97ed847f7;2643;data/raw/yahoo_dividendos/dividendos_GRND3__20261006_8dc637b5.csv
20261005_213028;2026-10-06T05:12:13.601555+00:00;dividendos_GSHP3.csv;YAHOO_DIVIDENDOS;;GSHP3.SA;;COM_EVENTOS;INALTERADO;1;ea3ca38734e1d6a9b8bc8c44a76de94edc1c32103f121b544e6789fee0e4f598;86;data/raw/yahoo_dividendos/dividendos_GSHP3__20261006_ea3ca387.csv
20261005_213028;2026-10-06T05:12:14.671005+00:00;dividendos_HAGA3.csv;YAHOO_DIVIDENDOS;;HAGA3.SA;;SEM_EVENTOS;INALTERADO;1;642daec761ccb28fc097aa7f22cfeb4552f7859c3b919e315b4f51bc1ae66de3;49;data/raw/yahoo_dividendos/dividendos_HAGA3__20261006_642daec7.csv
20261005_213028;2026-10-06T05:12:15.149199+00:00;dividendos_HAPV3.csv;YAHOO_DIVIDENDOS;;HAPV3.SA;;COM_EVENTOS;INALTERADO;1;46dca6d98a9d5bf7c38a2ad54ba755448b966e8610265123d0291baf1311cec2;442;data/raw/yahoo_dividendos/dividendos_HAPV3__20261006_46dca6d9.csv
20261005_213028;2026-10-06T05:12:15.362833+00:00;dividendos_HAGA4.csv;YAHOO_DIVIDENDOS;;HAGA4.SA;;SEM_EVENTOS;INALTERADO;1;642daec761ccb28fc097aa7f22cfeb4552f7859c3b919e315b4f51bc1ae66de3;49;data/raw/yahoo_dividendos/dividendos_HAGA4__20261006_642daec7.csv
20261005_213028;2026-10-06T05:12:15.737741+00:00;dividendos_HBOR3.csv;YAHOO_DIVIDENDOS;;HBOR3.SA;;COM_EVENTOS;INALTERADO;1;fbd9b67a37fb762f64196984566f80273c8925c4c05c888c2c7bac8d33b6e001;585;data/raw/yahoo_dividendos/dividendos_HBOR3__20261006_fbd9b67a.csv
20261005_213028;2026-10-06T05:12:15.919274+00:00;dividendos_HBRE3.csv;YAHOO_DIVIDENDOS;;HBRE3.SA;;COM_EVENTOS;INALTERADO;1;eccaa8c762a232934f47fad7ac644e7ea0ee24de4bcc0e7ae10f9fe726c1bc06;85;data/raw/yahoo_dividendos/dividendos_HBRE3__20261006_eccaa8c7.csv
20261005_213028;2026-10-06T05:12:16.156939+00:00;dividendos_HBSA3.csv;YAHOO_DIVIDENDOS;;HBSA3.SA;;SEM_EVENTOS;INALTERADO;1;642daec761ccb28fc097aa7f22cfeb4552f7859c3b919e315b4f51bc1ae66de3;49;data/raw/yahoo_dividendos/dividendos_HBSA3__20261006_642daec7.csv
20261005_213028;2026-10-06T05:12:16.498433+00:00;dividendos_HBTS5.csv;YAHOO_DIVIDENDOS;;HBTS5.SA;;COM_EVENTOS;INALTERADO;1;d310c8104648734ff63403bc153ae70e04f6c33695ae3f417c06818428be1c07;582;data/raw/yahoo_dividendos/dividendos_HBTS5__20261006_d310c810.csv
20261005_213028;2026-10-06T05:12:16.544721+00:00;dividendos_HETA3.csv;YAHOO_DIVIDENDOS;;HETA3.SA;;SEM_EVENTOS;INALTERADO;1;642daec761ccb28fc097aa7f22cfeb4552f7859c3b919e315b4f51bc1ae66de3;49;data/raw/yahoo_dividendos/dividendos_HETA3__20261006_642daec7.csv
20261005_213028;2026-10-06T05:12:17.198019+00:00;dividendos_HETA4.csv;YAHOO_DIVIDENDOS;;HETA4.SA;;SEM_EVENTOS;INALTERADO;1;642daec761ccb28fc097aa7f22cfeb4552f7859c3b919e315b4f51bc1ae66de3;49;data/raw/yahoo_dividendos/dividendos_HETA4__20261006_642daec7.csv
20261005_213028;2026-10-06T05:12:17.902348+00:00;dividendos_HOOT4.csv;YAHOO_DIVIDENDOS;;HOOT4.SA;;SEM_EVENTOS;INALTERADO;1;642daec761ccb28fc097aa7f22cfeb4552f7859c3b919e315b4f51bc1ae66de3;49;data/raw/yahoo_dividendos/dividendos_HOOT4__20261006_642daec7.csv
20261005_213028;2026-10-06T05:12:18.865481+00:00;dividendos_HYPE3.csv;YAHOO_DIVIDENDOS;;HYPE3.SA;;COM_EVENTOS;INALTERADO;1;b21091557ec184c58086726bbb56726976edf7f6481f7c74dc4bfafc41b998f8;1768;data/raw/yahoo_dividendos/dividendos_HYPE3__20261006_b2109155.csv
20261005_213028;2026-10-06T05:12:20.688795+00:00;dividendos_IFCM3.csv;YAHOO_DIVIDENDOS;;IFCM3.SA;;SEM_EVENTOS;INALTERADO;1;642daec761ccb28fc097aa7f22cfeb4552f7859c3b919e315b4f51bc1ae66de3;49;data/raw/yahoo_dividendos/dividendos_IFCM3__20261006_642daec7.csv
20261005_213028;2026-10-06T05:12:22.580037+00:00;dividendos_IGTI11.csv;YAHOO_DIVIDENDOS;;IGTI11.SA;;COM_EVENTOS;INALTERADO;1;8430de9dbaa9beb0de65c05ffb9d7e1ba37e372a4225b8edc55b3fda2d7fb266;425;data/raw/yahoo_dividendos/dividendos_IGTI11__20261006_8430de9d.csv
20261005_213028;2026-10-06T05:12:22.991942+00:00;dividendos_IGTI4.csv;YAHOO_DIVIDENDOS;;IGTI4.SA;;COM_EVENTOS;INALTERADO;1;174dd428bcc35ee9e523dc6c847d42a0da4ba047f8d8ee27e1255f799cf61da6;337;data/raw/yahoo_dividendos/dividendos_IGTI4__20261006_174dd428.csv
20261005_213028;2026-10-06T05:12:23.155956+00:00;dividendos_IGTI3.csv;YAHOO_DIVIDENDOS;;IGTI3.SA;;COM_EVENTOS;INALTERADO;1;0d0cb46979264ceea6bdc1a5d5e8fb25e6c64366ceee4051e31a84ba5b814fb3;799;data/raw/yahoo_dividendos/dividendos_IGTI3__20261006_0d0cb469.csv
20261005_213028;2026-10-06T05:12:27.932345+00:00;dividendos_INEP4.csv;YAHOO_DIVIDENDOS;;INEP4.SA;;COM_EVENTOS;INALTERADO;1;7c9375412d6d99f5ae4c44501102ebd98d759d2c98ffc818e3d92437f5ca8c91;85;data/raw/yahoo_dividendos/dividendos_INEP4__20261006_7c937541.csv
20261005_213028;2026-10-06T05:12:27.932836+00:00;dividendos_INEP3.csv;YAHOO_DIVIDENDOS;;INEP3.SA;;COM_EVENTOS;INALTERADO;1;0cd3bdbec7371e1c763c3a8ee53da92bd4c303c227849b0dfef3c26283fe5274;85;data/raw/yahoo_dividendos/dividendos_INEP3__20261006_0cd3bdbe.csv
20261005_213028;2026-10-06T05:12:28.621726+00:00;dividendos_INTB3.csv;YAHOO_DIVIDENDOS;;INTB3.SA;;COM_EVENTOS;INALTERADO;1;36386387f7c8ab1f3d3bcb500480b8ec127114e8b0107bb696aeda8741a5f693;660;data/raw/yahoo_dividendos/dividendos_INTB3__20261006_36386387.csv
20261005_213028;2026-10-06T05:12:29.499082+00:00;dividendos_ISAE3.csv;YAHOO_DIVIDENDOS;;ISAE3.SA;;COM_EVENTOS;INALTERADO;1;5d718b3c44bab2ac26e84caa4164aedc115c2dee9e9e6fe75968c1d472b8ff87;2458;data/raw/yahoo_dividendos/dividendos_ISAE3__20261006_5d718b3c.csv
20261005_213028;2026-10-06T05:12:30.234620+00:00;dividendos_ISAE4.csv;YAHOO_DIVIDENDOS;;ISAE4.SA;;COM_EVENTOS;INALTERADO;1;d751631dc2ecc43ba446543a6063f788f3c3386861ec504271618789f67f8961;2386;data/raw/yahoo_dividendos/dividendos_ISAE4__20261006_d751631d.csv
20261005_213028;2026-10-06T05:12:31.366646+00:00;dividendos_ITSA3.csv;YAHOO_DIVIDENDOS;;ITSA3.SA;;COM_EVENTOS;INALTERADO;1;e066a5cdcf4695614579e18a9e7f4281d8d2f47577a22c8a1917c0c6327e01df;5204;data/raw/yahoo_dividendos/dividendos_ITSA3__20261006_e066a5cd.csv
20261005_213028;2026-10-06T05:12:31.643671+00:00;dividendos_ITSA4.csv;YAHOO_DIVIDENDOS;;ITSA4.SA;;COM_EVENTOS;INALTERADO;1;61e069e7428fd40bb22f4e71b7d0cc94ebd0ccd4b7d0431e57bee96a948e292e;5132;data/raw/yahoo_dividendos/dividendos_ITSA4__20261006_61e069e7.csv
20261005_213028;2026-10-06T05:12:31.861135+00:00;dividendos_JALL3.csv;YAHOO_DIVIDENDOS;;JALL3.SA;;COM_EVENTOS;INALTERADO;1;ff6f0b07ded9ca263503dd37d2f7f543c3fe7ead4014ee7f361892834ae3c18e;265;data/raw/yahoo_dividendos/dividendos_JALL3__20261006_ff6f0b07.csv
20261005_213028;2026-10-06T05:12:32.932083+00:00;dividendos_JFEN3.csv;YAHOO_DIVIDENDOS;;JFEN3.SA;;COM_EVENTOS;INALTERADO;1;a04f93d58f0da16867700be5049f1af445136e9caf78c6dc1dac950a18a7c27f;196;data/raw/yahoo_dividendos/dividendos_JFEN3__20261006_a04f93d5.csv
20261005_213028;2026-10-06T05:12:33.461122+00:00;dividendos_JOPA3.csv;YAHOO_DIVIDENDOS;;JOPA3.SA;;COM_EVENTOS;INALTERADO;1;c90ba93313c8f2844fb37cfe6e919e8aca45a1f9f4b879b03ef01cf0bfbc63c7;757;data/raw/yahoo_dividendos/dividendos_JOPA3__20261006_c90ba933.csv
20261005_213028;2026-10-06T05:12:33.630827+00:00;dividendos_JHSF3.csv;YAHOO_DIVIDENDOS;;JHSF3.SA;;COM_EVENTOS;INALTERADO;1;265cdf6246b71615b97762e69f35749989ceb3263ce688867b1a64e8e96f51fb;2281;data/raw/yahoo_dividendos/dividendos_JHSF3__20261006_265cdf62.csv
20261005_213028;2026-10-06T05:12:34.294112+00:00;dividendos_JOPA4.csv;YAHOO_DIVIDENDOS;;JOPA4.SA;;COM_EVENTOS;INALTERADO;1;ef5d8706042f31f31a93f86a453f036203e3ffa5d344451db2e79330424c1ddc;864;data/raw/yahoo_dividendos/dividendos_JOPA4__20261006_ef5d8706.csv
20261005_213028;2026-10-06T05:12:35.368352+00:00;dividendos_JSLG3.csv;YAHOO_DIVIDENDOS;;JSLG3.SA;;COM_EVENTOS;INALTERADO;1;1acbee895ad1265652964ef5b12c8bc0b1eb7f21db882924f43a30d1ae4587bd;334;data/raw/yahoo_dividendos/dividendos_JSLG3__20261006_1acbee89.csv
20261005_213028;2026-10-06T05:12:36.219227+00:00;dividendos_KLBN11.csv;YAHOO_DIVIDENDOS;;KLBN11.SA;;COM_EVENTOS;INALTERADO;1;87f742a12ee040251c76be89b2184acd0a69bcd7139e513807aea529fb485003;1830;data/raw/yahoo_dividendos/dividendos_KLBN11__20261006_87f742a1.csv
20261005_213028;2026-10-06T05:12:36.219684+00:00;dividendos_KEPL3.csv;YAHOO_DIVIDENDOS;;KEPL3.SA;;COM_EVENTOS;INALTERADO;1;12497b975abd24a6329bb2fc52ce77c0be37c5f47e03f3cea5475aad02a045ff;1014;data/raw/yahoo_dividendos/dividendos_KEPL3__20261006_12497b97.csv
20261005_213028;2026-10-06T05:12:37.141320+00:00;dividendos_KLBN3.csv;YAHOO_DIVIDENDOS;;KLBN3.SA;;COM_EVENTOS;INALTERADO;1;698f4531436a99e661e5c7a24d572b42e483006857dbc905d8271c1b0ebc1837;2055;data/raw/yahoo_dividendos/dividendos_KLBN3__20261006_698f4531.csv
20261005_213028;2026-10-06T05:12:37.141803+00:00;dividendos_KLBN4.csv;YAHOO_DIVIDENDOS;;KLBN4.SA;;COM_EVENTOS;INALTERADO;1;2d8d8c0d08a9b29573ddb49a30714f2926b7726de9924c749758c3391e126140;2128;data/raw/yahoo_dividendos/dividendos_KLBN4__20261006_2d8d8c0d.csv
20261005_213028;2026-10-06T05:12:40.904134+00:00;dividendos_LAND3.csv;YAHOO_DIVIDENDOS;;LAND3.SA;;COM_EVENTOS;INALTERADO;1;e04ec5c45edf488d228660c945fd379614a69fbd66968403c7c3b60652c588d3;193;data/raw/yahoo_dividendos/dividendos_LAND3__20261006_e04ec5c4.csv
20261005_213028;2026-10-06T05:12:40.953949+00:00;dividendos_LAVV3.csv;YAHOO_DIVIDENDOS;;LAVV3.SA;;COM_EVENTOS;INALTERADO;1;7137fb6427b4b5fd7bedd8ee5f066cb639c4b8ca1ce171a7a8024a8f73aff890;766;data/raw/yahoo_dividendos/dividendos_LAVV3__20261006_7137fb64.csv
20261005_213028;2026-10-06T05:12:41.816513+00:00;dividendos_LEVE3.csv;YAHOO_DIVIDENDOS;;LEVE3.SA;;COM_EVENTOS;INALTERADO;1;20a1b0484c2fa336d96d2e1dec554e675e8cd6762515f13743c13c2ae9773d3c;1662;data/raw/yahoo_dividendos/dividendos_LEVE3__20261006_20a1b048.csv
20261005_213028;2026-10-06T05:12:45.251771+00:00;dividendos_LIGT3.csv;YAHOO_DIVIDENDOS;;LIGT3.SA;;COM_EVENTOS;INALTERADO;1;5c2e201fe6786751dfb0ea64493a6be2beaa5c3a1341a2908fbf437d91565acd;696;data/raw/yahoo_dividendos/dividendos_LIGT3__20261006_5c2e201f.csv
20261005_213028;2026-10-06T05:12:47.734008+00:00;dividendos_LJQQ3.csv;YAHOO_DIVIDENDOS;;LJQQ3.SA;;COM_EVENTOS;INALTERADO;1;5312397517600e4820839484e9b031014062481d6a3886633645675f3b04ac34;228;data/raw/yahoo_dividendos/dividendos_LJQQ3__20261006_53123975.csv
20261005_213028;2026-10-06T05:12:49.698731+00:00;dividendos_LOGG3.csv;YAHOO_DIVIDENDOS;;LOGG3.SA;;COM_EVENTOS;INALTERADO;1;33d86e4b0200e68bfe49e5ecb49820be476c7d98e371f0285643949b7517bc7e;552;data/raw/yahoo_dividendos/dividendos_LOGG3__20261006_33d86e4b.csv
20261005_213028;2026-10-06T05:12:50.085141+00:00;dividendos_LOGN3.csv;YAHOO_DIVIDENDOS;;LOGN3.SA;;COM_EVENTOS;INALTERADO;1;77490de8e9860e4c2c96c636524d437bb937bcbf1f29ef0ac427b629541f9c0b;120;data/raw/yahoo_dividendos/dividendos_LOGN3__20261006_77490de8.csv
20261005_213028;2026-10-06T05:12:50.491407+00:00;dividendos_LPSB3.csv;YAHOO_DIVIDENDOS;;LPSB3.SA;;COM_EVENTOS;INALTERADO;1;7570210839f5dc0fd3910329413c0cd16efc978d0c3c987106137db0340e9fb5;478;data/raw/yahoo_dividendos/dividendos_LPSB3__20261006_75702108.csv
20261005_213028;2026-10-06T05:12:51.016265+00:00;dividendos_LUPA3.csv;YAHOO_DIVIDENDOS;;LUPA3.SA;;SEM_EVENTOS;INALTERADO;1;642daec761ccb28fc097aa7f22cfeb4552f7859c3b919e315b4f51bc1ae66de3;49;data/raw/yahoo_dividendos/dividendos_LUPA3__20261006_642daec7.csv
20261005_213028;2026-10-06T05:12:51.139327+00:00;dividendos_LREN3.csv;YAHOO_DIVIDENDOS;;LREN3.SA;;COM_EVENTOS;INALTERADO;1;4432a3a51dca8e88fd3a04db6f51693a89ab8147b42d50c674cab4c4245fc5e4;2884;data/raw/yahoo_dividendos/dividendos_LREN3__20261006_4432a3a5.csv
20261005_213028;2026-10-06T05:12:51.841603+00:00;dividendos_LUXM4.csv;YAHOO_DIVIDENDOS;;LUXM4.SA;;COM_EVENTOS;INALTERADO;1;9fbc83d60c31b168967bc24d15d5fd8e0b9f9ec7d0cd6af00244ac4f35dd5465;765;data/raw/yahoo_dividendos/dividendos_LUXM4__20261006_9fbc83d6.csv
20261005_213028;2026-10-06T05:12:52.393006+00:00;dividendos_LWSA3.csv;YAHOO_DIVIDENDOS;;LWSA3.SA;;COM_EVENTOS;INALTERADO;1;f22629d4657678f02c441df38e60cd9c21a3ad3ef767858d9a647d536ef3ec11;265;data/raw/yahoo_dividendos/dividendos_LWSA3__20261006_f22629d4.csv
20261005_213028;2026-10-06T05:12:53.474661+00:00;dividendos_MAPT3.csv;YAHOO_DIVIDENDOS;;MAPT3.SA;;SEM_EVENTOS;INALTERADO;1;642daec761ccb28fc097aa7f22cfeb4552f7859c3b919e315b4f51bc1ae66de3;49;data/raw/yahoo_dividendos/dividendos_MAPT3__20261006_642daec7.csv
20261005_213028;2026-10-06T05:12:54.019819+00:00;dividendos_MATD3.csv;YAHOO_DIVIDENDOS;;MATD3.SA;;COM_EVENTOS;INALTERADO;1;cf37d9e8b9bd5454a2b0aef3aa997699fc8cbe90ded4342ba30314fc06100f92;229;data/raw/yahoo_dividendos/dividendos_MATD3__20261006_cf37d9e8.csv
20261005_213028;2026-10-06T05:12:54.119472+00:00;dividendos_MAPT4.csv;YAHOO_DIVIDENDOS;;MAPT4.SA;;SEM_EVENTOS;INALTERADO;1;642daec761ccb28fc097aa7f22cfeb4552f7859c3b919e315b4f51bc1ae66de3;49;data/raw/yahoo_dividendos/dividendos_MAPT4__20261006_642daec7.csv
20261005_213028;2026-10-06T05:12:55.122663+00:00;dividendos_MBRF3.csv;YAHOO_DIVIDENDOS;;MBRF3.SA;;COM_EVENTOS;INALTERADO;1;a9e3a44b61d6c60861290ead410989ab5359d4a38b346168a9bcd346ebc153b5;445;data/raw/yahoo_dividendos/dividendos_MBRF3__20261006_a9e3a44b.csv
20261005_213028;2026-10-06T05:12:55.565946+00:00;dividendos_MDNE3.csv;YAHOO_DIVIDENDOS;;MDNE3.SA;;COM_EVENTOS;INALTERADO;1;8f013dde620562edd1585b53894bf76ff6c78145b333c3c48db473f2d9208eaf;193;data/raw/yahoo_dividendos/dividendos_MDNE3__20261006_8f013dde.csv
20261005_213028;2026-10-06T05:12:55.964019+00:00;dividendos_MDIA3.csv;YAHOO_DIVIDENDOS;;MDIA3.SA;;COM_EVENTOS;INALTERADO;1;f5a4face838461c3c0140e5189ffc7fb3edd033cac2bec88f4d880bd0e824818;1913;data/raw/yahoo_dividendos/dividendos_MDIA3__20261006_f5a4face.csv
20261005_213028;2026-10-06T05:12:56.063200+00:00;dividendos_MEAL3.csv;YAHOO_DIVIDENDOS;;MEAL3.SA;;COM_EVENTOS;INALTERADO;1;9cbaeda868e6bf8971f383abafd933717c435cfd67a51a4732e93c45b8694a95;193;data/raw/yahoo_dividendos/dividendos_MEAL3__20261006_9cbaeda8.csv
20261005_213028;2026-10-06T05:12:56.621862+00:00;dividendos_MELK3.csv;YAHOO_DIVIDENDOS;;MELK3.SA;;COM_EVENTOS;INALTERADO;1;36d1dff0a19343ebbf4fd885822dfb1387c612a43d9cda7d813d8f41ceac72df;660;data/raw/yahoo_dividendos/dividendos_MELK3__20261006_36d1dff0.csv
20261005_213028;2026-10-06T05:12:59.170668+00:00;dividendos_MGEL4.csv;YAHOO_DIVIDENDOS;;MGEL4.SA;;COM_EVENTOS;INALTERADO;1;a80d53b7a6bb01acc760c35fd664fab0c9cba3659295b05ce95bdf78598ea4b8;85;data/raw/yahoo_dividendos/dividendos_MGEL4__20261006_a80d53b7.csv
20261005_213028;2026-10-06T05:12:59.668922+00:00;dividendos_MGLU3.csv;YAHOO_DIVIDENDOS;;MGLU3.SA;;COM_EVENTOS;INALTERADO;1;ac1c1d2d557e534a4b058ef53bbdf16778f7e670de031de051ef1bef52cf3fb9;660;data/raw/yahoo_dividendos/dividendos_MGLU3__20261006_ac1c1d2d.csv
20261005_213028;2026-10-06T05:12:59.877893+00:00;dividendos_MILS3.csv;YAHOO_DIVIDENDOS;;MILS3.SA;;COM_EVENTOS;INALTERADO;1;302ac106d742b8d35675e7f59555fb8830a7d147fe48910d1973df5d26e5e63c;1196;data/raw/yahoo_dividendos/dividendos_MILS3__20261006_302ac106.csv
20261005_213028;2026-10-06T05:13:00.120145+00:00;dividendos_MLAS3.csv;YAHOO_DIVIDENDOS;;MLAS3.SA;;COM_EVENTOS;INALTERADO;1;7bbbb24c627c2ec6c46e9c0138bfe167aab15372d6b16a12d1143667ac919644;120;data/raw/yahoo_dividendos/dividendos_MLAS3__20261006_7bbbb24c.csv
20261005_213028;2026-10-06T05:13:00.371021+00:00;dividendos_MMAQ3.csv;YAHOO_DIVIDENDOS;;MMAQ3.SA;;COM_EVENTOS;INALTERADO;1;e5ff4adbd928b9912fdc0d1b0a388d549ba38b0eb323fd0b61a7bdff8f2d2a51;947;data/raw/yahoo_dividendos/dividendos_MMAQ3__20261006_e5ff4adb.csv
20261005_213028;2026-10-06T05:13:00.732079+00:00;dividendos_MMAQ4.csv;YAHOO_DIVIDENDOS;;MMAQ4.SA;;COM_EVENTOS;INALTERADO;1;f3881907fec64cf212d9750e1f962b56c13df88a12916374fd35b4cf679b7005;734;data/raw/yahoo_dividendos/dividendos_MMAQ4__20261006_f3881907.csv
20261005_213028;2026-10-06T05:13:01.977642+00:00;dividendos_MNDL3.csv;YAHOO_DIVIDENDOS;;MNDL3.SA;;COM_EVENTOS;INALTERADO;1;de87609fb6b90874b42944c2fbd55831e07eab813200bb5f2f99f9d7387211bf;228;data/raw/yahoo_dividendos/dividendos_MNDL3__20261006_de87609f.csv
20261005_213028;2026-10-06T05:13:02.741840+00:00;dividendos_MNPR3.csv;YAHOO_DIVIDENDOS;;MNPR3.SA;;COM_EVENTOS;INALTERADO;1;694b8642f7fdb6a58c80416c4afbd903a7523a1254408b9cd141435dd7701c5c;85;data/raw/yahoo_dividendos/dividendos_MNPR3__20261006_694b8642.csv
20261005_213028;2026-10-06T05:13:03.924879+00:00;dividendos_MOTV3.csv;YAHOO_DIVIDENDOS;;MOTV3.SA;;COM_EVENTOS;INALTERADO;1;21e926501fc4df70940df052de4ea049f08107f1a05dc3202a96bc7c16902ae4;1422;data/raw/yahoo_dividendos/dividendos_MOTV3__20261006_21e92650.csv
20261005_213028;2026-10-06T05:13:04.545637+00:00;dividendos_MOVI3.csv;YAHOO_DIVIDENDOS;;MOVI3.SA;;COM_EVENTOS;INALTERADO;1;827735bfaf5b1f2fd8df1fd941117ec3f0c8181639e31fc79eed5436f7c0c268;911;data/raw/yahoo_dividendos/dividendos_MOVI3__20261006_827735bf.csv
20261005_213028;2026-10-06T05:13:07.454498+00:00;dividendos_MRVE3.csv;YAHOO_DIVIDENDOS;;MRVE3.SA;;COM_EVENTOS;INALTERADO;1;39898c1260c7fa8860fcfe8173a502e081706bba3756bed46986f6a950db547d;897;data/raw/yahoo_dividendos/dividendos_MRVE3__20261006_39898c12.csv
20261005_213028;2026-10-06T05:13:07.699735+00:00;dividendos_MSPA3.csv;YAHOO_DIVIDENDOS;;MSPA3.SA;;COM_EVENTOS;INALTERADO;1;123030c76c59f7a03454fd43acfee79f6d5ba811b8aa06320cf8dcdcf51d3e92;314;data/raw/yahoo_dividendos/dividendos_MSPA3__20261006_123030c7.csv
20261005_213028;2026-10-06T05:13:08.287919+00:00;dividendos_MSPA4.csv;YAHOO_DIVIDENDOS;;MSPA4.SA;;COM_EVENTOS;INALTERADO;1;ba35015259ed6dc1ed793910db7078ff0b3fbff300f22a731d2180ee0f1e79f5;316;data/raw/yahoo_dividendos/dividendos_MSPA4__20261006_ba350152.csv
20261005_213028;2026-10-06T05:13:09.660873+00:00;dividendos_MTRE3.csv;YAHOO_DIVIDENDOS;;MTRE3.SA;;COM_EVENTOS;INALTERADO;1;e3fcba3ed00c32b37ef8b1b78aa91c3f16481085a91d5571ab79efb9f9b1aa6b;1370;data/raw/yahoo_dividendos/dividendos_MTRE3__20261006_e3fcba3e.csv
20261005_213028;2026-10-06T05:13:10.070645+00:00;dividendos_MTSA3.csv;YAHOO_DIVIDENDOS;;MTSA3.SA;;COM_EVENTOS;INALTERADO;1;1b9df9daef28ab6e736486af9bc5e213083680e90c2d87728dc5e06e39092189;1376;data/raw/yahoo_dividendos/dividendos_MTSA3__20261006_1b9df9da.csv
20261005_213028;2026-10-06T05:13:10.357433+00:00;dividendos_MTSA4.csv;YAHOO_DIVIDENDOS;;MTSA4.SA;;COM_EVENTOS;INALTERADO;1;9d50f92377ed34ada1be021f14ee2616ba530585a5aa33e938bc0b480c5836b3;1274;data/raw/yahoo_dividendos/dividendos_MTSA4__20261006_9d50f923.csv
20261005_213028;2026-10-06T05:13:10.810809+00:00;dividendos_MULT3.csv;YAHOO_DIVIDENDOS;;MULT3.SA;;COM_EVENTOS;INALTERADO;1;761c217fe9fc17f18eef54d2c1f24105b5ae635f397e702810db09a59ec04fc3;1663;data/raw/yahoo_dividendos/dividendos_MULT3__20261006_761c217f.csv
20261005_213028;2026-10-06T05:13:10.933282+00:00;dividendos_MWET3.csv;YAHOO_DIVIDENDOS;;MWET3.SA;;SEM_EVENTOS;INALTERADO;1;642daec761ccb28fc097aa7f22cfeb4552f7859c3b919e315b4f51bc1ae66de3;49;data/raw/yahoo_dividendos/dividendos_MWET3__20261006_642daec7.csv
20261005_213028;2026-10-06T05:13:11.382971+00:00;dividendos_MWET4.csv;YAHOO_DIVIDENDOS;;MWET4.SA;;SEM_EVENTOS;INALTERADO;1;642daec761ccb28fc097aa7f22cfeb4552f7859c3b919e315b4f51bc1ae66de3;49;data/raw/yahoo_dividendos/dividendos_MWET4__20261006_642daec7.csv
20261005_213028;2026-10-06T05:13:11.661901+00:00;dividendos_MYPK3.csv;YAHOO_DIVIDENDOS;;MYPK3.SA;;COM_EVENTOS;INALTERADO;1;0f8969da05f2df5a4aee15fce314bc6036d417438573fc96e6a7bce244818a32;1052;data/raw/yahoo_dividendos/dividendos_MYPK3__20261006_0f8969da.csv
20261005_213028;2026-10-06T05:13:13.388312+00:00;dividendos_NATU3.csv;YAHOO_DIVIDENDOS;;NATU3.SA;;COM_EVENTOS;INALTERADO;1;c32c4584d8f4be0c566d3cf956d7e03b96dc8799fa2cddec9925038556e63c03;910;data/raw/yahoo_dividendos/dividendos_NATU3__20261006_c32c4584.csv
20261005_213028;2026-10-06T05:13:15.313882+00:00;dividendos_NEXP3.csv;YAHOO_DIVIDENDOS;;NEXP3.SA;;COM_EVENTOS;INALTERADO;1;8b60f36ec1ca5b6d29707b94fe7ffbd53a710f9b51df368a5269b6c9e400c801;306;data/raw/yahoo_dividendos/dividendos_NEXP3__20261006_8b60f36e.csv
20261005_213028;2026-10-06T05:13:17.430065+00:00;dividendos_NORD3.csv;YAHOO_DIVIDENDOS;;NORD3.SA;;SEM_EVENTOS;INALTERADO;1;642daec761ccb28fc097aa7f22cfeb4552f7859c3b919e315b4f51bc1ae66de3;49;data/raw/yahoo_dividendos/dividendos_NORD3__20261006_642daec7.csv
20261005_213028;2026-10-06T05:13:18.065369+00:00;dividendos_NUTR3.csv;YAHOO_DIVIDENDOS;;NUTR3.SA;;SEM_EVENTOS;INALTERADO;1;642daec761ccb28fc097aa7f22cfeb4552f7859c3b919e315b4f51bc1ae66de3;49;data/raw/yahoo_dividendos/dividendos_NUTR3__20261006_642daec7.csv
20261005_213028;2026-10-06T05:13:18.155809+00:00;dividendos_ODER4.csv;YAHOO_DIVIDENDOS;;ODER4.SA;;SEM_EVENTOS;INALTERADO;1;642daec761ccb28fc097aa7f22cfeb4552f7859c3b919e315b4f51bc1ae66de3;49;data/raw/yahoo_dividendos/dividendos_ODER4__20261006_642daec7.csv
20261005_213028;2026-10-06T05:13:18.886310+00:00;dividendos_OFSA3.csv;YAHOO_DIVIDENDOS;;OFSA3.SA;;COM_EVENTOS;INALTERADO;1;329a5456451850055a452d95da2dac34dade39a2f2d241097c4946e079a03664;834;data/raw/yahoo_dividendos/dividendos_OFSA3__20261006_329a5456.csv
20261005_213028;2026-10-06T05:13:21.019112+00:00;dividendos_OIBR3.csv;YAHOO_DIVIDENDOS;;OIBR3.SA;;COM_EVENTOS;INALTERADO;1;1044e1907f842ae50da50b2bc7af21de7853d59e5a20170daa141314ebdcb799;304;data/raw/yahoo_dividendos/dividendos_OIBR3__20261006_1044e190.csv
20261005_213028;2026-10-06T05:13:21.426799+00:00;dividendos_OIBR4.csv;YAHOO_DIVIDENDOS;;OIBR4.SA;;COM_EVENTOS;INALTERADO;1;f2304c4a26baa73302c2898ea6861a6640799f66def801c09d05ab8d54b46ff8;870;data/raw/yahoo_dividendos/dividendos_OIBR4__20261006_f2304c4a.csv
20261005_213028;2026-10-06T05:13:22.113268+00:00;dividendos_ONCO3.csv;YAHOO_DIVIDENDOS;;ONCO3.SA;;SEM_EVENTOS;INALTERADO;1;642daec761ccb28fc097aa7f22cfeb4552f7859c3b919e315b4f51bc1ae66de3;49;data/raw/yahoo_dividendos/dividendos_ONCO3__20261006_642daec7.csv
20261005_213028;2026-10-06T05:13:22.501687+00:00;dividendos_OPCT3.csv;YAHOO_DIVIDENDOS;;OPCT3.SA;;COM_EVENTOS;INALTERADO;1;d6fbc4a132650354afc0f213e46f5cf27bd339ebc3545bd5583219a2b993227f;85;data/raw/yahoo_dividendos/dividendos_OPCT3__20261006_d6fbc4a1.csv
20261005_213028;2026-10-06T05:13:22.557010+00:00;dividendos_ORVR3.csv;YAHOO_DIVIDENDOS;;ORVR3.SA;;SEM_EVENTOS;INALTERADO;1;642daec761ccb28fc097aa7f22cfeb4552f7859c3b919e315b4f51bc1ae66de3;49;data/raw/yahoo_dividendos/dividendos_ORVR3__20261006_642daec7.csv
20261005_213028;2026-10-06T05:13:23.127438+00:00;dividendos_OSXB3.csv;YAHOO_DIVIDENDOS;;OSXB3.SA;;SEM_EVENTOS;INALTERADO;1;642daec761ccb28fc097aa7f22cfeb4552f7859c3b919e315b4f51bc1ae66de3;49;data/raw/yahoo_dividendos/dividendos_OSXB3__20261006_642daec7.csv
20261005_213028;2026-10-06T05:13:23.736151+00:00;dividendos_PASS3.csv;YAHOO_DIVIDENDOS;;PASS3.SA;;SEM_EVENTOS;INALTERADO;1;642daec761ccb28fc097aa7f22cfeb4552f7859c3b919e315b4f51bc1ae66de3;49;data/raw/yahoo_dividendos/dividendos_PASS3__20261006_642daec7.csv
20261005_213028;2026-10-06T05:13:24.312819+00:00;dividendos_PATI4.csv;YAHOO_DIVIDENDOS;;PATI4.SA;;COM_EVENTOS;INALTERADO;1;d8688233dbc35f8faf041e5d26e8878deb436bed104406579340e321388cd0cf;768;data/raw/yahoo_dividendos/dividendos_PATI4__20261006_d8688233.csv
20261005_213028;2026-10-06T05:13:24.669817+00:00;dividendos_PATI3.csv;YAHOO_DIVIDENDOS;;PATI3.SA;;COM_EVENTOS;INALTERADO;1;986357be26bf871f513dcc83e54a694b5040694e792ac9a08eb4edc42b61c960;801;data/raw/yahoo_dividendos/dividendos_PATI3__20261006_986357be.csv
20261005_213028;2026-10-06T05:13:24.854136+00:00;dividendos_PCAR3.csv;YAHOO_DIVIDENDOS;;PCAR3.SA;;COM_EVENTOS;INALTERADO;1;2ffcafa1aa3d1869bad2f1a0594dcec7ad21f369c961f92cefbd3219bb6d4afd;1450;data/raw/yahoo_dividendos/dividendos_PCAR3__20261006_2ffcafa1.csv
20261005_213028;2026-10-06T05:13:27.034446+00:00;dividendos_PDGR3.csv;YAHOO_DIVIDENDOS;;PDGR3.SA;;COM_EVENTOS;INALTERADO;1;f3de7492ef4b5d6a85f64c90c0b2176f0ebf262f9c0664f393cd9b88ba459e0b;232;data/raw/yahoo_dividendos/dividendos_PDGR3__20261006_f3de7492.csv
20261005_213028;2026-10-06T05:13:27.081816+00:00;dividendos_PDTC3.csv;YAHOO_DIVIDENDOS;;PDTC3.SA;;COM_EVENTOS;INALTERADO;1;479584c829608c275343adaeff96c6f81abdab5552c92889010ea1ea09be6f0c;85;data/raw/yahoo_dividendos/dividendos_PDTC3__20261006_479584c8.csv
20261005_213028;2026-10-06T05:13:27.627051+00:00;dividendos_PEAB3.csv;YAHOO_DIVIDENDOS;;PEAB3.SA;;COM_EVENTOS;INALTERADO;1;bf5cce60f0204f6bb7efed069a25928818ed0405a3dd2b197cb140de451a57c6;1105;data/raw/yahoo_dividendos/dividendos_PEAB3__20261006_bf5cce60.csv
20261005_213028;2026-10-06T05:13:27.686941+00:00;dividendos_PEAB4.csv;YAHOO_DIVIDENDOS;;PEAB4.SA;;COM_EVENTOS;INALTERADO;1;db3f54d7c155dd503f2ed9118dbc061fec39430d74b408ae6ef6d32b2d14fc0d;976;data/raw/yahoo_dividendos/dividendos_PEAB4__20261006_db3f54d7.csv
20261005_213028;2026-10-06T05:13:28.512802+00:00;dividendos_PETR3.csv;YAHOO_DIVIDENDOS;;PETR3.SA;;COM_EVENTOS;INALTERADO;1;400229a00084ea37a3ed0cf9a228ff09a3ea17ffaffd995b0411dd19174e97e7;1794;data/raw/yahoo_dividendos/dividendos_PETR3__20261006_400229a0.csv
20261005_213028;2026-10-06T05:13:28.551362+00:00;dividendos_PETR4.csv;YAHOO_DIVIDENDOS;;PETR4.SA;;COM_EVENTOS;INALTERADO;1;65a940e2a3990b3a9d7171bbe0d2ac853311d49a77225cd15ed04cc2a11b0acd;2173;data/raw/yahoo_dividendos/dividendos_PETR4__20261006_65a940e2.csv
20261005_213028;2026-10-06T05:13:29.099041+00:00;dividendos_PFRM3.csv;YAHOO_DIVIDENDOS;;PFRM3.SA;;COM_EVENTOS;INALTERADO;1;3e8b7607920f66817493565ad32cd6cc7dab7c9a8727c3c51e835884c2641cc0;587;data/raw/yahoo_dividendos/dividendos_PFRM3__20261006_3e8b7607.csv
20261005_213028;2026-10-06T05:13:29.866630+00:00;dividendos_PGMN3.csv;YAHOO_DIVIDENDOS;;PGMN3.SA;;COM_EVENTOS;INALTERADO;1;e6c8b875a10bcd4b98c37e0f84485be6afa3066bd8c38f5f7faeef4328eab740;193;data/raw/yahoo_dividendos/dividendos_PGMN3__20261006_e6c8b875.csv
20261005_213028;2026-10-06T05:13:30.295167+00:00;dividendos_PLPL3.csv;YAHOO_DIVIDENDOS;;PLPL3.SA;;COM_EVENTOS;INALTERADO;1;f66125eeedb80db8c630a59eaf07d3f7cf7a89efbc9280afc992935feb16c054;264;data/raw/yahoo_dividendos/dividendos_PLPL3__20261006_f66125ee.csv
20261005_213028;2026-10-06T05:13:30.551408+00:00;dividendos_PLAS3.csv;YAHOO_DIVIDENDOS;;PLAS3.SA;;COM_EVENTOS;INALTERADO;1;bff65cc5a4a5e85c92678e38d06d48012e5e34e150851aaf22071f0fa51b4fa7;84;data/raw/yahoo_dividendos/dividendos_PLAS3__20261006_bff65cc5.csv
20261005_213028;2026-10-06T05:13:30.928799+00:00;dividendos_PMAM3.csv;YAHOO_DIVIDENDOS;;PMAM3.SA;;COM_EVENTOS;INALTERADO;1;903d6777ae88d3e76dc36d8ffbe60f19c46f76842123db94fb3886a8d0e3b7c7;121;data/raw/yahoo_dividendos/dividendos_PMAM3__20261006_903d6777.csv
20261005_213028;2026-10-06T05:13:34.034362+00:00;dividendos_PNVL3.csv;YAHOO_DIVIDENDOS;;PNVL3.SA;;COM_EVENTOS;INALTERADO;1;d5b165c1e39099f2b180ebc2b7a502b9fae068f31f962d27829e477d1dc3b6a4;1735;data/raw/yahoo_dividendos/dividendos_PNVL3__20261006_d5b165c1.csv
20261005_213028;2026-10-06T05:13:34.976850+00:00;dividendos_POMO3.csv;YAHOO_DIVIDENDOS;;POMO3.SA;;COM_EVENTOS;INALTERADO;1;c13064da2856c3aac82f057aaeabda55bd7c45d87082aae6722e6399541e2548;1869;data/raw/yahoo_dividendos/dividendos_POMO3__20261006_c13064da.csv
20261005_213028;2026-10-06T05:13:35.164114+00:00;dividendos_POMO4.csv;YAHOO_DIVIDENDOS;;POMO4.SA;;COM_EVENTOS;INALTERADO;1;594ca46aee642b5e75f3a78df0c470e6dcf2dcf74205276cc40a5a9993ab76cf;1756;data/raw/yahoo_dividendos/dividendos_POMO4__20261006_594ca46a.csv
20261005_213028;2026-10-06T05:13:36.332448+00:00;dividendos_POSI3.csv;YAHOO_DIVIDENDOS;;POSI3.SA;;COM_EVENTOS;INALTERADO;1;8cbc8591062b72a87f11abf3ef8d768596f62ffe987f393791c7d35a988a7a0f;622;data/raw/yahoo_dividendos/dividendos_POSI3__20261006_8cbc8591.csv
20261005_213028;2026-10-06T05:13:37.139651+00:00;dividendos_PRIO3.csv;YAHOO_DIVIDENDOS;;PRIO3.SA;;COM_EVENTOS;INALTERADO;1;1c033d1bbc1b7ee670e9cd03803e599aa2ce832a4fcea8c820d9c0dd358483eb;85;data/raw/yahoo_dividendos/dividendos_PRIO3__20261006_1c033d1b.csv
20261005_213028;2026-10-06T05:13:37.860461+00:00;dividendos_PRNR3.csv;YAHOO_DIVIDENDOS;;PRNR3.SA;;COM_EVENTOS;INALTERADO;1;8bbd368b004dc21491698975521557a2fc5ea10437a04acdfb181ac6ddf64200;229;data/raw/yahoo_dividendos/dividendos_PRNR3__20261006_8bbd368b.csv
20261005_213028;2026-10-06T05:13:39.689246+00:00;dividendos_PTBL3.csv;YAHOO_DIVIDENDOS;;PTBL3.SA;;COM_EVENTOS;INALTERADO;1;50fb8954ee7e73e235d94a5c3351d9e172205749937fbfd93f0ee28a040600f1;795;data/raw/yahoo_dividendos/dividendos_PTBL3__20261006_50fb8954.csv
20261005_213028;2026-10-06T05:13:42.497628+00:00;dividendos_QUAL3.csv;YAHOO_DIVIDENDOS;;QUAL3.SA;;COM_EVENTOS;INALTERADO;1;699b6bcfb290c298f590004d13b3343074ec9bdfd089d6407983ef711858047b;767;data/raw/yahoo_dividendos/dividendos_QUAL3__20261006_699b6bcf.csv
20261005_213028;2026-10-06T05:13:43.474512+00:00;dividendos_RADL3.csv;YAHOO_DIVIDENDOS;;RADL3.SA;;COM_EVENTOS;INALTERADO;1;60cfaa77547e36ea72c9b691a7e547fe9388a098996ec23443de2bb4136e0ac1;3028;data/raw/yahoo_dividendos/dividendos_RADL3__20261006_60cfaa77.csv
20261005_213028;2026-10-06T05:13:44.066837+00:00;dividendos_RAIL3.csv;YAHOO_DIVIDENDOS;;RAIL3.SA;;COM_EVENTOS;INALTERADO;1;2d5dac5a62a8b9cc86f60b9f5524e7db3a47c6eaefdc74f2ca2cdc7970325847;229;data/raw/yahoo_dividendos/dividendos_RAIL3__20261006_2d5dac5a.csv
20261005_213028;2026-10-06T05:13:44.562793+00:00;dividendos_RAIZ4.csv;YAHOO_DIVIDENDOS;;RAIZ4.SA;;COM_EVENTOS;INALTERADO;1;c2407b1e43f06253a5ac0ec3749b28c9cd03350055a24d3d381a6af1296be42f;406;data/raw/yahoo_dividendos/dividendos_RAIZ4__20261006_c2407b1e.csv
20261005_213028;2026-10-06T05:13:44.813300+00:00;dividendos_RANI3.csv;YAHOO_DIVIDENDOS;;RANI3.SA;;COM_EVENTOS;INALTERADO;1;640908f0804ef6cfa702f069f227210b51cc9ce5d89825e9e2546a210c0eab7e;1770;data/raw/yahoo_dividendos/dividendos_RANI3__20261006_640908f0.csv
20261005_213028;2026-10-06T05:13:45.690799+00:00;dividendos_RAPT3.csv;YAHOO_DIVIDENDOS;;RAPT3.SA;;COM_EVENTOS;INALTERADO;1;c365e030ef8bd6365482a7707b4eff1b8ef6172b45b4b297e048eeb45dd9ca81;1446;data/raw/yahoo_dividendos/dividendos_RAPT3__20261006_c365e030.csv
20261005_213028;2026-10-06T05:13:46.329653+00:00;dividendos_RCSL3.csv;YAHOO_DIVIDENDOS;;RCSL3.SA;;SEM_EVENTOS;INALTERADO;1;642daec761ccb28fc097aa7f22cfeb4552f7859c3b919e315b4f51bc1ae66de3;49;data/raw/yahoo_dividendos/dividendos_RCSL3__20261006_642daec7.csv
20261005_213028;2026-10-06T05:13:46.330176+00:00;dividendos_RAPT4.csv;YAHOO_DIVIDENDOS;;RAPT4.SA;;COM_EVENTOS;INALTERADO;1;5d9720fdaf848f4449436f4ea2274337ad9cf10ab8e1147b304d724881485536;1220;data/raw/yahoo_dividendos/dividendos_RAPT4__20261006_5d9720fd.csv
20261005_213028;2026-10-06T05:13:47.024078+00:00;dividendos_RCSL4.csv;YAHOO_DIVIDENDOS;;RCSL4.SA;;SEM_EVENTOS;INALTERADO;1;642daec761ccb28fc097aa7f22cfeb4552f7859c3b919e315b4f51bc1ae66de3;49;data/raw/yahoo_dividendos/dividendos_RCSL4__20261006_642daec7.csv
20261005_213028;2026-10-06T05:13:48.132529+00:00;dividendos_RDOR3.csv;YAHOO_DIVIDENDOS;;RDOR3.SA;;COM_EVENTOS;INALTERADO;1;1328bee2df0e1ad726f68e60166c7c8406c52fbed688cc2c7d95bf51e368140a;840;data/raw/yahoo_dividendos/dividendos_RDOR3__20261006_1328bee2.csv
20261005_213028;2026-10-06T05:13:48.687655+00:00;dividendos_RECV3.csv;YAHOO_DIVIDENDOS;;RECV3.SA;;COM_EVENTOS;INALTERADO;1;8b931fe201aa60113c3219ae7170762268c36c22a107a939793883c24e0f3788;444;data/raw/yahoo_dividendos/dividendos_RECV3__20261006_8b931fe2.csv
20261005_213028;2026-10-06T05:13:48.874511+00:00;dividendos_REDE3.csv;YAHOO_DIVIDENDOS;;REDE3.SA;;COM_EVENTOS;INALTERADO;1;0e058f9043a29b7a55b6ae62c1e2924d9dcf1fb532abf35035e766f0b49922cc;1016;data/raw/yahoo_dividendos/dividendos_REDE3__20261006_0e058f90.csv
20261005_213028;2026-10-06T05:13:50.398832+00:00;dividendos_RENT3.csv;YAHOO_DIVIDENDOS;;RENT3.SA;;COM_EVENTOS;INALTERADO;1;072ab6279e36fb76bfabab7bba62e0de4ba588f61305d2505b5e46ccdaf8d3eb;3200;data/raw/yahoo_dividendos/dividendos_RENT3__20261006_072ab627.csv
20261005_213028;2026-10-06T05:13:50.751908+00:00;dividendos_RENT4.csv;YAHOO_DIVIDENDOS;;RENT4.SA;;COM_EVENTOS;INALTERADO;1;75841a6baea456d59548f1cd619038b1b1c4f1e908c919e2dd63ff550b0a5c24;156;data/raw/yahoo_dividendos/dividendos_RENT4__20261006_75841a6b.csv
20261005_213028;2026-10-06T05:13:52.113518+00:00;dividendos_RIAA3.csv;YAHOO_DIVIDENDOS;;RIAA3.SA;;COM_EVENTOS;INALTERADO;1;44c5dafdaf11bb46de81042d3179846f96d9bafb21760a3ed4d9c0c69d95c161;1583;data/raw/yahoo_dividendos/dividendos_RIAA3__20261006_44c5dafd.csv
20261005_213028;2026-10-06T05:13:53.930775+00:00;dividendos_RNEW3.csv;YAHOO_DIVIDENDOS;;RNEW3.SA;;COM_EVENTOS;INALTERADO;1;c39ac4bd47aebbb21381df2f6a46866192150ca0d1da7f568f538444595684ee;84;data/raw/yahoo_dividendos/dividendos_RNEW3__20261006_c39ac4bd.csv
20261005_213028;2026-10-06T05:13:54.528167+00:00;dividendos_RNEW4.csv;YAHOO_DIVIDENDOS;;RNEW4.SA;;SEM_EVENTOS;INALTERADO;1;642daec761ccb28fc097aa7f22cfeb4552f7859c3b919e315b4f51bc1ae66de3;49;data/raw/yahoo_dividendos/dividendos_RNEW4__20261006_642daec7.csv
20261005_213028;2026-10-06T05:13:54.810002+00:00;dividendos_ROMI3.csv;YAHOO_DIVIDENDOS;;ROMI3.SA;;COM_EVENTOS;INALTERADO;1;a75499ca31650000cacde1438fa0b1b25d2029c8a0ad6cbfa60dafbdbfc123d5;1838;data/raw/yahoo_dividendos/dividendos_ROMI3__20261006_a75499ca.csv
20261005_213028;2026-10-06T05:13:55.409993+00:00;dividendos_RPMG3.csv;YAHOO_DIVIDENDOS;;RPMG3.SA;;SEM_EVENTOS;INALTERADO;1;642daec761ccb28fc097aa7f22cfeb4552f7859c3b919e315b4f51bc1ae66de3;49;data/raw/yahoo_dividendos/dividendos_RPMG3__20261006_642daec7.csv
20261005_213028;2026-10-06T05:13:56.500339+00:00;dividendos_RSID3.csv;YAHOO_DIVIDENDOS;;RSID3.SA;;COM_EVENTOS;INALTERADO;1;f1f8601d64dc19ef6c1ea014b77902595b1e231bed40009aff2381896c965750;229;data/raw/yahoo_dividendos/dividendos_RSID3__20261006_f1f8601d.csv
20261005_213028;2026-10-06T05:13:58.096940+00:00;dividendos_RSUL4.csv;YAHOO_DIVIDENDOS;;RSUL4.SA;;COM_EVENTOS;INALTERADO;1;4190fdcacd1a56605417f024b383a0b03f6496506bd8bfd92068e366ee8291a3;228;data/raw/yahoo_dividendos/dividendos_RSUL4__20261006_4190fdca.csv
20261005_213028;2026-10-06T05:13:58.499139+00:00;dividendos_RVEE3.csv;YAHOO_DIVIDENDOS;;RVEE3.SA;;SEM_EVENTOS;INALTERADO;1;642daec761ccb28fc097aa7f22cfeb4552f7859c3b919e315b4f51bc1ae66de3;49;data/raw/yahoo_dividendos/dividendos_RVEE3__20261006_642daec7.csv
20261005_213028;2026-10-06T05:13:59.225954+00:00;dividendos_SAPR11.csv;YAHOO_DIVIDENDOS;;SAPR11.SA;;COM_EVENTOS;INALTERADO;1;5389ac19854e898ec1113e1ae4f0014690f4969180192b523dcf76ab411a0a64;806;data/raw/yahoo_dividendos/dividendos_SAPR11__20261006_5389ac19.csv
20261005_213028;2026-10-06T05:13:59.443134+00:00;dividendos_SAPR3.csv;YAHOO_DIVIDENDOS;;SAPR3.SA;;COM_EVENTOS;INALTERADO;1;2a6ccdc5b22fbf02d667acf01c1192b54d62e4aece343de21f9ffef5a5f7beb6;1378;data/raw/yahoo_dividendos/dividendos_SAPR3__20261006_2a6ccdc5.csv
20261005_213028;2026-10-06T05:13:59.845719+00:00;dividendos_SAPR4.csv;YAHOO_DIVIDENDOS;;SAPR4.SA;;COM_EVENTOS;INALTERADO;1;a6b3d6f90678bc8f58e71c355c813181fe270104840557a4ed2dd751fe27065d;1413;data/raw/yahoo_dividendos/dividendos_SAPR4__20261006_a6b3d6f9.csv
20261005_213028;2026-10-06T05:14:00.214579+00:00;dividendos_SAUD3.csv;YAHOO_DIVIDENDOS;;SAUD3.SA;;COM_EVENTOS;INALTERADO;1;27b2fa038ebeb91f5c9c8966d3f80dcbca1caa8a1cfee28195c782104699178d;3785;data/raw/yahoo_dividendos/dividendos_SAUD3__20261006_27b2fa03.csv
20261005_213028;2026-10-06T05:14:00.515435+00:00;dividendos_SBFG3.csv;YAHOO_DIVIDENDOS;;SBFG3.SA;;COM_EVENTOS;INALTERADO;1;636de9d96a986a33372040cf3094d7fc34a887c8ef8c1cf9d55eef1576066ffb;228;data/raw/yahoo_dividendos/dividendos_SBFG3__20261006_636de9d9.csv
20261005_213028;2026-10-06T05:14:00.869402+00:00;dividendos_SBSP3.csv;YAHOO_DIVIDENDOS;;SBSP3.SA;;COM_EVENTOS;INALTERADO;1;e142ec1309291efe57b1f93df0d93a0156c8ab6ae219c45505681afe060cc8a0;947;data/raw/yahoo_dividendos/dividendos_SBSP3__20261006_e142ec13.csv
20261005_213028;2026-10-06T05:14:01.155969+00:00;dividendos_SCAR3.csv;YAHOO_DIVIDENDOS;;SCAR3.SA;;COM_EVENTOS;INALTERADO;1;92b1779e5550197d7806b44cfcb182a400e0e65f835f135e68bef99abb5dbc7c;910;data/raw/yahoo_dividendos/dividendos_SCAR3__20261006_92b1779e.csv
20261005_213028;2026-10-06T05:14:03.338082+00:00;dividendos_SEER3.csv;YAHOO_DIVIDENDOS;;SEER3.SA;;COM_EVENTOS;INALTERADO;1;b5a953f4e19c8b9c73ddec64ba4d9a5ca6390a018cf2ba550325f893c1845c0f;802;data/raw/yahoo_dividendos/dividendos_SEER3__20261006_b5a953f4.csv
20261005_213028;2026-10-06T05:14:03.700793+00:00;dividendos_SEQL3.csv;YAHOO_DIVIDENDOS;;SEQL3.SA;;SEM_EVENTOS;INALTERADO;1;642daec761ccb28fc097aa7f22cfeb4552f7859c3b919e315b4f51bc1ae66de3;49;data/raw/yahoo_dividendos/dividendos_SEQL3__20261006_642daec7.csv
20261005_213028;2026-10-06T05:14:06.385591+00:00;dividendos_SHOW3.csv;YAHOO_DIVIDENDOS;;SHOW3.SA;;COM_EVENTOS;INALTERADO;1;078cc2edfe7ea71ff9bec3e3e61b1ad6ccec481b0d141e2bcd7910277d33e3aa;222;data/raw/yahoo_dividendos/dividendos_SHOW3__20261006_078cc2ed.csv
20261005_213028;2026-10-06T05:14:06.771403+00:00;dividendos_SHUL3.csv;YAHOO_DIVIDENDOS;;SHUL3.SA;;SEM_EVENTOS;INALTERADO;1;642daec761ccb28fc097aa7f22cfeb4552f7859c3b919e315b4f51bc1ae66de3;49;data/raw/yahoo_dividendos/dividendos_SHUL3__20261006_642daec7.csv
20261005_213028;2026-10-06T05:14:07.322323+00:00;dividendos_SIMH3.csv;YAHOO_DIVIDENDOS;;SIMH3.SA;;COM_EVENTOS;INALTERADO;1;718a3078efd70b0d720eb4d8630896ec969b14526cb61a8f7418f8954e8093a5;336;data/raw/yahoo_dividendos/dividendos_SIMH3__20261006_718a3078.csv
20261005_213028;2026-10-06T05:14:07.529385+00:00;dividendos_SHUL4.csv;YAHOO_DIVIDENDOS;;SHUL4.SA;;COM_EVENTOS;INALTERADO;1;4f5bf019a33f85d9e43816dbda081d84719c64af32cd235d988b8435994bcf28;1737;data/raw/yahoo_dividendos/dividendos_SHUL4__20261006_4f5bf019.csv
20261005_213028;2026-10-06T05:14:08.175205+00:00;dividendos_SLCE3.csv;YAHOO_DIVIDENDOS;;SLCE3.SA;;COM_EVENTOS;INALTERADO;1;3ce422af8bb274974b2e6a86ac43a3ec463463d785ec12b58fcf61d20983ed4c;801;data/raw/yahoo_dividendos/dividendos_SLCE3__20261006_3ce422af.csv
20261005_213028;2026-10-06T05:14:09.733343+00:00;dividendos_SMFT3.csv;YAHOO_DIVIDENDOS;;SMFT3.SA;;COM_EVENTOS;INALTERADO;1;acb3ef8e1f75e94c28b9c78ccdfd24534a5b867d22e919b5abca7a0551064669;443;data/raw/yahoo_dividendos/dividendos_SMFT3__20261006_acb3ef8e.csv
20261005_213028;2026-10-06T05:14:11.568782+00:00;dividendos_SMTO3.csv;YAHOO_DIVIDENDOS;;SMTO3.SA;;COM_EVENTOS;INALTERADO;1;c468af9b6b8da1b3c2c4c44fd614418c193eb1fda5d6d5dec3357a91a59c30b8;1016;data/raw/yahoo_dividendos/dividendos_SMTO3__20261006_c468af9b.csv
20261005_213028;2026-10-06T05:14:12.105842+00:00;dividendos_SNSY3.csv;YAHOO_DIVIDENDOS;;SNSY3.SA;;SEM_EVENTOS;INALTERADO;1;642daec761ccb28fc097aa7f22cfeb4552f7859c3b919e315b4f51bc1ae66de3;49;data/raw/yahoo_dividendos/dividendos_SNSY3__20261006_642daec7.csv
20261005_213028;2026-10-06T05:14:12.562604+00:00;dividendos_SNSY6.csv;YAHOO_DIVIDENDOS;;SNSY6.SA;;SEM_EVENTOS;INALTERADO;1;642daec761ccb28fc097aa7f22cfeb4552f7859c3b919e315b4f51bc1ae66de3;49;data/raw/yahoo_dividendos/dividendos_SNSY6__20261006_642daec7.csv
20261005_213028;2026-10-06T05:14:12.599352+00:00;dividendos_SNSY5.csv;YAHOO_DIVIDENDOS;;SNSY5.SA;;SEM_EVENTOS;INALTERADO;1;642daec761ccb28fc097aa7f22cfeb4552f7859c3b919e315b4f51bc1ae66de3;49;data/raw/yahoo_dividendos/dividendos_SNSY5__20261006_642daec7.csv
20261005_213028;2026-10-06T05:14:13.169002+00:00;dividendos_SOJA3.csv;YAHOO_DIVIDENDOS;;SOJA3.SA;;COM_EVENTOS;INALTERADO;1;3a97b35e08ed41b587bdab8b7faeb0895570979f419b954e3824526ac2f9c2c1;337;data/raw/yahoo_dividendos/dividendos_SOJA3__20261006_3a97b35e.csv
20261005_213028;2026-10-06T05:14:13.709250+00:00;dividendos_SOND3.csv;YAHOO_DIVIDENDOS;;SOND3.SA;;COM_EVENTOS;INALTERADO;1;bc3161e5f8457d36f9ebc41a578b3a4d7a536bcc04b51e2631bec3b140ca9527;873;data/raw/yahoo_dividendos/dividendos_SOND3__20261006_bc3161e5.csv
20261005_213028;2026-10-06T05:14:14.324780+00:00;dividendos_SOND5.csv;YAHOO_DIVIDENDOS;;SOND5.SA;;COM_EVENTOS;INALTERADO;1;40ce52d5bf47e5f6ed557a5d26f2a0e6b51710cce76e9cb2d82bfe2c6758334c;837;data/raw/yahoo_dividendos/dividendos_SOND5__20261006_40ce52d5.csv
20261005_213028;2026-10-06T05:14:14.325309+00:00;dividendos_SOND6.csv;YAHOO_DIVIDENDOS;;SOND6.SA;;COM_EVENTOS;INALTERADO;1;1315fd7fc5e1c1bcd3ba3ef326abe55e5efcf86bea11f3a690876a9eb51d5e46;837;data/raw/yahoo_dividendos/dividendos_SOND6__20261006_1315fd7f.csv
20261005_213028;2026-10-06T05:14:21.300396+00:00;dividendos_SUZB3.csv;YAHOO_DIVIDENDOS;;SUZB3.SA;;COM_EVENTOS;INALTERADO;1;6d622fa3d2bb92e69cb64442a5ef0d7622b1d2e40350014ffce76a4877334e20;823;data/raw/yahoo_dividendos/dividendos_SUZB3__20261006_6d622fa3.csv
20261005_213028;2026-10-06T05:14:22.574388+00:00;dividendos_SYNE3.csv;YAHOO_DIVIDENDOS;;SYNE3.SA;;COM_EVENTOS;INALTERADO;1;024aaaf767432340efe88d4f49add42187fcf938d1acc8ce606c0c1289f63d90;767;data/raw/yahoo_dividendos/dividendos_SYNE3__20261006_024aaaf7.csv
20261005_213028;2026-10-06T05:14:23.301674+00:00;dividendos_TAEE3.csv;YAHOO_DIVIDENDOS;;TAEE3.SA;;COM_EVENTOS;INALTERADO;1;fcd0bca6706633133fcc1fadae19320fccbfc1b8150f7e5f7f1606a8a6392400;2088;data/raw/yahoo_dividendos/dividendos_TAEE3__20261006_fcd0bca6.csv
20261005_213028;2026-10-06T05:14:23.541467+00:00;dividendos_TAEE11.csv;YAHOO_DIVIDENDOS;;TAEE11.SA;;COM_EVENTOS;INALTERADO;1;cc21ead6e2ff61604e5ac179722acc7b1036c423ed3d67243d7318133bb349a0;2316;data/raw/yahoo_dividendos/dividendos_TAEE11__20261006_cc21ead6.csv
20261005_213028;2026-10-06T05:14:23.867600+00:00;dividendos_TAEE4.csv;YAHOO_DIVIDENDOS;;TAEE4.SA;;COM_EVENTOS;INALTERADO;1;7d0cceeca9b9ef3fe0751eddc2b3b0156b82c637782ef84c6374ff08ae058738;1515;data/raw/yahoo_dividendos/dividendos_TAEE4__20261006_7d0cceec.csv
20261005_213028;2026-10-06T05:14:25.382933+00:00;dividendos_TASA3.csv;YAHOO_DIVIDENDOS;;TASA3.SA;;COM_EVENTOS;INALTERADO;1;2fa689facebb923d404686895b265847b711ea5643d4d14b53b8d92198f539c8;655;data/raw/yahoo_dividendos/dividendos_TASA3__20261006_2fa689fa.csv
20261005_213028;2026-10-06T05:14:26.171719+00:00;dividendos_TASA4.csv;YAHOO_DIVIDENDOS;;TASA4.SA;;COM_EVENTOS;INALTERADO;1;198aeb2b654d3b1af3ca66b31e385d8026991003835514c1283264b608e09a3b;569;data/raw/yahoo_dividendos/dividendos_TASA4__20261006_198aeb2b.csv
20261005_213028;2026-10-06T05:14:28.467860+00:00;dividendos_TCSA3.csv;YAHOO_DIVIDENDOS;;TCSA3.SA;;COM_EVENTOS;INALTERADO;1;25638dcadb22294bb112598af64ec5a4a9cadff0463f234e5cf884bd044dcafb;337;data/raw/yahoo_dividendos/dividendos_TCSA3__20261006_25638dca.csv
20261005_213028;2026-10-06T05:14:30.137033+00:00;dividendos_TECN3.csv;YAHOO_DIVIDENDOS;;TECN3.SA;;COM_EVENTOS;INALTERADO;1;716320c9f26b1484383bc4c1a501c3755276f56f0d9ddb86d58efeca09807f3f;473;data/raw/yahoo_dividendos/dividendos_TECN3__20261006_716320c9.csv
20261005_213028;2026-10-06T05:14:30.387267+00:00;dividendos_TEKA3.csv;YAHOO_DIVIDENDOS;;TEKA3.SA;;SEM_EVENTOS;INALTERADO;1;642daec761ccb28fc097aa7f22cfeb4552f7859c3b919e315b4f51bc1ae66de3;49;data/raw/yahoo_dividendos/dividendos_TEKA3__20261006_642daec7.csv
20261005_213028;2026-10-06T05:14:30.731447+00:00;dividendos_TEKA4.csv;YAHOO_DIVIDENDOS;;TEKA4.SA;;SEM_EVENTOS;INALTERADO;1;642daec761ccb28fc097aa7f22cfeb4552f7859c3b919e315b4f51bc1ae66de3;49;data/raw/yahoo_dividendos/dividendos_TEKA4__20261006_642daec7.csv
20261005_213028;2026-10-06T05:14:30.978775+00:00;dividendos_TELB3.csv;YAHOO_DIVIDENDOS;;TELB3.SA;;SEM_EVENTOS;INALTERADO;1;642daec761ccb28fc097aa7f22cfeb4552f7859c3b919e315b4f51bc1ae66de3;49;data/raw/yahoo_dividendos/dividendos_TELB3__20261006_642daec7.csv
20261005_213028;2026-10-06T05:14:31.253423+00:00;dividendos_TELB4.csv;YAHOO_DIVIDENDOS;;TELB4.SA;;SEM_EVENTOS;INALTERADO;1;642daec761ccb28fc097aa7f22cfeb4552f7859c3b919e315b4f51bc1ae66de3;49;data/raw/yahoo_dividendos/dividendos_TELB4__20261006_642daec7.csv
20261005_213028;2026-10-06T05:14:32.095159+00:00;dividendos_TEND3.csv;YAHOO_DIVIDENDOS;;TEND3.SA;;COM_EVENTOS;INALTERADO;1;cc69d33766dff8a71efd2b72417598d2543b321e46356bb951fcbb447243409b;517;data/raw/yahoo_dividendos/dividendos_TEND3__20261006_cc69d337.csv
20261005_213028;2026-10-06T05:14:34.720132+00:00;dividendos_TFCO4.csv;YAHOO_DIVIDENDOS;;TFCO4.SA;;COM_EVENTOS;INALTERADO;1;7c555f8f2189ed788415ec7314241feeee754f0a3ec36201e2a9b0c995e560a1;947;data/raw/yahoo_dividendos/dividendos_TFCO4__20261006_7c555f8f.csv
20261005_213028;2026-10-06T05:14:35.000538+00:00;dividendos_TGMA3.csv;YAHOO_DIVIDENDOS;;TGMA3.SA;;COM_EVENTOS;INALTERADO;1;d180e1c27e712193071aec64c35da5b42ee7d0182252ee6ab9f85a37431c4dae;1547;data/raw/yahoo_dividendos/dividendos_TGMA3__20261006_d180e1c2.csv
20261005_213028;2026-10-06T05:14:38.091213+00:00;dividendos_TIMS3.csv;YAHOO_DIVIDENDOS;;TIMS3.SA;;COM_EVENTOS;INALTERADO;1;10ec5779aebb2da835f7546f3be15ff98b561d610330bb48c7288cb67f1875ef;1700;data/raw/yahoo_dividendos/dividendos_TIMS3__20261006_10ec5779.csv
20261005_213028;2026-10-06T05:14:44.188111+00:00;dividendos_TOKY3.csv;YAHOO_DIVIDENDOS;;TOKY3.SA;;SEM_EVENTOS;INALTERADO;1;642daec761ccb28fc097aa7f22cfeb4552f7859c3b919e315b4f51bc1ae66de3;49;data/raw/yahoo_dividendos/dividendos_TOKY3__20261006_642daec7.csv
20261005_213028;2026-10-06T05:14:44.544631+00:00;dividendos_TOTS3.csv;YAHOO_DIVIDENDOS;;TOTS3.SA;;COM_EVENTOS;INALTERADO;1;cb8cfddb14c393019017f53627cb3ff8eea1d5170e8f5727376910995c7c4527;1754;data/raw/yahoo_dividendos/dividendos_TOTS3__20261006_cb8cfddb.csv
20261005_213028;2026-10-06T05:14:45.914716+00:00;dividendos_TPIS3.csv;YAHOO_DIVIDENDOS;;TPIS3.SA;;COM_EVENTOS;INALTERADO;1;cca56058d2bafb625ec94dd101506223b156f559e8e49a8666dbd4deed740615;689;data/raw/yahoo_dividendos/dividendos_TPIS3__20261006_cca56058.csv
20261005_213028;2026-10-06T05:14:46.515362+00:00;dividendos_TRIS3.csv;YAHOO_DIVIDENDOS;;TRIS3.SA;;COM_EVENTOS;INALTERADO;1;b44b05ee03bc737ba5d7584065feead2d34ee0d7c84e1c68f3ed215bf94f354c;695;data/raw/yahoo_dividendos/dividendos_TRIS3__20261006_b44b05ee.csv
20261005_213028;2026-10-06T05:14:48.571190+00:00;dividendos_TTEN3.csv;YAHOO_DIVIDENDOS;;TTEN3.SA;;COM_EVENTOS;INALTERADO;1;99067866154ac680183f1ae2d01682fa32ad6a755e44908eaeb7c46ed4fd109d;229;data/raw/yahoo_dividendos/dividendos_TTEN3__20261006_99067866.csv
20261005_213028;2026-10-06T05:14:49.136729+00:00;dividendos_TUPY3.csv;YAHOO_DIVIDENDOS;;TUPY3.SA;;COM_EVENTOS;INALTERADO;1;50d4c20b17381183c1bc0547b329d1a8c35ba2223a3c57882703975f8783333d;1184;data/raw/yahoo_dividendos/dividendos_TUPY3__20261006_50d4c20b.csv
20261005_213028;2026-10-06T05:14:49.667214+00:00;dividendos_TXRX3.csv;YAHOO_DIVIDENDOS;;TXRX3.SA;;SEM_EVENTOS;INALTERADO;1;642daec761ccb28fc097aa7f22cfeb4552f7859c3b919e315b4f51bc1ae66de3;49;data/raw/yahoo_dividendos/dividendos_TXRX3__20261006_642daec7.csv
20261005_213028;2026-10-06T05:14:50.117263+00:00;dividendos_TXRX4.csv;YAHOO_DIVIDENDOS;;TXRX4.SA;;SEM_EVENTOS;INALTERADO;1;642daec761ccb28fc097aa7f22cfeb4552f7859c3b919e315b4f51bc1ae66de3;49;data/raw/yahoo_dividendos/dividendos_TXRX4__20261006_642daec7.csv
20261005_213028;2026-10-06T05:14:50.194166+00:00;dividendos_UCAS3.csv;YAHOO_DIVIDENDOS;;UCAS3.SA;;COM_EVENTOS;INALTERADO;1;65cb3eff2c93a60b01e604b5a93253f7ddce8f34649380f3dea3ed7431f7e3e6;535;data/raw/yahoo_dividendos/dividendos_UCAS3__20261006_65cb3eff.csv
20261005_213028;2026-10-06T05:14:50.978860+00:00;dividendos_UGPA3.csv;YAHOO_DIVIDENDOS;;UGPA3.SA;;COM_EVENTOS;INALTERADO;1;9adf6dcd5d619c0f6264f2fdcf8c22402326f69866b2a256320dc4790faa1c94;1330;data/raw/yahoo_dividendos/dividendos_UGPA3__20261006_9adf6dcd.csv
20261005_213028;2026-10-06T05:14:51.769730+00:00;dividendos_UNIP3.csv;YAHOO_DIVIDENDOS;;UNIP3.SA;;COM_EVENTOS;INALTERADO;1;799953fca35741d7151385ba240b0ec6384e79430d69c806113f7a762e894bb9;1303;data/raw/yahoo_dividendos/dividendos_UNIP3__20261006_799953fc.csv
20261005_213028;2026-10-06T05:14:52.011080+00:00;dividendos_UNIP5.csv;YAHOO_DIVIDENDOS;;UNIP5.SA;;COM_EVENTOS;INALTERADO;1;1b4e02d4d80d837ae82c8c8eff7f5c442974849a179570c29a31770e051d95ef;1053;data/raw/yahoo_dividendos/dividendos_UNIP5__20261006_1b4e02d4.csv
20261005_213028;2026-10-06T05:14:52.590498+00:00;dividendos_UNIP6.csv;YAHOO_DIVIDENDOS;;UNIP6.SA;;COM_EVENTOS;INALTERADO;1;efaceaff37f541486768c48a26ca4ac99d93ef2748395aa23aa838d98e567130;1089;data/raw/yahoo_dividendos/dividendos_UNIP6__20261006_efaceaff.csv
20261005_213028;2026-10-06T05:14:53.462566+00:00;dividendos_USIM3.csv;YAHOO_DIVIDENDOS;;USIM3.SA;;COM_EVENTOS;INALTERADO;1;f9fc11d337e95daa35a8acc764b3375fc5d659206bf8935bdee2d96e1e1775c9;868;data/raw/yahoo_dividendos/dividendos_USIM3__20261006_f9fc11d3.csv
20261005_213028;2026-10-06T05:14:53.997919+00:00;dividendos_USIM6.csv;YAHOO_DIVIDENDOS;;USIM6.SA;;COM_EVENTOS;INALTERADO;1;d5badcef4e425807759afbefefea082098006706b18695697c8f3ded5565c9d4;660;data/raw/yahoo_dividendos/dividendos_USIM6__20261006_d5badcef.csv
20261005_213028;2026-10-06T05:14:54.197687+00:00;dividendos_USIM5.csv;YAHOO_DIVIDENDOS;;USIM5.SA;;COM_EVENTOS;INALTERADO;1;a8013547833949024c3bc8d144c93364259a3d197e5097d9b3ae7d0e2b9aa90a;907;data/raw/yahoo_dividendos/dividendos_USIM5__20261006_a8013547.csv
20261005_213028;2026-10-06T05:14:55.217588+00:00;dividendos_VALE3.csv;YAHOO_DIVIDENDOS;;VALE3.SA;;COM_EVENTOS;INALTERADO;1;642d7045d8d30b6bdc9c95ee823c3d6db1332f203843c36a2a978963a6dc75ac;1441;data/raw/yahoo_dividendos/dividendos_VALE3__20261006_642d7045.csv
20261005_213028;2026-10-06T05:14:55.868460+00:00;dividendos_VAMO3.csv;YAHOO_DIVIDENDOS;;VAMO3.SA;;COM_EVENTOS;INALTERADO;1;b15e7eff83704053f2c9ac4397ec9aaf60cebb59b25d5bb72d95ed8f9d4f5418;264;data/raw/yahoo_dividendos/dividendos_VAMO3__20261006_b15e7eff.csv
20261005_213028;2026-10-06T05:14:56.760962+00:00;dividendos_VBBR3.csv;YAHOO_DIVIDENDOS;;VBBR3.SA;;COM_EVENTOS;INALTERADO;1;a826236a709608ee1c825be73707dce7e29db3f02e9db8c36af7eba5bb5720ae;913;data/raw/yahoo_dividendos/dividendos_VBBR3__20261006_a826236a.csv
20261005_213028;2026-10-06T05:14:59.592850+00:00;dividendos_VITT3.csv;YAHOO_DIVIDENDOS;;VITT3.SA;;COM_EVENTOS;INALTERADO;1;cefb32e5771ce6352f2bcac5a0b945f284c34ef9d1a36a9467d46eb8f3d68a39;517;data/raw/yahoo_dividendos/dividendos_VITT3__20261006_cefb32e5.csv
20261005_213028;2026-10-06T05:15:00.371944+00:00;dividendos_VIVA3.csv;YAHOO_DIVIDENDOS;;VIVA3.SA;;COM_EVENTOS;INALTERADO;1;4aa9fd3e5d82ecd6afc59cc177b4193dcf714dd84adf3550310727ba51805195;372;data/raw/yahoo_dividendos/dividendos_VIVA3__20261006_4aa9fd3e.csv
20261005_213028;2026-10-06T05:15:01.937530+00:00;dividendos_VIVR3.csv;YAHOO_DIVIDENDOS;;VIVR3.SA;;SEM_EVENTOS;INALTERADO;1;642daec761ccb28fc097aa7f22cfeb4552f7859c3b919e315b4f51bc1ae66de3;49;data/raw/yahoo_dividendos/dividendos_VIVR3__20261006_642daec7.csv
20261005_213028;2026-10-06T05:15:02.693664+00:00;dividendos_VIVT3.csv;YAHOO_DIVIDENDOS;;VIVT3.SA;;COM_EVENTOS;INALTERADO;1;da08a934b9ee06ef7e171c1e5cdb47df277d88f97b8e8106cf4d06a2a4fefc71;4249;data/raw/yahoo_dividendos/dividendos_VIVT3__20261006_da08a934.csv
20261005_213028;2026-10-06T05:15:03.312624+00:00;dividendos_VLID3.csv;YAHOO_DIVIDENDOS;;VLID3.SA;;COM_EVENTOS;INALTERADO;1;7b54500abf6fadf7ab3ec75be710db795165934b697367a555f4762fe5fc3b3c;2029;data/raw/yahoo_dividendos/dividendos_VLID3__20261006_7b54500a.csv
20261005_213028;2026-10-06T05:15:04.031355+00:00;dividendos_VSTE3.csv;YAHOO_DIVIDENDOS;;VSTE3.SA;;COM_EVENTOS;INALTERADO;1;698447dcf90549396e1f1c9d11c4bfccd48b15276497abc5e55c7cf0a0ad80a8;551;data/raw/yahoo_dividendos/dividendos_VSTE3__20261006_698447dc.csv
20261005_213028;2026-10-06T05:15:04.993258+00:00;dividendos_VTRU3.csv;YAHOO_DIVIDENDOS;;VTRU3.SA;;COM_EVENTOS;INALTERADO;1;d814f4286837b9a7a665fd23f116a3201db1bf114c29c070291a0545a9088868;121;data/raw/yahoo_dividendos/dividendos_VTRU3__20261006_d814f428.csv
20261005_213028;2026-10-06T05:15:05.097904+00:00;dividendos_VULC3.csv;YAHOO_DIVIDENDOS;;VULC3.SA;;COM_EVENTOS;INALTERADO;1;74b254cd1f9dfbd4001d85f5c7fa82ee28f80590601f68ee5e490ea4e30bbf34;1290;data/raw/yahoo_dividendos/dividendos_VULC3__20261006_74b254cd.csv
20261005_213028;2026-10-06T05:15:06.659363+00:00;dividendos_VVEO3.csv;YAHOO_DIVIDENDOS;;VVEO3.SA;;COM_EVENTOS;INALTERADO;1;dc562936afb9fc0e23f6aea6b58cc346368233a2b8470c14b51501f4793c75e3;193;data/raw/yahoo_dividendos/dividendos_VVEO3__20261006_dc562936.csv
20261005_213028;2026-10-06T05:15:07.204424+00:00;dividendos_WDCN3.csv;YAHOO_DIVIDENDOS;;WDCN3.SA;;COM_EVENTOS;INALTERADO;1;486b09bf33a60ee6dea68d328ed6df6bbf67aa775122eba36e95914575dca8b8;157;data/raw/yahoo_dividendos/dividendos_WDCN3__20261006_486b09bf.csv
20261005_213028;2026-10-06T05:15:07.746337+00:00;dividendos_WEST3.csv;YAHOO_DIVIDENDOS;;WEST3.SA;;COM_EVENTOS;INALTERADO;1;cbe06750ba5932a5aca178d0842c194d4fa2eba913c15f26551c61020e25f8ee;85;data/raw/yahoo_dividendos/dividendos_WEST3__20261006_cbe06750.csv
20261005_213028;2026-10-06T05:15:08.018863+00:00;dividendos_WEGE3.csv;YAHOO_DIVIDENDOS;;WEGE3.SA;;COM_EVENTOS;INALTERADO;1;33d9f15922a57c155ca4f6b2ee2f1d778b63914656c8bc43e9f8fd2fd7f32759;3967;data/raw/yahoo_dividendos/dividendos_WEGE3__20261006_33d9f159.csv
20261005_213028;2026-10-06T05:15:08.537626+00:00;dividendos_WHRL3.csv;YAHOO_DIVIDENDOS;;WHRL3.SA;;COM_EVENTOS;INALTERADO;1;15d6d9d2cb0a970bbf1df82350bd6f0996a80d9a7c1a4aead6e4b15ff2017411;1200;data/raw/yahoo_dividendos/dividendos_WHRL3__20261006_15d6d9d2.csv
20261005_213028;2026-10-06T05:15:08.856816+00:00;dividendos_WHRL4.csv;YAHOO_DIVIDENDOS;;WHRL4.SA;;COM_EVENTOS;INALTERADO;1;f6e155eea2132b0c1a5380f44f20bf5c22fdf4d2cbbed564449a6515efc6144a;996;data/raw/yahoo_dividendos/dividendos_WHRL4__20261006_f6e155ee.csv
20261005_213028;2026-10-06T05:15:08.992876+00:00;dividendos_WLMM3.csv;YAHOO_DIVIDENDOS;;WLMM3.SA;;COM_EVENTOS;INALTERADO;1;de2ea8cdf8c1ac4d4032c9319d3db34613887c4e482ea9e80c1c06b6e58a7aaf;1003;data/raw/yahoo_dividendos/dividendos_WLMM3__20261006_de2ea8cd.csv
20261005_213028;2026-10-06T05:15:09.707330+00:00;dividendos_WLMM4.csv;YAHOO_DIVIDENDOS;;WLMM4.SA;;COM_EVENTOS;INALTERADO;1;4583d5e6335e66e47a323de09a1f5f2d2e6b88a31bbd4b7a7212d826e08280c4;1360;data/raw/yahoo_dividendos/dividendos_WLMM4__20261006_4583d5e6.csv
20261005_213028;2026-10-06T05:15:10.960845+00:00;dividendos_YDUQ3.csv;YAHOO_DIVIDENDOS;;YDUQ3.SA;;COM_EVENTOS;INALTERADO;1;2cdd73fefeecb973710ec897b7ddbe41156976a4b63bf26285656635ee0134cc;803;data/raw/yahoo_dividendos/dividendos_YDUQ3__20261006_2cdd73fe.csv
20261005_213028;2026-10-06T05:28:25.825348+00:00;dividendos_AALR3.csv;YAHOO_DIVIDENDOS;;AALR3.SA;;COM_EVENTOS;INALTERADO;1;9ad0dcbe12f7837b7fdaf1a7d233b671dccb404a94d27bc71c10cbcef2e17078;121;data/raw/yahoo_dividendos/dividendos_AALR3__20261006_9ad0dcbe.csv
20261005_213028;2026-10-06T05:28:26.125906+00:00;dividendos_ABEV3.csv;YAHOO_DIVIDENDOS;;ABEV3.SA;;COM_EVENTOS;INALTERADO;1;0d928b78a4aed2b65dba75662a1deec45a3b60b0fa9257babd8afbc4027563fd;1891;data/raw/yahoo_dividendos/dividendos_ABEV3__20261006_0d928b78.csv
20261005_213028;2026-10-06T05:28:30.074845+00:00;dividendos_AERI3.csv;YAHOO_DIVIDENDOS;;AERI3.SA;;COM_EVENTOS;INALTERADO;1;b0a80b13af9a65b7934b21db3cf704b1083baead854e776068fc5e7f37833c6d;84;data/raw/yahoo_dividendos/dividendos_AERI3__20261006_b0a80b13.csv
20261005_213028;2026-10-06T05:28:30.832757+00:00;dividendos_AFLT3.csv;YAHOO_DIVIDENDOS;;AFLT3.SA;;COM_EVENTOS;INALTERADO;1;1ebe220851d894e35befa4378dce6224e9debcf9d4a9674374c969496ffb7a18;1091;data/raw/yahoo_dividendos/dividendos_AFLT3__20261006_1ebe2208.csv
20261005_213028;2026-10-06T05:28:32.670663+00:00;dividendos_AGRO3.csv;YAHOO_DIVIDENDOS;;AGRO3.SA;;COM_EVENTOS;INALTERADO;1;a1c412066306fe8b4ee9b1b6721b9fd225b213e0d4c61750ed781acc692eb415;586;data/raw/yahoo_dividendos/dividendos_AGRO3__20261006_a1c41206.csv
20261005_213028;2026-10-06T05:28:33.013679+00:00;dividendos_AGXY3.csv;YAHOO_DIVIDENDOS;;AGXY3.SA;;COM_EVENTOS;INALTERADO;1;b8e83c2fdbabb939bed5e3d807d8132347990ce36e38260415a77916a489d693;120;data/raw/yahoo_dividendos/dividendos_AGXY3__20261006_b8e83c2f.csv
20261005_213028;2026-10-06T05:28:33.262860+00:00;dividendos_AHEB3.csv;YAHOO_DIVIDENDOS;;AHEB3.SA;;SEM_EVENTOS;INALTERADO;1;642daec761ccb28fc097aa7f22cfeb4552f7859c3b919e315b4f51bc1ae66de3;49;data/raw/yahoo_dividendos/dividendos_AHEB3__20261006_642daec7.csv
20261005_213028;2026-10-06T05:28:33.511513+00:00;dividendos_AHEB5.csv;YAHOO_DIVIDENDOS;;AHEB5.SA;;SEM_EVENTOS;INALTERADO;1;642daec761ccb28fc097aa7f22cfeb4552f7859c3b919e315b4f51bc1ae66de3;49;data/raw/yahoo_dividendos/dividendos_AHEB5__20261006_642daec7.csv
20261005_213028;2026-10-06T05:28:33.819878+00:00;dividendos_AHEB6.csv;YAHOO_DIVIDENDOS;;AHEB6.SA;;SEM_EVENTOS;INALTERADO;1;642daec761ccb28fc097aa7f22cfeb4552f7859c3b919e315b4f51bc1ae66de3;49;data/raw/yahoo_dividendos/dividendos_AHEB6__20261006_642daec7.csv
20261005_213028;2026-10-06T05:28:34.058880+00:00;dividendos_ALLD3.csv;YAHOO_DIVIDENDOS;;ALLD3.SA;;COM_EVENTOS;INALTERADO;1;d66588ab369b7567d46b42aa785538bb5f371dc485d567f717620d08e92972ef;408;data/raw/yahoo_dividendos/dividendos_ALLD3__20261006_d66588ab.csv
20261005_213028;2026-10-06T05:28:35.007067+00:00;dividendos_ALOS3.csv;YAHOO_DIVIDENDOS;;ALOS3.SA;;COM_EVENTOS;INALTERADO;1;f4c0821b2584c1ebfb2f3a740b75d2bd2c89305462b74f118fd3199d8a9a7bb9;1386;data/raw/yahoo_dividendos/dividendos_ALOS3__20261006_f4c0821b.csv
20261005_213028;2026-10-06T05:28:35.602173+00:00;dividendos_ALPA4.csv;YAHOO_DIVIDENDOS;;ALPA4.SA;;COM_EVENTOS;INALTERADO;1;e9c4c18b3fb0e03aff91b0130f4d3a48cbb4c0caee05db9d262dd86f7fb7847d;1587;data/raw/yahoo_dividendos/dividendos_ALPA4__20261006_e9c4c18b.csv
20261005_213028;2026-10-06T05:28:35.736282+00:00;dividendos_ALPA3.csv;YAHOO_DIVIDENDOS;;ALPA3.SA;;COM_EVENTOS;INALTERADO;1;f4dbdd6a072fec629f2cc0740b640b8120b594f3d88e875503fa136d6e2daa7d;1840;data/raw/yahoo_dividendos/dividendos_ALPA3__20261006_f4dbdd6a.csv
20261005_213028;2026-10-06T05:28:36.370864+00:00;dividendos_ALPK3.csv;YAHOO_DIVIDENDOS;;ALPK3.SA;;COM_EVENTOS;INALTERADO;1;24d8645f0a6f06561837291f3874a9a54d03796a2bc484efed1d41eba3edc968;85;data/raw/yahoo_dividendos/dividendos_ALPK3__20261006_24d8645f.csv
20261005_213028;2026-10-06T05:28:37.927435+00:00;dividendos_ALUP11.csv;YAHOO_DIVIDENDOS;;ALUP11.SA;;COM_EVENTOS;INALTERADO;1;6f49824864f73e298cf22c837cfc8484b15c8e43060ce3696160d98351f76b2c;1076;data/raw/yahoo_dividendos/dividendos_ALUP11__20261006_6f498248.csv
20261005_213028;2026-10-06T05:28:38.418457+00:00;dividendos_ALUP3.csv;YAHOO_DIVIDENDOS;;ALUP3.SA;;COM_EVENTOS;INALTERADO;1;a39e9bfc11c933979fa4330c2fe2310c514c851b6202c16f5820325e1b10440b;873;data/raw/yahoo_dividendos/dividendos_ALUP3__20261006_a39e9bfc.csv
20261005_213028;2026-10-06T05:28:38.488869+00:00;dividendos_ALUP4.csv;YAHOO_DIVIDENDOS;;ALUP4.SA;;COM_EVENTOS;INALTERADO;1;0f620d96d67aa45654c104690d4cfd1ddc3c28ecf1911bac204f5be4c6a7ee0a;873;data/raw/yahoo_dividendos/dividendos_ALUP4__20261006_0f620d96.csv
20261005_213028;2026-10-06T05:28:38.968678+00:00;dividendos_AMAR3.csv;YAHOO_DIVIDENDOS;;AMAR3.SA;;COM_EVENTOS;INALTERADO;1;c1b1e05fd6f9658e36259e88401a7c7987aaa4ce2e5f07cad3b9aee595265d35;515;data/raw/yahoo_dividendos/dividendos_AMAR3__20261006_c1b1e05f.csv
20261005_213028;2026-10-06T05:28:38.993880+00:00;dividendos_AMBP3.csv;YAHOO_DIVIDENDOS;;AMBP3.SA;;COM_EVENTOS;INALTERADO;1;c911662effaf6e57b0fbbe2d7d92dd41196c9c56ecf74ec604053be6ec954a79;157;data/raw/yahoo_dividendos/dividendos_AMBP3__20261006_c911662e.csv
20261005_213028;2026-10-06T05:28:41.001209+00:00;dividendos_AMER3.csv;YAHOO_DIVIDENDOS;;AMER3.SA;;COM_EVENTOS;INALTERADO;1;58dcf37a1e5e7abd9d595c98ca65f9170cf7086de6ede84756215a4fd8949941;303;data/raw/yahoo_dividendos/dividendos_AMER3__20261006_58dcf37a.csv
20261005_213028;2026-10-06T05:28:42.004575+00:00;dividendos_AMOB3.csv;YAHOO_DIVIDENDOS;;AMOB3.SA;;SEM_EVENTOS;INALTERADO;1;642daec761ccb28fc097aa7f22cfeb4552f7859c3b919e315b4f51bc1ae66de3;49;data/raw/yahoo_dividendos/dividendos_AMOB3__20261006_642daec7.csv
20261005_213028;2026-10-06T05:28:43.307522+00:00;dividendos_ANIM3.csv;YAHOO_DIVIDENDOS;;ANIM3.SA;;COM_EVENTOS;INALTERADO;1;d039dfaf62a5524d4e63ced33856a1fdf08f2ca2c7b6d54d76175ca30c17d360;365;data/raw/yahoo_dividendos/dividendos_ANIM3__20261006_d039dfaf.csv
20261005_213028;2026-10-06T05:28:43.836319+00:00;dividendos_ARML3.csv;YAHOO_DIVIDENDOS;;ARML3.SA;;COM_EVENTOS;INALTERADO;1;26f949e3e7b91c5bf16be0c3dbf344e4d97ba8d7128dea8413dfc9c6976bedb5;624;data/raw/yahoo_dividendos/dividendos_ARML3__20261006_26f949e3.csv
20261005_213028;2026-10-06T05:28:45.564212+00:00;dividendos_ASAI3.csv;YAHOO_DIVIDENDOS;;ASAI3.SA;;COM_EVENTOS;INALTERADO;1;03b3566f3be9f0e66f20482d828d485f547f30d0c143fd8eb56e3817d6219065;336;data/raw/yahoo_dividendos/dividendos_ASAI3__20261006_03b3566f.csv
20261005_213028;2026-10-06T05:28:45.919761+00:00;dividendos_ATED3.csv;YAHOO_DIVIDENDOS;;ATED3.SA;;SEM_EVENTOS;INALTERADO;1;642daec761ccb28fc097aa7f22cfeb4552f7859c3b919e315b4f51bc1ae66de3;49;data/raw/yahoo_dividendos/dividendos_ATED3__20261006_642daec7.csv
20261005_213028;2026-10-06T05:28:47.171006+00:00;dividendos_AUAU3.csv;YAHOO_DIVIDENDOS;;AUAU3.SA;;COM_EVENTOS;INALTERADO;1;aa7da9449bbd766f63e5e6c1677286eac16b4f3c1dcf51c42dc0f4c120ec148a;85;data/raw/yahoo_dividendos/dividendos_AUAU3__20261006_aa7da944.csv
20261005_213028;2026-10-06T05:28:47.741623+00:00;dividendos_AURE3.csv;YAHOO_DIVIDENDOS;;AURE3.SA;;COM_EVENTOS;INALTERADO;1;ae4391fe9786a48aa5950f64a24f33bb7da3698ec32bec834e062ee38a7c7e65;209;data/raw/yahoo_dividendos/dividendos_AURE3__20261006_ae4391fe.csv
20261005_213028;2026-10-06T05:28:48.359475+00:00;dividendos_AVLL3.csv;YAHOO_DIVIDENDOS;;AVLL3.SA;;SEM_EVENTOS;INALTERADO;1;642daec761ccb28fc097aa7f22cfeb4552f7859c3b919e315b4f51bc1ae66de3;49;data/raw/yahoo_dividendos/dividendos_AVLL3__20261006_642daec7.csv
20261005_213028;2026-10-06T05:28:49.252811+00:00;dividendos_AXIA3.csv;YAHOO_DIVIDENDOS;;AXIA3.SA;;COM_EVENTOS;INALTERADO;1;8dd498af18003ba44f5d283a5eca1e38df011d00f84c15f6e15801b3ec0e550f;696;data/raw/yahoo_dividendos/dividendos_AXIA3__20261006_8dd498af.csv
20261005_213028;2026-10-06T05:28:50.233970+00:00;dividendos_AXIA7.csv;YAHOO_DIVIDENDOS;;AXIA7.SA;;SEM_EVENTOS;INALTERADO;1;642daec761ccb28fc097aa7f22cfeb4552f7859c3b919e315b4f51bc1ae66de3;49;data/raw/yahoo_dividendos/dividendos_AXIA7__20261006_642daec7.csv
20261005_213028;2026-10-06T05:28:51.025411+00:00;dividendos_AZEV3.csv;YAHOO_DIVIDENDOS;;AZEV3.SA;;COM_EVENTOS;INALTERADO;1;348a98296208660730b42904c2de1d13a792de7ece6182a5c828af83cb6ab6c1;157;data/raw/yahoo_dividendos/dividendos_AZEV3__20261006_348a9829.csv
20261005_213028;2026-10-06T05:28:51.279412+00:00;dividendos_AZEV4.csv;YAHOO_DIVIDENDOS;;AZEV4.SA;;COM_EVENTOS;INALTERADO;1;a23efe61aea02ea3e716e79fcc8be109d10c829d8876bdfb7892737a4490169b;157;data/raw/yahoo_dividendos/dividendos_AZEV4__20261006_a23efe61.csv
20261005_213028;2026-10-06T05:28:51.474811+00:00;dividendos_AZTE3.csv;YAHOO_DIVIDENDOS;;AZTE3.SA;;SEM_EVENTOS;INALTERADO;1;642daec761ccb28fc097aa7f22cfeb4552f7859c3b919e315b4f51bc1ae66de3;49;data/raw/yahoo_dividendos/dividendos_AZTE3__20261006_642daec7.csv
20261005_213028;2026-10-06T05:28:51.820390+00:00;dividendos_AZUL3.csv;YAHOO_DIVIDENDOS;;AZUL3.SA;;SEM_EVENTOS;INALTERADO;1;642daec761ccb28fc097aa7f22cfeb4552f7859c3b919e315b4f51bc1ae66de3;49;data/raw/yahoo_dividendos/dividendos_AZUL3__20261006_642daec7.csv
20261005_213028;2026-10-06T05:28:52.280729+00:00;dividendos_AZUL97.csv;YAHOO_DIVIDENDOS;;AZUL97.SA;;SEM_EVENTOS;INALTERADO;1;642daec761ccb28fc097aa7f22cfeb4552f7859c3b919e315b4f51bc1ae66de3;49;data/raw/yahoo_dividendos/dividendos_AZUL97__20261006_642daec7.csv
20261005_213028;2026-10-06T05:28:52.999288+00:00;dividendos_AZUL99.csv;YAHOO_DIVIDENDOS;;AZUL99.SA;;SEM_EVENTOS;INALTERADO;1;642daec761ccb28fc097aa7f22cfeb4552f7859c3b919e315b4f51bc1ae66de3;49;data/raw/yahoo_dividendos/dividendos_AZUL99__20261006_642daec7.csv
20261005_213028;2026-10-06T05:28:53.067771+00:00;dividendos_AZUL98.csv;YAHOO_DIVIDENDOS;;AZUL98.SA;;SEM_EVENTOS;INALTERADO;1;642daec761ccb28fc097aa7f22cfeb4552f7859c3b919e315b4f51bc1ae66de3;49;data/raw/yahoo_dividendos/dividendos_AZUL98__20261006_642daec7.csv
20261005_213028;2026-10-06T05:28:53.887233+00:00;dividendos_AZZA3.csv;YAHOO_DIVIDENDOS;;AZZA3.SA;;COM_EVENTOS;INALTERADO;1;3ba62d7cc821ffbbc6aba439f55c34f98f62728ed0033624ba78fa5f45bb5830;1831;data/raw/yahoo_dividendos/dividendos_AZZA3__20261006_3ba62d7c.csv
20261005_213028;2026-10-06T05:28:54.545003+00:00;dividendos_BALM3.csv;YAHOO_DIVIDENDOS;;BALM3.SA;;COM_EVENTOS;INALTERADO;1;a736e873ac31ddb76e716c4704c24d9e98ea188ccb0f5bd22211132a818757e6;817;data/raw/yahoo_dividendos/dividendos_BALM3__20261006_a736e873.csv
20261005_213028;2026-10-06T05:28:55.021232+00:00;dividendos_BALM4.csv;YAHOO_DIVIDENDOS;;BALM4.SA;;COM_EVENTOS;INALTERADO;1;db887bdd4283de267f79a2b95333eb17c01c3c04aa69ea42fbf43b2ee25a50a2;781;data/raw/yahoo_dividendos/dividendos_BALM4__20261006_db887bdd.csv
20261005_213028;2026-10-06T05:28:55.282385+00:00;dividendos_BAUH4.csv;YAHOO_DIVIDENDOS;;BAUH4.SA;;COM_EVENTOS;INALTERADO;1;ad5b71844acc8a97d32f3fd2e5b7badf22f237eea2ea181af408a36e8fc8d647;464;data/raw/yahoo_dividendos/dividendos_BAUH4__20261006_ad5b7184.csv
20261005_213028;2026-10-06T05:28:56.190043+00:00;dividendos_BDLL3.csv;YAHOO_DIVIDENDOS;;BDLL3.SA;;COM_EVENTOS;INALTERADO;1;eae3339ebdac774085c07a65492a9fb9ab8d9f8f73c9cc82fc033531ef8b31af;214;data/raw/yahoo_dividendos/dividendos_BDLL3__20261006_eae3339e.csv
20261005_213028;2026-10-06T05:28:56.925466+00:00;dividendos_BEEF3.csv;YAHOO_DIVIDENDOS;;BEEF3.SA;;COM_EVENTOS;INALTERADO;1;4da4bc4bac28994f230013524c043535ef1377ee60f1ec45bcc77efd022363ac;515;data/raw/yahoo_dividendos/dividendos_BEEF3__20261006_4da4bc4b.csv
20261005_213028;2026-10-06T05:28:56.983995+00:00;dividendos_BDLL4.csv;YAHOO_DIVIDENDOS;;BDLL4.SA;;COM_EVENTOS;INALTERADO;1;a6295c0d72936cf23ce23d9277a05818e200a3e7f12a65096e4c081e3baa2f3b;213;data/raw/yahoo_dividendos/dividendos_BDLL4__20261006_a6295c0d.csv
20261005_213028;2026-10-06T05:28:58.854839+00:00;dividendos_BHIA3.csv;YAHOO_DIVIDENDOS;;BHIA3.SA;;COM_EVENTOS;INALTERADO;1;d976ba6b42602d22e15f9ae13ce779eb5332d192f0d28cd0e062c755a7535395;336;data/raw/yahoo_dividendos/dividendos_BHIA3__20261006_d976ba6b.csv
20261005_213028;2026-10-06T05:28:58.858691+00:00;dividendos_BIED3.csv;YAHOO_DIVIDENDOS;;BIED3.SA;;COM_EVENTOS;INALTERADO;1;154ca1989b046c54155114bfba6a6ce537e90c1f287ee7390acbeffc76d1aa38;300;data/raw/yahoo_dividendos/dividendos_BIED3__20261006_154ca198.csv
20261005_213028;2026-10-06T05:28:59.540085+00:00;dividendos_BIOM3.csv;YAHOO_DIVIDENDOS;;BIOM3.SA;;SEM_EVENTOS;INALTERADO;1;642daec761ccb28fc097aa7f22cfeb4552f7859c3b919e315b4f51bc1ae66de3;49;data/raw/yahoo_dividendos/dividendos_BIOM3__20261006_642daec7.csv
20261005_213028;2026-10-06T05:29:00.703970+00:00;dividendos_BLAU3.csv;YAHOO_DIVIDENDOS;;BLAU3.SA;;COM_EVENTOS;INALTERADO;1;ba823622552757409713ef267619a906ba88a5536089f8d69da18ee6eefcbe4d;840;data/raw/yahoo_dividendos/dividendos_BLAU3__20261006_ba823622.csv
20261005_213028;2026-10-06T05:29:01.276997+00:00;dividendos_BMOB3.csv;YAHOO_DIVIDENDOS;;BMOB3.SA;;COM_EVENTOS;INALTERADO;1;78a82f44b165b36802828652a7556ff32d96621ac01e52e3122a09fbcf4e2c50;373;data/raw/yahoo_dividendos/dividendos_BMOB3__20261006_78a82f44.csv
20261005_213028;2026-10-06T05:29:01.372750+00:00;dividendos_BMKS3.csv;YAHOO_DIVIDENDOS;;BMKS3.SA;;COM_EVENTOS;INALTERADO;1;8d63e27ae690079fa2deecd8e1f02e4b591b39a68a0ab6443877ce457949b86d;725;data/raw/yahoo_dividendos/dividendos_BMKS3__20261006_8d63e27a.csv
20261005_213028;2026-10-06T05:29:03.045278+00:00;dividendos_BOBR4.csv;YAHOO_DIVIDENDOS;;BOBR4.SA;;SEM_EVENTOS;INALTERADO;1;642daec761ccb28fc097aa7f22cfeb4552f7859c3b919e315b4f51bc1ae66de3;49;data/raw/yahoo_dividendos/dividendos_BOBR4__20261006_642daec7.csv
20261005_213028;2026-10-06T05:29:03.700251+00:00;dividendos_BRAV3.csv;YAHOO_DIVIDENDOS;;BRAV3.SA;;COM_EVENTOS;INALTERADO;1;54bad17b7173aeb975d01b2cedff694f66469851fc5bc00e1c48b2ffab238e40;121;data/raw/yahoo_dividendos/dividendos_BRAV3__20261006_54bad17b.csv
20261005_213028;2026-10-06T05:29:05.523234+00:00;dividendos_BRKM3.csv;YAHOO_DIVIDENDOS;;BRKM3.SA;;COM_EVENTOS;INALTERADO;1;2a4ab5f02b9459ae86d7a9e6b984a08a9f98f70bfcd495cad259de1e69b0286b;479;data/raw/yahoo_dividendos/dividendos_BRKM3__20261006_2a4ab5f0.csv
20261005_213028;2026-10-06T05:29:06.173499+00:00;dividendos_BRKM5.csv;YAHOO_DIVIDENDOS;;BRKM5.SA;;COM_EVENTOS;INALTERADO;1;fb2987d72bbc257d7c4f46698d9eb5dcffed3612a5c5aafd065485ecce638d6d;620;data/raw/yahoo_dividendos/dividendos_BRKM5__20261006_fb2987d7.csv
20261005_213028;2026-10-06T05:29:06.745259+00:00;dividendos_BRKM6.csv;YAHOO_DIVIDENDOS;;BRKM6.SA;;COM_EVENTOS;INALTERADO;1;4dc993dc99308b62b759d8e02e6b646233ab3c24cff9b52615042c8050ec8aa3;371;data/raw/yahoo_dividendos/dividendos_BRKM6__20261006_4dc993dc.csv
20261005_213028;2026-10-06T05:29:07.924908+00:00;dividendos_BRST3.csv;YAHOO_DIVIDENDOS;;BRST3.SA;;COM_EVENTOS;INALTERADO;1;26071b8e4bc26d0105acf56a75c07fdf6b86b84f3ebf255fb8883f28f105f82b;85;data/raw/yahoo_dividendos/dividendos_BRST3__20261006_26071b8e.csv
20261005_213028;2026-10-06T05:29:12.088661+00:00;dividendos_CALI3.csv;YAHOO_DIVIDENDOS;;CALI3.SA;;COM_EVENTOS;INALTERADO;1;5425b019235571e891ab8ff70f42ed9561450b3b6a25165378f7ec9661b1d39d;406;data/raw/yahoo_dividendos/dividendos_CALI3__20261006_5425b019.csv
20261005_213028;2026-10-06T05:29:12.783523+00:00;dividendos_CAMB3.csv;YAHOO_DIVIDENDOS;;CAMB3.SA;;COM_EVENTOS;INALTERADO;1;be3ddc8ffc2a6c8df63c7ba6fd4358a40894462ba33ed998c029ef363fb460ec;826;data/raw/yahoo_dividendos/dividendos_CAMB3__20261006_be3ddc8f.csv
20261005_213028;2026-10-06T05:29:14.139272+00:00;dividendos_CAML3.csv;YAHOO_DIVIDENDOS;;CAML3.SA;;COM_EVENTOS;INALTERADO;1;d918f8651b9b7a40c37ce39d0f2ef31e27b2484a8e7e8787f4ec4ea13481a564;1375;data/raw/yahoo_dividendos/dividendos_CAML3__20261006_d918f865.csv
20261005_213028;2026-10-06T05:29:14.789644+00:00;dividendos_CASH3.csv;YAHOO_DIVIDENDOS;;CASH3.SA;;COM_EVENTOS;INALTERADO;1;72d0a4d1f74dca7c63e4cbec6f021c3293d794da66be573cadbceaf26feb12c2;85;data/raw/yahoo_dividendos/dividendos_CASH3__20261006_72d0a4d1.csv
20261005_213028;2026-10-06T05:29:15.453038+00:00;dividendos_CASN3.csv;YAHOO_DIVIDENDOS;;CASN3.SA;;SEM_EVENTOS;INALTERADO;1;642daec761ccb28fc097aa7f22cfeb4552f7859c3b919e315b4f51bc1ae66de3;49;data/raw/yahoo_dividendos/dividendos_CASN3__20261006_642daec7.csv
20261005_213028;2026-10-06T05:29:16.079489+00:00;dividendos_CBAV3.csv;YAHOO_DIVIDENDOS;;CBAV3.SA;;COM_EVENTOS;INALTERADO;1;57f2c0d6bfdbf74b891f8531743d0f8dced0b26a77de44441c3637c3f86dd93c;193;data/raw/yahoo_dividendos/dividendos_CBAV3__20261006_57f2c0d6.csv
20261005_213028;2026-10-06T05:29:16.748389+00:00;dividendos_CBEE3.csv;YAHOO_DIVIDENDOS;;CBEE3.SA;;COM_EVENTOS;INALTERADO;1;283be4b0515f87e405d9e69d9f6b6e54134d340cf47b98fd265c470b78a78801;516;data/raw/yahoo_dividendos/dividendos_CBEE3__20261006_283be4b0.csv
20261005_213028;2026-10-06T05:29:20.760214+00:00;dividendos_CCTY3.csv;YAHOO_DIVIDENDOS;;CCTY3.SA;;SEM_EVENTOS;INALTERADO;1;642daec761ccb28fc097aa7f22cfeb4552f7859c3b919e315b4f51bc1ae66de3;49;data/raw/yahoo_dividendos/dividendos_CCTY3__20261006_642daec7.csv
20261005_213028;2026-10-06T05:29:21.353479+00:00;dividendos_CEAB3.csv;YAHOO_DIVIDENDOS;;CEAB3.SA;;COM_EVENTOS;INALTERADO;1;292103de134056d3f2e34db3d37a7e8283b916cc11841dfbc52b7c9d572d1e90;191;data/raw/yahoo_dividendos/dividendos_CEAB3__20261006_292103de.csv
20261005_213028;2026-10-06T05:29:21.968128+00:00;dividendos_CEBR5.csv;YAHOO_DIVIDENDOS;;CEBR5.SA;;COM_EVENTOS;INALTERADO;1;0051730f3276195fc2d260c9776800e96be262864d21864496d55523d78b3a63;653;data/raw/yahoo_dividendos/dividendos_CEBR5__20261006_0051730f.csv
20261005_213028;2026-10-06T05:29:22.048825+00:00;dividendos_CEBR3.csv;YAHOO_DIVIDENDOS;;CEBR3.SA;;COM_EVENTOS;INALTERADO;1;862b5aa062c01ecd9c12ac1832b276d5dac6032a98a0d28e0ebf3ce6a43cba4c;652;data/raw/yahoo_dividendos/dividendos_CEBR3__20261006_862b5aa0.csv
20261005_213028;2026-10-06T05:29:22.686778+00:00;dividendos_CEBR6.csv;YAHOO_DIVIDENDOS;;CEBR6.SA;;COM_EVENTOS;INALTERADO;1;64e2b39d165cd3768c9fa6aae57ed6b0b2936a8de3a78d9ddb86f5f2b3307311;657;data/raw/yahoo_dividendos/dividendos_CEBR6__20261006_64e2b39d.csv
20261005_213028;2026-10-06T05:29:22.760844+00:00;dividendos_CEDO3.csv;YAHOO_DIVIDENDOS;;CEDO3.SA;;COM_EVENTOS;INALTERADO;1;27c611b76745117f20b312149019ad4012e135044dbbed344964afd7c5aa8447;458;data/raw/yahoo_dividendos/dividendos_CEDO3__20261006_27c611b7.csv
20261005_213028;2026-10-06T05:29:23.437070+00:00;dividendos_CEDO4.csv;YAHOO_DIVIDENDOS;;CEDO4.SA;;COM_EVENTOS;INALTERADO;1;6609f9da24e66d7d95d03725aec70557ff038f0e136bfbb8cec2a40aadb11130;211;data/raw/yahoo_dividendos/dividendos_CEDO4__20261006_6609f9da.csv
20261005_213028;2026-10-06T05:29:23.748403+00:00;dividendos_CEEB3.csv;YAHOO_DIVIDENDOS;;CEEB3.SA;;COM_EVENTOS;INALTERADO;1;40f5ac68ca3213db96121803c70ee2ad1a5d579b3ae029e18f4afcd5c781c67e;2350;data/raw/yahoo_dividendos/dividendos_CEEB3__20261006_40f5ac68.csv
20261005_213028;2026-10-06T05:29:23.976457+00:00;dividendos_CEEB5.csv;YAHOO_DIVIDENDOS;;CEEB5.SA;;COM_EVENTOS;INALTERADO;1;4d05236b3c0308b314503079a19f5bb109f1705c02ed1ed5499f691fb6dd308f;2130;data/raw/yahoo_dividendos/dividendos_CEEB5__20261006_4d05236b.csv
20261005_213028;2026-10-06T05:29:24.316233+00:00;dividendos_CEED3.csv;YAHOO_DIVIDENDOS;;CEED3.SA;;SEM_EVENTOS;INALTERADO;1;642daec761ccb28fc097aa7f22cfeb4552f7859c3b919e315b4f51bc1ae66de3;49;data/raw/yahoo_dividendos/dividendos_CEED3__20261006_642daec7.csv
20261005_213028;2026-10-06T05:29:24.409376+00:00;dividendos_CEED4.csv;YAHOO_DIVIDENDOS;;CEED4.SA;;SEM_EVENTOS;INALTERADO;1;642daec761ccb28fc097aa7f22cfeb4552f7859c3b919e315b4f51bc1ae66de3;49;data/raw/yahoo_dividendos/dividendos_CEED4__20261006_642daec7.csv
20261005_213028;2026-10-06T05:29:25.087444+00:00;dividendos_CEGR3.csv;YAHOO_DIVIDENDOS;;CEGR3.SA;;COM_EVENTOS;INALTERADO;1;3cd18895d4c12cbeea8b9d72f2f1d084eb38b064b397ec388ec7d1456dc453d2;1362;data/raw/yahoo_dividendos/dividendos_CEGR3__20261006_3cd18895.csv
20261005_213028;2026-10-06T05:29:31.465104+00:00;dividendos_CGAS3.csv;YAHOO_DIVIDENDOS;;CGAS3.SA;;COM_EVENTOS;INALTERADO;1;d3c7be53c50e671fcf449afa8ebf4b6e589092bce4049c3272d06a988f384a39;1734;data/raw/yahoo_dividendos/dividendos_CGAS3__20261006_d3c7be53.csv
20261005_213028;2026-10-06T05:29:32.233515+00:00;dividendos_CGRA3.csv;YAHOO_DIVIDENDOS;;CGRA3.SA;;COM_EVENTOS;INALTERADO;1;acaabea2d486b55dc14f388216d1423b6a7b53636535928f485d0c4bf086363a;1196;data/raw/yahoo_dividendos/dividendos_CGRA3__20261006_acaabea2.csv
20261005_213028;2026-10-06T05:29:32.510277+00:00;dividendos_CGAS5.csv;YAHOO_DIVIDENDOS;;CGAS5.SA;;COM_EVENTOS;INALTERADO;1;6ce443c777878ae70a6231f9fda366cf23d8cee4a361501d53391a350eb5416b;1702;data/raw/yahoo_dividendos/dividendos_CGAS5__20261006_6ce443c7.csv
20261005_213028;2026-10-06T05:29:32.870655+00:00;dividendos_CGRA4.csv;YAHOO_DIVIDENDOS;;CGRA4.SA;;COM_EVENTOS;INALTERADO;1;2be978721479e591acb9b6923ac1955483fa9897ccc20cbee35fe41e11f48f31;1164;data/raw/yahoo_dividendos/dividendos_CGRA4__20261006_2be97872.csv
20261005_213028;2026-10-06T05:29:35.350886+00:00;dividendos_CLSC3.csv;YAHOO_DIVIDENDOS;;CLSC3.SA;;COM_EVENTOS;INALTERADO;1;04f258c516d2dec55961e728a1799f2161b87165ecacb071f72c406d44ea3337;1554;data/raw/yahoo_dividendos/dividendos_CLSC3__20261006_04f258c5.csv
20261005_213028;2026-10-06T05:29:36.205914+00:00;dividendos_CLSC4.csv;YAHOO_DIVIDENDOS;;CLSC4.SA;;COM_EVENTOS;INALTERADO;1;c19364c490c9035b61b29f0af6a9f70eb8034dada0e2d50f0973018851128c55;1303;data/raw/yahoo_dividendos/dividendos_CLSC4__20261006_c19364c4.csv
20261005_213028;2026-10-06T05:29:38.838311+00:00;dividendos_CMIG3.csv;YAHOO_DIVIDENDOS;;CMIG3.SA;;COM_EVENTOS;INALTERADO;1;65a27b0adefd09bf5092abcbabe1386a2c4707f5deeb92700cd44ee9098d3ad9;2050;data/raw/yahoo_dividendos/dividendos_CMIG3__20261006_65a27b0a.csv
20261005_213028;2026-10-06T05:29:39.375940+00:00;dividendos_CMIN3.csv;YAHOO_DIVIDENDOS;;CMIN3.SA;;COM_EVENTOS;INALTERADO;1;af6fb8b50215a0cfd0b446b5d3e019754301dd27934c9938de0ee94c23600d99;659;data/raw/yahoo_dividendos/dividendos_CMIN3__20261006_af6fb8b5.csv
20261005_213028;2026-10-06T05:29:39.679890+00:00;dividendos_CMIG4.csv;YAHOO_DIVIDENDOS;;CMIG4.SA;;COM_EVENTOS;INALTERADO;1;8e8ba82eda34a21b4b8fae6e89fb9fb71e8f7321e389804e1a3d168fcb189fff;1946;data/raw/yahoo_dividendos/dividendos_CMIG4__20261006_8e8ba82e.csv
20261005_213028;2026-10-06T05:29:41.759310+00:00;dividendos_COCE3.csv;YAHOO_DIVIDENDOS;;COCE3.SA;;COM_EVENTOS;INALTERADO;1;7e615e4d84e9765c05b7b856e580317874fb3d94d9f4b8f75acd07608067186d;800;data/raw/yahoo_dividendos/dividendos_COCE3__20261006_7e615e4d.csv
20261005_213028;2026-10-06T05:29:42.413147+00:00;dividendos_COCE5.csv;YAHOO_DIVIDENDOS;;COCE5.SA;;COM_EVENTOS;INALTERADO;1;ea661685f9685876ca0977554e1172e2138bd0ebc500cb12067ba874162287f0;765;data/raw/yahoo_dividendos/dividendos_COCE5__20261006_ea661685.csv
20261005_213028;2026-10-06T05:29:43.101639+00:00;dividendos_COGN3.csv;YAHOO_DIVIDENDOS;;COGN3.SA;;COM_EVENTOS;INALTERADO;1;b33523ff0f5156edfb10963c7b73dd391c4a28343c750cb1200a897eefdd99d4;1129;data/raw/yahoo_dividendos/dividendos_COGN3__20261006_b33523ff.csv
20261005_213028;2026-10-06T05:29:43.764301+00:00;dividendos_CPFE3.csv;YAHOO_DIVIDENDOS;;CPFE3.SA;;COM_EVENTOS;INALTERADO;1;a7e1ee78d313d209a239b80f9734fad3e183cfecfdd4a161eba8ba9ed5afbe1b;983;data/raw/yahoo_dividendos/dividendos_CPFE3__20261006_a7e1ee78.csv
20261005_213028;2026-10-06T05:29:45.094204+00:00;dividendos_CPLE3.csv;YAHOO_DIVIDENDOS;;CPLE3.SA;;COM_EVENTOS;INALTERADO;1;fa5f062ec977ed6e163e10cedf0e6ab405b7d53da4e0a39f0c93b61eb9ac7a95;1335;data/raw/yahoo_dividendos/dividendos_CPLE3__20261006_fa5f062e.csv
20261005_213028;2026-10-06T05:29:49.364220+00:00;dividendos_CRPG3.csv;YAHOO_DIVIDENDOS;;CRPG3.SA;;COM_EVENTOS;INALTERADO;1;37968e99c0c5a747389dee380bd326d4250b77e4ecb0e9881e016e7faa7de5c4;889;data/raw/yahoo_dividendos/dividendos_CRPG3__20261006_37968e99.csv
20261005_213028;2026-10-06T05:29:49.661838+00:00;dividendos_CRPG5.csv;YAHOO_DIVIDENDOS;;CRPG5.SA;;COM_EVENTOS;INALTERADO;1;bfacd51b4541fd5664cf648aace602b01103364a14ea0942ada53a76e1c3d3e5;886;data/raw/yahoo_dividendos/dividendos_CRPG5__20261006_bfacd51b.csv
20261005_213028;2026-10-06T05:29:50.001437+00:00;dividendos_CRPG6.csv;YAHOO_DIVIDENDOS;;CRPG6.SA;;COM_EVENTOS;INALTERADO;1;83e828c71d46710a4b29c47ea59622540d3a77ea04791a91fa98d755dcbdfeef;855;data/raw/yahoo_dividendos/dividendos_CRPG6__20261006_83e828c7.csv
20261005_213028;2026-10-06T05:29:51.385406+00:00;dividendos_CSAN3.csv;YAHOO_DIVIDENDOS;;CSAN3.SA;;COM_EVENTOS;INALTERADO;1;5804723db0c801befbf9d4057ae9ab27ab562e533a1e8dd02832c2e71c0aa6be;839;data/raw/yahoo_dividendos/dividendos_CSAN3__20261006_5804723d.csv
20261005_213028;2026-10-06T05:29:51.911649+00:00;dividendos_CSED3.csv;YAHOO_DIVIDENDOS;;CSED3.SA;;COM_EVENTOS;INALTERADO;1;28a377f2806439df290bd97e3f3efca9b4c2d01ae94ec4cbd29a525f8edc6275;334;data/raw/yahoo_dividendos/dividendos_CSED3__20261006_28a377f2.csv
20261005_213028;2026-10-06T05:29:52.157413+00:00;dividendos_CSMG3.csv;YAHOO_DIVIDENDOS;;CSMG3.SA;;COM_EVENTOS;INALTERADO;1;048513d9545a2511e971c0b5195bf7b2719ac6caf3e6f1d163557e20d65757c0;2488;data/raw/yahoo_dividendos/dividendos_CSMG3__20261006_048513d9.csv
20261005_213028;2026-10-06T05:29:52.812274+00:00;dividendos_CSNA3.csv;YAHOO_DIVIDENDOS;;CSNA3.SA;;COM_EVENTOS;INALTERADO;1;3e1e48a70f69abdc5dbad88f6226d3ae3db1f3a30d96a5866d3d0d982923622a;1046;data/raw/yahoo_dividendos/dividendos_CSNA3__20261006_3e1e48a7.csv
20261005_213028;2026-10-06T05:29:54.536469+00:00;dividendos_CSUD3.csv;YAHOO_DIVIDENDOS;;CSUD3.SA;;COM_EVENTOS;INALTERADO;1;c2e386c2c4b2136bcbdf951bec89e7eadf7d8180a95bf33e26465f7b4e88bbd7;1769;data/raw/yahoo_dividendos/dividendos_CSUD3__20261006_c2e386c2.csv
20261005_213028;2026-10-06T05:29:55.261477+00:00;dividendos_CTAX3.csv;YAHOO_DIVIDENDOS;;CTAX3.SA;;COM_EVENTOS;INALTERADO;1;e9afed3ca38dc0c0c45936e03fb38fbc72035c45ae0334f58ad4493459cce9a0;413;data/raw/yahoo_dividendos/dividendos_CTAX3__20261006_e9afed3c.csv
20261005_213028;2026-10-06T05:29:56.712254+00:00;dividendos_CTKA3.csv;YAHOO_DIVIDENDOS;;CTKA3.SA;;COM_EVENTOS;INALTERADO;1;62e303f9f84bb8356a52f12913d3d3ad30143d3a88c5844194fd26f171205733;157;data/raw/yahoo_dividendos/dividendos_CTKA3__20261006_62e303f9.csv
20261005_213028;2026-10-06T05:29:57.419112+00:00;dividendos_CTKA4.csv;YAHOO_DIVIDENDOS;;CTKA4.SA;;COM_EVENTOS;INALTERADO;1;1a83371865fdb77e78d33aff33ebdc75db5b5bb0abce25bcb25c8e01efcb8841;119;data/raw/yahoo_dividendos/dividendos_CTKA4__20261006_1a833718.csv
20261005_213028;2026-10-06T05:29:58.396994+00:00;dividendos_CTNM4.csv;YAHOO_DIVIDENDOS;;CTNM4.SA;;COM_EVENTOS;INALTERADO;1;9364b050f49b383463d1c4a7126f5908be4c9e157bc7fc9ee212143530348b01;85;data/raw/yahoo_dividendos/dividendos_CTNM4__20261006_9364b050.csv
20261005_213028;2026-10-06T05:29:58.988135+00:00;dividendos_CTSA3.csv;YAHOO_DIVIDENDOS;;CTSA3.SA;;COM_EVENTOS;INALTERADO;1;a41472f20131aaa6baae68c430ad9d8f406e8ca4a5af2869edcc2c9e57bb419b;804;data/raw/yahoo_dividendos/dividendos_CTSA3__20261006_a41472f2.csv
20261005_213028;2026-10-06T05:29:59.428476+00:00;dividendos_CURY3.csv;YAHOO_DIVIDENDOS;;CURY3.SA;;COM_EVENTOS;INALTERADO;1;2ba8c2ef4f593098bd124af2c8b4e69be1ceeff1be422bc729acd3b51730e9a7;693;data/raw/yahoo_dividendos/dividendos_CURY3__20261006_2ba8c2ef.csv
20261005_213028;2026-10-06T05:29:59.577378+00:00;dividendos_CTSA4.csv;YAHOO_DIVIDENDOS;;CTSA4.SA;;COM_EVENTOS;INALTERADO;1;f8fd59b6bc6ab27c94516221d1e1e371b66461c8ff32a9040ec292f5eb9f500b;588;data/raw/yahoo_dividendos/dividendos_CTSA4__20261006_f8fd59b6.csv
20261005_213028;2026-10-06T05:29:59.993996+00:00;dividendos_CVCB3.csv;YAHOO_DIVIDENDOS;;CVCB3.SA;;COM_EVENTOS;INALTERADO;1;4e60b6596140864ad977348bb7cf1d7a0db2074e8bc9c66780a45bb718812485;516;data/raw/yahoo_dividendos/dividendos_CVCB3__20261006_4e60b659.csv
20261005_213028;2026-10-06T05:30:00.438831+00:00;dividendos_CYRE4.csv;YAHOO_DIVIDENDOS;;CYRE4.SA;;SEM_EVENTOS;INALTERADO;1;642daec761ccb28fc097aa7f22cfeb4552f7859c3b919e315b4f51bc1ae66de3;49;data/raw/yahoo_dividendos/dividendos_CYRE4__20261006_642daec7.csv
20261005_213028;2026-10-06T05:30:00.472854+00:00;dividendos_CYRE3.csv;YAHOO_DIVIDENDOS;;CYRE3.SA;;COM_EVENTOS;INALTERADO;1;782a19624f206adc7777d0bacbb5e5a76541d22c6ce004ce824bdb5b33943268;803;data/raw/yahoo_dividendos/dividendos_CYRE3__20261006_782a1962.csv
20261005_213028;2026-10-06T05:30:01.025541+00:00;dividendos_DESK3.csv;YAHOO_DIVIDENDOS;;DESK3.SA;;COM_EVENTOS;INALTERADO;1;007554c6ca778febfc1d414d24ab9845c07f3aa889ef0098311dad553fecb686;301;data/raw/yahoo_dividendos/dividendos_DESK3__20261006_007554c6.csv
20261005_213028;2026-10-06T05:30:01.286722+00:00;dividendos_DASA3.csv;YAHOO_DIVIDENDOS;;DASA3.SA;;COM_EVENTOS;INALTERADO;1;4f739ce5ff9ab4e7bac14d28bc22f5f47188b1f91d915ff3c837bc6f7ca292ce;625;data/raw/yahoo_dividendos/dividendos_DASA3__20261006_4f739ce5.csv
20261005_213028;2026-10-06T05:30:01.762225+00:00;dividendos_DEXP4.csv;YAHOO_DIVIDENDOS;;DEXP4.SA;;COM_EVENTOS;INALTERADO;1;b110e10733a370161edd5519c86716a182507f8b2fb102a1526b391c5cff05ef;337;data/raw/yahoo_dividendos/dividendos_DEXP4__20261006_b110e107.csv
20261005_213028;2026-10-06T05:30:01.778515+00:00;dividendos_DEXP3.csv;YAHOO_DIVIDENDOS;;DEXP3.SA;;COM_EVENTOS;INALTERADO;1;104e15113aee4658d5b2507aa2767d96c151d0aa752b43c8da599a1c732d7bd1;408;data/raw/yahoo_dividendos/dividendos_DEXP3__20261006_104e1511.csv
20261005_213028;2026-10-06T05:30:03.470211+00:00;dividendos_DMVF3.csv;YAHOO_DIVIDENDOS;;DMVF3.SA;;SEM_EVENTOS;INALTERADO;1;642daec761ccb28fc097aa7f22cfeb4552f7859c3b919e315b4f51bc1ae66de3;49;data/raw/yahoo_dividendos/dividendos_DMVF3__20261006_642daec7.csv
20261005_213028;2026-10-06T05:30:03.526510+00:00;dividendos_DIRR3.csv;YAHOO_DIVIDENDOS;;DIRR3.SA;;COM_EVENTOS;INALTERADO;1;38e13e83b5a577f40a7308d300c3dc2f4f24bb4e3971728a00dec397f5992f42;835;data/raw/yahoo_dividendos/dividendos_DIRR3__20261006_38e13e83.csv
20261005_213028;2026-10-06T05:30:05.191938+00:00;dividendos_DOHL3.csv;YAHOO_DIVIDENDOS;;DOHL3.SA;;COM_EVENTOS;INALTERADO;1;42571061ee4151cc2eff43872c2788299bc7f13dfc6230de9cf152c9d7c0f996;684;data/raw/yahoo_dividendos/dividendos_DOHL3__20261006_42571061.csv
20261005_213028;2026-10-06T05:30:05.338108+00:00;dividendos_DOHL4.csv;YAHOO_DIVIDENDOS;;DOHL4.SA;;COM_EVENTOS;INALTERADO;1;a41338522b606341eb5c86b00d3d9307d2da6a9ecb302abefd02acfa7ff53205;593;data/raw/yahoo_dividendos/dividendos_DOHL4__20261006_a4133852.csv
20261005_213028;2026-10-06T05:30:05.943576+00:00;dividendos_DOTZ3.csv;YAHOO_DIVIDENDOS;;DOTZ3.SA;;SEM_EVENTOS;INALTERADO;1;642daec761ccb28fc097aa7f22cfeb4552f7859c3b919e315b4f51bc1ae66de3;49;data/raw/yahoo_dividendos/dividendos_DOTZ3__20261006_642daec7.csv
20261005_213028;2026-10-06T05:30:06.596056+00:00;dividendos_DTCY3.csv;YAHOO_DIVIDENDOS;;DTCY3.SA;;SEM_EVENTOS;INALTERADO;1;642daec761ccb28fc097aa7f22cfeb4552f7859c3b919e315b4f51bc1ae66de3;49;data/raw/yahoo_dividendos/dividendos_DTCY3__20261006_642daec7.csv
20261005_213028;2026-10-06T05:30:09.386096+00:00;dividendos_DXCO3.csv;YAHOO_DIVIDENDOS;;DXCO3.SA;;COM_EVENTOS;INALTERADO;1;ac38d6b79ef42bdc1d90f8f33e81482407663842f9207f64443131c7f419fd6e;1124;data/raw/yahoo_dividendos/dividendos_DXCO3__20261006_ac38d6b7.csv
20261005_213028;2026-10-06T05:30:10.106575+00:00;dividendos_EALT3.csv;YAHOO_DIVIDENDOS;;EALT3.SA;;COM_EVENTOS;INALTERADO;1;2076c8cce7689da3ee1f63f64b9a21faaa13076e623cda6ab4df15c8047aff7c;729;data/raw/yahoo_dividendos/dividendos_EALT3__20261006_2076c8cc.csv
20261005_213028;2026-10-06T05:30:11.046502+00:00;dividendos_EALT4.csv;YAHOO_DIVIDENDOS;;EALT4.SA;;COM_EVENTOS;INALTERADO;1;0375ab9d6d66424fd701dc26e61465580706b1813f9d5de0d803bd67adb87843;767;data/raw/yahoo_dividendos/dividendos_EALT4__20261006_0375ab9d.csv
20261005_213028;2026-10-06T05:30:13.025093+00:00;dividendos_ECOM3.csv;YAHOO_DIVIDENDOS;;ECOM3.SA;;COM_EVENTOS;INALTERADO;1;456360f2d108c134f62f7be5f0e25bc5fb4600a66ca2bcff18beec0d4b36962f;85;data/raw/yahoo_dividendos/dividendos_ECOM3__20261006_456360f2.csv
20261005_213028;2026-10-06T05:30:13.709508+00:00;dividendos_ECOR3.csv;YAHOO_DIVIDENDOS;;ECOR3.SA;;COM_EVENTOS;INALTERADO;1;42e3214f5b9b552bad54c611cadebd1f8a68ff971e7090f1831c646a0f3d5256;801;data/raw/yahoo_dividendos/dividendos_ECOR3__20261006_42e3214f.csv
20261005_213028;2026-10-06T05:30:14.942689+00:00;dividendos_EGGY3.csv;YAHOO_DIVIDENDOS;;EGGY3.SA;;SEM_EVENTOS;INALTERADO;1;642daec761ccb28fc097aa7f22cfeb4552f7859c3b919e315b4f51bc1ae66de3;49;data/raw/yahoo_dividendos/dividendos_EGGY3__20261006_642daec7.csv
20261005_213028;2026-10-06T05:30:15.844536+00:00;dividendos_EGIE3.csv;YAHOO_DIVIDENDOS;;EGIE3.SA;;COM_EVENTOS;INALTERADO;1;20585436bb9492eb8ebf985785a48ae7565f5dc5a444ae6036a1dc2c6fe63201;2024;data/raw/yahoo_dividendos/dividendos_EGIE3__20261006_20585436.csv
20261005_213028;2026-10-06T05:30:15.845011+00:00;dividendos_EKTR3.csv;YAHOO_DIVIDENDOS;;EKTR3.SA;;COM_EVENTOS;INALTERADO;1;a1e526656b3b6e49d6f77b6402289f3360baec6314830d1e3a6f98484046191a;2165;data/raw/yahoo_dividendos/dividendos_EKTR3__20261006_a1e52665.csv
20261005_213028;2026-10-06T05:30:16.607759+00:00;dividendos_EKTR4.csv;YAHOO_DIVIDENDOS;;EKTR4.SA;;COM_EVENTOS;INALTERADO;1;afd1173470b4011d91b742da71e095906806b5e993b63bacfc604b9ea1468e69;2024;data/raw/yahoo_dividendos/dividendos_EKTR4__20261006_afd11734.csv
20261005_213028;2026-10-06T05:30:21.499170+00:00;dividendos_EMAE3.csv;YAHOO_DIVIDENDOS;;EMAE3.SA;;COM_EVENTOS;INALTERADO;1;3498f25b4fab892277a76112e272eff10495ea28fe2eff98f1326c28f47e04c8;583;data/raw/yahoo_dividendos/dividendos_EMAE3__20261006_3498f25b.csv
20261005_213028;2026-10-06T05:30:22.211493+00:00;dividendos_EMAE4.csv;YAHOO_DIVIDENDOS;;EMAE4.SA;;COM_EVENTOS;INALTERADO;1;1a4b4082c95cc974166b350ae68ac7f023d9e882152ca6267d2929a5085567cc;831;data/raw/yahoo_dividendos/dividendos_EMAE4__20261006_1a4b4082.csv
20261005_213028;2026-10-06T05:30:22.884778+00:00;dividendos_EMBJ3.csv;YAHOO_DIVIDENDOS;;EMBJ3.SA;;COM_EVENTOS;INALTERADO;1;6e591f3c626038f67f9f2e828bbb101cf551c8d1bcfdf0737fcc143ad5966592;1652;data/raw/yahoo_dividendos/dividendos_EMBJ3__20261006_6e591f3c.csv
20261005_213028;2026-10-06T05:30:24.893675+00:00;dividendos_ENEV3.csv;YAHOO_DIVIDENDOS;;ENEV3.SA;;COM_EVENTOS;INALTERADO;1;d447af79c1b1e030c9f74f5354d935346de1a772a49eaa516b2009225db583ee;85;data/raw/yahoo_dividendos/dividendos_ENEV3__20261006_d447af79.csv
20261005_213028;2026-10-06T05:30:25.572451+00:00;dividendos_ENGI11.csv;YAHOO_DIVIDENDOS;;ENGI11.SA;;COM_EVENTOS;INALTERADO;1;ae3dcc8b96af9c09ac25ba96f2f02359105cc33f30f3c61ce17fd275e86e3120;1395;data/raw/yahoo_dividendos/dividendos_ENGI11__20261006_ae3dcc8b.csv
20261005_213028;2026-10-06T05:30:25.574074+00:00;dividendos_ENGI3.csv;YAHOO_DIVIDENDOS;;ENGI3.SA;;COM_EVENTOS;INALTERADO;1;d559642bae426239dd31a30292ec5608a681eabb4eed8585a40e66c221eb483b;1478;data/raw/yahoo_dividendos/dividendos_ENGI3__20261006_d559642b.csv
20261005_213028;2026-10-06T05:30:26.058063+00:00;dividendos_ENJU3.csv;YAHOO_DIVIDENDOS;;ENJU3.SA;;COM_EVENTOS;INALTERADO;1;1f7a768e07694b77ab600c02758fd886960482556596ac4ced64ce95087d2e87;85;data/raw/yahoo_dividendos/dividendos_ENJU3__20261006_1f7a768e.csv
20261005_213028;2026-10-06T05:30:26.313641+00:00;dividendos_ENGI4.csv;YAHOO_DIVIDENDOS;;ENGI4.SA;;COM_EVENTOS;INALTERADO;1;e4c5dc06c96c1f4b529381882cce49a9fbe94b12f7d216852403764f7fd0d18c;1395;data/raw/yahoo_dividendos/dividendos_ENGI4__20261006_e4c5dc06.csv
20261005_213028;2026-10-06T05:30:26.821181+00:00;dividendos_ENMT3.csv;YAHOO_DIVIDENDOS;;ENMT3.SA;;COM_EVENTOS;INALTERADO;1;9dae9f4c4706e3ea63952d9df99e63e6551b32a79bc11b67c7d4f9dd9aaa4c36;1076;data/raw/yahoo_dividendos/dividendos_ENMT3__20261006_9dae9f4c.csv
20261005_213028;2026-10-06T05:30:26.928705+00:00;dividendos_ENMT4.csv;YAHOO_DIVIDENDOS;;ENMT4.SA;;COM_EVENTOS;INALTERADO;1;36a7ebcd820dc37bcaa9a624a23a0f7f05a5a629597425733503c3155956b44e;1186;data/raw/yahoo_dividendos/dividendos_ENMT4__20261006_36a7ebcd.csv
20261005_213028;2026-10-06T05:30:27.326343+00:00;dividendos_EPAR3.csv;YAHOO_DIVIDENDOS;;EPAR3.SA;;COM_EVENTOS;INALTERADO;1;ef94c10c46ec48333c4dec2834531555a333b1f04561e6fda66b45418ba70a69;369;data/raw/yahoo_dividendos/dividendos_EPAR3__20261006_ef94c10c.csv
20261005_213028;2026-10-06T05:30:27.692188+00:00;dividendos_EQPA3.csv;YAHOO_DIVIDENDOS;;EQPA3.SA;;COM_EVENTOS;INALTERADO;1;eabd2932e21393f50e3f70190097044e13f5ec0342f9c7dafcccadaf3b2dc38b;821;data/raw/yahoo_dividendos/dividendos_EQPA3__20261006_eabd2932.csv
20261005_213028;2026-10-06T05:30:27.804535+00:00;dividendos_EQPA5.csv;YAHOO_DIVIDENDOS;;EQPA5.SA;;COM_EVENTOS;INALTERADO;1;cac184fd486fd4ea5c496053acc47f78fab6ae1520ef2c2ab846899703679052;785;data/raw/yahoo_dividendos/dividendos_EQPA5__20261006_cac184fd.csv
20261005_213028;2026-10-06T05:30:28.203669+00:00;dividendos_EQPA6.csv;YAHOO_DIVIDENDOS;;EQPA6.SA;;COM_EVENTOS;INALTERADO;1;aa9ff4fc713d03b69e1907524bc687d174bf279045da599ac2b43da1854c2558;785;data/raw/yahoo_dividendos/dividendos_EQPA6__20261006_aa9ff4fc.csv
20261005_213028;2026-10-06T05:30:28.382032+00:00;dividendos_EQPA7.csv;YAHOO_DIVIDENDOS;;EQPA7.SA;;COM_EVENTOS;INALTERADO;1;4f5a2aabe41eda4825fcdd03ac67c925be2820f189f1a4050128d480d5742424;785;data/raw/yahoo_dividendos/dividendos_EQPA7__20261006_4f5a2aab.csv
20261005_213028;2026-10-06T05:30:28.798553+00:00;dividendos_ESPA3.csv;YAHOO_DIVIDENDOS;;ESPA3.SA;;COM_EVENTOS;INALTERADO;1;b66d5d6e211d48908b0283746db6fc9eb7422d81b120893627c66c6c484d066c;229;data/raw/yahoo_dividendos/dividendos_ESPA3__20261006_b66d5d6e.csv
20261005_213028;2026-10-06T05:30:29.064334+00:00;dividendos_EQTL3.csv;YAHOO_DIVIDENDOS;;EQTL3.SA;;COM_EVENTOS;INALTERADO;1;31b9ae76ae07fa7886f893608becfc4233980c2a721e959b094dfe0321d968aa;1051;data/raw/yahoo_dividendos/dividendos_EQTL3__20261006_31b9ae76.csv
20261005_213028;2026-10-06T05:30:29.964983+00:00;dividendos_ESTR3.csv;YAHOO_DIVIDENDOS;;ESTR3.SA;;SEM_EVENTOS;INALTERADO;1;642daec761ccb28fc097aa7f22cfeb4552f7859c3b919e315b4f51bc1ae66de3;49;data/raw/yahoo_dividendos/dividendos_ESTR3__20261006_642daec7.csv
20261005_213028;2026-10-06T05:30:30.701624+00:00;dividendos_ESTR4.csv;YAHOO_DIVIDENDOS;;ESTR4.SA;;SEM_EVENTOS;INALTERADO;1;642daec761ccb28fc097aa7f22cfeb4552f7859c3b919e315b4f51bc1ae66de3;49;data/raw/yahoo_dividendos/dividendos_ESTR4__20261006_642daec7.csv
20261005_213028;2026-10-06T05:30:30.703516+00:00;dividendos_ETER3.csv;YAHOO_DIVIDENDOS;;ETER3.SA;;COM_EVENTOS;INALTERADO;1;fef65d54898727922c59282a568fddf32b60c356b178b3c17079f96db57b9737;1847;data/raw/yahoo_dividendos/dividendos_ETER3__20261006_fef65d54.csv
20261005_213028;2026-10-06T05:30:31.258550+00:00;dividendos_EUCA3.csv;YAHOO_DIVIDENDOS;;EUCA3.SA;;COM_EVENTOS;INALTERADO;1;dbadb5fde02f379c3794692617b2a9fa19cc3cd8fe5535c88a4277ca44cbd7fd;656;data/raw/yahoo_dividendos/dividendos_EUCA3__20261006_dbadb5fd.csv
20261005_213028;2026-10-06T05:30:31.605883+00:00;dividendos_EUCA4.csv;YAHOO_DIVIDENDOS;;EUCA4.SA;;COM_EVENTOS;INALTERADO;1;453d1c0e86917ddbfc8f84e53cff73f28c5ad4cd29e08bd487f7cd7b5b4fa8ef;659;data/raw/yahoo_dividendos/dividendos_EUCA4__20261006_453d1c0e.csv
20261005_213028;2026-10-06T05:30:32.098950+00:00;dividendos_EVEN3.csv;YAHOO_DIVIDENDOS;;EVEN3.SA;;COM_EVENTOS;INALTERADO;1;2b82427cbd509631afab5a73ea2e68bc1b14568d7214a10aaeb7be2dbf88478a;761;data/raw/yahoo_dividendos/dividendos_EVEN3__20261006_2b82427c.csv
20261005_213028;2026-10-06T05:30:32.267893+00:00;dividendos_EZTC3.csv;YAHOO_DIVIDENDOS;;EZTC3.SA;;COM_EVENTOS;INALTERADO;1;79ad72d4cefd0e803ac0410b258cabf7062dd37b83ef59f3c234463cafe50de1;1235;data/raw/yahoo_dividendos/dividendos_EZTC3__20261006_79ad72d4.csv
20261005_213028;2026-10-06T05:30:33.968772+00:00;dividendos_FESA3.csv;YAHOO_DIVIDENDOS;;FESA3.SA;;COM_EVENTOS;INALTERADO;1;f23e2b668d8f01ea95cb265b4440327864dc39b5df6ab6690b0d590b7c35d91d;2022;data/raw/yahoo_dividendos/dividendos_FESA3__20261006_f23e2b66.csv
20261005_213028;2026-10-06T05:30:34.095690+00:00;dividendos_FESA4.csv;YAHOO_DIVIDENDOS;;FESA4.SA;;COM_EVENTOS;INALTERADO;1;3eeaf04eb0a7da8918761cb5ceb8a4a7409bf44025d8d7c3b4aac7b0d7ccfece;1953;data/raw/yahoo_dividendos/dividendos_FESA4__20261006_3eeaf04e.csv
20261005_213028;2026-10-06T05:30:35.771912+00:00;dividendos_FHER3.csv;YAHOO_DIVIDENDOS;;FHER3.SA;;COM_EVENTOS;INALTERADO;1;f4a2d80a2f960f4f7f7b5927ad6310af36f8bd98eb007e40a7b85c8e5b76f1cb;113;data/raw/yahoo_dividendos/dividendos_FHER3__20261006_f4a2d80a.csv
20261005_213028;2026-10-06T05:30:36.307061+00:00;dividendos_FICT3.csv;YAHOO_DIVIDENDOS;;FICT3.SA;;SEM_EVENTOS;INALTERADO;1;642daec761ccb28fc097aa7f22cfeb4552f7859c3b919e315b4f51bc1ae66de3;49;data/raw/yahoo_dividendos/dividendos_FICT3__20261006_642daec7.csv
20261005_213028;2026-10-06T05:30:36.961370+00:00;dividendos_FIGE3.csv;YAHOO_DIVIDENDOS;;FIGE3.SA;;COM_EVENTOS;INALTERADO;1;4d28e3073fe5295dd1084e530297c4b74305033d68dc53296c0c73d6dafce359;754;data/raw/yahoo_dividendos/dividendos_FIGE3__20261006_4d28e307.csv
20261005_213028;2026-10-06T05:30:36.970431+00:00;dividendos_FIEI3.csv;YAHOO_DIVIDENDOS;;FIEI3.SA;;COM_EVENTOS;INALTERADO;1;3fcd288bb13e3908f1f57c4120c07e131b69bf72cde1cf30f88f2059804d99c4;246;data/raw/yahoo_dividendos/dividendos_FIEI3__20261006_3fcd288b.csv
20261005_213028;2026-10-06T05:30:37.595417+00:00;dividendos_FIQE3.csv;YAHOO_DIVIDENDOS;;FIQE3.SA;;COM_EVENTOS;INALTERADO;1;2f0eca758e0f6e861ceb2d8fa64cc9c22be30e4dc4f20af8f442fd7d105554aa;479;data/raw/yahoo_dividendos/dividendos_FIQE3__20261006_2f0eca75.csv
20261005_213028;2026-10-06T05:30:39.685791+00:00;dividendos_FLRY3.csv;YAHOO_DIVIDENDOS;;FLRY3.SA;;COM_EVENTOS;INALTERADO;1;82fb83d6925a8033c760ce88f8170ac128acfaf5d54cd4a26a687843a5666135;1522;data/raw/yahoo_dividendos/dividendos_FLRY3__20261006_82fb83d6.csv
20261005_213028;2026-10-06T05:30:40.316357+00:00;dividendos_FRAS3.csv;YAHOO_DIVIDENDOS;;FRAS3.SA;;COM_EVENTOS;INALTERADO;1;5d34a2fa310819b5579acd4c504003d74f4834b0dc6191e4945b25c1c7326bef;1809;data/raw/yahoo_dividendos/dividendos_FRAS3__20261006_5d34a2fa.csv
20261005_213028;2026-10-06T05:30:41.014628+00:00;dividendos_FRIO3.csv;YAHOO_DIVIDENDOS;;FRIO3.SA;;COM_EVENTOS;INALTERADO;1;794e12bdc370a7fd6fbd7530a5456fbea0dc707149dd76cf0d41efba6f76e21d;194;data/raw/yahoo_dividendos/dividendos_FRIO3__20261006_794e12bd.csv
20261005_213028;2026-10-06T05:30:42.597752+00:00;dividendos_GEPA3.csv;YAHOO_DIVIDENDOS;;GEPA3.SA;;COM_EVENTOS;INALTERADO;1;4216a72216b5bae29ad85081d2c1e932f257bdd159b61a0abba6ed123febe043;1529;data/raw/yahoo_dividendos/dividendos_GEPA3__20261006_4216a722.csv
20261005_213028;2026-10-06T05:30:43.331673+00:00;dividendos_GEPA4.csv;YAHOO_DIVIDENDOS;;GEPA4.SA;;COM_EVENTOS;INALTERADO;1;489337ef6a72931e49f9e89b34d3b21d108599a465fa152407bf8d0eaa1e2f9d;1564;data/raw/yahoo_dividendos/dividendos_GEPA4__20261006_489337ef.csv
20261005_213028;2026-10-06T05:30:45.181503+00:00;dividendos_GFSA3.csv;YAHOO_DIVIDENDOS;;GFSA3.SA;;COM_EVENTOS;INALTERADO;1;7681852d98d4c8763b2e26e5e67856b558fb9e3e14ff979b0b5b1b5ab60be8b2;305;data/raw/yahoo_dividendos/dividendos_GFSA3__20261006_7681852d.csv
20261005_213028;2026-10-06T05:30:45.458622+00:00;dividendos_GGBR3.csv;YAHOO_DIVIDENDOS;;GGBR3.SA;;COM_EVENTOS;INALTERADO;1;d4768f394746b5d5f0cb35f69b2cc2900a7a19a8ac69ca38c7ae8372ab109e67;2372;data/raw/yahoo_dividendos/dividendos_GGBR3__20261006_d4768f39.csv
20261005_213028;2026-10-06T05:30:45.823861+00:00;dividendos_GGBR4.csv;YAHOO_DIVIDENDOS;;GGBR4.SA;;COM_EVENTOS;INALTERADO;1;b4959e22eeb431c7fded6bb64526b90392d721e133ddb100143007f2583f3d84;3380;data/raw/yahoo_dividendos/dividendos_GGBR4__20261006_b4959e22.csv
20261005_213028;2026-10-06T05:30:45.885610+00:00;dividendos_GGPS3.csv;YAHOO_DIVIDENDOS;;GGPS3.SA;;COM_EVENTOS;INALTERADO;1;a9f1c3f847b89e0d7a375413add6f661824182ddf8660d66a3f9c32088a0694c;228;data/raw/yahoo_dividendos/dividendos_GGPS3__20261006_a9f1c3f8.csv
20261005_213028;2026-10-06T05:30:46.481926+00:00;dividendos_GMAT3.csv;YAHOO_DIVIDENDOS;;GMAT3.SA;;COM_EVENTOS;INALTERADO;1;3d76760bbf11466687cd11d36d307a48429672cba20ab8896ab318fc664dab54;337;data/raw/yahoo_dividendos/dividendos_GMAT3__20261006_3d76760b.csv
20261005_213028;2026-10-06T05:30:47.850799+00:00;dividendos_GOAU3.csv;YAHOO_DIVIDENDOS;;GOAU3.SA;;COM_EVENTOS;INALTERADO;1;40fb07eda8e975a86019551f022780157cea8d3a1c6f875271b4a99f66eca5c9;2284;data/raw/yahoo_dividendos/dividendos_GOAU3__20261006_40fb07ed.csv
20261005_213028;2026-10-06T05:30:48.236072+00:00;dividendos_GOAU4.csv;YAHOO_DIVIDENDOS;;GOAU4.SA;;COM_EVENTOS;INALTERADO;1;5aada177b2acb57338988e6275a191c6b1ab3436d7ff536a725363aebfba6d1f;3291;data/raw/yahoo_dividendos/dividendos_GOAU4__20261006_5aada177.csv
20261005_213028;2026-10-06T05:30:48.695731+00:00;dividendos_GPAR3.csv;YAHOO_DIVIDENDOS;;GPAR3.SA;;COM_EVENTOS;INALTERADO;1;07499817aa547fb65ab4943ebc370b1b992b73c2a91b7e6bbb4bf313af079a4b;230;data/raw/yahoo_dividendos/dividendos_GPAR3__20261006_07499817.csv
20261005_213028;2026-10-06T05:30:50.692023+00:00;dividendos_GRND3.csv;YAHOO_DIVIDENDOS;;GRND3.SA;;COM_EVENTOS;INALTERADO;1;8dc637b5add019deabf592c2fc9524d672f60522a27d6d4c60f253e97ed847f7;2643;data/raw/yahoo_dividendos/dividendos_GRND3__20261006_8dc637b5.csv
20261005_213028;2026-10-06T05:30:50.782844+00:00;dividendos_GSHP3.csv;YAHOO_DIVIDENDOS;;GSHP3.SA;;COM_EVENTOS;INALTERADO;1;ea3ca38734e1d6a9b8bc8c44a76de94edc1c32103f121b544e6789fee0e4f598;86;data/raw/yahoo_dividendos/dividendos_GSHP3__20261006_ea3ca387.csv
20261005_213028;2026-10-06T05:30:52.377640+00:00;dividendos_HAGA3.csv;YAHOO_DIVIDENDOS;;HAGA3.SA;;SEM_EVENTOS;INALTERADO;1;642daec761ccb28fc097aa7f22cfeb4552f7859c3b919e315b4f51bc1ae66de3;49;data/raw/yahoo_dividendos/dividendos_HAGA3__20261006_642daec7.csv
20261005_213028;2026-10-06T05:30:52.506628+00:00;dividendos_HAGA4.csv;YAHOO_DIVIDENDOS;;HAGA4.SA;;SEM_EVENTOS;INALTERADO;1;642daec761ccb28fc097aa7f22cfeb4552f7859c3b919e315b4f51bc1ae66de3;49;data/raw/yahoo_dividendos/dividendos_HAGA4__20261006_642daec7.csv
20261005_213028;2026-10-06T05:30:53.059091+00:00;dividendos_HAPV3.csv;YAHOO_DIVIDENDOS;;HAPV3.SA;;COM_EVENTOS;INALTERADO;1;46dca6d98a9d5bf7c38a2ad54ba755448b966e8610265123d0291baf1311cec2;442;data/raw/yahoo_dividendos/dividendos_HAPV3__20261006_46dca6d9.csv
20261005_213028;2026-10-06T05:30:53.250926+00:00;dividendos_HBOR3.csv;YAHOO_DIVIDENDOS;;HBOR3.SA;;COM_EVENTOS;INALTERADO;1;fbd9b67a37fb762f64196984566f80273c8925c4c05c888c2c7bac8d33b6e001;585;data/raw/yahoo_dividendos/dividendos_HBOR3__20261006_fbd9b67a.csv
20261005_213028;2026-10-06T05:30:53.604498+00:00;dividendos_HBRE3.csv;YAHOO_DIVIDENDOS;;HBRE3.SA;;COM_EVENTOS;INALTERADO;1;eccaa8c762a232934f47fad7ac644e7ea0ee24de4bcc0e7ae10f9fe726c1bc06;85;data/raw/yahoo_dividendos/dividendos_HBRE3__20261006_eccaa8c7.csv
20261005_213028;2026-10-06T05:30:53.787851+00:00;dividendos_HBSA3.csv;YAHOO_DIVIDENDOS;;HBSA3.SA;;SEM_EVENTOS;INALTERADO;1;642daec761ccb28fc097aa7f22cfeb4552f7859c3b919e315b4f51bc1ae66de3;49;data/raw/yahoo_dividendos/dividendos_HBSA3__20261006_642daec7.csv
20261005_213028;2026-10-06T05:30:54.106964+00:00;dividendos_HBTS5.csv;YAHOO_DIVIDENDOS;;HBTS5.SA;;COM_EVENTOS;INALTERADO;1;d310c8104648734ff63403bc153ae70e04f6c33695ae3f417c06818428be1c07;582;data/raw/yahoo_dividendos/dividendos_HBTS5__20261006_d310c810.csv
20261005_213028;2026-10-06T05:30:54.169033+00:00;dividendos_HETA3.csv;YAHOO_DIVIDENDOS;;HETA3.SA;;SEM_EVENTOS;INALTERADO;1;642daec761ccb28fc097aa7f22cfeb4552f7859c3b919e315b4f51bc1ae66de3;49;data/raw/yahoo_dividendos/dividendos_HETA3__20261006_642daec7.csv
20261005_213028;2026-10-06T05:30:55.030704+00:00;dividendos_HETA4.csv;YAHOO_DIVIDENDOS;;HETA4.SA;;SEM_EVENTOS;INALTERADO;1;642daec761ccb28fc097aa7f22cfeb4552f7859c3b919e315b4f51bc1ae66de3;49;data/raw/yahoo_dividendos/dividendos_HETA4__20261006_642daec7.csv
20261005_213028;2026-10-06T05:30:55.942322+00:00;dividendos_HOOT4.csv;YAHOO_DIVIDENDOS;;HOOT4.SA;;SEM_EVENTOS;INALTERADO;1;642daec761ccb28fc097aa7f22cfeb4552f7859c3b919e315b4f51bc1ae66de3;49;data/raw/yahoo_dividendos/dividendos_HOOT4__20261006_642daec7.csv
20261005_213028;2026-10-06T05:30:56.646544+00:00;dividendos_HYPE3.csv;YAHOO_DIVIDENDOS;;HYPE3.SA;;COM_EVENTOS;INALTERADO;1;b21091557ec184c58086726bbb56726976edf7f6481f7c74dc4bfafc41b998f8;1768;data/raw/yahoo_dividendos/dividendos_HYPE3__20261006_b2109155.csv
20261005_213028;2026-10-06T05:30:58.467393+00:00;dividendos_IFCM3.csv;YAHOO_DIVIDENDOS;;IFCM3.SA;;SEM_EVENTOS;INALTERADO;1;642daec761ccb28fc097aa7f22cfeb4552f7859c3b919e315b4f51bc1ae66de3;49;data/raw/yahoo_dividendos/dividendos_IFCM3__20261006_642daec7.csv
20261005_213028;2026-10-06T05:31:00.216866+00:00;dividendos_IGTI11.csv;YAHOO_DIVIDENDOS;;IGTI11.SA;;COM_EVENTOS;INALTERADO;1;8430de9dbaa9beb0de65c05ffb9d7e1ba37e372a4225b8edc55b3fda2d7fb266;425;data/raw/yahoo_dividendos/dividendos_IGTI11__20261006_8430de9d.csv
20261005_213028;2026-10-06T05:31:00.769732+00:00;dividendos_IGTI4.csv;YAHOO_DIVIDENDOS;;IGTI4.SA;;COM_EVENTOS;INALTERADO;1;174dd428bcc35ee9e523dc6c847d42a0da4ba047f8d8ee27e1255f799cf61da6;337;data/raw/yahoo_dividendos/dividendos_IGTI4__20261006_174dd428.csv
20261005_213028;2026-10-06T05:31:00.957500+00:00;dividendos_IGTI3.csv;YAHOO_DIVIDENDOS;;IGTI3.SA;;COM_EVENTOS;INALTERADO;1;0d0cb46979264ceea6bdc1a5d5e8fb25e6c64366ceee4051e31a84ba5b814fb3;799;data/raw/yahoo_dividendos/dividendos_IGTI3__20261006_0d0cb469.csv
20261005_213028;2026-10-06T05:31:06.511609+00:00;dividendos_INEP3.csv;YAHOO_DIVIDENDOS;;INEP3.SA;;COM_EVENTOS;INALTERADO;1;0cd3bdbec7371e1c763c3a8ee53da92bd4c303c227849b0dfef3c26283fe5274;85;data/raw/yahoo_dividendos/dividendos_INEP3__20261006_0cd3bdbe.csv
20261005_213028;2026-10-06T05:31:06.635904+00:00;dividendos_INEP4.csv;YAHOO_DIVIDENDOS;;INEP4.SA;;COM_EVENTOS;INALTERADO;1;7c9375412d6d99f5ae4c44501102ebd98d759d2c98ffc818e3d92437f5ca8c91;85;data/raw/yahoo_dividendos/dividendos_INEP4__20261006_7c937541.csv
20261005_213028;2026-10-06T05:31:07.150327+00:00;dividendos_INTB3.csv;YAHOO_DIVIDENDOS;;INTB3.SA;;COM_EVENTOS;INALTERADO;1;36386387f7c8ab1f3d3bcb500480b8ec127114e8b0107bb696aeda8741a5f693;660;data/raw/yahoo_dividendos/dividendos_INTB3__20261006_36386387.csv
20261005_213028;2026-10-06T05:31:08.044789+00:00;dividendos_ISAE3.csv;YAHOO_DIVIDENDOS;;ISAE3.SA;;COM_EVENTOS;INALTERADO;1;5d718b3c44bab2ac26e84caa4164aedc115c2dee9e9e6fe75968c1d472b8ff87;2458;data/raw/yahoo_dividendos/dividendos_ISAE3__20261006_5d718b3c.csv
20261005_213028;2026-10-06T05:31:08.420031+00:00;dividendos_ISAE4.csv;YAHOO_DIVIDENDOS;;ISAE4.SA;;COM_EVENTOS;INALTERADO;1;d751631dc2ecc43ba446543a6063f788f3c3386861ec504271618789f67f8961;2386;data/raw/yahoo_dividendos/dividendos_ISAE4__20261006_d751631d.csv
20261005_213028;2026-10-06T05:31:09.509558+00:00;dividendos_ITSA3.csv;YAHOO_DIVIDENDOS;;ITSA3.SA;;COM_EVENTOS;INALTERADO;1;e066a5cdcf4695614579e18a9e7f4281d8d2f47577a22c8a1917c0c6327e01df;5204;data/raw/yahoo_dividendos/dividendos_ITSA3__20261006_e066a5cd.csv
20261005_213028;2026-10-06T05:31:10.097816+00:00;dividendos_JALL3.csv;YAHOO_DIVIDENDOS;;JALL3.SA;;COM_EVENTOS;INALTERADO;1;ff6f0b07ded9ca263503dd37d2f7f543c3fe7ead4014ee7f361892834ae3c18e;265;data/raw/yahoo_dividendos/dividendos_JALL3__20261006_ff6f0b07.csv
20261005_213028;2026-10-06T05:31:10.102074+00:00;dividendos_ITSA4.csv;YAHOO_DIVIDENDOS;;ITSA4.SA;;COM_EVENTOS;INALTERADO;1;61e069e7428fd40bb22f4e71b7d0cc94ebd0ccd4b7d0431e57bee96a948e292e;5132;data/raw/yahoo_dividendos/dividendos_ITSA4__20261006_61e069e7.csv
20261005_213028;2026-10-06T05:31:10.844685+00:00;dividendos_JFEN3.csv;YAHOO_DIVIDENDOS;;JFEN3.SA;;COM_EVENTOS;INALTERADO;1;a04f93d58f0da16867700be5049f1af445136e9caf78c6dc1dac950a18a7c27f;196;data/raw/yahoo_dividendos/dividendos_JFEN3__20261006_a04f93d5.csv
20261005_213028;2026-10-06T05:31:11.663842+00:00;dividendos_JHSF3.csv;YAHOO_DIVIDENDOS;;JHSF3.SA;;COM_EVENTOS;INALTERADO;1;265cdf6246b71615b97762e69f35749989ceb3263ce688867b1a64e8e96f51fb;2281;data/raw/yahoo_dividendos/dividendos_JHSF3__20261006_265cdf62.csv
20261005_213028;2026-10-06T05:31:12.087187+00:00;dividendos_JOPA3.csv;YAHOO_DIVIDENDOS;;JOPA3.SA;;COM_EVENTOS;INALTERADO;1;c90ba93313c8f2844fb37cfe6e919e8aca45a1f9f4b879b03ef01cf0bfbc63c7;757;data/raw/yahoo_dividendos/dividendos_JOPA3__20261006_c90ba933.csv
20261005_213028;2026-10-06T05:31:12.247860+00:00;dividendos_JOPA4.csv;YAHOO_DIVIDENDOS;;JOPA4.SA;;COM_EVENTOS;INALTERADO;1;ef5d8706042f31f31a93f86a453f036203e3ffa5d344451db2e79330424c1ddc;864;data/raw/yahoo_dividendos/dividendos_JOPA4__20261006_ef5d8706.csv
20261005_213028;2026-10-06T05:31:13.927267+00:00;dividendos_JSLG3.csv;YAHOO_DIVIDENDOS;;JSLG3.SA;;COM_EVENTOS;INALTERADO;1;1acbee895ad1265652964ef5b12c8bc0b1eb7f21db882924f43a30d1ae4587bd;334;data/raw/yahoo_dividendos/dividendos_JSLG3__20261006_1acbee89.csv
20261005_213028;2026-10-06T05:31:14.033071+00:00;dividendos_KEPL3.csv;YAHOO_DIVIDENDOS;;KEPL3.SA;;COM_EVENTOS;INALTERADO;1;12497b975abd24a6329bb2fc52ce77c0be37c5f47e03f3cea5475aad02a045ff;1014;data/raw/yahoo_dividendos/dividendos_KEPL3__20261006_12497b97.csv
20261005_213028;2026-10-06T05:31:14.678117+00:00;dividendos_KLBN3.csv;YAHOO_DIVIDENDOS;;KLBN3.SA;;COM_EVENTOS;INALTERADO;1;698f4531436a99e661e5c7a24d572b42e483006857dbc905d8271c1b0ebc1837;2055;data/raw/yahoo_dividendos/dividendos_KLBN3__20261006_698f4531.csv
20261005_213028;2026-10-06T05:31:14.752277+00:00;dividendos_KLBN11.csv;YAHOO_DIVIDENDOS;;KLBN11.SA;;COM_EVENTOS;INALTERADO;1;87f742a12ee040251c76be89b2184acd0a69bcd7139e513807aea529fb485003;1830;data/raw/yahoo_dividendos/dividendos_KLBN11__20261006_87f742a1.csv
20261005_213028;2026-10-06T05:31:15.401134+00:00;dividendos_KLBN4.csv;YAHOO_DIVIDENDOS;;KLBN4.SA;;COM_EVENTOS;INALTERADO;1;2d8d8c0d08a9b29573ddb49a30714f2926b7726de9924c749758c3391e126140;2128;data/raw/yahoo_dividendos/dividendos_KLBN4__20261006_2d8d8c0d.csv
20261005_213028;2026-10-06T05:31:18.704386+00:00;dividendos_LAND3.csv;YAHOO_DIVIDENDOS;;LAND3.SA;;COM_EVENTOS;INALTERADO;1;e04ec5c45edf488d228660c945fd379614a69fbd66968403c7c3b60652c588d3;193;data/raw/yahoo_dividendos/dividendos_LAND3__20261006_e04ec5c4.csv
20261005_213028;2026-10-06T05:31:19.271661+00:00;dividendos_LAVV3.csv;YAHOO_DIVIDENDOS;;LAVV3.SA;;COM_EVENTOS;INALTERADO;1;7137fb6427b4b5fd7bedd8ee5f066cb639c4b8ca1ce171a7a8024a8f73aff890;766;data/raw/yahoo_dividendos/dividendos_LAVV3__20261006_7137fb64.csv
20261005_213028;2026-10-06T05:31:20.045976+00:00;dividendos_LEVE3.csv;YAHOO_DIVIDENDOS;;LEVE3.SA;;COM_EVENTOS;INALTERADO;1;20a1b0484c2fa336d96d2e1dec554e675e8cd6762515f13743c13c2ae9773d3c;1662;data/raw/yahoo_dividendos/dividendos_LEVE3__20261006_20a1b048.csv
20261005_213028;2026-10-06T05:31:23.519534+00:00;dividendos_LIGT3.csv;YAHOO_DIVIDENDOS;;LIGT3.SA;;COM_EVENTOS;INALTERADO;1;5c2e201fe6786751dfb0ea64493a6be2beaa5c3a1341a2908fbf437d91565acd;696;data/raw/yahoo_dividendos/dividendos_LIGT3__20261006_5c2e201f.csv
20261005_213028;2026-10-06T05:31:25.819818+00:00;dividendos_LJQQ3.csv;YAHOO_DIVIDENDOS;;LJQQ3.SA;;COM_EVENTOS;INALTERADO;1;5312397517600e4820839484e9b031014062481d6a3886633645675f3b04ac34;228;data/raw/yahoo_dividendos/dividendos_LJQQ3__20261006_53123975.csv
20261005_213028;2026-10-06T05:31:27.588459+00:00;dividendos_LOGG3.csv;YAHOO_DIVIDENDOS;;LOGG3.SA;;COM_EVENTOS;INALTERADO;1;33d86e4b0200e68bfe49e5ecb49820be476c7d98e371f0285643949b7517bc7e;552;data/raw/yahoo_dividendos/dividendos_LOGG3__20261006_33d86e4b.csv
20261005_213028;2026-10-06T05:31:27.751541+00:00;dividendos_LOGN3.csv;YAHOO_DIVIDENDOS;;LOGN3.SA;;COM_EVENTOS;INALTERADO;1;77490de8e9860e4c2c96c636524d437bb937bcbf1f29ef0ac427b629541f9c0b;120;data/raw/yahoo_dividendos/dividendos_LOGN3__20261006_77490de8.csv
20261005_213028;2026-10-06T05:31:28.423868+00:00;dividendos_LPSB3.csv;YAHOO_DIVIDENDOS;;LPSB3.SA;;COM_EVENTOS;INALTERADO;1;7570210839f5dc0fd3910329413c0cd16efc978d0c3c987106137db0340e9fb5;478;data/raw/yahoo_dividendos/dividendos_LPSB3__20261006_75702108.csv
20261005_213028;2026-10-06T05:31:28.725967+00:00;dividendos_LREN3.csv;YAHOO_DIVIDENDOS;;LREN3.SA;;COM_EVENTOS;INALTERADO;1;4432a3a51dca8e88fd3a04db6f51693a89ab8147b42d50c674cab4c4245fc5e4;2884;data/raw/yahoo_dividendos/dividendos_LREN3__20261006_4432a3a5.csv
20261005_213028;2026-10-06T05:31:28.983743+00:00;dividendos_LUPA3.csv;YAHOO_DIVIDENDOS;;LUPA3.SA;;SEM_EVENTOS;INALTERADO;1;642daec761ccb28fc097aa7f22cfeb4552f7859c3b919e315b4f51bc1ae66de3;49;data/raw/yahoo_dividendos/dividendos_LUPA3__20261006_642daec7.csv
20261005_213028;2026-10-06T05:31:29.925352+00:00;dividendos_LUXM4.csv;YAHOO_DIVIDENDOS;;LUXM4.SA;;COM_EVENTOS;INALTERADO;1;9fbc83d60c31b168967bc24d15d5fd8e0b9f9ec7d0cd6af00244ac4f35dd5465;765;data/raw/yahoo_dividendos/dividendos_LUXM4__20261006_9fbc83d6.csv
20261005_213028;2026-10-06T05:31:30.616212+00:00;dividendos_LWSA3.csv;YAHOO_DIVIDENDOS;;LWSA3.SA;;COM_EVENTOS;INALTERADO;1;f22629d4657678f02c441df38e60cd9c21a3ad3ef767858d9a647d536ef3ec11;265;data/raw/yahoo_dividendos/dividendos_LWSA3__20261006_f22629d4.csv
20261005_213028;2026-10-06T05:31:31.192270+00:00;dividendos_MAPT3.csv;YAHOO_DIVIDENDOS;;MAPT3.SA;;SEM_EVENTOS;INALTERADO;1;642daec761ccb28fc097aa7f22cfeb4552f7859c3b919e315b4f51bc1ae66de3;49;data/raw/yahoo_dividendos/dividendos_MAPT3__20261006_642daec7.csv
20261005_213028;2026-10-06T05:31:31.771472+00:00;dividendos_MAPT4.csv;YAHOO_DIVIDENDOS;;MAPT4.SA;;SEM_EVENTOS;INALTERADO;1;642daec761ccb28fc097aa7f22cfeb4552f7859c3b919e315b4f51bc1ae66de3;49;data/raw/yahoo_dividendos/dividendos_MAPT4__20261006_642daec7.csv
20261005_213028;2026-10-06T05:31:32.009698+00:00;dividendos_MATD3.csv;YAHOO_DIVIDENDOS;;MATD3.SA;;COM_EVENTOS;INALTERADO;1;cf37d9e8b9bd5454a2b0aef3aa997699fc8cbe90ded4342ba30314fc06100f92;229;data/raw/yahoo_dividendos/dividendos_MATD3__20261006_cf37d9e8.csv
20261005_213028;2026-10-06T05:31:33.285739+00:00;dividendos_MBRF3.csv;YAHOO_DIVIDENDOS;;MBRF3.SA;;COM_EVENTOS;INALTERADO;1;a9e3a44b61d6c60861290ead410989ab5359d4a38b346168a9bcd346ebc153b5;445;data/raw/yahoo_dividendos/dividendos_MBRF3__20261006_a9e3a44b.csv
20261005_213028;2026-10-06T05:31:33.724307+00:00;dividendos_MDIA3.csv;YAHOO_DIVIDENDOS;;MDIA3.SA;;COM_EVENTOS;INALTERADO;1;f5a4face838461c3c0140e5189ffc7fb3edd033cac2bec88f4d880bd0e824818;1913;data/raw/yahoo_dividendos/dividendos_MDIA3__20261006_f5a4face.csv
20261005_213028;2026-10-06T05:31:33.953728+00:00;dividendos_MDNE3.csv;YAHOO_DIVIDENDOS;;MDNE3.SA;;COM_EVENTOS;INALTERADO;1;8f013dde620562edd1585b53894bf76ff6c78145b333c3c48db473f2d9208eaf;193;data/raw/yahoo_dividendos/dividendos_MDNE3__20261006_8f013dde.csv
20261005_213028;2026-10-06T05:31:34.297378+00:00;dividendos_MEAL3.csv;YAHOO_DIVIDENDOS;;MEAL3.SA;;COM_EVENTOS;INALTERADO;1;9cbaeda868e6bf8971f383abafd933717c435cfd67a51a4732e93c45b8694a95;193;data/raw/yahoo_dividendos/dividendos_MEAL3__20261006_9cbaeda8.csv
20261005_213028;2026-10-06T05:31:34.930620+00:00;dividendos_MELK3.csv;YAHOO_DIVIDENDOS;;MELK3.SA;;COM_EVENTOS;INALTERADO;1;36d1dff0a19343ebbf4fd885822dfb1387c612a43d9cda7d813d8f41ceac72df;660;data/raw/yahoo_dividendos/dividendos_MELK3__20261006_36d1dff0.csv
20261005_213028;2026-10-06T05:31:36.897988+00:00;dividendos_MGEL4.csv;YAHOO_DIVIDENDOS;;MGEL4.SA;;COM_EVENTOS;INALTERADO;1;a80d53b7a6bb01acc760c35fd664fab0c9cba3659295b05ce95bdf78598ea4b8;85;data/raw/yahoo_dividendos/dividendos_MGEL4__20261006_a80d53b7.csv
20261005_213028;2026-10-06T05:31:37.608275+00:00;dividendos_MGLU3.csv;YAHOO_DIVIDENDOS;;MGLU3.SA;;COM_EVENTOS;INALTERADO;1;ac1c1d2d557e534a4b058ef53bbdf16778f7e670de031de051ef1bef52cf3fb9;660;data/raw/yahoo_dividendos/dividendos_MGLU3__20261006_ac1c1d2d.csv
20261005_213028;2026-10-06T05:31:37.905919+00:00;dividendos_MILS3.csv;YAHOO_DIVIDENDOS;;MILS3.SA;;COM_EVENTOS;INALTERADO;1;302ac106d742b8d35675e7f59555fb8830a7d147fe48910d1973df5d26e5e63c;1196;data/raw/yahoo_dividendos/dividendos_MILS3__20261006_302ac106.csv
20261005_213028;2026-10-06T05:31:38.143290+00:00;dividendos_MLAS3.csv;YAHOO_DIVIDENDOS;;MLAS3.SA;;COM_EVENTOS;INALTERADO;1;7bbbb24c627c2ec6c46e9c0138bfe167aab15372d6b16a12d1143667ac919644;120;data/raw/yahoo_dividendos/dividendos_MLAS3__20261006_7bbbb24c.csv
20261005_213028;2026-10-06T05:31:38.490772+00:00;dividendos_MMAQ3.csv;YAHOO_DIVIDENDOS;;MMAQ3.SA;;COM_EVENTOS;INALTERADO;1;e5ff4adbd928b9912fdc0d1b0a388d549ba38b0eb323fd0b61a7bdff8f2d2a51;947;data/raw/yahoo_dividendos/dividendos_MMAQ3__20261006_e5ff4adb.csv
20261005_213028;2026-10-06T05:31:38.611358+00:00;dividendos_MMAQ4.csv;YAHOO_DIVIDENDOS;;MMAQ4.SA;;COM_EVENTOS;INALTERADO;1;f3881907fec64cf212d9750e1f962b56c13df88a12916374fd35b4cf679b7005;734;data/raw/yahoo_dividendos/dividendos_MMAQ4__20261006_f3881907.csv
20261005_213028;2026-10-06T05:31:39.359856+00:00;dividendos_MNDL3.csv;YAHOO_DIVIDENDOS;;MNDL3.SA;;COM_EVENTOS;INALTERADO;1;de87609fb6b90874b42944c2fbd55831e07eab813200bb5f2f99f9d7387211bf;228;data/raw/yahoo_dividendos/dividendos_MNDL3__20261006_de87609f.csv
20261005_213028;2026-10-06T05:31:40.707391+00:00;dividendos_MNPR3.csv;YAHOO_DIVIDENDOS;;MNPR3.SA;;COM_EVENTOS;INALTERADO;1;694b8642f7fdb6a58c80416c4afbd903a7523a1254408b9cd141435dd7701c5c;85;data/raw/yahoo_dividendos/dividendos_MNPR3__20261006_694b8642.csv
20261005_213028;2026-10-06T05:31:41.539097+00:00;dividendos_MOTV3.csv;YAHOO_DIVIDENDOS;;MOTV3.SA;;COM_EVENTOS;INALTERADO;1;21e926501fc4df70940df052de4ea049f08107f1a05dc3202a96bc7c16902ae4;1422;data/raw/yahoo_dividendos/dividendos_MOTV3__20261006_21e92650.csv
20261005_213028;2026-10-06T05:31:42.455701+00:00;dividendos_MOVI3.csv;YAHOO_DIVIDENDOS;;MOVI3.SA;;COM_EVENTOS;INALTERADO;1;827735bfaf5b1f2fd8df1fd941117ec3f0c8181639e31fc79eed5436f7c0c268;911;data/raw/yahoo_dividendos/dividendos_MOVI3__20261006_827735bf.csv
20261005_213028;2026-10-06T05:31:45.482939+00:00;dividendos_MRVE3.csv;YAHOO_DIVIDENDOS;;MRVE3.SA;;COM_EVENTOS;INALTERADO;1;39898c1260c7fa8860fcfe8173a502e081706bba3756bed46986f6a950db547d;897;data/raw/yahoo_dividendos/dividendos_MRVE3__20261006_39898c12.csv
20261005_213028;2026-10-06T05:31:45.832957+00:00;dividendos_MSPA3.csv;YAHOO_DIVIDENDOS;;MSPA3.SA;;COM_EVENTOS;INALTERADO;1;123030c76c59f7a03454fd43acfee79f6d5ba811b8aa06320cf8dcdcf51d3e92;314;data/raw/yahoo_dividendos/dividendos_MSPA3__20261006_123030c7.csv
20261005_213028;2026-10-06T05:31:45.951949+00:00;dividendos_MSPA4.csv;YAHOO_DIVIDENDOS;;MSPA4.SA;;COM_EVENTOS;INALTERADO;1;ba35015259ed6dc1ed793910db7078ff0b3fbff300f22a731d2180ee0f1e79f5;316;data/raw/yahoo_dividendos/dividendos_MSPA4__20261006_ba350152.csv
20261005_213028;2026-10-06T05:31:47.484938+00:00;dividendos_MTRE3.csv;YAHOO_DIVIDENDOS;;MTRE3.SA;;COM_EVENTOS;INALTERADO;1;e3fcba3ed00c32b37ef8b1b78aa91c3f16481085a91d5571ab79efb9f9b1aa6b;1370;data/raw/yahoo_dividendos/dividendos_MTRE3__20261006_e3fcba3e.csv
20261005_213028;2026-10-06T05:31:47.525116+00:00;dividendos_MTSA3.csv;YAHOO_DIVIDENDOS;;MTSA3.SA;;COM_EVENTOS;INALTERADO;1;1b9df9daef28ab6e736486af9bc5e213083680e90c2d87728dc5e06e39092189;1376;data/raw/yahoo_dividendos/dividendos_MTSA3__20261006_1b9df9da.csv
20261005_213028;2026-10-06T05:31:48.232107+00:00;dividendos_MTSA4.csv;YAHOO_DIVIDENDOS;;MTSA4.SA;;COM_EVENTOS;INALTERADO;1;9d50f92377ed34ada1be021f14ee2616ba530585a5aa33e938bc0b480c5836b3;1274;data/raw/yahoo_dividendos/dividendos_MTSA4__20261006_9d50f923.csv
20261005_213028;2026-10-06T05:31:48.249363+00:00;dividendos_MULT3.csv;YAHOO_DIVIDENDOS;;MULT3.SA;;COM_EVENTOS;INALTERADO;1;761c217fe9fc17f18eef54d2c1f24105b5ae635f397e702810db09a59ec04fc3;1663;data/raw/yahoo_dividendos/dividendos_MULT3__20261006_761c217f.csv
20261005_213028;2026-10-06T05:31:48.726170+00:00;dividendos_MWET3.csv;YAHOO_DIVIDENDOS;;MWET3.SA;;SEM_EVENTOS;INALTERADO;1;642daec761ccb28fc097aa7f22cfeb4552f7859c3b919e315b4f51bc1ae66de3;49;data/raw/yahoo_dividendos/dividendos_MWET3__20261006_642daec7.csv
20261005_213028;2026-10-06T05:31:48.839041+00:00;dividendos_MWET4.csv;YAHOO_DIVIDENDOS;;MWET4.SA;;SEM_EVENTOS;INALTERADO;1;642daec761ccb28fc097aa7f22cfeb4552f7859c3b919e315b4f51bc1ae66de3;49;data/raw/yahoo_dividendos/dividendos_MWET4__20261006_642daec7.csv
20261005_213028;2026-10-06T05:31:49.498222+00:00;dividendos_MYPK3.csv;YAHOO_DIVIDENDOS;;MYPK3.SA;;COM_EVENTOS;INALTERADO;1;0f8969da05f2df5a4aee15fce314bc6036d417438573fc96e6a7bce244818a32;1052;data/raw/yahoo_dividendos/dividendos_MYPK3__20261006_0f8969da.csv
20261005_213028;2026-10-06T05:31:50.616716+00:00;dividendos_NATU3.csv;YAHOO_DIVIDENDOS;;NATU3.SA;;COM_EVENTOS;INALTERADO;1;c32c4584d8f4be0c566d3cf956d7e03b96dc8799fa2cddec9925038556e63c03;910;data/raw/yahoo_dividendos/dividendos_NATU3__20261006_c32c4584.csv
20261005_213028;2026-10-06T05:31:52.576152+00:00;dividendos_NEXP3.csv;YAHOO_DIVIDENDOS;;NEXP3.SA;;COM_EVENTOS;INALTERADO;1;8b60f36ec1ca5b6d29707b94fe7ffbd53a710f9b51df368a5269b6c9e400c801;306;data/raw/yahoo_dividendos/dividendos_NEXP3__20261006_8b60f36e.csv
20261005_213028;2026-10-06T05:31:54.256935+00:00;dividendos_NORD3.csv;YAHOO_DIVIDENDOS;;NORD3.SA;;SEM_EVENTOS;INALTERADO;1;642daec761ccb28fc097aa7f22cfeb4552f7859c3b919e315b4f51bc1ae66de3;49;data/raw/yahoo_dividendos/dividendos_NORD3__20261006_642daec7.csv
20261005_213028;2026-10-06T05:31:54.920638+00:00;dividendos_NUTR3.csv;YAHOO_DIVIDENDOS;;NUTR3.SA;;SEM_EVENTOS;INALTERADO;1;642daec761ccb28fc097aa7f22cfeb4552f7859c3b919e315b4f51bc1ae66de3;49;data/raw/yahoo_dividendos/dividendos_NUTR3__20261006_642daec7.csv
20261005_213028;2026-10-06T05:31:55.550078+00:00;dividendos_ODER4.csv;YAHOO_DIVIDENDOS;;ODER4.SA;;SEM_EVENTOS;INALTERADO;1;642daec761ccb28fc097aa7f22cfeb4552f7859c3b919e315b4f51bc1ae66de3;49;data/raw/yahoo_dividendos/dividendos_ODER4__20261006_642daec7.csv
20261005_213028;2026-10-06T05:31:56.510785+00:00;dividendos_OFSA3.csv;YAHOO_DIVIDENDOS;;OFSA3.SA;;COM_EVENTOS;INALTERADO;1;329a5456451850055a452d95da2dac34dade39a2f2d241097c4946e079a03664;834;data/raw/yahoo_dividendos/dividendos_OFSA3__20261006_329a5456.csv
20261005_213028;2026-10-06T05:31:58.484812+00:00;dividendos_OIBR3.csv;YAHOO_DIVIDENDOS;;OIBR3.SA;;COM_EVENTOS;INALTERADO;1;1044e1907f842ae50da50b2bc7af21de7853d59e5a20170daa141314ebdcb799;304;data/raw/yahoo_dividendos/dividendos_OIBR3__20261006_1044e190.csv
20261005_213028;2026-10-06T05:31:58.489278+00:00;dividendos_OIBR4.csv;YAHOO_DIVIDENDOS;;OIBR4.SA;;COM_EVENTOS;INALTERADO;1;f2304c4a26baa73302c2898ea6861a6640799f66def801c09d05ab8d54b46ff8;870;data/raw/yahoo_dividendos/dividendos_OIBR4__20261006_f2304c4a.csv
20261005_213028;2026-10-06T05:31:59.165120+00:00;dividendos_ONCO3.csv;YAHOO_DIVIDENDOS;;ONCO3.SA;;SEM_EVENTOS;INALTERADO;1;642daec761ccb28fc097aa7f22cfeb4552f7859c3b919e315b4f51bc1ae66de3;49;data/raw/yahoo_dividendos/dividendos_ONCO3__20261006_642daec7.csv
20261005_213028;2026-10-06T05:31:59.693190+00:00;dividendos_OPCT3.csv;YAHOO_DIVIDENDOS;;OPCT3.SA;;COM_EVENTOS;INALTERADO;1;d6fbc4a132650354afc0f213e46f5cf27bd339ebc3545bd5583219a2b993227f;85;data/raw/yahoo_dividendos/dividendos_OPCT3__20261006_d6fbc4a1.csv
20261005_213028;2026-10-06T05:32:00.249816+00:00;dividendos_OSXB3.csv;YAHOO_DIVIDENDOS;;OSXB3.SA;;SEM_EVENTOS;INALTERADO;1;642daec761ccb28fc097aa7f22cfeb4552f7859c3b919e315b4f51bc1ae66de3;49;data/raw/yahoo_dividendos/dividendos_OSXB3__20261006_642daec7.csv
20261005_213028;2026-10-06T05:32:00.274726+00:00;dividendos_ORVR3.csv;YAHOO_DIVIDENDOS;;ORVR3.SA;;SEM_EVENTOS;INALTERADO;1;642daec761ccb28fc097aa7f22cfeb4552f7859c3b919e315b4f51bc1ae66de3;49;data/raw/yahoo_dividendos/dividendos_ORVR3__20261006_642daec7.csv
20261005_213028;2026-10-06T05:32:00.862669+00:00;dividendos_PASS3.csv;YAHOO_DIVIDENDOS;;PASS3.SA;;SEM_EVENTOS;INALTERADO;1;642daec761ccb28fc097aa7f22cfeb4552f7859c3b919e315b4f51bc1ae66de3;49;data/raw/yahoo_dividendos/dividendos_PASS3__20261006_642daec7.csv
20261005_213028;2026-10-06T05:32:01.673421+00:00;dividendos_PATI3.csv;YAHOO_DIVIDENDOS;;PATI3.SA;;COM_EVENTOS;INALTERADO;1;986357be26bf871f513dcc83e54a694b5040694e792ac9a08eb4edc42b61c960;801;data/raw/yahoo_dividendos/dividendos_PATI3__20261006_986357be.csv
20261005_213028;2026-10-06T05:32:02.046422+00:00;dividendos_PATI4.csv;YAHOO_DIVIDENDOS;;PATI4.SA;;COM_EVENTOS;INALTERADO;1;d8688233dbc35f8faf041e5d26e8878deb436bed104406579340e321388cd0cf;768;data/raw/yahoo_dividendos/dividendos_PATI4__20261006_d8688233.csv
20261005_213028;2026-10-06T05:32:02.414402+00:00;dividendos_PCAR3.csv;YAHOO_DIVIDENDOS;;PCAR3.SA;;COM_EVENTOS;INALTERADO;1;2ffcafa1aa3d1869bad2f1a0594dcec7ad21f369c961f92cefbd3219bb6d4afd;1450;data/raw/yahoo_dividendos/dividendos_PCAR3__20261006_2ffcafa1.csv
20261005_213028;2026-10-06T05:32:04.325401+00:00;dividendos_PDGR3.csv;YAHOO_DIVIDENDOS;;PDGR3.SA;;COM_EVENTOS;INALTERADO;1;f3de7492ef4b5d6a85f64c90c0b2176f0ebf262f9c0664f393cd9b88ba459e0b;232;data/raw/yahoo_dividendos/dividendos_PDGR3__20261006_f3de7492.csv
20261005_213028;2026-10-06T05:32:04.639091+00:00;dividendos_PDTC3.csv;YAHOO_DIVIDENDOS;;PDTC3.SA;;COM_EVENTOS;INALTERADO;1;479584c829608c275343adaeff96c6f81abdab5552c92889010ea1ea09be6f0c;85;data/raw/yahoo_dividendos/dividendos_PDTC3__20261006_479584c8.csv
20261005_213028;2026-10-06T05:32:05.247476+00:00;dividendos_PEAB4.csv;YAHOO_DIVIDENDOS;;PEAB4.SA;;COM_EVENTOS;INALTERADO;1;db3f54d7c155dd503f2ed9118dbc061fec39430d74b408ae6ef6d32b2d14fc0d;976;data/raw/yahoo_dividendos/dividendos_PEAB4__20261006_db3f54d7.csv
20261005_213028;2026-10-06T05:32:05.324304+00:00;dividendos_PEAB3.csv;YAHOO_DIVIDENDOS;;PEAB3.SA;;COM_EVENTOS;INALTERADO;1;bf5cce60f0204f6bb7efed069a25928818ed0405a3dd2b197cb140de451a57c6;1105;data/raw/yahoo_dividendos/dividendos_PEAB3__20261006_bf5cce60.csv
20261005_213028;2026-10-06T05:32:06.037524+00:00;dividendos_PETR4.csv;YAHOO_DIVIDENDOS;;PETR4.SA;;COM_EVENTOS;INALTERADO;1;65a940e2a3990b3a9d7171bbe0d2ac853311d49a77225cd15ed04cc2a11b0acd;2173;data/raw/yahoo_dividendos/dividendos_PETR4__20261006_65a940e2.csv
20261005_213028;2026-10-06T05:32:06.041755+00:00;dividendos_PETR3.csv;YAHOO_DIVIDENDOS;;PETR3.SA;;COM_EVENTOS;INALTERADO;1;400229a00084ea37a3ed0cf9a228ff09a3ea17ffaffd995b0411dd19174e97e7;1794;data/raw/yahoo_dividendos/dividendos_PETR3__20261006_400229a0.csv
20261005_213028;2026-10-06T05:32:06.628148+00:00;dividendos_PFRM3.csv;YAHOO_DIVIDENDOS;;PFRM3.SA;;COM_EVENTOS;INALTERADO;1;3e8b7607920f66817493565ad32cd6cc7dab7c9a8727c3c51e835884c2641cc0;587;data/raw/yahoo_dividendos/dividendos_PFRM3__20261006_3e8b7607.csv
20261005_213028;2026-10-06T05:32:07.251196+00:00;dividendos_PGMN3.csv;YAHOO_DIVIDENDOS;;PGMN3.SA;;COM_EVENTOS;INALTERADO;1;e6c8b875a10bcd4b98c37e0f84485be6afa3066bd8c38f5f7faeef4328eab740;193;data/raw/yahoo_dividendos/dividendos_PGMN3__20261006_e6c8b875.csv
20261005_213028;2026-10-06T05:32:07.688548+00:00;dividendos_PLPL3.csv;YAHOO_DIVIDENDOS;;PLPL3.SA;;COM_EVENTOS;INALTERADO;1;f66125eeedb80db8c630a59eaf07d3f7cf7a89efbc9280afc992935feb16c054;264;data/raw/yahoo_dividendos/dividendos_PLPL3__20261006_f66125ee.csv
20261005_213028;2026-10-06T05:32:07.952985+00:00;dividendos_PLAS3.csv;YAHOO_DIVIDENDOS;;PLAS3.SA;;COM_EVENTOS;INALTERADO;1;bff65cc5a4a5e85c92678e38d06d48012e5e34e150851aaf22071f0fa51b4fa7;84;data/raw/yahoo_dividendos/dividendos_PLAS3__20261006_bff65cc5.csv
20261005_213028;2026-10-06T05:32:08.580533+00:00;dividendos_PMAM3.csv;YAHOO_DIVIDENDOS;;PMAM3.SA;;COM_EVENTOS;INALTERADO;1;903d6777ae88d3e76dc36d8ffbe60f19c46f76842123db94fb3886a8d0e3b7c7;121;data/raw/yahoo_dividendos/dividendos_PMAM3__20261006_903d6777.csv
20261005_213028;2026-10-06T05:32:11.132733+00:00;dividendos_PNVL3.csv;YAHOO_DIVIDENDOS;;PNVL3.SA;;COM_EVENTOS;INALTERADO;1;d5b165c1e39099f2b180ebc2b7a502b9fae068f31f962d27829e477d1dc3b6a4;1735;data/raw/yahoo_dividendos/dividendos_PNVL3__20261006_d5b165c1.csv
20261005_213028;2026-10-06T05:32:12.012268+00:00;dividendos_POMO3.csv;YAHOO_DIVIDENDOS;;POMO3.SA;;COM_EVENTOS;INALTERADO;1;c13064da2856c3aac82f057aaeabda55bd7c45d87082aae6722e6399541e2548;1869;data/raw/yahoo_dividendos/dividendos_POMO3__20261006_c13064da.csv
20261005_213028;2026-10-06T05:32:12.926566+00:00;dividendos_POMO4.csv;YAHOO_DIVIDENDOS;;POMO4.SA;;COM_EVENTOS;INALTERADO;1;594ca46aee642b5e75f3a78df0c470e6dcf2dcf74205276cc40a5a9993ab76cf;1756;data/raw/yahoo_dividendos/dividendos_POMO4__20261006_594ca46a.csv
20261005_213028;2026-10-06T05:32:13.481297+00:00;dividendos_POSI3.csv;YAHOO_DIVIDENDOS;;POSI3.SA;;COM_EVENTOS;INALTERADO;1;8cbc8591062b72a87f11abf3ef8d768596f62ffe987f393791c7d35a988a7a0f;622;data/raw/yahoo_dividendos/dividendos_POSI3__20261006_8cbc8591.csv
20261005_213028;2026-10-06T05:32:14.092866+00:00;dividendos_PRIO3.csv;YAHOO_DIVIDENDOS;;PRIO3.SA;;COM_EVENTOS;INALTERADO;1;1c033d1bbc1b7ee670e9cd03803e599aa2ce832a4fcea8c820d9c0dd358483eb;85;data/raw/yahoo_dividendos/dividendos_PRIO3__20261006_1c033d1b.csv
20261005_213028;2026-10-06T05:32:15.245367+00:00;dividendos_PRNR3.csv;YAHOO_DIVIDENDOS;;PRNR3.SA;;COM_EVENTOS;INALTERADO;1;8bbd368b004dc21491698975521557a2fc5ea10437a04acdfb181ac6ddf64200;229;data/raw/yahoo_dividendos/dividendos_PRNR3__20261006_8bbd368b.csv
20261005_213028;2026-10-06T05:32:17.163775+00:00;dividendos_PTBL3.csv;YAHOO_DIVIDENDOS;;PTBL3.SA;;COM_EVENTOS;INALTERADO;1;50fb8954ee7e73e235d94a5c3351d9e172205749937fbfd93f0ee28a040600f1;795;data/raw/yahoo_dividendos/dividendos_PTBL3__20261006_50fb8954.csv
20261005_213028;2026-10-06T05:32:20.143900+00:00;dividendos_QUAL3.csv;YAHOO_DIVIDENDOS;;QUAL3.SA;;COM_EVENTOS;INALTERADO;1;699b6bcfb290c298f590004d13b3343074ec9bdfd089d6407983ef711858047b;767;data/raw/yahoo_dividendos/dividendos_QUAL3__20261006_699b6bcf.csv
20261005_213028;2026-10-06T05:32:20.836632+00:00;dividendos_RADL3.csv;YAHOO_DIVIDENDOS;;RADL3.SA;;COM_EVENTOS;INALTERADO;1;60cfaa77547e36ea72c9b691a7e547fe9388a098996ec23443de2bb4136e0ac1;3028;data/raw/yahoo_dividendos/dividendos_RADL3__20261006_60cfaa77.csv
20261005_213028;2026-10-06T05:32:21.551446+00:00;dividendos_RAIL3.csv;YAHOO_DIVIDENDOS;;RAIL3.SA;;COM_EVENTOS;INALTERADO;1;2d5dac5a62a8b9cc86f60b9f5524e7db3a47c6eaefdc74f2ca2cdc7970325847;229;data/raw/yahoo_dividendos/dividendos_RAIL3__20261006_2d5dac5a.csv
20261005_213028;2026-10-06T05:32:21.840847+00:00;dividendos_RAIZ4.csv;YAHOO_DIVIDENDOS;;RAIZ4.SA;;COM_EVENTOS;INALTERADO;1;c2407b1e43f06253a5ac0ec3749b28c9cd03350055a24d3d381a6af1296be42f;406;data/raw/yahoo_dividendos/dividendos_RAIZ4__20261006_c2407b1e.csv
20261005_213028;2026-10-06T05:32:22.619576+00:00;dividendos_RANI3.csv;YAHOO_DIVIDENDOS;;RANI3.SA;;COM_EVENTOS;INALTERADO;1;640908f0804ef6cfa702f069f227210b51cc9ce5d89825e9e2546a210c0eab7e;1770;data/raw/yahoo_dividendos/dividendos_RANI3__20261006_640908f0.csv
20261005_213028;2026-10-06T05:32:23.483522+00:00;dividendos_RAPT3.csv;YAHOO_DIVIDENDOS;;RAPT3.SA;;COM_EVENTOS;INALTERADO;1;c365e030ef8bd6365482a7707b4eff1b8ef6172b45b4b297e048eeb45dd9ca81;1446;data/raw/yahoo_dividendos/dividendos_RAPT3__20261006_c365e030.csv
20261005_213028;2026-10-06T05:32:23.977317+00:00;dividendos_RAPT4.csv;YAHOO_DIVIDENDOS;;RAPT4.SA;;COM_EVENTOS;INALTERADO;1;5d9720fdaf848f4449436f4ea2274337ad9cf10ab8e1147b304d724881485536;1220;data/raw/yahoo_dividendos/dividendos_RAPT4__20261006_5d9720fd.csv
20261005_213028;2026-10-06T05:32:24.057376+00:00;dividendos_RCSL3.csv;YAHOO_DIVIDENDOS;;RCSL3.SA;;SEM_EVENTOS;INALTERADO;1;642daec761ccb28fc097aa7f22cfeb4552f7859c3b919e315b4f51bc1ae66de3;49;data/raw/yahoo_dividendos/dividendos_RCSL3__20261006_642daec7.csv
20261005_213028;2026-10-06T05:32:24.704720+00:00;dividendos_RCSL4.csv;YAHOO_DIVIDENDOS;;RCSL4.SA;;SEM_EVENTOS;INALTERADO;1;642daec761ccb28fc097aa7f22cfeb4552f7859c3b919e315b4f51bc1ae66de3;49;data/raw/yahoo_dividendos/dividendos_RCSL4__20261006_642daec7.csv
20261005_213028;2026-10-06T05:32:25.931340+00:00;dividendos_RDOR3.csv;YAHOO_DIVIDENDOS;;RDOR3.SA;;COM_EVENTOS;INALTERADO;1;1328bee2df0e1ad726f68e60166c7c8406c52fbed688cc2c7d95bf51e368140a;840;data/raw/yahoo_dividendos/dividendos_RDOR3__20261006_1328bee2.csv
20261005_213028;2026-10-06T05:32:26.338324+00:00;dividendos_RECV3.csv;YAHOO_DIVIDENDOS;;RECV3.SA;;COM_EVENTOS;INALTERADO;1;8b931fe201aa60113c3219ae7170762268c36c22a107a939793883c24e0f3788;444;data/raw/yahoo_dividendos/dividendos_RECV3__20261006_8b931fe2.csv
20261005_213028;2026-10-06T05:32:26.893574+00:00;dividendos_REDE3.csv;YAHOO_DIVIDENDOS;;REDE3.SA;;COM_EVENTOS;INALTERADO;1;0e058f9043a29b7a55b6ae62c1e2924d9dcf1fb532abf35035e766f0b49922cc;1016;data/raw/yahoo_dividendos/dividendos_REDE3__20261006_0e058f90.csv
20261005_213028;2026-10-06T05:32:28.306731+00:00;dividendos_RENT3.csv;YAHOO_DIVIDENDOS;;RENT3.SA;;COM_EVENTOS;INALTERADO;1;072ab6279e36fb76bfabab7bba62e0de4ba588f61305d2505b5e46ccdaf8d3eb;3200;data/raw/yahoo_dividendos/dividendos_RENT3__20261006_072ab627.csv
20261005_213028;2026-10-06T05:32:28.370737+00:00;dividendos_RENT4.csv;YAHOO_DIVIDENDOS;;RENT4.SA;;COM_EVENTOS;INALTERADO;1;75841a6baea456d59548f1cd619038b1b1c4f1e908c919e2dd63ff550b0a5c24;156;data/raw/yahoo_dividendos/dividendos_RENT4__20261006_75841a6b.csv
20261005_213028;2026-10-06T05:32:29.215057+00:00;dividendos_RIAA3.csv;YAHOO_DIVIDENDOS;;RIAA3.SA;;COM_EVENTOS;INALTERADO;1;44c5dafdaf11bb46de81042d3179846f96d9bafb21760a3ed4d9c0c69d95c161;1583;data/raw/yahoo_dividendos/dividendos_RIAA3__20261006_44c5dafd.csv
20261005_213028;2026-10-06T05:32:31.127328+00:00;dividendos_RNEW3.csv;YAHOO_DIVIDENDOS;;RNEW3.SA;;COM_EVENTOS;INALTERADO;1;c39ac4bd47aebbb21381df2f6a46866192150ca0d1da7f568f538444595684ee;84;data/raw/yahoo_dividendos/dividendos_RNEW3__20261006_c39ac4bd.csv
20261005_213028;2026-10-06T05:32:31.784234+00:00;dividendos_RNEW4.csv;YAHOO_DIVIDENDOS;;RNEW4.SA;;SEM_EVENTOS;INALTERADO;1;642daec761ccb28fc097aa7f22cfeb4552f7859c3b919e315b4f51bc1ae66de3;49;data/raw/yahoo_dividendos/dividendos_RNEW4__20261006_642daec7.csv
20261005_213028;2026-10-06T05:32:32.491409+00:00;dividendos_RPMG3.csv;YAHOO_DIVIDENDOS;;RPMG3.SA;;SEM_EVENTOS;INALTERADO;1;642daec761ccb28fc097aa7f22cfeb4552f7859c3b919e315b4f51bc1ae66de3;49;data/raw/yahoo_dividendos/dividendos_RPMG3__20261006_642daec7.csv
20261005_213028;2026-10-06T05:32:32.564473+00:00;dividendos_ROMI3.csv;YAHOO_DIVIDENDOS;;ROMI3.SA;;COM_EVENTOS;INALTERADO;1;a75499ca31650000cacde1438fa0b1b25d2029c8a0ad6cbfa60dafbdbfc123d5;1838;data/raw/yahoo_dividendos/dividendos_ROMI3__20261006_a75499ca.csv
20261005_213028;2026-10-06T05:32:34.456828+00:00;dividendos_RSID3.csv;YAHOO_DIVIDENDOS;;RSID3.SA;;COM_EVENTOS;INALTERADO;1;f1f8601d64dc19ef6c1ea014b77902595b1e231bed40009aff2381896c965750;229;data/raw/yahoo_dividendos/dividendos_RSID3__20261006_f1f8601d.csv
20261005_213028;2026-10-06T05:32:35.536953+00:00;dividendos_RSUL4.csv;YAHOO_DIVIDENDOS;;RSUL4.SA;;COM_EVENTOS;INALTERADO;1;4190fdcacd1a56605417f024b383a0b03f6496506bd8bfd92068e366ee8291a3;228;data/raw/yahoo_dividendos/dividendos_RSUL4__20261006_4190fdca.csv
20261005_213028;2026-10-06T05:32:36.213084+00:00;dividendos_RVEE3.csv;YAHOO_DIVIDENDOS;;RVEE3.SA;;SEM_EVENTOS;INALTERADO;1;642daec761ccb28fc097aa7f22cfeb4552f7859c3b919e315b4f51bc1ae66de3;49;data/raw/yahoo_dividendos/dividendos_RVEE3__20261006_642daec7.csv
20261005_213028;2026-10-06T05:32:36.781282+00:00;dividendos_SAPR11.csv;YAHOO_DIVIDENDOS;;SAPR11.SA;;COM_EVENTOS;INALTERADO;1;5389ac19854e898ec1113e1ae4f0014690f4969180192b523dcf76ab411a0a64;806;data/raw/yahoo_dividendos/dividendos_SAPR11__20261006_5389ac19.csv
20261005_213028;2026-10-06T05:32:37.600084+00:00;dividendos_SAPR4.csv;YAHOO_DIVIDENDOS;;SAPR4.SA;;COM_EVENTOS;INALTERADO;1;a6b3d6f90678bc8f58e71c355c813181fe270104840557a4ed2dd751fe27065d;1413;data/raw/yahoo_dividendos/dividendos_SAPR4__20261006_a6b3d6f9.csv
20261005_213028;2026-10-06T05:32:37.705276+00:00;dividendos_SAPR3.csv;YAHOO_DIVIDENDOS;;SAPR3.SA;;COM_EVENTOS;INALTERADO;1;2a6ccdc5b22fbf02d667acf01c1192b54d62e4aece343de21f9ffef5a5f7beb6;1378;data/raw/yahoo_dividendos/dividendos_SAPR3__20261006_2a6ccdc5.csv
20261005_213028;2026-10-06T05:32:38.360974+00:00;dividendos_SBFG3.csv;YAHOO_DIVIDENDOS;;SBFG3.SA;;COM_EVENTOS;INALTERADO;1;636de9d96a986a33372040cf3094d7fc34a887c8ef8c1cf9d55eef1576066ffb;228;data/raw/yahoo_dividendos/dividendos_SBFG3__20261006_636de9d9.csv
20261005_213028;2026-10-06T05:32:38.460536+00:00;dividendos_SAUD3.csv;YAHOO_DIVIDENDOS;;SAUD3.SA;;COM_EVENTOS;INALTERADO;1;27b2fa038ebeb91f5c9c8966d3f80dcbca1caa8a1cfee28195c782104699178d;3785;data/raw/yahoo_dividendos/dividendos_SAUD3__20261006_27b2fa03.csv
20261005_213028;2026-10-06T05:32:39.121992+00:00;dividendos_SCAR3.csv;YAHOO_DIVIDENDOS;;SCAR3.SA;;COM_EVENTOS;INALTERADO;1;92b1779e5550197d7806b44cfcb182a400e0e65f835f135e68bef99abb5dbc7c;910;data/raw/yahoo_dividendos/dividendos_SCAR3__20261006_92b1779e.csv
20261005_213028;2026-10-06T05:32:39.126764+00:00;dividendos_SBSP3.csv;YAHOO_DIVIDENDOS;;SBSP3.SA;;COM_EVENTOS;INALTERADO;1;e142ec1309291efe57b1f93df0d93a0156c8ab6ae219c45505681afe060cc8a0;947;data/raw/yahoo_dividendos/dividendos_SBSP3__20261006_e142ec13.csv
20261005_213028;2026-10-06T05:32:41.303249+00:00;dividendos_SEER3.csv;YAHOO_DIVIDENDOS;;SEER3.SA;;COM_EVENTOS;INALTERADO;1;b5a953f4e19c8b9c73ddec64ba4d9a5ca6390a018cf2ba550325f893c1845c0f;802;data/raw/yahoo_dividendos/dividendos_SEER3__20261006_b5a953f4.csv
20261005_213028;2026-10-06T05:32:41.876486+00:00;dividendos_SEQL3.csv;YAHOO_DIVIDENDOS;;SEQL3.SA;;SEM_EVENTOS;INALTERADO;1;642daec761ccb28fc097aa7f22cfeb4552f7859c3b919e315b4f51bc1ae66de3;49;data/raw/yahoo_dividendos/dividendos_SEQL3__20261006_642daec7.csv
20261005_213028;2026-10-06T05:32:45.590227+00:00;dividendos_SHOW3.csv;YAHOO_DIVIDENDOS;;SHOW3.SA;;COM_EVENTOS;INALTERADO;1;078cc2edfe7ea71ff9bec3e3e61b1ad6ccec481b0d141e2bcd7910277d33e3aa;222;data/raw/yahoo_dividendos/dividendos_SHOW3__20261006_078cc2ed.csv
20261005_213028;2026-10-06T05:32:45.838158+00:00;dividendos_SHUL3.csv;YAHOO_DIVIDENDOS;;SHUL3.SA;;SEM_EVENTOS;INALTERADO;1;642daec761ccb28fc097aa7f22cfeb4552f7859c3b919e315b4f51bc1ae66de3;49;data/raw/yahoo_dividendos/dividendos_SHUL3__20261006_642daec7.csv
20261005_213028;2026-10-06T05:32:46.512609+00:00;dividendos_SIMH3.csv;YAHOO_DIVIDENDOS;;SIMH3.SA;;COM_EVENTOS;INALTERADO;1;718a3078efd70b0d720eb4d8630896ec969b14526cb61a8f7418f8954e8093a5;336;data/raw/yahoo_dividendos/dividendos_SIMH3__20261006_718a3078.csv
20261005_213028;2026-10-06T05:32:46.702001+00:00;dividendos_SHUL4.csv;YAHOO_DIVIDENDOS;;SHUL4.SA;;COM_EVENTOS;INALTERADO;1;4f5bf019a33f85d9e43816dbda081d84719c64af32cd235d988b8435994bcf28;1737;data/raw/yahoo_dividendos/dividendos_SHUL4__20261006_4f5bf019.csv
20261005_213028;2026-10-06T05:32:47.662563+00:00;dividendos_SLCE3.csv;YAHOO_DIVIDENDOS;;SLCE3.SA;;COM_EVENTOS;INALTERADO;1;3ce422af8bb274974b2e6a86ac43a3ec463463d785ec12b58fcf61d20983ed4c;801;data/raw/yahoo_dividendos/dividendos_SLCE3__20261006_3ce422af.csv
20261005_213028;2026-10-06T05:32:49.338389+00:00;dividendos_SMFT3.csv;YAHOO_DIVIDENDOS;;SMFT3.SA;;COM_EVENTOS;INALTERADO;1;acb3ef8e1f75e94c28b9c78ccdfd24534a5b867d22e919b5abca7a0551064669;443;data/raw/yahoo_dividendos/dividendos_SMFT3__20261006_acb3ef8e.csv
20261005_213028;2026-10-06T05:32:50.639429+00:00;dividendos_SMTO3.csv;YAHOO_DIVIDENDOS;;SMTO3.SA;;COM_EVENTOS;INALTERADO;1;c468af9b6b8da1b3c2c4c44fd614418c193eb1fda5d6d5dec3357a91a59c30b8;1016;data/raw/yahoo_dividendos/dividendos_SMTO3__20261006_c468af9b.csv
20261005_213028;2026-10-06T05:32:51.663456+00:00;dividendos_SNSY3.csv;YAHOO_DIVIDENDOS;;SNSY3.SA;;SEM_EVENTOS;INALTERADO;1;642daec761ccb28fc097aa7f22cfeb4552f7859c3b919e315b4f51bc1ae66de3;49;data/raw/yahoo_dividendos/dividendos_SNSY3__20261006_642daec7.csv
20261005_213028;2026-10-06T05:32:52.220956+00:00;dividendos_SNSY6.csv;YAHOO_DIVIDENDOS;;SNSY6.SA;;SEM_EVENTOS;INALTERADO;1;642daec761ccb28fc097aa7f22cfeb4552f7859c3b919e315b4f51bc1ae66de3;49;data/raw/yahoo_dividendos/dividendos_SNSY6__20261006_642daec7.csv
20261005_213028;2026-10-06T05:32:52.299315+00:00;dividendos_SNSY5.csv;YAHOO_DIVIDENDOS;;SNSY5.SA;;SEM_EVENTOS;INALTERADO;1;642daec761ccb28fc097aa7f22cfeb4552f7859c3b919e315b4f51bc1ae66de3;49;data/raw/yahoo_dividendos/dividendos_SNSY5__20261006_642daec7.csv
20261005_213028;2026-10-06T05:32:52.949396+00:00;dividendos_SOJA3.csv;YAHOO_DIVIDENDOS;;SOJA3.SA;;COM_EVENTOS;INALTERADO;1;3a97b35e08ed41b587bdab8b7faeb0895570979f419b954e3824526ac2f9c2c1;337;data/raw/yahoo_dividendos/dividendos_SOJA3__20261006_3a97b35e.csv
20261005_213028;2026-10-06T05:32:53.788521+00:00;dividendos_SOND3.csv;YAHOO_DIVIDENDOS;;SOND3.SA;;COM_EVENTOS;INALTERADO;1;bc3161e5f8457d36f9ebc41a578b3a4d7a536bcc04b51e2631bec3b140ca9527;873;data/raw/yahoo_dividendos/dividendos_SOND3__20261006_bc3161e5.csv
20261005_213028;2026-10-06T05:32:54.183925+00:00;dividendos_SOND5.csv;YAHOO_DIVIDENDOS;;SOND5.SA;;COM_EVENTOS;INALTERADO;1;40ce52d5bf47e5f6ed557a5d26f2a0e6b51710cce76e9cb2d82bfe2c6758334c;837;data/raw/yahoo_dividendos/dividendos_SOND5__20261006_40ce52d5.csv
20261005_213028;2026-10-06T05:32:54.297332+00:00;dividendos_SOND6.csv;YAHOO_DIVIDENDOS;;SOND6.SA;;COM_EVENTOS;INALTERADO;1;1315fd7fc5e1c1bcd3ba3ef326abe55e5efcf86bea11f3a690876a9eb51d5e46;837;data/raw/yahoo_dividendos/dividendos_SOND6__20261006_1315fd7f.csv
20261005_213028;2026-10-06T05:33:00.905258+00:00;dividendos_SUZB3.csv;YAHOO_DIVIDENDOS;;SUZB3.SA;;COM_EVENTOS;INALTERADO;1;6d622fa3d2bb92e69cb64442a5ef0d7622b1d2e40350014ffce76a4877334e20;823;data/raw/yahoo_dividendos/dividendos_SUZB3__20261006_6d622fa3.csv
20261005_213028;2026-10-06T05:33:02.218190+00:00;dividendos_SYNE3.csv;YAHOO_DIVIDENDOS;;SYNE3.SA;;COM_EVENTOS;INALTERADO;1;024aaaf767432340efe88d4f49add42187fcf938d1acc8ce606c0c1289f63d90;767;data/raw/yahoo_dividendos/dividendos_SYNE3__20261006_024aaaf7.csv
20261005_213028;2026-10-06T05:33:02.751971+00:00;dividendos_TAEE3.csv;YAHOO_DIVIDENDOS;;TAEE3.SA;;COM_EVENTOS;INALTERADO;1;fcd0bca6706633133fcc1fadae19320fccbfc1b8150f7e5f7f1606a8a6392400;2088;data/raw/yahoo_dividendos/dividendos_TAEE3__20261006_fcd0bca6.csv
20261005_213028;2026-10-06T05:33:02.821001+00:00;dividendos_TAEE11.csv;YAHOO_DIVIDENDOS;;TAEE11.SA;;COM_EVENTOS;INALTERADO;1;cc21ead6e2ff61604e5ac179722acc7b1036c423ed3d67243d7318133bb349a0;2316;data/raw/yahoo_dividendos/dividendos_TAEE11__20261006_cc21ead6.csv
20261005_213028;2026-10-06T05:33:03.458914+00:00;dividendos_TAEE4.csv;YAHOO_DIVIDENDOS;;TAEE4.SA;;COM_EVENTOS;INALTERADO;1;7d0cceeca9b9ef3fe0751eddc2b3b0156b82c637782ef84c6374ff08ae058738;1515;data/raw/yahoo_dividendos/dividendos_TAEE4__20261006_7d0cceec.csv
20261005_213028;2026-10-06T05:33:04.900629+00:00;dividendos_TASA3.csv;YAHOO_DIVIDENDOS;;TASA3.SA;;COM_EVENTOS;INALTERADO;1;2fa689facebb923d404686895b265847b711ea5643d4d14b53b8d92198f539c8;655;data/raw/yahoo_dividendos/dividendos_TASA3__20261006_2fa689fa.csv
20261005_213028;2026-10-06T05:33:05.272109+00:00;dividendos_TASA4.csv;YAHOO_DIVIDENDOS;;TASA4.SA;;COM_EVENTOS;INALTERADO;1;198aeb2b654d3b1af3ca66b31e385d8026991003835514c1283264b608e09a3b;569;data/raw/yahoo_dividendos/dividendos_TASA4__20261006_198aeb2b.csv
20261005_213028;2026-10-06T05:33:07.235642+00:00;dividendos_TCSA3.csv;YAHOO_DIVIDENDOS;;TCSA3.SA;;COM_EVENTOS;INALTERADO;1;25638dcadb22294bb112598af64ec5a4a9cadff0463f234e5cf884bd044dcafb;337;data/raw/yahoo_dividendos/dividendos_TCSA3__20261006_25638dca.csv
20261005_213028;2026-10-06T05:33:08.841173+00:00;dividendos_TEKA3.csv;YAHOO_DIVIDENDOS;;TEKA3.SA;;SEM_EVENTOS;INALTERADO;1;642daec761ccb28fc097aa7f22cfeb4552f7859c3b919e315b4f51bc1ae66de3;49;data/raw/yahoo_dividendos/dividendos_TEKA3__20261006_642daec7.csv
20261005_213028;2026-10-06T05:33:09.030031+00:00;dividendos_TECN3.csv;YAHOO_DIVIDENDOS;;TECN3.SA;;COM_EVENTOS;INALTERADO;1;716320c9f26b1484383bc4c1a501c3755276f56f0d9ddb86d58efeca09807f3f;473;data/raw/yahoo_dividendos/dividendos_TECN3__20261006_716320c9.csv
20261005_213028;2026-10-06T05:33:09.528545+00:00;dividendos_TEKA4.csv;YAHOO_DIVIDENDOS;;TEKA4.SA;;SEM_EVENTOS;INALTERADO;1;642daec761ccb28fc097aa7f22cfeb4552f7859c3b919e315b4f51bc1ae66de3;49;data/raw/yahoo_dividendos/dividendos_TEKA4__20261006_642daec7.csv
20261005_213028;2026-10-06T05:33:09.846820+00:00;dividendos_TELB3.csv;YAHOO_DIVIDENDOS;;TELB3.SA;;SEM_EVENTOS;INALTERADO;1;642daec761ccb28fc097aa7f22cfeb4552f7859c3b919e315b4f51bc1ae66de3;49;data/raw/yahoo_dividendos/dividendos_TELB3__20261006_642daec7.csv
20261005_213028;2026-10-06T05:33:10.149790+00:00;dividendos_TELB4.csv;YAHOO_DIVIDENDOS;;TELB4.SA;;SEM_EVENTOS;INALTERADO;1;642daec761ccb28fc097aa7f22cfeb4552f7859c3b919e315b4f51bc1ae66de3;49;data/raw/yahoo_dividendos/dividendos_TELB4__20261006_642daec7.csv
20261005_213028;2026-10-06T05:33:11.084246+00:00;dividendos_TEND3.csv;YAHOO_DIVIDENDOS;;TEND3.SA;;COM_EVENTOS;INALTERADO;1;cc69d33766dff8a71efd2b72417598d2543b321e46356bb951fcbb447243409b;517;data/raw/yahoo_dividendos/dividendos_TEND3__20261006_cc69d337.csv
20261005_213028;2026-10-06T05:33:14.254291+00:00;dividendos_TFCO4.csv;YAHOO_DIVIDENDOS;;TFCO4.SA;;COM_EVENTOS;INALTERADO;1;7c555f8f2189ed788415ec7314241feeee754f0a3ec36201e2a9b0c995e560a1;947;data/raw/yahoo_dividendos/dividendos_TFCO4__20261006_7c555f8f.csv
20261005_213028;2026-10-06T05:33:14.885554+00:00;dividendos_TGMA3.csv;YAHOO_DIVIDENDOS;;TGMA3.SA;;COM_EVENTOS;INALTERADO;1;d180e1c27e712193071aec64c35da5b42ee7d0182252ee6ab9f85a37431c4dae;1547;data/raw/yahoo_dividendos/dividendos_TGMA3__20261006_d180e1c2.csv
20261005_213028;2026-10-06T05:33:18.243905+00:00;dividendos_TIMS3.csv;YAHOO_DIVIDENDOS;;TIMS3.SA;;COM_EVENTOS;INALTERADO;1;10ec5779aebb2da835f7546f3be15ff98b561d610330bb48c7288cb67f1875ef;1700;data/raw/yahoo_dividendos/dividendos_TIMS3__20261006_10ec5779.csv
20261005_213028;2026-10-06T05:33:24.604466+00:00;dividendos_TOKY3.csv;YAHOO_DIVIDENDOS;;TOKY3.SA;;SEM_EVENTOS;INALTERADO;1;642daec761ccb28fc097aa7f22cfeb4552f7859c3b919e315b4f51bc1ae66de3;49;data/raw/yahoo_dividendos/dividendos_TOKY3__20261006_642daec7.csv
20261005_213028;2026-10-06T05:33:25.426787+00:00;dividendos_TOTS3.csv;YAHOO_DIVIDENDOS;;TOTS3.SA;;COM_EVENTOS;INALTERADO;1;cb8cfddb14c393019017f53627cb3ff8eea1d5170e8f5727376910995c7c4527;1754;data/raw/yahoo_dividendos/dividendos_TOTS3__20261006_cb8cfddb.csv
20261005_213028;2026-10-06T05:33:26.548593+00:00;dividendos_TPIS3.csv;YAHOO_DIVIDENDOS;;TPIS3.SA;;COM_EVENTOS;INALTERADO;1;cca56058d2bafb625ec94dd101506223b156f559e8e49a8666dbd4deed740615;689;data/raw/yahoo_dividendos/dividendos_TPIS3__20261006_cca56058.csv
20261005_213028;2026-10-06T05:33:27.983325+00:00;dividendos_TRIS3.csv;YAHOO_DIVIDENDOS;;TRIS3.SA;;COM_EVENTOS;INALTERADO;1;b44b05ee03bc737ba5d7584065feead2d34ee0d7c84e1c68f3ed215bf94f354c;695;data/raw/yahoo_dividendos/dividendos_TRIS3__20261006_b44b05ee.csv
20261005_213028;2026-10-06T05:33:29.759967+00:00;dividendos_TTEN3.csv;YAHOO_DIVIDENDOS;;TTEN3.SA;;COM_EVENTOS;INALTERADO;1;99067866154ac680183f1ae2d01682fa32ad6a755e44908eaeb7c46ed4fd109d;229;data/raw/yahoo_dividendos/dividendos_TTEN3__20261006_99067866.csv
20261005_213028;2026-10-06T05:33:30.403595+00:00;dividendos_TUPY3.csv;YAHOO_DIVIDENDOS;;TUPY3.SA;;COM_EVENTOS;INALTERADO;1;50d4c20b17381183c1bc0547b329d1a8c35ba2223a3c57882703975f8783333d;1184;data/raw/yahoo_dividendos/dividendos_TUPY3__20261006_50d4c20b.csv
20261005_213028;2026-10-06T05:33:30.944199+00:00;dividendos_TXRX3.csv;YAHOO_DIVIDENDOS;;TXRX3.SA;;SEM_EVENTOS;INALTERADO;1;642daec761ccb28fc097aa7f22cfeb4552f7859c3b919e315b4f51bc1ae66de3;49;data/raw/yahoo_dividendos/dividendos_TXRX3__20261006_642daec7.csv
20261005_213028;2026-10-06T05:33:31.641340+00:00;dividendos_TXRX4.csv;YAHOO_DIVIDENDOS;;TXRX4.SA;;SEM_EVENTOS;INALTERADO;1;642daec761ccb28fc097aa7f22cfeb4552f7859c3b919e315b4f51bc1ae66de3;49;data/raw/yahoo_dividendos/dividendos_TXRX4__20261006_642daec7.csv
20261005_213028;2026-10-06T05:33:32.115768+00:00;dividendos_UCAS3.csv;YAHOO_DIVIDENDOS;;UCAS3.SA;;COM_EVENTOS;INALTERADO;1;65cb3eff2c93a60b01e604b5a93253f7ddce8f34649380f3dea3ed7431f7e3e6;535;data/raw/yahoo_dividendos/dividendos_UCAS3__20261006_65cb3eff.csv
20261005_213028;2026-10-06T05:33:32.386624+00:00;dividendos_UGPA3.csv;YAHOO_DIVIDENDOS;;UGPA3.SA;;COM_EVENTOS;INALTERADO;1;9adf6dcd5d619c0f6264f2fdcf8c22402326f69866b2a256320dc4790faa1c94;1330;data/raw/yahoo_dividendos/dividendos_UGPA3__20261006_9adf6dcd.csv
20261005_213028;2026-10-06T05:33:33.432096+00:00;dividendos_UNIP3.csv;YAHOO_DIVIDENDOS;;UNIP3.SA;;COM_EVENTOS;INALTERADO;1;799953fca35741d7151385ba240b0ec6384e79430d69c806113f7a762e894bb9;1303;data/raw/yahoo_dividendos/dividendos_UNIP3__20261006_799953fc.csv
20261005_213028;2026-10-06T05:33:33.965859+00:00;dividendos_UNIP5.csv;YAHOO_DIVIDENDOS;;UNIP5.SA;;COM_EVENTOS;INALTERADO;1;1b4e02d4d80d837ae82c8c8eff7f5c442974849a179570c29a31770e051d95ef;1053;data/raw/yahoo_dividendos/dividendos_UNIP5__20261006_1b4e02d4.csv
20261005_213028;2026-10-06T05:33:34.269849+00:00;dividendos_UNIP6.csv;YAHOO_DIVIDENDOS;;UNIP6.SA;;COM_EVENTOS;INALTERADO;1;efaceaff37f541486768c48a26ca4ac99d93ef2748395aa23aa838d98e567130;1089;data/raw/yahoo_dividendos/dividendos_UNIP6__20261006_efaceaff.csv
20261005_213028;2026-10-06T05:33:35.253420+00:00;dividendos_USIM3.csv;YAHOO_DIVIDENDOS;;USIM3.SA;;COM_EVENTOS;INALTERADO;1;f9fc11d337e95daa35a8acc764b3375fc5d659206bf8935bdee2d96e1e1775c9;868;data/raw/yahoo_dividendos/dividendos_USIM3__20261006_f9fc11d3.csv
20261005_213028;2026-10-06T05:33:35.774020+00:00;dividendos_USIM6.csv;YAHOO_DIVIDENDOS;;USIM6.SA;;COM_EVENTOS;INALTERADO;1;d5badcef4e425807759afbefefea082098006706b18695697c8f3ded5565c9d4;660;data/raw/yahoo_dividendos/dividendos_USIM6__20261006_d5badcef.csv
20261005_213028;2026-10-06T05:33:35.966114+00:00;dividendos_USIM5.csv;YAHOO_DIVIDENDOS;;USIM5.SA;;COM_EVENTOS;INALTERADO;1;a8013547833949024c3bc8d144c93364259a3d197e5097d9b3ae7d0e2b9aa90a;907;data/raw/yahoo_dividendos/dividendos_USIM5__20261006_a8013547.csv
20261005_213028;2026-10-06T05:33:36.953319+00:00;dividendos_VALE3.csv;YAHOO_DIVIDENDOS;;VALE3.SA;;COM_EVENTOS;INALTERADO;1;642d7045d8d30b6bdc9c95ee823c3d6db1332f203843c36a2a978963a6dc75ac;1441;data/raw/yahoo_dividendos/dividendos_VALE3__20261006_642d7045.csv
20261005_213028;2026-10-06T05:33:37.961026+00:00;dividendos_VAMO3.csv;YAHOO_DIVIDENDOS;;VAMO3.SA;;COM_EVENTOS;INALTERADO;1;b15e7eff83704053f2c9ac4397ec9aaf60cebb59b25d5bb72d95ed8f9d4f5418;264;data/raw/yahoo_dividendos/dividendos_VAMO3__20261006_b15e7eff.csv
20261005_213028;2026-10-06T05:33:38.499239+00:00;dividendos_VBBR3.csv;YAHOO_DIVIDENDOS;;VBBR3.SA;;COM_EVENTOS;INALTERADO;1;a826236a709608ee1c825be73707dce7e29db3f02e9db8c36af7eba5bb5720ae;913;data/raw/yahoo_dividendos/dividendos_VBBR3__20261006_a826236a.csv
20261005_213028;2026-10-06T05:33:42.185692+00:00;dividendos_VITT3.csv;YAHOO_DIVIDENDOS;;VITT3.SA;;COM_EVENTOS;INALTERADO;1;cefb32e5771ce6352f2bcac5a0b945f284c34ef9d1a36a9467d46eb8f3d68a39;517;data/raw/yahoo_dividendos/dividendos_VITT3__20261006_cefb32e5.csv
20261005_213028;2026-10-06T05:33:42.862558+00:00;dividendos_VIVA3.csv;YAHOO_DIVIDENDOS;;VIVA3.SA;;COM_EVENTOS;INALTERADO;1;4aa9fd3e5d82ecd6afc59cc177b4193dcf714dd84adf3550310727ba51805195;372;data/raw/yahoo_dividendos/dividendos_VIVA3__20261006_4aa9fd3e.csv
20261005_213028;2026-10-06T05:33:43.988663+00:00;dividendos_VIVR3.csv;YAHOO_DIVIDENDOS;;VIVR3.SA;;SEM_EVENTOS;INALTERADO;1;642daec761ccb28fc097aa7f22cfeb4552f7859c3b919e315b4f51bc1ae66de3;49;data/raw/yahoo_dividendos/dividendos_VIVR3__20261006_642daec7.csv
20261005_213028;2026-10-06T05:33:44.746341+00:00;dividendos_VIVT3.csv;YAHOO_DIVIDENDOS;;VIVT3.SA;;COM_EVENTOS;INALTERADO;1;da08a934b9ee06ef7e171c1e5cdb47df277d88f97b8e8106cf4d06a2a4fefc71;4249;data/raw/yahoo_dividendos/dividendos_VIVT3__20261006_da08a934.csv
20261005_213028;2026-10-06T05:33:45.762944+00:00;dividendos_VLID3.csv;YAHOO_DIVIDENDOS;;VLID3.SA;;COM_EVENTOS;INALTERADO;1;7b54500abf6fadf7ab3ec75be710db795165934b697367a555f4762fe5fc3b3c;2029;data/raw/yahoo_dividendos/dividendos_VLID3__20261006_7b54500a.csv
20261005_213028;2026-10-06T05:33:46.630928+00:00;dividendos_VSTE3.csv;YAHOO_DIVIDENDOS;;VSTE3.SA;;COM_EVENTOS;INALTERADO;1;698447dcf90549396e1f1c9d11c4bfccd48b15276497abc5e55c7cf0a0ad80a8;551;data/raw/yahoo_dividendos/dividendos_VSTE3__20261006_698447dc.csv
20261005_213028;2026-10-06T05:33:46.806936+00:00;dividendos_VTRU3.csv;YAHOO_DIVIDENDOS;;VTRU3.SA;;COM_EVENTOS;INALTERADO;1;d814f4286837b9a7a665fd23f116a3201db1bf114c29c070291a0545a9088868;121;data/raw/yahoo_dividendos/dividendos_VTRU3__20261006_d814f428.csv
20261005_213028;2026-10-06T05:33:47.602562+00:00;dividendos_VULC3.csv;YAHOO_DIVIDENDOS;;VULC3.SA;;COM_EVENTOS;INALTERADO;1;74b254cd1f9dfbd4001d85f5c7fa82ee28f80590601f68ee5e490ea4e30bbf34;1290;data/raw/yahoo_dividendos/dividendos_VULC3__20261006_74b254cd.csv
20261005_213028;2026-10-06T05:33:49.283371+00:00;dividendos_VVEO3.csv;YAHOO_DIVIDENDOS;;VVEO3.SA;;COM_EVENTOS;INALTERADO;1;dc562936afb9fc0e23f6aea6b58cc346368233a2b8470c14b51501f4793c75e3;193;data/raw/yahoo_dividendos/dividendos_VVEO3__20261006_dc562936.csv
20261005_213028;2026-10-06T05:33:49.819432+00:00;dividendos_WDCN3.csv;YAHOO_DIVIDENDOS;;WDCN3.SA;;COM_EVENTOS;INALTERADO;1;486b09bf33a60ee6dea68d328ed6df6bbf67aa775122eba36e95914575dca8b8;157;data/raw/yahoo_dividendos/dividendos_WDCN3__20261006_486b09bf.csv
20261005_213028;2026-10-06T05:33:50.091540+00:00;dividendos_WEGE3.csv;YAHOO_DIVIDENDOS;;WEGE3.SA;;COM_EVENTOS;INALTERADO;1;33d9f15922a57c155ca4f6b2ee2f1d778b63914656c8bc43e9f8fd2fd7f32759;3967;data/raw/yahoo_dividendos/dividendos_WEGE3__20261006_33d9f159.csv
20261005_213028;2026-10-06T05:33:50.419798+00:00;dividendos_WEST3.csv;YAHOO_DIVIDENDOS;;WEST3.SA;;COM_EVENTOS;INALTERADO;1;cbe06750ba5932a5aca178d0842c194d4fa2eba913c15f26551c61020e25f8ee;85;data/raw/yahoo_dividendos/dividendos_WEST3__20261006_cbe06750.csv
20261005_213028;2026-10-06T05:33:50.763619+00:00;dividendos_WHRL3.csv;YAHOO_DIVIDENDOS;;WHRL3.SA;;COM_EVENTOS;INALTERADO;1;15d6d9d2cb0a970bbf1df82350bd6f0996a80d9a7c1a4aead6e4b15ff2017411;1200;data/raw/yahoo_dividendos/dividendos_WHRL3__20261006_15d6d9d2.csv
20261005_213028;2026-10-06T05:33:51.129979+00:00;dividendos_WHRL4.csv;YAHOO_DIVIDENDOS;;WHRL4.SA;;COM_EVENTOS;INALTERADO;1;f6e155eea2132b0c1a5380f44f20bf5c22fdf4d2cbbed564449a6515efc6144a;996;data/raw/yahoo_dividendos/dividendos_WHRL4__20261006_f6e155ee.csv
20261005_213028;2026-10-06T05:33:51.189180+00:00;dividendos_WLMM3.csv;YAHOO_DIVIDENDOS;;WLMM3.SA;;COM_EVENTOS;INALTERADO;1;de2ea8cdf8c1ac4d4032c9319d3db34613887c4e482ea9e80c1c06b6e58a7aaf;1003;data/raw/yahoo_dividendos/dividendos_WLMM3__20261006_de2ea8cd.csv
20261005_213028;2026-10-06T05:33:51.879101+00:00;dividendos_WLMM4.csv;YAHOO_DIVIDENDOS;;WLMM4.SA;;COM_EVENTOS;INALTERADO;1;4583d5e6335e66e47a323de09a1f5f2d2e6b88a31bbd4b7a7212d826e08280c4;1360;data/raw/yahoo_dividendos/dividendos_WLMM4__20261006_4583d5e6.csv
20261005_213028;2026-10-06T05:33:52.407304+00:00;dividendos_YDUQ3.csv;YAHOO_DIVIDENDOS;;YDUQ3.SA;;COM_EVENTOS;INALTERADO;1;2cdd73fefeecb973710ec897b7ddbe41156976a4b63bf26285656635ee0134cc;803;data/raw/yahoo_dividendos/dividendos_YDUQ3__20261006_2cdd73fe.csv
20261005_213028;2026-10-06T07:19:22.941593+00:00;dividendos_AALR3.csv;YAHOO_DIVIDENDOS;;AALR3.SA;;COM_EVENTOS;INALTERADO;1;9ad0dcbe12f7837b7fdaf1a7d233b671dccb404a94d27bc71c10cbcef2e17078;121;data/raw/yahoo_dividendos/dividendos_AALR3__20261006_9ad0dcbe.csv
20261005_213028;2026-10-06T07:19:23.286521+00:00;dividendos_ABEV3.csv;YAHOO_DIVIDENDOS;;ABEV3.SA;;COM_EVENTOS;INALTERADO;1;0d928b78a4aed2b65dba75662a1deec45a3b60b0fa9257babd8afbc4027563fd;1891;data/raw/yahoo_dividendos/dividendos_ABEV3__20261006_0d928b78.csv
20261005_213028;2026-10-06T07:19:26.532503+00:00;dividendos_AERI3.csv;YAHOO_DIVIDENDOS;;AERI3.SA;;COM_EVENTOS;INALTERADO;1;b0a80b13af9a65b7934b21db3cf704b1083baead854e776068fc5e7f37833c6d;84;data/raw/yahoo_dividendos/dividendos_AERI3__20261006_b0a80b13.csv
20261005_213028;2026-10-06T07:19:27.322659+00:00;dividendos_AFLT3.csv;YAHOO_DIVIDENDOS;;AFLT3.SA;;COM_EVENTOS;INALTERADO;1;1ebe220851d894e35befa4378dce6224e9debcf9d4a9674374c969496ffb7a18;1091;data/raw/yahoo_dividendos/dividendos_AFLT3__20261006_1ebe2208.csv
20261005_213028;2026-10-06T07:19:29.320291+00:00;dividendos_AGRO3.csv;YAHOO_DIVIDENDOS;;AGRO3.SA;;COM_EVENTOS;INALTERADO;1;a1c412066306fe8b4ee9b1b6721b9fd225b213e0d4c61750ed781acc692eb415;586;data/raw/yahoo_dividendos/dividendos_AGRO3__20261006_a1c41206.csv
20261005_213028;2026-10-06T07:19:29.555358+00:00;dividendos_AGXY3.csv;YAHOO_DIVIDENDOS;;AGXY3.SA;;COM_EVENTOS;INALTERADO;1;b8e83c2fdbabb939bed5e3d807d8132347990ce36e38260415a77916a489d693;120;data/raw/yahoo_dividendos/dividendos_AGXY3__20261006_b8e83c2f.csv
20261005_213028;2026-10-06T07:19:29.891272+00:00;dividendos_AHEB3.csv;YAHOO_DIVIDENDOS;;AHEB3.SA;;SEM_EVENTOS;INALTERADO;1;642daec761ccb28fc097aa7f22cfeb4552f7859c3b919e315b4f51bc1ae66de3;49;data/raw/yahoo_dividendos/dividendos_AHEB3__20261006_642daec7.csv
20261005_213028;2026-10-06T07:19:30.126038+00:00;dividendos_AHEB5.csv;YAHOO_DIVIDENDOS;;AHEB5.SA;;SEM_EVENTOS;INALTERADO;1;642daec761ccb28fc097aa7f22cfeb4552f7859c3b919e315b4f51bc1ae66de3;49;data/raw/yahoo_dividendos/dividendos_AHEB5__20261006_642daec7.csv
20261005_213028;2026-10-06T07:19:30.350268+00:00;dividendos_AHEB6.csv;YAHOO_DIVIDENDOS;;AHEB6.SA;;SEM_EVENTOS;INALTERADO;1;642daec761ccb28fc097aa7f22cfeb4552f7859c3b919e315b4f51bc1ae66de3;49;data/raw/yahoo_dividendos/dividendos_AHEB6__20261006_642daec7.csv
20261005_213028;2026-10-06T07:19:30.682765+00:00;dividendos_ALLD3.csv;YAHOO_DIVIDENDOS;;ALLD3.SA;;COM_EVENTOS;INALTERADO;1;d66588ab369b7567d46b42aa785538bb5f371dc485d567f717620d08e92972ef;408;data/raw/yahoo_dividendos/dividendos_ALLD3__20261006_d66588ab.csv
20261005_213028;2026-10-06T07:19:31.441825+00:00;dividendos_ALOS3.csv;YAHOO_DIVIDENDOS;;ALOS3.SA;;COM_EVENTOS;INALTERADO;1;f4c0821b2584c1ebfb2f3a740b75d2bd2c89305462b74f118fd3199d8a9a7bb9;1386;data/raw/yahoo_dividendos/dividendos_ALOS3__20261006_f4c0821b.csv
20261005_213028;2026-10-06T07:19:32.201626+00:00;dividendos_ALPA3.csv;YAHOO_DIVIDENDOS;;ALPA3.SA;;COM_EVENTOS;INALTERADO;1;f4dbdd6a072fec629f2cc0740b640b8120b594f3d88e875503fa136d6e2daa7d;1840;data/raw/yahoo_dividendos/dividendos_ALPA3__20261006_f4dbdd6a.csv
20261005_213028;2026-10-06T07:19:32.297561+00:00;dividendos_ALPA4.csv;YAHOO_DIVIDENDOS;;ALPA4.SA;;COM_EVENTOS;INALTERADO;1;e9c4c18b3fb0e03aff91b0130f4d3a48cbb4c0caee05db9d262dd86f7fb7847d;1587;data/raw/yahoo_dividendos/dividendos_ALPA4__20261006_e9c4c18b.csv
20261005_213028;2026-10-06T07:19:32.863761+00:00;dividendos_ALPK3.csv;YAHOO_DIVIDENDOS;;ALPK3.SA;;COM_EVENTOS;INALTERADO;1;24d8645f0a6f06561837291f3874a9a54d03796a2bc484efed1d41eba3edc968;85;data/raw/yahoo_dividendos/dividendos_ALPK3__20261006_24d8645f.csv
20261005_213028;2026-10-06T07:19:34.158387+00:00;dividendos_ALUP11.csv;YAHOO_DIVIDENDOS;;ALUP11.SA;;COM_EVENTOS;INALTERADO;1;6f49824864f73e298cf22c837cfc8484b15c8e43060ce3696160d98351f76b2c;1076;data/raw/yahoo_dividendos/dividendos_ALUP11__20261006_6f498248.csv
20261005_213028;2026-10-06T07:19:34.386718+00:00;dividendos_ALUP3.csv;YAHOO_DIVIDENDOS;;ALUP3.SA;;COM_EVENTOS;INALTERADO;1;a39e9bfc11c933979fa4330c2fe2310c514c851b6202c16f5820325e1b10440b;873;data/raw/yahoo_dividendos/dividendos_ALUP3__20261006_a39e9bfc.csv
20261005_213028;2026-10-06T07:19:34.856423+00:00;dividendos_ALUP4.csv;YAHOO_DIVIDENDOS;;ALUP4.SA;;COM_EVENTOS;INALTERADO;1;0f620d96d67aa45654c104690d4cfd1ddc3c28ecf1911bac204f5be4c6a7ee0a;873;data/raw/yahoo_dividendos/dividendos_ALUP4__20261006_0f620d96.csv
20261005_213028;2026-10-06T07:19:35.251113+00:00;dividendos_AMAR3.csv;YAHOO_DIVIDENDOS;;AMAR3.SA;;COM_EVENTOS;INALTERADO;1;c1b1e05fd6f9658e36259e88401a7c7987aaa4ce2e5f07cad3b9aee595265d35;515;data/raw/yahoo_dividendos/dividendos_AMAR3__20261006_c1b1e05f.csv
20261005_213028;2026-10-06T07:19:35.548412+00:00;dividendos_AMBP3.csv;YAHOO_DIVIDENDOS;;AMBP3.SA;;COM_EVENTOS;INALTERADO;1;c911662effaf6e57b0fbbe2d7d92dd41196c9c56ecf74ec604053be6ec954a79;157;data/raw/yahoo_dividendos/dividendos_AMBP3__20261006_c911662e.csv
20261005_213028;2026-10-06T07:19:37.525725+00:00;dividendos_AMER3.csv;YAHOO_DIVIDENDOS;;AMER3.SA;;COM_EVENTOS;INALTERADO;1;58dcf37a1e5e7abd9d595c98ca65f9170cf7086de6ede84756215a4fd8949941;303;data/raw/yahoo_dividendos/dividendos_AMER3__20261006_58dcf37a.csv
20261005_213028;2026-10-06T07:19:37.924380+00:00;dividendos_AMOB3.csv;YAHOO_DIVIDENDOS;;AMOB3.SA;;SEM_EVENTOS;INALTERADO;1;642daec761ccb28fc097aa7f22cfeb4552f7859c3b919e315b4f51bc1ae66de3;49;data/raw/yahoo_dividendos/dividendos_AMOB3__20261006_642daec7.csv
20261005_213028;2026-10-06T07:19:39.593449+00:00;dividendos_ANIM3.csv;YAHOO_DIVIDENDOS;;ANIM3.SA;;COM_EVENTOS;INALTERADO;1;d039dfaf62a5524d4e63ced33856a1fdf08f2ca2c7b6d54d76175ca30c17d360;365;data/raw/yahoo_dividendos/dividendos_ANIM3__20261006_d039dfaf.csv
20261005_213028;2026-10-06T07:19:40.129038+00:00;dividendos_ARML3.csv;YAHOO_DIVIDENDOS;;ARML3.SA;;COM_EVENTOS;INALTERADO;1;26f949e3e7b91c5bf16be0c3dbf344e4d97ba8d7128dea8413dfc9c6976bedb5;624;data/raw/yahoo_dividendos/dividendos_ARML3__20261006_26f949e3.csv
20261005_213028;2026-10-06T07:19:41.427527+00:00;dividendos_ATED3.csv;YAHOO_DIVIDENDOS;;ATED3.SA;;SEM_EVENTOS;INALTERADO;1;642daec761ccb28fc097aa7f22cfeb4552f7859c3b919e315b4f51bc1ae66de3;49;data/raw/yahoo_dividendos/dividendos_ATED3__20261006_642daec7.csv
20261005_213028;2026-10-06T07:19:41.513298+00:00;dividendos_ASAI3.csv;YAHOO_DIVIDENDOS;;ASAI3.SA;;COM_EVENTOS;INALTERADO;1;03b3566f3be9f0e66f20482d828d485f547f30d0c143fd8eb56e3817d6219065;336;data/raw/yahoo_dividendos/dividendos_ASAI3__20261006_03b3566f.csv
20261005_213028;2026-10-06T07:19:42.866174+00:00;dividendos_AUAU3.csv;YAHOO_DIVIDENDOS;;AUAU3.SA;;COM_EVENTOS;INALTERADO;1;aa7da9449bbd766f63e5e6c1677286eac16b4f3c1dcf51c42dc0f4c120ec148a;85;data/raw/yahoo_dividendos/dividendos_AUAU3__20261006_aa7da944.csv
20261005_213028;2026-10-06T07:19:43.010244+00:00;dividendos_AURE3.csv;YAHOO_DIVIDENDOS;;AURE3.SA;;COM_EVENTOS;INALTERADO;1;ae4391fe9786a48aa5950f64a24f33bb7da3698ec32bec834e062ee38a7c7e65;209;data/raw/yahoo_dividendos/dividendos_AURE3__20261006_ae4391fe.csv
20261005_213028;2026-10-06T07:19:43.535290+00:00;dividendos_AVLL3.csv;YAHOO_DIVIDENDOS;;AVLL3.SA;;SEM_EVENTOS;INALTERADO;1;642daec761ccb28fc097aa7f22cfeb4552f7859c3b919e315b4f51bc1ae66de3;49;data/raw/yahoo_dividendos/dividendos_AVLL3__20261006_642daec7.csv
20261005_213028;2026-10-06T07:19:44.528045+00:00;dividendos_AXIA3.csv;YAHOO_DIVIDENDOS;;AXIA3.SA;;COM_EVENTOS;INALTERADO;1;8dd498af18003ba44f5d283a5eca1e38df011d00f84c15f6e15801b3ec0e550f;696;data/raw/yahoo_dividendos/dividendos_AXIA3__20261006_8dd498af.csv
20261005_213028;2026-10-06T07:19:45.712813+00:00;dividendos_AXIA7.csv;YAHOO_DIVIDENDOS;;AXIA7.SA;;SEM_EVENTOS;INALTERADO;1;642daec761ccb28fc097aa7f22cfeb4552f7859c3b919e315b4f51bc1ae66de3;49;data/raw/yahoo_dividendos/dividendos_AXIA7__20261006_642daec7.csv
20261005_213028;2026-10-06T07:19:46.376891+00:00;dividendos_AZEV3.csv;YAHOO_DIVIDENDOS;;AZEV3.SA;;COM_EVENTOS;INALTERADO;1;348a98296208660730b42904c2de1d13a792de7ece6182a5c828af83cb6ab6c1;157;data/raw/yahoo_dividendos/dividendos_AZEV3__20261006_348a9829.csv
20261005_213028;2026-10-06T07:19:46.465164+00:00;dividendos_AZEV4.csv;YAHOO_DIVIDENDOS;;AZEV4.SA;;COM_EVENTOS;INALTERADO;1;a23efe61aea02ea3e716e79fcc8be109d10c829d8876bdfb7892737a4490169b;157;data/raw/yahoo_dividendos/dividendos_AZEV4__20261006_a23efe61.csv
20261005_213028;2026-10-06T07:19:46.768931+00:00;dividendos_AZTE3.csv;YAHOO_DIVIDENDOS;;AZTE3.SA;;SEM_EVENTOS;INALTERADO;1;642daec761ccb28fc097aa7f22cfeb4552f7859c3b919e315b4f51bc1ae66de3;49;data/raw/yahoo_dividendos/dividendos_AZTE3__20261006_642daec7.csv
20261005_213028;2026-10-06T07:19:46.858169+00:00;dividendos_AZUL3.csv;YAHOO_DIVIDENDOS;;AZUL3.SA;;SEM_EVENTOS;INALTERADO;1;642daec761ccb28fc097aa7f22cfeb4552f7859c3b919e315b4f51bc1ae66de3;49;data/raw/yahoo_dividendos/dividendos_AZUL3__20261006_642daec7.csv
20261005_213028;2026-10-06T07:19:47.335147+00:00;dividendos_AZUL97.csv;YAHOO_DIVIDENDOS;;AZUL97.SA;;SEM_EVENTOS;INALTERADO;1;642daec761ccb28fc097aa7f22cfeb4552f7859c3b919e315b4f51bc1ae66de3;49;data/raw/yahoo_dividendos/dividendos_AZUL97__20261006_642daec7.csv
20261005_213028;2026-10-06T07:19:47.936775+00:00;dividendos_AZUL98.csv;YAHOO_DIVIDENDOS;;AZUL98.SA;;SEM_EVENTOS;INALTERADO;1;642daec761ccb28fc097aa7f22cfeb4552f7859c3b919e315b4f51bc1ae66de3;49;data/raw/yahoo_dividendos/dividendos_AZUL98__20261006_642daec7.csv
20261005_213028;2026-10-06T07:19:48.603513+00:00;dividendos_AZUL99.csv;YAHOO_DIVIDENDOS;;AZUL99.SA;;SEM_EVENTOS;INALTERADO;1;642daec761ccb28fc097aa7f22cfeb4552f7859c3b919e315b4f51bc1ae66de3;49;data/raw/yahoo_dividendos/dividendos_AZUL99__20261006_642daec7.csv
20261005_213028;2026-10-06T07:19:48.732612+00:00;dividendos_AZZA3.csv;YAHOO_DIVIDENDOS;;AZZA3.SA;;COM_EVENTOS;INALTERADO;1;3ba62d7cc821ffbbc6aba439f55c34f98f62728ed0033624ba78fa5f45bb5830;1831;data/raw/yahoo_dividendos/dividendos_AZZA3__20261006_3ba62d7c.csv
20261005_213028;2026-10-06T07:19:49.513945+00:00;dividendos_BALM3.csv;YAHOO_DIVIDENDOS;;BALM3.SA;;COM_EVENTOS;INALTERADO;1;a736e873ac31ddb76e716c4704c24d9e98ea188ccb0f5bd22211132a818757e6;817;data/raw/yahoo_dividendos/dividendos_BALM3__20261006_a736e873.csv
20261005_213028;2026-10-06T07:19:50.263750+00:00;dividendos_BALM4.csv;YAHOO_DIVIDENDOS;;BALM4.SA;;COM_EVENTOS;INALTERADO;1;db887bdd4283de267f79a2b95333eb17c01c3c04aa69ea42fbf43b2ee25a50a2;781;data/raw/yahoo_dividendos/dividendos_BALM4__20261006_db887bdd.csv
20261005_213028;2026-10-06T07:19:50.431637+00:00;dividendos_BAUH4.csv;YAHOO_DIVIDENDOS;;BAUH4.SA;;COM_EVENTOS;INALTERADO;1;ad5b71844acc8a97d32f3fd2e5b7badf22f237eea2ea181af408a36e8fc8d647;464;data/raw/yahoo_dividendos/dividendos_BAUH4__20261006_ad5b7184.csv
20261005_213028;2026-10-06T07:19:51.006441+00:00;dividendos_BDLL3.csv;YAHOO_DIVIDENDOS;;BDLL3.SA;;COM_EVENTOS;INALTERADO;1;eae3339ebdac774085c07a65492a9fb9ab8d9f8f73c9cc82fc033531ef8b31af;214;data/raw/yahoo_dividendos/dividendos_BDLL3__20261006_eae3339e.csv
20261005_213028;2026-10-06T07:19:51.920637+00:00;dividendos_BDLL4.csv;YAHOO_DIVIDENDOS;;BDLL4.SA;;COM_EVENTOS;INALTERADO;1;a6295c0d72936cf23ce23d9277a05818e200a3e7f12a65096e4c081e3baa2f3b;213;data/raw/yahoo_dividendos/dividendos_BDLL4__20261006_a6295c0d.csv
20261005_213028;2026-10-06T07:19:52.184852+00:00;dividendos_BEEF3.csv;YAHOO_DIVIDENDOS;;BEEF3.SA;;COM_EVENTOS;INALTERADO;1;4da4bc4bac28994f230013524c043535ef1377ee60f1ec45bcc77efd022363ac;515;data/raw/yahoo_dividendos/dividendos_BEEF3__20261006_4da4bc4b.csv
20261005_213028;2026-10-06T07:19:53.882200+00:00;dividendos_BHIA3.csv;YAHOO_DIVIDENDOS;;BHIA3.SA;;COM_EVENTOS;INALTERADO;1;d976ba6b42602d22e15f9ae13ce779eb5332d192f0d28cd0e062c755a7535395;336;data/raw/yahoo_dividendos/dividendos_BHIA3__20261006_d976ba6b.csv
20261005_213028;2026-10-06T07:19:54.439364+00:00;dividendos_BIOM3.csv;YAHOO_DIVIDENDOS;;BIOM3.SA;;SEM_EVENTOS;INALTERADO;1;642daec761ccb28fc097aa7f22cfeb4552f7859c3b919e315b4f51bc1ae66de3;49;data/raw/yahoo_dividendos/dividendos_BIOM3__20261006_642daec7.csv
20261005_213028;2026-10-06T07:19:54.441087+00:00;dividendos_BIED3.csv;YAHOO_DIVIDENDOS;;BIED3.SA;;COM_EVENTOS;INALTERADO;1;154ca1989b046c54155114bfba6a6ce537e90c1f287ee7390acbeffc76d1aa38;300;data/raw/yahoo_dividendos/dividendos_BIED3__20261006_154ca198.csv
20261005_213028;2026-10-06T07:19:56.270553+00:00;dividendos_BLAU3.csv;YAHOO_DIVIDENDOS;;BLAU3.SA;;COM_EVENTOS;INALTERADO;1;ba823622552757409713ef267619a906ba88a5536089f8d69da18ee6eefcbe4d;840;data/raw/yahoo_dividendos/dividendos_BLAU3__20261006_ba823622.csv
20261005_213028;2026-10-06T07:19:56.411321+00:00;dividendos_BMKS3.csv;YAHOO_DIVIDENDOS;;BMKS3.SA;;COM_EVENTOS;INALTERADO;1;8d63e27ae690079fa2deecd8e1f02e4b591b39a68a0ab6443877ce457949b86d;725;data/raw/yahoo_dividendos/dividendos_BMKS3__20261006_8d63e27a.csv
20261005_213028;2026-10-06T07:19:56.997039+00:00;dividendos_BMOB3.csv;YAHOO_DIVIDENDOS;;BMOB3.SA;;COM_EVENTOS;INALTERADO;1;78a82f44b165b36802828652a7556ff32d96621ac01e52e3122a09fbcf4e2c50;373;data/raw/yahoo_dividendos/dividendos_BMOB3__20261006_78a82f44.csv
20261005_213028;2026-10-06T07:19:58.386546+00:00;dividendos_BOBR4.csv;YAHOO_DIVIDENDOS;;BOBR4.SA;;SEM_EVENTOS;INALTERADO;1;642daec761ccb28fc097aa7f22cfeb4552f7859c3b919e315b4f51bc1ae66de3;49;data/raw/yahoo_dividendos/dividendos_BOBR4__20261006_642daec7.csv
20261005_213028;2026-10-06T07:19:58.936763+00:00;dividendos_BRAV3.csv;YAHOO_DIVIDENDOS;;BRAV3.SA;;COM_EVENTOS;INALTERADO;1;54bad17b7173aeb975d01b2cedff694f66469851fc5bc00e1c48b2ffab238e40;121;data/raw/yahoo_dividendos/dividendos_BRAV3__20261006_54bad17b.csv
20261005_213028;2026-10-06T07:20:01.487025+00:00;dividendos_BRKM3.csv;YAHOO_DIVIDENDOS;;BRKM3.SA;;COM_EVENTOS;INALTERADO;1;2a4ab5f02b9459ae86d7a9e6b984a08a9f98f70bfcd495cad259de1e69b0286b;479;data/raw/yahoo_dividendos/dividendos_BRKM3__20261006_2a4ab5f0.csv
20261005_213028;2026-10-06T07:20:02.107494+00:00;dividendos_BRKM5.csv;YAHOO_DIVIDENDOS;;BRKM5.SA;;COM_EVENTOS;INALTERADO;1;fb2987d72bbc257d7c4f46698d9eb5dcffed3612a5c5aafd065485ecce638d6d;620;data/raw/yahoo_dividendos/dividendos_BRKM5__20261006_fb2987d7.csv
20261005_213028;2026-10-06T07:20:02.176664+00:00;dividendos_BRKM6.csv;YAHOO_DIVIDENDOS;;BRKM6.SA;;COM_EVENTOS;INALTERADO;1;4dc993dc99308b62b759d8e02e6b646233ab3c24cff9b52615042c8050ec8aa3;371;data/raw/yahoo_dividendos/dividendos_BRKM6__20261006_4dc993dc.csv
20261005_213028;2026-10-06T07:20:03.586773+00:00;dividendos_BRST3.csv;YAHOO_DIVIDENDOS;;BRST3.SA;;COM_EVENTOS;INALTERADO;1;26071b8e4bc26d0105acf56a75c07fdf6b86b84f3ebf255fb8883f28f105f82b;85;data/raw/yahoo_dividendos/dividendos_BRST3__20261006_26071b8e.csv
20261005_213028;2026-10-06T07:20:07.374778+00:00;dividendos_CALI3.csv;YAHOO_DIVIDENDOS;;CALI3.SA;;COM_EVENTOS;INALTERADO;1;5425b019235571e891ab8ff70f42ed9561450b3b6a25165378f7ec9661b1d39d;406;data/raw/yahoo_dividendos/dividendos_CALI3__20261006_5425b019.csv
20261005_213028;2026-10-06T07:20:08.075662+00:00;dividendos_CAMB3.csv;YAHOO_DIVIDENDOS;;CAMB3.SA;;COM_EVENTOS;INALTERADO;1;be3ddc8ffc2a6c8df63c7ba6fd4358a40894462ba33ed998c029ef363fb460ec;826;data/raw/yahoo_dividendos/dividendos_CAMB3__20261006_be3ddc8f.csv
20261005_213028;2026-10-06T07:20:08.926562+00:00;dividendos_CAML3.csv;YAHOO_DIVIDENDOS;;CAML3.SA;;COM_EVENTOS;INALTERADO;1;d918f8651b9b7a40c37ce39d0f2ef31e27b2484a8e7e8787f4ec4ea13481a564;1375;data/raw/yahoo_dividendos/dividendos_CAML3__20261006_d918f865.csv
20261005_213028;2026-10-06T07:20:09.896900+00:00;dividendos_CASH3.csv;YAHOO_DIVIDENDOS;;CASH3.SA;;COM_EVENTOS;INALTERADO;1;72d0a4d1f74dca7c63e4cbec6f021c3293d794da66be573cadbceaf26feb12c2;85;data/raw/yahoo_dividendos/dividendos_CASH3__20261006_72d0a4d1.csv
20261005_213028;2026-10-06T07:20:10.360933+00:00;dividendos_CASN3.csv;YAHOO_DIVIDENDOS;;CASN3.SA;;SEM_EVENTOS;INALTERADO;1;642daec761ccb28fc097aa7f22cfeb4552f7859c3b919e315b4f51bc1ae66de3;49;data/raw/yahoo_dividendos/dividendos_CASN3__20261006_642daec7.csv
20261005_213028;2026-10-06T07:20:11.276266+00:00;dividendos_CBAV3.csv;YAHOO_DIVIDENDOS;;CBAV3.SA;;COM_EVENTOS;INALTERADO;1;57f2c0d6bfdbf74b891f8531743d0f8dced0b26a77de44441c3637c3f86dd93c;193;data/raw/yahoo_dividendos/dividendos_CBAV3__20261006_57f2c0d6.csv
20261005_213028;2026-10-06T07:20:12.001272+00:00;dividendos_CBEE3.csv;YAHOO_DIVIDENDOS;;CBEE3.SA;;COM_EVENTOS;INALTERADO;1;283be4b0515f87e405d9e69d9f6b6e54134d340cf47b98fd265c470b78a78801;516;data/raw/yahoo_dividendos/dividendos_CBEE3__20261006_283be4b0.csv
20261005_213028;2026-10-06T07:20:15.702222+00:00;dividendos_CCTY3.csv;YAHOO_DIVIDENDOS;;CCTY3.SA;;SEM_EVENTOS;INALTERADO;1;642daec761ccb28fc097aa7f22cfeb4552f7859c3b919e315b4f51bc1ae66de3;49;data/raw/yahoo_dividendos/dividendos_CCTY3__20261006_642daec7.csv
20261005_213028;2026-10-06T07:20:16.336781+00:00;dividendos_CEAB3.csv;YAHOO_DIVIDENDOS;;CEAB3.SA;;COM_EVENTOS;INALTERADO;1;292103de134056d3f2e34db3d37a7e8283b916cc11841dfbc52b7c9d572d1e90;191;data/raw/yahoo_dividendos/dividendos_CEAB3__20261006_292103de.csv
20261005_213028;2026-10-06T07:20:16.423717+00:00;dividendos_CEBR3.csv;YAHOO_DIVIDENDOS;;CEBR3.SA;;COM_EVENTOS;INALTERADO;1;862b5aa062c01ecd9c12ac1832b276d5dac6032a98a0d28e0ebf3ce6a43cba4c;652;data/raw/yahoo_dividendos/dividendos_CEBR3__20261006_862b5aa0.csv
20261005_213028;2026-10-06T07:20:17.059932+00:00;dividendos_CEBR5.csv;YAHOO_DIVIDENDOS;;CEBR5.SA;;COM_EVENTOS;INALTERADO;1;0051730f3276195fc2d260c9776800e96be262864d21864496d55523d78b3a63;653;data/raw/yahoo_dividendos/dividendos_CEBR5__20261006_0051730f.csv
20261005_213028;2026-10-06T07:20:17.384779+00:00;dividendos_CEBR6.csv;YAHOO_DIVIDENDOS;;CEBR6.SA;;COM_EVENTOS;INALTERADO;1;64e2b39d165cd3768c9fa6aae57ed6b0b2936a8de3a78d9ddb86f5f2b3307311;657;data/raw/yahoo_dividendos/dividendos_CEBR6__20261006_64e2b39d.csv
20261005_213028;2026-10-06T07:20:17.820884+00:00;dividendos_CEDO3.csv;YAHOO_DIVIDENDOS;;CEDO3.SA;;COM_EVENTOS;INALTERADO;1;27c611b76745117f20b312149019ad4012e135044dbbed344964afd7c5aa8447;458;data/raw/yahoo_dividendos/dividendos_CEDO3__20261006_27c611b7.csv
20261005_213028;2026-10-06T07:20:17.909072+00:00;dividendos_CEDO4.csv;YAHOO_DIVIDENDOS;;CEDO4.SA;;COM_EVENTOS;INALTERADO;1;6609f9da24e66d7d95d03725aec70557ff038f0e136bfbb8cec2a40aadb11130;211;data/raw/yahoo_dividendos/dividendos_CEDO4__20261006_6609f9da.csv
20261005_213028;2026-10-06T07:20:18.585351+00:00;dividendos_CEEB3.csv;YAHOO_DIVIDENDOS;;CEEB3.SA;;COM_EVENTOS;INALTERADO;1;40f5ac68ca3213db96121803c70ee2ad1a5d579b3ae029e18f4afcd5c781c67e;2350;data/raw/yahoo_dividendos/dividendos_CEEB3__20261006_40f5ac68.csv
20261005_213028;2026-10-06T07:20:18.763551+00:00;dividendos_CEEB5.csv;YAHOO_DIVIDENDOS;;CEEB5.SA;;COM_EVENTOS;INALTERADO;1;4d05236b3c0308b314503079a19f5bb109f1705c02ed1ed5499f691fb6dd308f;2130;data/raw/yahoo_dividendos/dividendos_CEEB5__20261006_4d05236b.csv
20261005_213028;2026-10-06T07:20:19.166361+00:00;dividendos_CEED3.csv;YAHOO_DIVIDENDOS;;CEED3.SA;;SEM_EVENTOS;INALTERADO;1;642daec761ccb28fc097aa7f22cfeb4552f7859c3b919e315b4f51bc1ae66de3;49;data/raw/yahoo_dividendos/dividendos_CEED3__20261006_642daec7.csv
20261005_213028;2026-10-06T07:20:19.297104+00:00;dividendos_CEED4.csv;YAHOO_DIVIDENDOS;;CEED4.SA;;SEM_EVENTOS;INALTERADO;1;642daec761ccb28fc097aa7f22cfeb4552f7859c3b919e315b4f51bc1ae66de3;49;data/raw/yahoo_dividendos/dividendos_CEED4__20261006_642daec7.csv
20261005_213028;2026-10-06T07:20:19.952056+00:00;dividendos_CEGR3.csv;YAHOO_DIVIDENDOS;;CEGR3.SA;;COM_EVENTOS;INALTERADO;1;3cd18895d4c12cbeea8b9d72f2f1d084eb38b064b397ec388ec7d1456dc453d2;1362;data/raw/yahoo_dividendos/dividendos_CEGR3__20261006_3cd18895.csv
20261005_213028;2026-10-06T07:20:25.536831+00:00;dividendos_CGAS3.csv;YAHOO_DIVIDENDOS;;CGAS3.SA;;COM_EVENTOS;INALTERADO;1;d3c7be53c50e671fcf449afa8ebf4b6e589092bce4049c3272d06a988f384a39;1734;data/raw/yahoo_dividendos/dividendos_CGAS3__20261006_d3c7be53.csv
20261005_213028;2026-10-06T07:20:26.226063+00:00;dividendos_CGAS5.csv;YAHOO_DIVIDENDOS;;CGAS5.SA;;COM_EVENTOS;INALTERADO;1;6ce443c777878ae70a6231f9fda366cf23d8cee4a361501d53391a350eb5416b;1702;data/raw/yahoo_dividendos/dividendos_CGAS5__20261006_6ce443c7.csv
20261005_213028;2026-10-06T07:20:26.390861+00:00;dividendos_CGRA3.csv;YAHOO_DIVIDENDOS;;CGRA3.SA;;COM_EVENTOS;INALTERADO;1;acaabea2d486b55dc14f388216d1423b6a7b53636535928f485d0c4bf086363a;1196;data/raw/yahoo_dividendos/dividendos_CGRA3__20261006_acaabea2.csv
20261005_213028;2026-10-06T07:20:27.092183+00:00;dividendos_CGRA4.csv;YAHOO_DIVIDENDOS;;CGRA4.SA;;COM_EVENTOS;INALTERADO;1;2be978721479e591acb9b6923ac1955483fa9897ccc20cbee35fe41e11f48f31;1164;data/raw/yahoo_dividendos/dividendos_CGRA4__20261006_2be97872.csv
20261005_213028;2026-10-06T07:20:29.312471+00:00;dividendos_CLSC3.csv;YAHOO_DIVIDENDOS;;CLSC3.SA;;COM_EVENTOS;INALTERADO;1;04f258c516d2dec55961e728a1799f2161b87165ecacb071f72c406d44ea3337;1554;data/raw/yahoo_dividendos/dividendos_CLSC3__20261006_04f258c5.csv
20261005_213028;2026-10-06T07:20:29.968423+00:00;dividendos_CLSC4.csv;YAHOO_DIVIDENDOS;;CLSC4.SA;;COM_EVENTOS;INALTERADO;1;c19364c490c9035b61b29f0af6a9f70eb8034dada0e2d50f0973018851128c55;1303;data/raw/yahoo_dividendos/dividendos_CLSC4__20261006_c19364c4.csv
20261005_213028;2026-10-06T07:20:32.458346+00:00;dividendos_CMIG3.csv;YAHOO_DIVIDENDOS;;CMIG3.SA;;COM_EVENTOS;INALTERADO;1;65a27b0adefd09bf5092abcbabe1386a2c4707f5deeb92700cd44ee9098d3ad9;2050;data/raw/yahoo_dividendos/dividendos_CMIG3__20261006_65a27b0a.csv
20261005_213028;2026-10-06T07:20:33.019228+00:00;dividendos_CMIN3.csv;YAHOO_DIVIDENDOS;;CMIN3.SA;;COM_EVENTOS;INALTERADO;1;af6fb8b50215a0cfd0b446b5d3e019754301dd27934c9938de0ee94c23600d99;659;data/raw/yahoo_dividendos/dividendos_CMIN3__20261006_af6fb8b5.csv
20261005_213028;2026-10-06T07:20:33.044359+00:00;dividendos_CMIG4.csv;YAHOO_DIVIDENDOS;;CMIG4.SA;;COM_EVENTOS;INALTERADO;1;8e8ba82eda34a21b4b8fae6e89fb9fb71e8f7321e389804e1a3d168fcb189fff;1946;data/raw/yahoo_dividendos/dividendos_CMIG4__20261006_8e8ba82e.csv
20261005_213028;2026-10-06T07:20:35.120161+00:00;dividendos_COCE3.csv;YAHOO_DIVIDENDOS;;COCE3.SA;;COM_EVENTOS;INALTERADO;1;7e615e4d84e9765c05b7b856e580317874fb3d94d9f4b8f75acd07608067186d;800;data/raw/yahoo_dividendos/dividendos_COCE3__20261006_7e615e4d.csv
20261005_213028;2026-10-06T07:20:36.362478+00:00;dividendos_COCE5.csv;YAHOO_DIVIDENDOS;;COCE5.SA;;COM_EVENTOS;INALTERADO;1;ea661685f9685876ca0977554e1172e2138bd0ebc500cb12067ba874162287f0;765;data/raw/yahoo_dividendos/dividendos_COCE5__20261006_ea661685.csv
20261005_213028;2026-10-06T07:20:37.363142+00:00;dividendos_COGN3.csv;YAHOO_DIVIDENDOS;;COGN3.SA;;COM_EVENTOS;INALTERADO;1;b33523ff0f5156edfb10963c7b73dd391c4a28343c750cb1200a897eefdd99d4;1129;data/raw/yahoo_dividendos/dividendos_COGN3__20261006_b33523ff.csv
20261005_213028;2026-10-06T07:20:38.211207+00:00;dividendos_CPFE3.csv;YAHOO_DIVIDENDOS;;CPFE3.SA;;COM_EVENTOS;INALTERADO;1;a7e1ee78d313d209a239b80f9734fad3e183cfecfdd4a161eba8ba9ed5afbe1b;983;data/raw/yahoo_dividendos/dividendos_CPFE3__20261006_a7e1ee78.csv
20261005_213028;2026-10-06T07:20:39.157821+00:00;dividendos_CPLE3.csv;YAHOO_DIVIDENDOS;;CPLE3.SA;;COM_EVENTOS;INALTERADO;1;fa5f062ec977ed6e163e10cedf0e6ab405b7d53da4e0a39f0c93b61eb9ac7a95;1335;data/raw/yahoo_dividendos/dividendos_CPLE3__20261006_fa5f062e.csv
20261005_213028;2026-10-06T07:20:42.914128+00:00;dividendos_CRPG3.csv;YAHOO_DIVIDENDOS;;CRPG3.SA;;COM_EVENTOS;INALTERADO;1;37968e99c0c5a747389dee380bd326d4250b77e4ecb0e9881e016e7faa7de5c4;889;data/raw/yahoo_dividendos/dividendos_CRPG3__20261006_37968e99.csv
20261005_213028;2026-10-06T07:20:43.037151+00:00;dividendos_CRPG5.csv;YAHOO_DIVIDENDOS;;CRPG5.SA;;COM_EVENTOS;INALTERADO;1;bfacd51b4541fd5664cf648aace602b01103364a14ea0942ada53a76e1c3d3e5;886;data/raw/yahoo_dividendos/dividendos_CRPG5__20261006_bfacd51b.csv
20261005_213028;2026-10-06T07:20:43.611018+00:00;dividendos_CRPG6.csv;YAHOO_DIVIDENDOS;;CRPG6.SA;;COM_EVENTOS;INALTERADO;1;83e828c71d46710a4b29c47ea59622540d3a77ea04791a91fa98d755dcbdfeef;855;data/raw/yahoo_dividendos/dividendos_CRPG6__20261006_83e828c7.csv
20261005_213028;2026-10-06T07:20:44.510846+00:00;dividendos_CSAN3.csv;YAHOO_DIVIDENDOS;;CSAN3.SA;;COM_EVENTOS;INALTERADO;1;5804723db0c801befbf9d4057ae9ab27ab562e533a1e8dd02832c2e71c0aa6be;839;data/raw/yahoo_dividendos/dividendos_CSAN3__20261006_5804723d.csv
20261005_213028;2026-10-06T07:20:44.659383+00:00;dividendos_CSED3.csv;YAHOO_DIVIDENDOS;;CSED3.SA;;COM_EVENTOS;INALTERADO;1;28a377f2806439df290bd97e3f3efca9b4c2d01ae94ec4cbd29a525f8edc6275;334;data/raw/yahoo_dividendos/dividendos_CSED3__20261006_28a377f2.csv
20261005_213028;2026-10-06T07:20:45.345486+00:00;dividendos_CSMG3.csv;YAHOO_DIVIDENDOS;;CSMG3.SA;;COM_EVENTOS;INALTERADO;1;048513d9545a2511e971c0b5195bf7b2719ac6caf3e6f1d163557e20d65757c0;2488;data/raw/yahoo_dividendos/dividendos_CSMG3__20261006_048513d9.csv
20261005_213028;2026-10-06T07:20:45.418745+00:00;dividendos_CSNA3.csv;YAHOO_DIVIDENDOS;;CSNA3.SA;;COM_EVENTOS;INALTERADO;1;3e1e48a70f69abdc5dbad88f6226d3ae3db1f3a30d96a5866d3d0d982923622a;1046;data/raw/yahoo_dividendos/dividendos_CSNA3__20261006_3e1e48a7.csv
20261005_213028;2026-10-06T07:20:47.407986+00:00;dividendos_CSUD3.csv;YAHOO_DIVIDENDOS;;CSUD3.SA;;COM_EVENTOS;INALTERADO;1;c2e386c2c4b2136bcbdf951bec89e7eadf7d8180a95bf33e26465f7b4e88bbd7;1769;data/raw/yahoo_dividendos/dividendos_CSUD3__20261006_c2e386c2.csv
20261005_213028;2026-10-06T07:20:48.302226+00:00;dividendos_CTAX3.csv;YAHOO_DIVIDENDOS;;CTAX3.SA;;COM_EVENTOS;INALTERADO;1;e9afed3ca38dc0c0c45936e03fb38fbc72035c45ae0334f58ad4493459cce9a0;413;data/raw/yahoo_dividendos/dividendos_CTAX3__20261006_e9afed3c.csv
20261005_213028;2026-10-06T07:20:49.205990+00:00;dividendos_CTKA3.csv;YAHOO_DIVIDENDOS;;CTKA3.SA;;COM_EVENTOS;INALTERADO;1;62e303f9f84bb8356a52f12913d3d3ad30143d3a88c5844194fd26f171205733;157;data/raw/yahoo_dividendos/dividendos_CTKA3__20261006_62e303f9.csv
20261005_213028;2026-10-06T07:20:49.924632+00:00;dividendos_CTKA4.csv;YAHOO_DIVIDENDOS;;CTKA4.SA;;COM_EVENTOS;INALTERADO;1;1a83371865fdb77e78d33aff33ebdc75db5b5bb0abce25bcb25c8e01efcb8841;119;data/raw/yahoo_dividendos/dividendos_CTKA4__20261006_1a833718.csv
20261005_213028;2026-10-06T07:20:50.627275+00:00;dividendos_CTNM4.csv;YAHOO_DIVIDENDOS;;CTNM4.SA;;COM_EVENTOS;INALTERADO;1;9364b050f49b383463d1c4a7126f5908be4c9e157bc7fc9ee212143530348b01;85;data/raw/yahoo_dividendos/dividendos_CTNM4__20261006_9364b050.csv
20261005_213028;2026-10-06T07:20:51.339900+00:00;dividendos_CTSA3.csv;YAHOO_DIVIDENDOS;;CTSA3.SA;;COM_EVENTOS;INALTERADO;1;a41472f20131aaa6baae68c430ad9d8f406e8ca4a5af2869edcc2c9e57bb419b;804;data/raw/yahoo_dividendos/dividendos_CTSA3__20261006_a41472f2.csv
20261005_213028;2026-10-06T07:20:52.082418+00:00;dividendos_CTSA4.csv;YAHOO_DIVIDENDOS;;CTSA4.SA;;COM_EVENTOS;INALTERADO;1;f8fd59b6bc6ab27c94516221d1e1e371b66461c8ff32a9040ec292f5eb9f500b;588;data/raw/yahoo_dividendos/dividendos_CTSA4__20261006_f8fd59b6.csv
20261005_213028;2026-10-06T07:20:52.153178+00:00;dividendos_CURY3.csv;YAHOO_DIVIDENDOS;;CURY3.SA;;COM_EVENTOS;INALTERADO;1;2ba8c2ef4f593098bd124af2c8b4e69be1ceeff1be422bc729acd3b51730e9a7;693;data/raw/yahoo_dividendos/dividendos_CURY3__20261006_2ba8c2ef.csv
20261005_213028;2026-10-06T07:20:52.816826+00:00;dividendos_CVCB3.csv;YAHOO_DIVIDENDOS;;CVCB3.SA;;COM_EVENTOS;INALTERADO;1;4e60b6596140864ad977348bb7cf1d7a0db2074e8bc9c66780a45bb718812485;516;data/raw/yahoo_dividendos/dividendos_CVCB3__20261006_4e60b659.csv
20261005_213028;2026-10-06T07:20:52.949496+00:00;dividendos_CYRE3.csv;YAHOO_DIVIDENDOS;;CYRE3.SA;;COM_EVENTOS;INALTERADO;1;782a19624f206adc7777d0bacbb5e5a76541d22c6ce004ce824bdb5b33943268;803;data/raw/yahoo_dividendos/dividendos_CYRE3__20261006_782a1962.csv
20261005_213028;2026-10-06T07:20:53.217232+00:00;dividendos_CYRE4.csv;YAHOO_DIVIDENDOS;;CYRE4.SA;;SEM_EVENTOS;INALTERADO;1;642daec761ccb28fc097aa7f22cfeb4552f7859c3b919e315b4f51bc1ae66de3;49;data/raw/yahoo_dividendos/dividendos_CYRE4__20261006_642daec7.csv
20261005_213028;2026-10-06T07:20:53.581903+00:00;dividendos_DASA3.csv;YAHOO_DIVIDENDOS;;DASA3.SA;;COM_EVENTOS;INALTERADO;1;4f739ce5ff9ab4e7bac14d28bc22f5f47188b1f91d915ff3c837bc6f7ca292ce;625;data/raw/yahoo_dividendos/dividendos_DASA3__20261006_4f739ce5.csv
20261005_213028;2026-10-06T07:20:53.767487+00:00;dividendos_DESK3.csv;YAHOO_DIVIDENDOS;;DESK3.SA;;COM_EVENTOS;INALTERADO;1;007554c6ca778febfc1d414d24ab9845c07f3aa889ef0098311dad553fecb686;301;data/raw/yahoo_dividendos/dividendos_DESK3__20261006_007554c6.csv
20261005_213028;2026-10-06T07:20:54.192155+00:00;dividendos_DEXP4.csv;YAHOO_DIVIDENDOS;;DEXP4.SA;;COM_EVENTOS;INALTERADO;1;b110e10733a370161edd5519c86716a182507f8b2fb102a1526b391c5cff05ef;337;data/raw/yahoo_dividendos/dividendos_DEXP4__20261006_b110e107.csv
20261005_213028;2026-10-06T07:20:54.303077+00:00;dividendos_DEXP3.csv;YAHOO_DIVIDENDOS;;DEXP3.SA;;COM_EVENTOS;INALTERADO;1;104e15113aee4658d5b2507aa2767d96c151d0aa752b43c8da599a1c732d7bd1;408;data/raw/yahoo_dividendos/dividendos_DEXP3__20261006_104e1511.csv
20261005_213028;2026-10-06T07:20:56.106993+00:00;dividendos_DMVF3.csv;YAHOO_DIVIDENDOS;;DMVF3.SA;;SEM_EVENTOS;INALTERADO;1;642daec761ccb28fc097aa7f22cfeb4552f7859c3b919e315b4f51bc1ae66de3;49;data/raw/yahoo_dividendos/dividendos_DMVF3__20261006_642daec7.csv
20261005_213028;2026-10-06T07:20:56.319722+00:00;dividendos_DIRR3.csv;YAHOO_DIVIDENDOS;;DIRR3.SA;;COM_EVENTOS;INALTERADO;1;38e13e83b5a577f40a7308d300c3dc2f4f24bb4e3971728a00dec397f5992f42;835;data/raw/yahoo_dividendos/dividendos_DIRR3__20261006_38e13e83.csv
20261005_213028;2026-10-06T07:20:58.011296+00:00;dividendos_DOHL3.csv;YAHOO_DIVIDENDOS;;DOHL3.SA;;COM_EVENTOS;INALTERADO;1;42571061ee4151cc2eff43872c2788299bc7f13dfc6230de9cf152c9d7c0f996;684;data/raw/yahoo_dividendos/dividendos_DOHL3__20261006_42571061.csv
20261005_213028;2026-10-06T07:20:58.049562+00:00;dividendos_DOHL4.csv;YAHOO_DIVIDENDOS;;DOHL4.SA;;COM_EVENTOS;INALTERADO;1;a41338522b606341eb5c86b00d3d9307d2da6a9ecb302abefd02acfa7ff53205;593;data/raw/yahoo_dividendos/dividendos_DOHL4__20261006_a4133852.csv
20261005_213028;2026-10-06T07:20:58.659486+00:00;dividendos_DOTZ3.csv;YAHOO_DIVIDENDOS;;DOTZ3.SA;;SEM_EVENTOS;INALTERADO;1;642daec761ccb28fc097aa7f22cfeb4552f7859c3b919e315b4f51bc1ae66de3;49;data/raw/yahoo_dividendos/dividendos_DOTZ3__20261006_642daec7.csv
20261005_213028;2026-10-06T07:20:59.231507+00:00;dividendos_DTCY3.csv;YAHOO_DIVIDENDOS;;DTCY3.SA;;SEM_EVENTOS;INALTERADO;1;642daec761ccb28fc097aa7f22cfeb4552f7859c3b919e315b4f51bc1ae66de3;49;data/raw/yahoo_dividendos/dividendos_DTCY3__20261006_642daec7.csv
20261005_213028;2026-10-06T07:21:01.433198+00:00;dividendos_DXCO3.csv;YAHOO_DIVIDENDOS;;DXCO3.SA;;COM_EVENTOS;INALTERADO;1;ac38d6b79ef42bdc1d90f8f33e81482407663842f9207f64443131c7f419fd6e;1124;data/raw/yahoo_dividendos/dividendos_DXCO3__20261006_ac38d6b7.csv
20261005_213028;2026-10-06T07:21:02.894408+00:00;dividendos_EALT3.csv;YAHOO_DIVIDENDOS;;EALT3.SA;;COM_EVENTOS;INALTERADO;1;2076c8cce7689da3ee1f63f64b9a21faaa13076e623cda6ab4df15c8047aff7c;729;data/raw/yahoo_dividendos/dividendos_EALT3__20261006_2076c8cc.csv
20261005_213028;2026-10-06T07:21:03.491666+00:00;dividendos_EALT4.csv;YAHOO_DIVIDENDOS;;EALT4.SA;;COM_EVENTOS;INALTERADO;1;0375ab9d6d66424fd701dc26e61465580706b1813f9d5de0d803bd67adb87843;767;data/raw/yahoo_dividendos/dividendos_EALT4__20261006_0375ab9d.csv
20261005_213028;2026-10-06T07:21:05.113982+00:00;dividendos_ECOM3.csv;YAHOO_DIVIDENDOS;;ECOM3.SA;;COM_EVENTOS;INALTERADO;1;456360f2d108c134f62f7be5f0e25bc5fb4600a66ca2bcff18beec0d4b36962f;85;data/raw/yahoo_dividendos/dividendos_ECOM3__20261006_456360f2.csv
20261005_213028;2026-10-06T07:21:05.756730+00:00;dividendos_ECOR3.csv;YAHOO_DIVIDENDOS;;ECOR3.SA;;COM_EVENTOS;INALTERADO;1;42e3214f5b9b552bad54c611cadebd1f8a68ff971e7090f1831c646a0f3d5256;801;data/raw/yahoo_dividendos/dividendos_ECOR3__20261006_42e3214f.csv
20261005_213028;2026-10-06T07:21:07.292515+00:00;dividendos_EGGY3.csv;YAHOO_DIVIDENDOS;;EGGY3.SA;;SEM_EVENTOS;INALTERADO;1;642daec761ccb28fc097aa7f22cfeb4552f7859c3b919e315b4f51bc1ae66de3;49;data/raw/yahoo_dividendos/dividendos_EGGY3__20261006_642daec7.csv
20261005_213028;2026-10-06T07:21:07.763092+00:00;dividendos_EGIE3.csv;YAHOO_DIVIDENDOS;;EGIE3.SA;;COM_EVENTOS;INALTERADO;1;20585436bb9492eb8ebf985785a48ae7565f5dc5a444ae6036a1dc2c6fe63201;2024;data/raw/yahoo_dividendos/dividendos_EGIE3__20261006_20585436.csv
20261005_213028;2026-10-06T07:21:07.915218+00:00;dividendos_EKTR3.csv;YAHOO_DIVIDENDOS;;EKTR3.SA;;COM_EVENTOS;INALTERADO;1;a1e526656b3b6e49d6f77b6402289f3360baec6314830d1e3a6f98484046191a;2165;data/raw/yahoo_dividendos/dividendos_EKTR3__20261006_a1e52665.csv
20261005_213028;2026-10-06T07:21:08.540000+00:00;dividendos_EKTR4.csv;YAHOO_DIVIDENDOS;;EKTR4.SA;;COM_EVENTOS;INALTERADO;1;afd1173470b4011d91b742da71e095906806b5e993b63bacfc604b9ea1468e69;2024;data/raw/yahoo_dividendos/dividendos_EKTR4__20261006_afd11734.csv
20261005_213028;2026-10-06T07:21:12.789842+00:00;dividendos_EMAE3.csv;YAHOO_DIVIDENDOS;;EMAE3.SA;;COM_EVENTOS;INALTERADO;1;3498f25b4fab892277a76112e272eff10495ea28fe2eff98f1326c28f47e04c8;583;data/raw/yahoo_dividendos/dividendos_EMAE3__20261006_3498f25b.csv
20261005_213028;2026-10-06T07:21:13.625729+00:00;dividendos_EMAE4.csv;YAHOO_DIVIDENDOS;;EMAE4.SA;;COM_EVENTOS;INALTERADO;1;1a4b4082c95cc974166b350ae68ac7f023d9e882152ca6267d2929a5085567cc;831;data/raw/yahoo_dividendos/dividendos_EMAE4__20261006_1a4b4082.csv
20261005_213028;2026-10-06T07:21:14.206313+00:00;dividendos_EMBJ3.csv;YAHOO_DIVIDENDOS;;EMBJ3.SA;;COM_EVENTOS;INALTERADO;1;6e591f3c626038f67f9f2e828bbb101cf551c8d1bcfdf0737fcc143ad5966592;1652;data/raw/yahoo_dividendos/dividendos_EMBJ3__20261006_6e591f3c.csv
20261005_213028;2026-10-06T07:21:16.164860+00:00;dividendos_ENEV3.csv;YAHOO_DIVIDENDOS;;ENEV3.SA;;COM_EVENTOS;INALTERADO;1;d447af79c1b1e030c9f74f5354d935346de1a772a49eaa516b2009225db583ee;85;data/raw/yahoo_dividendos/dividendos_ENEV3__20261006_d447af79.csv
20261005_213028;2026-10-06T07:21:16.797134+00:00;dividendos_ENGI3.csv;YAHOO_DIVIDENDOS;;ENGI3.SA;;COM_EVENTOS;INALTERADO;1;d559642bae426239dd31a30292ec5608a681eabb4eed8585a40e66c221eb483b;1478;data/raw/yahoo_dividendos/dividendos_ENGI3__20261006_d559642b.csv
20261005_213028;2026-10-06T07:21:16.943359+00:00;dividendos_ENGI11.csv;YAHOO_DIVIDENDOS;;ENGI11.SA;;COM_EVENTOS;INALTERADO;1;ae3dcc8b96af9c09ac25ba96f2f02359105cc33f30f3c61ce17fd275e86e3120;1395;data/raw/yahoo_dividendos/dividendos_ENGI11__20261006_ae3dcc8b.csv
20261005_213028;2026-10-06T07:21:17.551712+00:00;dividendos_ENJU3.csv;YAHOO_DIVIDENDOS;;ENJU3.SA;;COM_EVENTOS;INALTERADO;1;1f7a768e07694b77ab600c02758fd886960482556596ac4ced64ce95087d2e87;85;data/raw/yahoo_dividendos/dividendos_ENJU3__20261006_1f7a768e.csv
20261005_213028;2026-10-06T07:21:17.552245+00:00;dividendos_ENGI4.csv;YAHOO_DIVIDENDOS;;ENGI4.SA;;COM_EVENTOS;INALTERADO;1;e4c5dc06c96c1f4b529381882cce49a9fbe94b12f7d216852403764f7fd0d18c;1395;data/raw/yahoo_dividendos/dividendos_ENGI4__20261006_e4c5dc06.csv
20261005_213028;2026-10-06T07:21:18.183626+00:00;dividendos_ENMT4.csv;YAHOO_DIVIDENDOS;;ENMT4.SA;;COM_EVENTOS;INALTERADO;1;36a7ebcd820dc37bcaa9a624a23a0f7f05a5a629597425733503c3155956b44e;1186;data/raw/yahoo_dividendos/dividendos_ENMT4__20261006_36a7ebcd.csv
20261005_213028;2026-10-06T07:21:18.266025+00:00;dividendos_ENMT3.csv;YAHOO_DIVIDENDOS;;ENMT3.SA;;COM_EVENTOS;INALTERADO;1;9dae9f4c4706e3ea63952d9df99e63e6551b32a79bc11b67c7d4f9dd9aaa4c36;1076;data/raw/yahoo_dividendos/dividendos_ENMT3__20261006_9dae9f4c.csv
20261005_213028;2026-10-06T07:21:18.710080+00:00;dividendos_EPAR3.csv;YAHOO_DIVIDENDOS;;EPAR3.SA;;COM_EVENTOS;INALTERADO;1;ef94c10c46ec48333c4dec2834531555a333b1f04561e6fda66b45418ba70a69;369;data/raw/yahoo_dividendos/dividendos_EPAR3__20261006_ef94c10c.csv
20261005_213028;2026-10-06T07:21:19.006723+00:00;dividendos_EQPA3.csv;YAHOO_DIVIDENDOS;;EQPA3.SA;;COM_EVENTOS;INALTERADO;1;eabd2932e21393f50e3f70190097044e13f5ec0342f9c7dafcccadaf3b2dc38b;821;data/raw/yahoo_dividendos/dividendos_EQPA3__20261006_eabd2932.csv
20261005_213028;2026-10-06T07:21:19.317325+00:00;dividendos_EQPA5.csv;YAHOO_DIVIDENDOS;;EQPA5.SA;;COM_EVENTOS;INALTERADO;1;cac184fd486fd4ea5c496053acc47f78fab6ae1520ef2c2ab846899703679052;785;data/raw/yahoo_dividendos/dividendos_EQPA5__20261006_cac184fd.csv
20261005_213028;2026-10-06T07:21:19.641456+00:00;dividendos_EQPA6.csv;YAHOO_DIVIDENDOS;;EQPA6.SA;;COM_EVENTOS;INALTERADO;1;aa9ff4fc713d03b69e1907524bc687d174bf279045da599ac2b43da1854c2558;785;data/raw/yahoo_dividendos/dividendos_EQPA6__20261006_aa9ff4fc.csv
20261005_213028;2026-10-06T07:21:19.872766+00:00;dividendos_EQPA7.csv;YAHOO_DIVIDENDOS;;EQPA7.SA;;COM_EVENTOS;INALTERADO;1;4f5a2aabe41eda4825fcdd03ac67c925be2820f189f1a4050128d480d5742424;785;data/raw/yahoo_dividendos/dividendos_EQPA7__20261006_4f5a2aab.csv
20261005_213028;2026-10-06T07:21:20.341073+00:00;dividendos_EQTL3.csv;YAHOO_DIVIDENDOS;;EQTL3.SA;;COM_EVENTOS;INALTERADO;1;31b9ae76ae07fa7886f893608becfc4233980c2a721e959b094dfe0321d968aa;1051;data/raw/yahoo_dividendos/dividendos_EQTL3__20261006_31b9ae76.csv
20261005_213028;2026-10-06T07:21:20.443883+00:00;dividendos_ESPA3.csv;YAHOO_DIVIDENDOS;;ESPA3.SA;;COM_EVENTOS;INALTERADO;1;b66d5d6e211d48908b0283746db6fc9eb7422d81b120893627c66c6c484d066c;229;data/raw/yahoo_dividendos/dividendos_ESPA3__20261006_b66d5d6e.csv
20261005_213028;2026-10-06T07:21:21.030223+00:00;dividendos_ESTR3.csv;YAHOO_DIVIDENDOS;;ESTR3.SA;;SEM_EVENTOS;INALTERADO;1;642daec761ccb28fc097aa7f22cfeb4552f7859c3b919e315b4f51bc1ae66de3;49;data/raw/yahoo_dividendos/dividendos_ESTR3__20261006_642daec7.csv
20261005_213028;2026-10-06T07:21:21.925917+00:00;dividendos_ESTR4.csv;YAHOO_DIVIDENDOS;;ESTR4.SA;;SEM_EVENTOS;INALTERADO;1;642daec761ccb28fc097aa7f22cfeb4552f7859c3b919e315b4f51bc1ae66de3;49;data/raw/yahoo_dividendos/dividendos_ESTR4__20261006_642daec7.csv
20261005_213028;2026-10-06T07:21:22.305194+00:00;dividendos_ETER3.csv;YAHOO_DIVIDENDOS;;ETER3.SA;;COM_EVENTOS;INALTERADO;1;fef65d54898727922c59282a568fddf32b60c356b178b3c17079f96db57b9737;1847;data/raw/yahoo_dividendos/dividendos_ETER3__20261006_fef65d54.csv
20261005_213028;2026-10-06T07:21:22.653195+00:00;dividendos_EUCA3.csv;YAHOO_DIVIDENDOS;;EUCA3.SA;;COM_EVENTOS;INALTERADO;1;dbadb5fde02f379c3794692617b2a9fa19cc3cd8fe5535c88a4277ca44cbd7fd;656;data/raw/yahoo_dividendos/dividendos_EUCA3__20261006_dbadb5fd.csv
20261005_213028;2026-10-06T07:21:23.052868+00:00;dividendos_EUCA4.csv;YAHOO_DIVIDENDOS;;EUCA4.SA;;COM_EVENTOS;INALTERADO;1;453d1c0e86917ddbfc8f84e53cff73f28c5ad4cd29e08bd487f7cd7b5b4fa8ef;659;data/raw/yahoo_dividendos/dividendos_EUCA4__20261006_453d1c0e.csv
20261005_213028;2026-10-06T07:21:23.376686+00:00;dividendos_EVEN3.csv;YAHOO_DIVIDENDOS;;EVEN3.SA;;COM_EVENTOS;INALTERADO;1;2b82427cbd509631afab5a73ea2e68bc1b14568d7214a10aaeb7be2dbf88478a;761;data/raw/yahoo_dividendos/dividendos_EVEN3__20261006_2b82427c.csv
20261005_213028;2026-10-06T07:21:23.666872+00:00;dividendos_EZTC3.csv;YAHOO_DIVIDENDOS;;EZTC3.SA;;COM_EVENTOS;INALTERADO;1;79ad72d4cefd0e803ac0410b258cabf7062dd37b83ef59f3c234463cafe50de1;1235;data/raw/yahoo_dividendos/dividendos_EZTC3__20261006_79ad72d4.csv
20261005_213028;2026-10-06T07:21:25.474217+00:00;dividendos_FESA4.csv;YAHOO_DIVIDENDOS;;FESA4.SA;;COM_EVENTOS;INALTERADO;1;3eeaf04eb0a7da8918761cb5ceb8a4a7409bf44025d8d7c3b4aac7b0d7ccfece;1953;data/raw/yahoo_dividendos/dividendos_FESA4__20261006_3eeaf04e.csv
20261005_213028;2026-10-06T07:21:25.573335+00:00;dividendos_FESA3.csv;YAHOO_DIVIDENDOS;;FESA3.SA;;COM_EVENTOS;INALTERADO;1;f23e2b668d8f01ea95cb265b4440327864dc39b5df6ab6690b0d590b7c35d91d;2022;data/raw/yahoo_dividendos/dividendos_FESA3__20261006_f23e2b66.csv
20261005_213028;2026-10-06T07:21:27.211372+00:00;dividendos_FHER3.csv;YAHOO_DIVIDENDOS;;FHER3.SA;;COM_EVENTOS;INALTERADO;1;f4a2d80a2f960f4f7f7b5927ad6310af36f8bd98eb007e40a7b85c8e5b76f1cb;113;data/raw/yahoo_dividendos/dividendos_FHER3__20261006_f4a2d80a.csv
20261005_213028;2026-10-06T07:21:27.593554+00:00;dividendos_FICT3.csv;YAHOO_DIVIDENDOS;;FICT3.SA;;SEM_EVENTOS;INALTERADO;1;642daec761ccb28fc097aa7f22cfeb4552f7859c3b919e315b4f51bc1ae66de3;49;data/raw/yahoo_dividendos/dividendos_FICT3__20261006_642daec7.csv
20261005_213028;2026-10-06T07:21:28.363154+00:00;dividendos_FIEI3.csv;YAHOO_DIVIDENDOS;;FIEI3.SA;;COM_EVENTOS;INALTERADO;1;3fcd288bb13e3908f1f57c4120c07e131b69bf72cde1cf30f88f2059804d99c4;246;data/raw/yahoo_dividendos/dividendos_FIEI3__20261006_3fcd288b.csv
20261005_213028;2026-10-06T07:21:28.475387+00:00;dividendos_FIGE3.csv;YAHOO_DIVIDENDOS;;FIGE3.SA;;COM_EVENTOS;INALTERADO;1;4d28e3073fe5295dd1084e530297c4b74305033d68dc53296c0c73d6dafce359;754;data/raw/yahoo_dividendos/dividendos_FIGE3__20261006_4d28e307.csv
20261005_213028;2026-10-06T07:21:29.048791+00:00;dividendos_FIQE3.csv;YAHOO_DIVIDENDOS;;FIQE3.SA;;COM_EVENTOS;INALTERADO;1;2f0eca758e0f6e861ceb2d8fa64cc9c22be30e4dc4f20af8f442fd7d105554aa;479;data/raw/yahoo_dividendos/dividendos_FIQE3__20261006_2f0eca75.csv
20261005_213028;2026-10-06T07:21:30.938171+00:00;dividendos_FLRY3.csv;YAHOO_DIVIDENDOS;;FLRY3.SA;;COM_EVENTOS;INALTERADO;1;82fb83d6925a8033c760ce88f8170ac128acfaf5d54cd4a26a687843a5666135;1522;data/raw/yahoo_dividendos/dividendos_FLRY3__20261006_82fb83d6.csv
20261005_213028;2026-10-06T07:21:31.501975+00:00;dividendos_FRAS3.csv;YAHOO_DIVIDENDOS;;FRAS3.SA;;COM_EVENTOS;INALTERADO;1;5d34a2fa310819b5579acd4c504003d74f4834b0dc6191e4945b25c1c7326bef;1809;data/raw/yahoo_dividendos/dividendos_FRAS3__20261006_5d34a2fa.csv
20261005_213028;2026-10-06T07:21:32.193248+00:00;dividendos_FRIO3.csv;YAHOO_DIVIDENDOS;;FRIO3.SA;;COM_EVENTOS;INALTERADO;1;794e12bdc370a7fd6fbd7530a5456fbea0dc707149dd76cf0d41efba6f76e21d;194;data/raw/yahoo_dividendos/dividendos_FRIO3__20261006_794e12bd.csv
20261005_213028;2026-10-06T07:21:34.239973+00:00;dividendos_GEPA3.csv;YAHOO_DIVIDENDOS;;GEPA3.SA;;COM_EVENTOS;INALTERADO;1;4216a72216b5bae29ad85081d2c1e932f257bdd159b61a0abba6ed123febe043;1529;data/raw/yahoo_dividendos/dividendos_GEPA3__20261006_4216a722.csv
20261005_213028;2026-10-06T07:21:35.200183+00:00;dividendos_GEPA4.csv;YAHOO_DIVIDENDOS;;GEPA4.SA;;COM_EVENTOS;INALTERADO;1;489337ef6a72931e49f9e89b34d3b21d108599a465fa152407bf8d0eaa1e2f9d;1564;data/raw/yahoo_dividendos/dividendos_GEPA4__20261006_489337ef.csv
20261005_213028;2026-10-06T07:21:36.458546+00:00;dividendos_GFSA3.csv;YAHOO_DIVIDENDOS;;GFSA3.SA;;COM_EVENTOS;INALTERADO;1;7681852d98d4c8763b2e26e5e67856b558fb9e3e14ff979b0b5b1b5ab60be8b2;305;data/raw/yahoo_dividendos/dividendos_GFSA3__20261006_7681852d.csv
20261005_213028;2026-10-06T07:21:37.030249+00:00;dividendos_GGBR3.csv;YAHOO_DIVIDENDOS;;GGBR3.SA;;COM_EVENTOS;INALTERADO;1;d4768f394746b5d5f0cb35f69b2cc2900a7a19a8ac69ca38c7ae8372ab109e67;2372;data/raw/yahoo_dividendos/dividendos_GGBR3__20261006_d4768f39.csv
20261005_213028;2026-10-06T07:21:37.086918+00:00;dividendos_GGBR4.csv;YAHOO_DIVIDENDOS;;GGBR4.SA;;COM_EVENTOS;INALTERADO;1;b4959e22eeb431c7fded6bb64526b90392d721e133ddb100143007f2583f3d84;3380;data/raw/yahoo_dividendos/dividendos_GGBR4__20261006_b4959e22.csv
20261005_213028;2026-10-06T07:21:37.645707+00:00;dividendos_GGPS3.csv;YAHOO_DIVIDENDOS;;GGPS3.SA;;COM_EVENTOS;INALTERADO;1;a9f1c3f847b89e0d7a375413add6f661824182ddf8660d66a3f9c32088a0694c;228;data/raw/yahoo_dividendos/dividendos_GGPS3__20261006_a9f1c3f8.csv
20261005_213028;2026-10-06T07:21:38.441957+00:00;dividendos_GMAT3.csv;YAHOO_DIVIDENDOS;;GMAT3.SA;;COM_EVENTOS;INALTERADO;1;3d76760bbf11466687cd11d36d307a48429672cba20ab8896ab318fc664dab54;337;data/raw/yahoo_dividendos/dividendos_GMAT3__20261006_3d76760b.csv
20261005_213028;2026-10-06T07:21:39.341712+00:00;dividendos_GOAU3.csv;YAHOO_DIVIDENDOS;;GOAU3.SA;;COM_EVENTOS;INALTERADO;1;40fb07eda8e975a86019551f022780157cea8d3a1c6f875271b4a99f66eca5c9;2284;data/raw/yahoo_dividendos/dividendos_GOAU3__20261006_40fb07ed.csv
20261005_213028;2026-10-06T07:21:40.134113+00:00;dividendos_GOAU4.csv;YAHOO_DIVIDENDOS;;GOAU4.SA;;COM_EVENTOS;INALTERADO;1;5aada177b2acb57338988e6275a191c6b1ab3436d7ff536a725363aebfba6d1f;3291;data/raw/yahoo_dividendos/dividendos_GOAU4__20261006_5aada177.csv
20261005_213028;2026-10-06T07:21:41.059608+00:00;dividendos_GPAR3.csv;YAHOO_DIVIDENDOS;;GPAR3.SA;;COM_EVENTOS;INALTERADO;1;07499817aa547fb65ab4943ebc370b1b992b73c2a91b7e6bbb4bf313af079a4b;230;data/raw/yahoo_dividendos/dividendos_GPAR3__20261006_07499817.csv
20261005_213028;2026-10-06T07:21:42.216212+00:00;dividendos_GRND3.csv;YAHOO_DIVIDENDOS;;GRND3.SA;;COM_EVENTOS;INALTERADO;1;8dc637b5add019deabf592c2fc9524d672f60522a27d6d4c60f253e97ed847f7;2643;data/raw/yahoo_dividendos/dividendos_GRND3__20261006_8dc637b5.csv
20261005_213028;2026-10-06T07:21:42.910976+00:00;dividendos_GSHP3.csv;YAHOO_DIVIDENDOS;;GSHP3.SA;;COM_EVENTOS;INALTERADO;1;ea3ca38734e1d6a9b8bc8c44a76de94edc1c32103f121b544e6789fee0e4f598;86;data/raw/yahoo_dividendos/dividendos_GSHP3__20261006_ea3ca387.csv
20261005_213028;2026-10-06T07:21:43.833553+00:00;dividendos_HAGA3.csv;YAHOO_DIVIDENDOS;;HAGA3.SA;;SEM_EVENTOS;INALTERADO;1;642daec761ccb28fc097aa7f22cfeb4552f7859c3b919e315b4f51bc1ae66de3;49;data/raw/yahoo_dividendos/dividendos_HAGA3__20261006_642daec7.csv
20261005_213028;2026-10-06T07:21:44.383225+00:00;dividendos_HAPV3.csv;YAHOO_DIVIDENDOS;;HAPV3.SA;;COM_EVENTOS;INALTERADO;1;46dca6d98a9d5bf7c38a2ad54ba755448b966e8610265123d0291baf1311cec2;442;data/raw/yahoo_dividendos/dividendos_HAPV3__20261006_46dca6d9.csv
20261005_213028;2026-10-06T07:21:44.484873+00:00;dividendos_HAGA4.csv;YAHOO_DIVIDENDOS;;HAGA4.SA;;SEM_EVENTOS;INALTERADO;1;642daec761ccb28fc097aa7f22cfeb4552f7859c3b919e315b4f51bc1ae66de3;49;data/raw/yahoo_dividendos/dividendos_HAGA4__20261006_642daec7.csv
20261005_213028;2026-10-06T07:21:44.932487+00:00;dividendos_HBRE3.csv;YAHOO_DIVIDENDOS;;HBRE3.SA;;COM_EVENTOS;INALTERADO;1;eccaa8c762a232934f47fad7ac644e7ea0ee24de4bcc0e7ae10f9fe726c1bc06;85;data/raw/yahoo_dividendos/dividendos_HBRE3__20261006_eccaa8c7.csv
20261005_213028;2026-10-06T07:21:44.991767+00:00;dividendos_HBOR3.csv;YAHOO_DIVIDENDOS;;HBOR3.SA;;COM_EVENTOS;INALTERADO;1;fbd9b67a37fb762f64196984566f80273c8925c4c05c888c2c7bac8d33b6e001;585;data/raw/yahoo_dividendos/dividendos_HBOR3__20261006_fbd9b67a.csv
20261005_213028;2026-10-06T07:21:45.371032+00:00;dividendos_HBSA3.csv;YAHOO_DIVIDENDOS;;HBSA3.SA;;SEM_EVENTOS;INALTERADO;1;642daec761ccb28fc097aa7f22cfeb4552f7859c3b919e315b4f51bc1ae66de3;49;data/raw/yahoo_dividendos/dividendos_HBSA3__20261006_642daec7.csv
20261005_213028;2026-10-06T07:21:45.475394+00:00;dividendos_HBTS5.csv;YAHOO_DIVIDENDOS;;HBTS5.SA;;COM_EVENTOS;INALTERADO;1;d310c8104648734ff63403bc153ae70e04f6c33695ae3f417c06818428be1c07;582;data/raw/yahoo_dividendos/dividendos_HBTS5__20261006_d310c810.csv
20261005_213028;2026-10-06T07:21:45.758880+00:00;dividendos_HETA3.csv;YAHOO_DIVIDENDOS;;HETA3.SA;;SEM_EVENTOS;INALTERADO;1;642daec761ccb28fc097aa7f22cfeb4552f7859c3b919e315b4f51bc1ae66de3;49;data/raw/yahoo_dividendos/dividendos_HETA3__20261006_642daec7.csv
20261005_213028;2026-10-06T07:21:46.580543+00:00;dividendos_HETA4.csv;YAHOO_DIVIDENDOS;;HETA4.SA;;SEM_EVENTOS;INALTERADO;1;642daec761ccb28fc097aa7f22cfeb4552f7859c3b919e315b4f51bc1ae66de3;49;data/raw/yahoo_dividendos/dividendos_HETA4__20261006_642daec7.csv
20261005_213028;2026-10-06T07:21:47.149932+00:00;dividendos_HOOT4.csv;YAHOO_DIVIDENDOS;;HOOT4.SA;;SEM_EVENTOS;INALTERADO;1;642daec761ccb28fc097aa7f22cfeb4552f7859c3b919e315b4f51bc1ae66de3;49;data/raw/yahoo_dividendos/dividendos_HOOT4__20261006_642daec7.csv
20261005_213028;2026-10-06T07:21:48.160050+00:00;dividendos_HYPE3.csv;YAHOO_DIVIDENDOS;;HYPE3.SA;;COM_EVENTOS;INALTERADO;1;b21091557ec184c58086726bbb56726976edf7f6481f7c74dc4bfafc41b998f8;1768;data/raw/yahoo_dividendos/dividendos_HYPE3__20261006_b2109155.csv
20261005_213028;2026-10-06T07:21:49.712120+00:00;dividendos_IFCM3.csv;YAHOO_DIVIDENDOS;;IFCM3.SA;;SEM_EVENTOS;INALTERADO;1;642daec761ccb28fc097aa7f22cfeb4552f7859c3b919e315b4f51bc1ae66de3;49;data/raw/yahoo_dividendos/dividendos_IFCM3__20261006_642daec7.csv
20261005_213028;2026-10-06T07:21:51.557855+00:00;dividendos_IGTI11.csv;YAHOO_DIVIDENDOS;;IGTI11.SA;;COM_EVENTOS;INALTERADO;1;8430de9dbaa9beb0de65c05ffb9d7e1ba37e372a4225b8edc55b3fda2d7fb266;425;data/raw/yahoo_dividendos/dividendos_IGTI11__20261006_8430de9d.csv
20261005_213028;2026-10-06T07:21:51.959023+00:00;dividendos_IGTI4.csv;YAHOO_DIVIDENDOS;;IGTI4.SA;;COM_EVENTOS;INALTERADO;1;174dd428bcc35ee9e523dc6c847d42a0da4ba047f8d8ee27e1255f799cf61da6;337;data/raw/yahoo_dividendos/dividendos_IGTI4__20261006_174dd428.csv
20261005_213028;2026-10-06T07:21:52.232389+00:00;dividendos_IGTI3.csv;YAHOO_DIVIDENDOS;;IGTI3.SA;;COM_EVENTOS;INALTERADO;1;0d0cb46979264ceea6bdc1a5d5e8fb25e6c64366ceee4051e31a84ba5b814fb3;799;data/raw/yahoo_dividendos/dividendos_IGTI3__20261006_0d0cb469.csv
20261005_213028;2026-10-06T07:21:57.187343+00:00;dividendos_INEP4.csv;YAHOO_DIVIDENDOS;;INEP4.SA;;COM_EVENTOS;INALTERADO;1;7c9375412d6d99f5ae4c44501102ebd98d759d2c98ffc818e3d92437f5ca8c91;85;data/raw/yahoo_dividendos/dividendos_INEP4__20261006_7c937541.csv
20261005_213028;2026-10-06T07:21:57.291414+00:00;dividendos_INEP3.csv;YAHOO_DIVIDENDOS;;INEP3.SA;;COM_EVENTOS;INALTERADO;1;0cd3bdbec7371e1c763c3a8ee53da92bd4c303c227849b0dfef3c26283fe5274;85;data/raw/yahoo_dividendos/dividendos_INEP3__20261006_0cd3bdbe.csv
20261005_213028;2026-10-06T07:21:57.753344+00:00;dividendos_INTB3.csv;YAHOO_DIVIDENDOS;;INTB3.SA;;COM_EVENTOS;INALTERADO;1;36386387f7c8ab1f3d3bcb500480b8ec127114e8b0107bb696aeda8741a5f693;660;data/raw/yahoo_dividendos/dividendos_INTB3__20261006_36386387.csv
20261005_213028;2026-10-06T07:21:58.494196+00:00;dividendos_ISAE3.csv;YAHOO_DIVIDENDOS;;ISAE3.SA;;COM_EVENTOS;INALTERADO;1;5d718b3c44bab2ac26e84caa4164aedc115c2dee9e9e6fe75968c1d472b8ff87;2458;data/raw/yahoo_dividendos/dividendos_ISAE3__20261006_5d718b3c.csv
20261005_213028;2026-10-06T07:21:59.127319+00:00;dividendos_ISAE4.csv;YAHOO_DIVIDENDOS;;ISAE4.SA;;COM_EVENTOS;INALTERADO;1;d751631dc2ecc43ba446543a6063f788f3c3386861ec504271618789f67f8961;2386;data/raw/yahoo_dividendos/dividendos_ISAE4__20261006_d751631d.csv
20261005_213028;2026-10-06T07:21:59.768082+00:00;dividendos_ITSA3.csv;YAHOO_DIVIDENDOS;;ITSA3.SA;;COM_EVENTOS;INALTERADO;1;e066a5cdcf4695614579e18a9e7f4281d8d2f47577a22c8a1917c0c6327e01df;5204;data/raw/yahoo_dividendos/dividendos_ITSA3__20261006_e066a5cd.csv
20261005_213028;2026-10-06T07:22:00.333203+00:00;dividendos_JALL3.csv;YAHOO_DIVIDENDOS;;JALL3.SA;;COM_EVENTOS;INALTERADO;1;ff6f0b07ded9ca263503dd37d2f7f543c3fe7ead4014ee7f361892834ae3c18e;265;data/raw/yahoo_dividendos/dividendos_JALL3__20261006_ff6f0b07.csv
20261005_213028;2026-10-06T07:22:00.603787+00:00;dividendos_ITSA4.csv;YAHOO_DIVIDENDOS;;ITSA4.SA;;COM_EVENTOS;INALTERADO;1;61e069e7428fd40bb22f4e71b7d0cc94ebd0ccd4b7d0431e57bee96a948e292e;5132;data/raw/yahoo_dividendos/dividendos_ITSA4__20261006_61e069e7.csv
20261005_213028;2026-10-06T07:22:01.213920+00:00;dividendos_JFEN3.csv;YAHOO_DIVIDENDOS;;JFEN3.SA;;COM_EVENTOS;INALTERADO;1;a04f93d58f0da16867700be5049f1af445136e9caf78c6dc1dac950a18a7c27f;196;data/raw/yahoo_dividendos/dividendos_JFEN3__20261006_a04f93d5.csv
20261005_213028;2026-10-06T07:22:01.996972+00:00;dividendos_JOPA3.csv;YAHOO_DIVIDENDOS;;JOPA3.SA;;COM_EVENTOS;INALTERADO;1;c90ba93313c8f2844fb37cfe6e919e8aca45a1f9f4b879b03ef01cf0bfbc63c7;757;data/raw/yahoo_dividendos/dividendos_JOPA3__20261006_c90ba933.csv
20261005_213028;2026-10-06T07:22:02.059705+00:00;dividendos_JHSF3.csv;YAHOO_DIVIDENDOS;;JHSF3.SA;;COM_EVENTOS;INALTERADO;1;265cdf6246b71615b97762e69f35749989ceb3263ce688867b1a64e8e96f51fb;2281;data/raw/yahoo_dividendos/dividendos_JHSF3__20261006_265cdf62.csv
20261005_213028;2026-10-06T07:22:02.622678+00:00;dividendos_JOPA4.csv;YAHOO_DIVIDENDOS;;JOPA4.SA;;COM_EVENTOS;INALTERADO;1;ef5d8706042f31f31a93f86a453f036203e3ffa5d344451db2e79330424c1ddc;864;data/raw/yahoo_dividendos/dividendos_JOPA4__20261006_ef5d8706.csv
20261005_213028;2026-10-06T07:22:03.699669+00:00;dividendos_JSLG3.csv;YAHOO_DIVIDENDOS;;JSLG3.SA;;COM_EVENTOS;INALTERADO;1;1acbee895ad1265652964ef5b12c8bc0b1eb7f21db882924f43a30d1ae4587bd;334;data/raw/yahoo_dividendos/dividendos_JSLG3__20261006_1acbee89.csv
20261005_213028;2026-10-06T07:22:04.331930+00:00;dividendos_KEPL3.csv;YAHOO_DIVIDENDOS;;KEPL3.SA;;COM_EVENTOS;INALTERADO;1;12497b975abd24a6329bb2fc52ce77c0be37c5f47e03f3cea5475aad02a045ff;1014;data/raw/yahoo_dividendos/dividendos_KEPL3__20261006_12497b97.csv
20261005_213028;2026-10-06T07:22:04.416535+00:00;dividendos_KLBN11.csv;YAHOO_DIVIDENDOS;;KLBN11.SA;;COM_EVENTOS;INALTERADO;1;87f742a12ee040251c76be89b2184acd0a69bcd7139e513807aea529fb485003;1830;data/raw/yahoo_dividendos/dividendos_KLBN11__20261006_87f742a1.csv
20261005_213028;2026-10-06T07:22:04.918594+00:00;dividendos_KLBN3.csv;YAHOO_DIVIDENDOS;;KLBN3.SA;;COM_EVENTOS;INALTERADO;1;698f4531436a99e661e5c7a24d572b42e483006857dbc905d8271c1b0ebc1837;2055;data/raw/yahoo_dividendos/dividendos_KLBN3__20261006_698f4531.csv
20261005_213028;2026-10-06T07:22:05.514436+00:00;dividendos_KLBN4.csv;YAHOO_DIVIDENDOS;;KLBN4.SA;;COM_EVENTOS;INALTERADO;1;2d8d8c0d08a9b29573ddb49a30714f2926b7726de9924c749758c3391e126140;2128;data/raw/yahoo_dividendos/dividendos_KLBN4__20261006_2d8d8c0d.csv
20261005_213028;2026-10-06T07:22:08.696733+00:00;dividendos_LAND3.csv;YAHOO_DIVIDENDOS;;LAND3.SA;;COM_EVENTOS;INALTERADO;1;e04ec5c45edf488d228660c945fd379614a69fbd66968403c7c3b60652c588d3;193;data/raw/yahoo_dividendos/dividendos_LAND3__20261006_e04ec5c4.csv
20261005_213028;2026-10-06T07:22:09.259047+00:00;dividendos_LAVV3.csv;YAHOO_DIVIDENDOS;;LAVV3.SA;;COM_EVENTOS;INALTERADO;1;7137fb6427b4b5fd7bedd8ee5f066cb639c4b8ca1ce171a7a8024a8f73aff890;766;data/raw/yahoo_dividendos/dividendos_LAVV3__20261006_7137fb64.csv
20261005_213028;2026-10-06T07:22:10.356506+00:00;dividendos_LEVE3.csv;YAHOO_DIVIDENDOS;;LEVE3.SA;;COM_EVENTOS;INALTERADO;1;20a1b0484c2fa336d96d2e1dec554e675e8cd6762515f13743c13c2ae9773d3c;1662;data/raw/yahoo_dividendos/dividendos_LEVE3__20261006_20a1b048.csv
20261005_213028;2026-10-06T07:22:12.671820+00:00;dividendos_LIGT3.csv;YAHOO_DIVIDENDOS;;LIGT3.SA;;COM_EVENTOS;INALTERADO;1;5c2e201fe6786751dfb0ea64493a6be2beaa5c3a1341a2908fbf437d91565acd;696;data/raw/yahoo_dividendos/dividendos_LIGT3__20261006_5c2e201f.csv
20261005_213028;2026-10-06T07:22:15.497249+00:00;dividendos_LJQQ3.csv;YAHOO_DIVIDENDOS;;LJQQ3.SA;;COM_EVENTOS;INALTERADO;1;5312397517600e4820839484e9b031014062481d6a3886633645675f3b04ac34;228;data/raw/yahoo_dividendos/dividendos_LJQQ3__20261006_53123975.csv
20261005_213028;2026-10-06T07:22:16.974825+00:00;dividendos_LOGG3.csv;YAHOO_DIVIDENDOS;;LOGG3.SA;;COM_EVENTOS;INALTERADO;1;33d86e4b0200e68bfe49e5ecb49820be476c7d98e371f0285643949b7517bc7e;552;data/raw/yahoo_dividendos/dividendos_LOGG3__20261006_33d86e4b.csv
20261005_213028;2026-10-06T07:22:17.512310+00:00;dividendos_LOGN3.csv;YAHOO_DIVIDENDOS;;LOGN3.SA;;COM_EVENTOS;INALTERADO;1;77490de8e9860e4c2c96c636524d437bb937bcbf1f29ef0ac427b629541f9c0b;120;data/raw/yahoo_dividendos/dividendos_LOGN3__20261006_77490de8.csv
20261005_213028;2026-10-06T07:22:17.582352+00:00;dividendos_LPSB3.csv;YAHOO_DIVIDENDOS;;LPSB3.SA;;COM_EVENTOS;INALTERADO;1;7570210839f5dc0fd3910329413c0cd16efc978d0c3c987106137db0340e9fb5;478;data/raw/yahoo_dividendos/dividendos_LPSB3__20261006_75702108.csv
20261005_213028;2026-10-06T07:22:18.366907+00:00;dividendos_LUPA3.csv;YAHOO_DIVIDENDOS;;LUPA3.SA;;SEM_EVENTOS;INALTERADO;1;642daec761ccb28fc097aa7f22cfeb4552f7859c3b919e315b4f51bc1ae66de3;49;data/raw/yahoo_dividendos/dividendos_LUPA3__20261006_642daec7.csv
20261005_213028;2026-10-06T07:22:18.517025+00:00;dividendos_LREN3.csv;YAHOO_DIVIDENDOS;;LREN3.SA;;COM_EVENTOS;INALTERADO;1;4432a3a51dca8e88fd3a04db6f51693a89ab8147b42d50c674cab4c4245fc5e4;2884;data/raw/yahoo_dividendos/dividendos_LREN3__20261006_4432a3a5.csv
20261005_213028;2026-10-06T07:22:19.229890+00:00;dividendos_LUXM4.csv;YAHOO_DIVIDENDOS;;LUXM4.SA;;COM_EVENTOS;INALTERADO;1;9fbc83d60c31b168967bc24d15d5fd8e0b9f9ec7d0cd6af00244ac4f35dd5465;765;data/raw/yahoo_dividendos/dividendos_LUXM4__20261006_9fbc83d6.csv
20261005_213028;2026-10-06T07:22:19.666080+00:00;dividendos_LWSA3.csv;YAHOO_DIVIDENDOS;;LWSA3.SA;;COM_EVENTOS;INALTERADO;1;f22629d4657678f02c441df38e60cd9c21a3ad3ef767858d9a647d536ef3ec11;265;data/raw/yahoo_dividendos/dividendos_LWSA3__20261006_f22629d4.csv
20261005_213028;2026-10-06T07:22:20.500438+00:00;dividendos_MAPT3.csv;YAHOO_DIVIDENDOS;;MAPT3.SA;;SEM_EVENTOS;INALTERADO;1;642daec761ccb28fc097aa7f22cfeb4552f7859c3b919e315b4f51bc1ae66de3;49;data/raw/yahoo_dividendos/dividendos_MAPT3__20261006_642daec7.csv
20261005_213028;2026-10-06T07:22:20.973371+00:00;dividendos_MATD3.csv;YAHOO_DIVIDENDOS;;MATD3.SA;;COM_EVENTOS;INALTERADO;1;cf37d9e8b9bd5454a2b0aef3aa997699fc8cbe90ded4342ba30314fc06100f92;229;data/raw/yahoo_dividendos/dividendos_MATD3__20261006_cf37d9e8.csv
20261005_213028;2026-10-06T07:22:20.973843+00:00;dividendos_MAPT4.csv;YAHOO_DIVIDENDOS;;MAPT4.SA;;SEM_EVENTOS;INALTERADO;1;642daec761ccb28fc097aa7f22cfeb4552f7859c3b919e315b4f51bc1ae66de3;49;data/raw/yahoo_dividendos/dividendos_MAPT4__20261006_642daec7.csv
20261005_213028;2026-10-06T07:22:22.095218+00:00;dividendos_MBRF3.csv;YAHOO_DIVIDENDOS;;MBRF3.SA;;COM_EVENTOS;INALTERADO;1;a9e3a44b61d6c60861290ead410989ab5359d4a38b346168a9bcd346ebc153b5;445;data/raw/yahoo_dividendos/dividendos_MBRF3__20261006_a9e3a44b.csv
20261005_213028;2026-10-06T07:22:22.813844+00:00;dividendos_MDIA3.csv;YAHOO_DIVIDENDOS;;MDIA3.SA;;COM_EVENTOS;INALTERADO;1;f5a4face838461c3c0140e5189ffc7fb3edd033cac2bec88f4d880bd0e824818;1913;data/raw/yahoo_dividendos/dividendos_MDIA3__20261006_f5a4face.csv
20261005_213028;2026-10-06T07:22:23.050762+00:00;dividendos_MDNE3.csv;YAHOO_DIVIDENDOS;;MDNE3.SA;;COM_EVENTOS;INALTERADO;1;8f013dde620562edd1585b53894bf76ff6c78145b333c3c48db473f2d9208eaf;193;data/raw/yahoo_dividendos/dividendos_MDNE3__20261006_8f013dde.csv
20261005_213028;2026-10-06T07:22:23.443730+00:00;dividendos_MEAL3.csv;YAHOO_DIVIDENDOS;;MEAL3.SA;;COM_EVENTOS;INALTERADO;1;9cbaeda868e6bf8971f383abafd933717c435cfd67a51a4732e93c45b8694a95;193;data/raw/yahoo_dividendos/dividendos_MEAL3__20261006_9cbaeda8.csv
20261005_213028;2026-10-06T07:22:24.165708+00:00;dividendos_MELK3.csv;YAHOO_DIVIDENDOS;;MELK3.SA;;COM_EVENTOS;INALTERADO;1;36d1dff0a19343ebbf4fd885822dfb1387c612a43d9cda7d813d8f41ceac72df;660;data/raw/yahoo_dividendos/dividendos_MELK3__20261006_36d1dff0.csv
20261005_213028;2026-10-06T07:22:25.813999+00:00;dividendos_MGEL4.csv;YAHOO_DIVIDENDOS;;MGEL4.SA;;COM_EVENTOS;INALTERADO;1;a80d53b7a6bb01acc760c35fd664fab0c9cba3659295b05ce95bdf78598ea4b8;85;data/raw/yahoo_dividendos/dividendos_MGEL4__20261006_a80d53b7.csv
20261005_213028;2026-10-06T07:22:26.662410+00:00;dividendos_MGLU3.csv;YAHOO_DIVIDENDOS;;MGLU3.SA;;COM_EVENTOS;INALTERADO;1;ac1c1d2d557e534a4b058ef53bbdf16778f7e670de031de051ef1bef52cf3fb9;660;data/raw/yahoo_dividendos/dividendos_MGLU3__20261006_ac1c1d2d.csv
20261005_213028;2026-10-06T07:22:26.808593+00:00;dividendos_MILS3.csv;YAHOO_DIVIDENDOS;;MILS3.SA;;COM_EVENTOS;INALTERADO;1;302ac106d742b8d35675e7f59555fb8830a7d147fe48910d1973df5d26e5e63c;1196;data/raw/yahoo_dividendos/dividendos_MILS3__20261006_302ac106.csv
20261005_213028;2026-10-06T07:22:27.114981+00:00;dividendos_MLAS3.csv;YAHOO_DIVIDENDOS;;MLAS3.SA;;COM_EVENTOS;INALTERADO;1;7bbbb24c627c2ec6c46e9c0138bfe167aab15372d6b16a12d1143667ac919644;120;data/raw/yahoo_dividendos/dividendos_MLAS3__20261006_7bbbb24c.csv
20261005_213028;2026-10-06T07:22:27.295632+00:00;dividendos_MMAQ3.csv;YAHOO_DIVIDENDOS;;MMAQ3.SA;;COM_EVENTOS;INALTERADO;1;e5ff4adbd928b9912fdc0d1b0a388d549ba38b0eb323fd0b61a7bdff8f2d2a51;947;data/raw/yahoo_dividendos/dividendos_MMAQ3__20261006_e5ff4adb.csv
20261005_213028;2026-10-06T07:22:27.856711+00:00;dividendos_MMAQ4.csv;YAHOO_DIVIDENDOS;;MMAQ4.SA;;COM_EVENTOS;INALTERADO;1;f3881907fec64cf212d9750e1f962b56c13df88a12916374fd35b4cf679b7005;734;data/raw/yahoo_dividendos/dividendos_MMAQ4__20261006_f3881907.csv
20261005_213028;2026-10-06T07:22:28.592822+00:00;dividendos_MNDL3.csv;YAHOO_DIVIDENDOS;;MNDL3.SA;;COM_EVENTOS;INALTERADO;1;de87609fb6b90874b42944c2fbd55831e07eab813200bb5f2f99f9d7387211bf;228;data/raw/yahoo_dividendos/dividendos_MNDL3__20261006_de87609f.csv
20261005_213028;2026-10-06T07:22:29.447008+00:00;dividendos_MNPR3.csv;YAHOO_DIVIDENDOS;;MNPR3.SA;;COM_EVENTOS;INALTERADO;1;694b8642f7fdb6a58c80416c4afbd903a7523a1254408b9cd141435dd7701c5c;85;data/raw/yahoo_dividendos/dividendos_MNPR3__20261006_694b8642.csv
20261005_213028;2026-10-06T07:22:30.283961+00:00;dividendos_MOTV3.csv;YAHOO_DIVIDENDOS;;MOTV3.SA;;COM_EVENTOS;INALTERADO;1;21e926501fc4df70940df052de4ea049f08107f1a05dc3202a96bc7c16902ae4;1422;data/raw/yahoo_dividendos/dividendos_MOTV3__20261006_21e92650.csv
20261005_213028;2026-10-06T07:22:31.085932+00:00;dividendos_MOVI3.csv;YAHOO_DIVIDENDOS;;MOVI3.SA;;COM_EVENTOS;INALTERADO;1;827735bfaf5b1f2fd8df1fd941117ec3f0c8181639e31fc79eed5436f7c0c268;911;data/raw/yahoo_dividendos/dividendos_MOVI3__20261006_827735bf.csv
20261005_213028;2026-10-06T07:22:34.160345+00:00;dividendos_MRVE3.csv;YAHOO_DIVIDENDOS;;MRVE3.SA;;COM_EVENTOS;INALTERADO;1;39898c1260c7fa8860fcfe8173a502e081706bba3756bed46986f6a950db547d;897;data/raw/yahoo_dividendos/dividendos_MRVE3__20261006_39898c12.csv
20261005_213028;2026-10-06T07:22:34.665524+00:00;dividendos_MSPA4.csv;YAHOO_DIVIDENDOS;;MSPA4.SA;;COM_EVENTOS;INALTERADO;1;ba35015259ed6dc1ed793910db7078ff0b3fbff300f22a731d2180ee0f1e79f5;316;data/raw/yahoo_dividendos/dividendos_MSPA4__20261006_ba350152.csv
20261005_213028;2026-10-06T07:22:34.964415+00:00;dividendos_MSPA3.csv;YAHOO_DIVIDENDOS;;MSPA3.SA;;COM_EVENTOS;INALTERADO;1;123030c76c59f7a03454fd43acfee79f6d5ba811b8aa06320cf8dcdcf51d3e92;314;data/raw/yahoo_dividendos/dividendos_MSPA3__20261006_123030c7.csv
20261005_213028;2026-10-06T07:22:36.464338+00:00;dividendos_MTRE3.csv;YAHOO_DIVIDENDOS;;MTRE3.SA;;COM_EVENTOS;INALTERADO;1;e3fcba3ed00c32b37ef8b1b78aa91c3f16481085a91d5571ab79efb9f9b1aa6b;1370;data/raw/yahoo_dividendos/dividendos_MTRE3__20261006_e3fcba3e.csv
20261005_213028;2026-10-06T07:22:36.721092+00:00;dividendos_MTSA3.csv;YAHOO_DIVIDENDOS;;MTSA3.SA;;COM_EVENTOS;INALTERADO;1;1b9df9daef28ab6e736486af9bc5e213083680e90c2d87728dc5e06e39092189;1376;data/raw/yahoo_dividendos/dividendos_MTSA3__20261006_1b9df9da.csv
20261005_213028;2026-10-06T07:22:36.997052+00:00;dividendos_MTSA4.csv;YAHOO_DIVIDENDOS;;MTSA4.SA;;COM_EVENTOS;INALTERADO;1;9d50f92377ed34ada1be021f14ee2616ba530585a5aa33e938bc0b480c5836b3;1274;data/raw/yahoo_dividendos/dividendos_MTSA4__20261006_9d50f923.csv
20261005_213028;2026-10-06T07:22:37.575976+00:00;dividendos_MULT3.csv;YAHOO_DIVIDENDOS;;MULT3.SA;;COM_EVENTOS;INALTERADO;1;761c217fe9fc17f18eef54d2c1f24105b5ae635f397e702810db09a59ec04fc3;1663;data/raw/yahoo_dividendos/dividendos_MULT3__20261006_761c217f.csv
20261005_213028;2026-10-06T07:22:37.609206+00:00;dividendos_MWET3.csv;YAHOO_DIVIDENDOS;;MWET3.SA;;SEM_EVENTOS;INALTERADO;1;642daec761ccb28fc097aa7f22cfeb4552f7859c3b919e315b4f51bc1ae66de3;49;data/raw/yahoo_dividendos/dividendos_MWET3__20261006_642daec7.csv
20261005_213028;2026-10-06T07:22:38.235145+00:00;dividendos_MYPK3.csv;YAHOO_DIVIDENDOS;;MYPK3.SA;;COM_EVENTOS;INALTERADO;1;0f8969da05f2df5a4aee15fce314bc6036d417438573fc96e6a7bce244818a32;1052;data/raw/yahoo_dividendos/dividendos_MYPK3__20261006_0f8969da.csv
20261005_213028;2026-10-06T07:22:38.494809+00:00;dividendos_MWET4.csv;YAHOO_DIVIDENDOS;;MWET4.SA;;SEM_EVENTOS;INALTERADO;1;642daec761ccb28fc097aa7f22cfeb4552f7859c3b919e315b4f51bc1ae66de3;49;data/raw/yahoo_dividendos/dividendos_MWET4__20261006_642daec7.csv
20261005_213028;2026-10-06T07:22:39.881098+00:00;dividendos_NATU3.csv;YAHOO_DIVIDENDOS;;NATU3.SA;;COM_EVENTOS;INALTERADO;1;c32c4584d8f4be0c566d3cf956d7e03b96dc8799fa2cddec9925038556e63c03;910;data/raw/yahoo_dividendos/dividendos_NATU3__20261006_c32c4584.csv
20261005_213028;2026-10-06T07:22:41.531797+00:00;dividendos_NEXP3.csv;YAHOO_DIVIDENDOS;;NEXP3.SA;;COM_EVENTOS;INALTERADO;1;8b60f36ec1ca5b6d29707b94fe7ffbd53a710f9b51df368a5269b6c9e400c801;306;data/raw/yahoo_dividendos/dividendos_NEXP3__20261006_8b60f36e.csv
20261005_213028;2026-10-06T07:22:43.125867+00:00;dividendos_NORD3.csv;YAHOO_DIVIDENDOS;;NORD3.SA;;SEM_EVENTOS;INALTERADO;1;642daec761ccb28fc097aa7f22cfeb4552f7859c3b919e315b4f51bc1ae66de3;49;data/raw/yahoo_dividendos/dividendos_NORD3__20261006_642daec7.csv
20261005_213028;2026-10-06T07:22:43.776266+00:00;dividendos_NUTR3.csv;YAHOO_DIVIDENDOS;;NUTR3.SA;;SEM_EVENTOS;INALTERADO;1;642daec761ccb28fc097aa7f22cfeb4552f7859c3b919e315b4f51bc1ae66de3;49;data/raw/yahoo_dividendos/dividendos_NUTR3__20261006_642daec7.csv
20261005_213028;2026-10-06T07:22:44.193574+00:00;dividendos_ODER4.csv;YAHOO_DIVIDENDOS;;ODER4.SA;;SEM_EVENTOS;INALTERADO;1;642daec761ccb28fc097aa7f22cfeb4552f7859c3b919e315b4f51bc1ae66de3;49;data/raw/yahoo_dividendos/dividendos_ODER4__20261006_642daec7.csv
20261005_213028;2026-10-06T07:22:44.891015+00:00;dividendos_OFSA3.csv;YAHOO_DIVIDENDOS;;OFSA3.SA;;COM_EVENTOS;INALTERADO;1;329a5456451850055a452d95da2dac34dade39a2f2d241097c4946e079a03664;834;data/raw/yahoo_dividendos/dividendos_OFSA3__20261006_329a5456.csv
20261005_213028;2026-10-06T07:22:46.656519+00:00;dividendos_OIBR3.csv;YAHOO_DIVIDENDOS;;OIBR3.SA;;COM_EVENTOS;INALTERADO;1;1044e1907f842ae50da50b2bc7af21de7853d59e5a20170daa141314ebdcb799;304;data/raw/yahoo_dividendos/dividendos_OIBR3__20261006_1044e190.csv
20261005_213028;2026-10-06T07:22:47.504232+00:00;dividendos_OIBR4.csv;YAHOO_DIVIDENDOS;;OIBR4.SA;;COM_EVENTOS;INALTERADO;1;f2304c4a26baa73302c2898ea6861a6640799f66def801c09d05ab8d54b46ff8;870;data/raw/yahoo_dividendos/dividendos_OIBR4__20261006_f2304c4a.csv
20261005_213028;2026-10-06T07:22:48.275772+00:00;dividendos_ONCO3.csv;YAHOO_DIVIDENDOS;;ONCO3.SA;;SEM_EVENTOS;INALTERADO;1;642daec761ccb28fc097aa7f22cfeb4552f7859c3b919e315b4f51bc1ae66de3;49;data/raw/yahoo_dividendos/dividendos_ONCO3__20261006_642daec7.csv
20261005_213028;2026-10-06T07:22:48.520271+00:00;dividendos_OPCT3.csv;YAHOO_DIVIDENDOS;;OPCT3.SA;;COM_EVENTOS;INALTERADO;1;d6fbc4a132650354afc0f213e46f5cf27bd339ebc3545bd5583219a2b993227f;85;data/raw/yahoo_dividendos/dividendos_OPCT3__20261006_d6fbc4a1.csv
20261005_213028;2026-10-06T07:22:48.933582+00:00;dividendos_ORVR3.csv;YAHOO_DIVIDENDOS;;ORVR3.SA;;SEM_EVENTOS;INALTERADO;1;642daec761ccb28fc097aa7f22cfeb4552f7859c3b919e315b4f51bc1ae66de3;49;data/raw/yahoo_dividendos/dividendos_ORVR3__20261006_642daec7.csv
20261005_213028;2026-10-06T07:22:49.069001+00:00;dividendos_OSXB3.csv;YAHOO_DIVIDENDOS;;OSXB3.SA;;SEM_EVENTOS;INALTERADO;1;642daec761ccb28fc097aa7f22cfeb4552f7859c3b919e315b4f51bc1ae66de3;49;data/raw/yahoo_dividendos/dividendos_OSXB3__20261006_642daec7.csv
20261005_213028;2026-10-06T07:22:49.546836+00:00;dividendos_PASS3.csv;YAHOO_DIVIDENDOS;;PASS3.SA;;SEM_EVENTOS;INALTERADO;1;642daec761ccb28fc097aa7f22cfeb4552f7859c3b919e315b4f51bc1ae66de3;49;data/raw/yahoo_dividendos/dividendos_PASS3__20261006_642daec7.csv
20261005_213028;2026-10-06T07:22:50.158556+00:00;dividendos_PATI3.csv;YAHOO_DIVIDENDOS;;PATI3.SA;;COM_EVENTOS;INALTERADO;1;986357be26bf871f513dcc83e54a694b5040694e792ac9a08eb4edc42b61c960;801;data/raw/yahoo_dividendos/dividendos_PATI3__20261006_986357be.csv
20261005_213028;2026-10-06T07:22:50.696413+00:00;dividendos_PATI4.csv;YAHOO_DIVIDENDOS;;PATI4.SA;;COM_EVENTOS;INALTERADO;1;d8688233dbc35f8faf041e5d26e8878deb436bed104406579340e321388cd0cf;768;data/raw/yahoo_dividendos/dividendos_PATI4__20261006_d8688233.csv
20261005_213028;2026-10-06T07:22:50.811352+00:00;dividendos_PCAR3.csv;YAHOO_DIVIDENDOS;;PCAR3.SA;;COM_EVENTOS;INALTERADO;1;2ffcafa1aa3d1869bad2f1a0594dcec7ad21f369c961f92cefbd3219bb6d4afd;1450;data/raw/yahoo_dividendos/dividendos_PCAR3__20261006_2ffcafa1.csv
20261005_213028;2026-10-06T07:22:52.425426+00:00;dividendos_PDGR3.csv;YAHOO_DIVIDENDOS;;PDGR3.SA;;COM_EVENTOS;INALTERADO;1;f3de7492ef4b5d6a85f64c90c0b2176f0ebf262f9c0664f393cd9b88ba459e0b;232;data/raw/yahoo_dividendos/dividendos_PDGR3__20261006_f3de7492.csv
20261005_213028;2026-10-06T07:22:52.600780+00:00;dividendos_PDTC3.csv;YAHOO_DIVIDENDOS;;PDTC3.SA;;COM_EVENTOS;INALTERADO;1;479584c829608c275343adaeff96c6f81abdab5552c92889010ea1ea09be6f0c;85;data/raw/yahoo_dividendos/dividendos_PDTC3__20261006_479584c8.csv
20261005_213028;2026-10-06T07:22:52.943533+00:00;dividendos_PEAB3.csv;YAHOO_DIVIDENDOS;;PEAB3.SA;;COM_EVENTOS;INALTERADO;1;bf5cce60f0204f6bb7efed069a25928818ed0405a3dd2b197cb140de451a57c6;1105;data/raw/yahoo_dividendos/dividendos_PEAB3__20261006_bf5cce60.csv
20261005_213028;2026-10-06T07:22:53.182865+00:00;dividendos_PEAB4.csv;YAHOO_DIVIDENDOS;;PEAB4.SA;;COM_EVENTOS;INALTERADO;1;db3f54d7c155dd503f2ed9118dbc061fec39430d74b408ae6ef6d32b2d14fc0d;976;data/raw/yahoo_dividendos/dividendos_PEAB4__20261006_db3f54d7.csv
20261005_213028;2026-10-06T07:22:53.591166+00:00;dividendos_PETR3.csv;YAHOO_DIVIDENDOS;;PETR3.SA;;COM_EVENTOS;INALTERADO;1;400229a00084ea37a3ed0cf9a228ff09a3ea17ffaffd995b0411dd19174e97e7;1794;data/raw/yahoo_dividendos/dividendos_PETR3__20261006_400229a0.csv
20261005_213028;2026-10-06T07:22:53.928094+00:00;dividendos_PETR4.csv;YAHOO_DIVIDENDOS;;PETR4.SA;;COM_EVENTOS;INALTERADO;1;65a940e2a3990b3a9d7171bbe0d2ac853311d49a77225cd15ed04cc2a11b0acd;2173;data/raw/yahoo_dividendos/dividendos_PETR4__20261006_65a940e2.csv
20261005_213028;2026-10-06T07:22:54.828642+00:00;dividendos_PFRM3.csv;YAHOO_DIVIDENDOS;;PFRM3.SA;;COM_EVENTOS;INALTERADO;1;3e8b7607920f66817493565ad32cd6cc7dab7c9a8727c3c51e835884c2641cc0;587;data/raw/yahoo_dividendos/dividendos_PFRM3__20261006_3e8b7607.csv
20261005_213028;2026-10-06T07:22:55.358876+00:00;dividendos_PGMN3.csv;YAHOO_DIVIDENDOS;;PGMN3.SA;;COM_EVENTOS;INALTERADO;1;e6c8b875a10bcd4b98c37e0f84485be6afa3066bd8c38f5f7faeef4328eab740;193;data/raw/yahoo_dividendos/dividendos_PGMN3__20261006_e6c8b875.csv
20261005_213028;2026-10-06T07:22:55.548624+00:00;dividendos_PLAS3.csv;YAHOO_DIVIDENDOS;;PLAS3.SA;;COM_EVENTOS;INALTERADO;1;bff65cc5a4a5e85c92678e38d06d48012e5e34e150851aaf22071f0fa51b4fa7;84;data/raw/yahoo_dividendos/dividendos_PLAS3__20261006_bff65cc5.csv
20261005_213028;2026-10-06T07:22:56.006110+00:00;dividendos_PLPL3.csv;YAHOO_DIVIDENDOS;;PLPL3.SA;;COM_EVENTOS;INALTERADO;1;f66125eeedb80db8c630a59eaf07d3f7cf7a89efbc9280afc992935feb16c054;264;data/raw/yahoo_dividendos/dividendos_PLPL3__20261006_f66125ee.csv
20261005_213028;2026-10-06T07:22:56.140961+00:00;dividendos_PMAM3.csv;YAHOO_DIVIDENDOS;;PMAM3.SA;;COM_EVENTOS;INALTERADO;1;903d6777ae88d3e76dc36d8ffbe60f19c46f76842123db94fb3886a8d0e3b7c7;121;data/raw/yahoo_dividendos/dividendos_PMAM3__20261006_903d6777.csv
20261005_213028;2026-10-06T07:22:59.114606+00:00;dividendos_PNVL3.csv;YAHOO_DIVIDENDOS;;PNVL3.SA;;COM_EVENTOS;INALTERADO;1;d5b165c1e39099f2b180ebc2b7a502b9fae068f31f962d27829e477d1dc3b6a4;1735;data/raw/yahoo_dividendos/dividendos_PNVL3__20261006_d5b165c1.csv
20261005_213028;2026-10-06T07:22:59.903472+00:00;dividendos_POMO3.csv;YAHOO_DIVIDENDOS;;POMO3.SA;;COM_EVENTOS;INALTERADO;1;c13064da2856c3aac82f057aaeabda55bd7c45d87082aae6722e6399541e2548;1869;data/raw/yahoo_dividendos/dividendos_POMO3__20261006_c13064da.csv
20261005_213028;2026-10-06T07:23:00.206594+00:00;dividendos_POMO4.csv;YAHOO_DIVIDENDOS;;POMO4.SA;;COM_EVENTOS;INALTERADO;1;594ca46aee642b5e75f3a78df0c470e6dcf2dcf74205276cc40a5a9993ab76cf;1756;data/raw/yahoo_dividendos/dividendos_POMO4__20261006_594ca46a.csv
20261005_213028;2026-10-06T07:23:01.061177+00:00;dividendos_POSI3.csv;YAHOO_DIVIDENDOS;;POSI3.SA;;COM_EVENTOS;INALTERADO;1;8cbc8591062b72a87f11abf3ef8d768596f62ffe987f393791c7d35a988a7a0f;622;data/raw/yahoo_dividendos/dividendos_POSI3__20261006_8cbc8591.csv
20261005_213028;2026-10-06T07:23:01.639071+00:00;dividendos_PRIO3.csv;YAHOO_DIVIDENDOS;;PRIO3.SA;;COM_EVENTOS;INALTERADO;1;1c033d1bbc1b7ee670e9cd03803e599aa2ce832a4fcea8c820d9c0dd358483eb;85;data/raw/yahoo_dividendos/dividendos_PRIO3__20261006_1c033d1b.csv
20261005_213028;2026-10-06T07:23:02.639876+00:00;dividendos_PRNR3.csv;YAHOO_DIVIDENDOS;;PRNR3.SA;;COM_EVENTOS;INALTERADO;1;8bbd368b004dc21491698975521557a2fc5ea10437a04acdfb181ac6ddf64200;229;data/raw/yahoo_dividendos/dividendos_PRNR3__20261006_8bbd368b.csv
20261005_213028;2026-10-06T07:23:04.537151+00:00;dividendos_PTBL3.csv;YAHOO_DIVIDENDOS;;PTBL3.SA;;COM_EVENTOS;INALTERADO;1;50fb8954ee7e73e235d94a5c3351d9e172205749937fbfd93f0ee28a040600f1;795;data/raw/yahoo_dividendos/dividendos_PTBL3__20261006_50fb8954.csv
20261005_213028;2026-10-06T07:23:07.311851+00:00;dividendos_QUAL3.csv;YAHOO_DIVIDENDOS;;QUAL3.SA;;COM_EVENTOS;INALTERADO;1;699b6bcfb290c298f590004d13b3343074ec9bdfd089d6407983ef711858047b;767;data/raw/yahoo_dividendos/dividendos_QUAL3__20261006_699b6bcf.csv
20261005_213028;2026-10-06T07:23:07.978711+00:00;dividendos_RADL3.csv;YAHOO_DIVIDENDOS;;RADL3.SA;;COM_EVENTOS;INALTERADO;1;60cfaa77547e36ea72c9b691a7e547fe9388a098996ec23443de2bb4136e0ac1;3028;data/raw/yahoo_dividendos/dividendos_RADL3__20261006_60cfaa77.csv
20261005_213028;2026-10-06T07:23:08.440478+00:00;dividendos_RAIL3.csv;YAHOO_DIVIDENDOS;;RAIL3.SA;;COM_EVENTOS;INALTERADO;1;2d5dac5a62a8b9cc86f60b9f5524e7db3a47c6eaefdc74f2ca2cdc7970325847;229;data/raw/yahoo_dividendos/dividendos_RAIL3__20261006_2d5dac5a.csv
20261005_213028;2026-10-06T07:23:08.912470+00:00;dividendos_RAIZ4.csv;YAHOO_DIVIDENDOS;;RAIZ4.SA;;COM_EVENTOS;INALTERADO;1;c2407b1e43f06253a5ac0ec3749b28c9cd03350055a24d3d381a6af1296be42f;406;data/raw/yahoo_dividendos/dividendos_RAIZ4__20261006_c2407b1e.csv
20261005_213028;2026-10-06T07:23:09.486585+00:00;dividendos_RANI3.csv;YAHOO_DIVIDENDOS;;RANI3.SA;;COM_EVENTOS;INALTERADO;1;640908f0804ef6cfa702f069f227210b51cc9ce5d89825e9e2546a210c0eab7e;1770;data/raw/yahoo_dividendos/dividendos_RANI3__20261006_640908f0.csv
20261005_213028;2026-10-06T07:23:10.338595+00:00;dividendos_RAPT3.csv;YAHOO_DIVIDENDOS;;RAPT3.SA;;COM_EVENTOS;INALTERADO;1;c365e030ef8bd6365482a7707b4eff1b8ef6172b45b4b297e048eeb45dd9ca81;1446;data/raw/yahoo_dividendos/dividendos_RAPT3__20261006_c365e030.csv
20261005_213028;2026-10-06T07:23:11.050480+00:00;dividendos_RAPT4.csv;YAHOO_DIVIDENDOS;;RAPT4.SA;;COM_EVENTOS;INALTERADO;1;5d9720fdaf848f4449436f4ea2274337ad9cf10ab8e1147b304d724881485536;1220;data/raw/yahoo_dividendos/dividendos_RAPT4__20261006_5d9720fd.csv
20261005_213028;2026-10-06T07:23:11.053453+00:00;dividendos_RCSL3.csv;YAHOO_DIVIDENDOS;;RCSL3.SA;;SEM_EVENTOS;INALTERADO;1;642daec761ccb28fc097aa7f22cfeb4552f7859c3b919e315b4f51bc1ae66de3;49;data/raw/yahoo_dividendos/dividendos_RCSL3__20261006_642daec7.csv
20261005_213028;2026-10-06T07:23:11.854863+00:00;dividendos_RCSL4.csv;YAHOO_DIVIDENDOS;;RCSL4.SA;;SEM_EVENTOS;INALTERADO;1;642daec761ccb28fc097aa7f22cfeb4552f7859c3b919e315b4f51bc1ae66de3;49;data/raw/yahoo_dividendos/dividendos_RCSL4__20261006_642daec7.csv
20261005_213028;2026-10-06T07:23:13.048726+00:00;dividendos_RDOR3.csv;YAHOO_DIVIDENDOS;;RDOR3.SA;;COM_EVENTOS;INALTERADO;1;1328bee2df0e1ad726f68e60166c7c8406c52fbed688cc2c7d95bf51e368140a;840;data/raw/yahoo_dividendos/dividendos_RDOR3__20261006_1328bee2.csv
20261005_213028;2026-10-06T07:23:13.647472+00:00;dividendos_RECV3.csv;YAHOO_DIVIDENDOS;;RECV3.SA;;COM_EVENTOS;INALTERADO;1;8b931fe201aa60113c3219ae7170762268c36c22a107a939793883c24e0f3788;444;data/raw/yahoo_dividendos/dividendos_RECV3__20261006_8b931fe2.csv
20261005_213028;2026-10-06T07:23:13.946204+00:00;dividendos_REDE3.csv;YAHOO_DIVIDENDOS;;REDE3.SA;;COM_EVENTOS;INALTERADO;1;0e058f9043a29b7a55b6ae62c1e2924d9dcf1fb532abf35035e766f0b49922cc;1016;data/raw/yahoo_dividendos/dividendos_REDE3__20261006_0e058f90.csv
20261005_213028;2026-10-06T07:23:15.628870+00:00;dividendos_RENT3.csv;YAHOO_DIVIDENDOS;;RENT3.SA;;COM_EVENTOS;INALTERADO;1;072ab6279e36fb76bfabab7bba62e0de4ba588f61305d2505b5e46ccdaf8d3eb;3200;data/raw/yahoo_dividendos/dividendos_RENT3__20261006_072ab627.csv
20261005_213028;2026-10-06T07:23:15.678127+00:00;dividendos_RENT4.csv;YAHOO_DIVIDENDOS;;RENT4.SA;;COM_EVENTOS;INALTERADO;1;75841a6baea456d59548f1cd619038b1b1c4f1e908c919e2dd63ff550b0a5c24;156;data/raw/yahoo_dividendos/dividendos_RENT4__20261006_75841a6b.csv
20261005_213028;2026-10-06T07:23:16.420745+00:00;dividendos_RIAA3.csv;YAHOO_DIVIDENDOS;;RIAA3.SA;;COM_EVENTOS;INALTERADO;1;44c5dafdaf11bb46de81042d3179846f96d9bafb21760a3ed4d9c0c69d95c161;1583;data/raw/yahoo_dividendos/dividendos_RIAA3__20261006_44c5dafd.csv
20261005_213028;2026-10-06T07:23:18.425152+00:00;dividendos_RNEW3.csv;YAHOO_DIVIDENDOS;;RNEW3.SA;;COM_EVENTOS;INALTERADO;1;c39ac4bd47aebbb21381df2f6a46866192150ca0d1da7f568f538444595684ee;84;data/raw/yahoo_dividendos/dividendos_RNEW3__20261006_c39ac4bd.csv
20261005_213028;2026-10-06T07:23:18.969517+00:00;dividendos_RNEW4.csv;YAHOO_DIVIDENDOS;;RNEW4.SA;;SEM_EVENTOS;INALTERADO;1;642daec761ccb28fc097aa7f22cfeb4552f7859c3b919e315b4f51bc1ae66de3;49;data/raw/yahoo_dividendos/dividendos_RNEW4__20261006_642daec7.csv
20261005_213028;2026-10-06T07:23:19.538838+00:00;dividendos_RPMG3.csv;YAHOO_DIVIDENDOS;;RPMG3.SA;;SEM_EVENTOS;INALTERADO;1;642daec761ccb28fc097aa7f22cfeb4552f7859c3b919e315b4f51bc1ae66de3;49;data/raw/yahoo_dividendos/dividendos_RPMG3__20261006_642daec7.csv
20261005_213028;2026-10-06T07:23:19.814683+00:00;dividendos_ROMI3.csv;YAHOO_DIVIDENDOS;;ROMI3.SA;;COM_EVENTOS;INALTERADO;1;a75499ca31650000cacde1438fa0b1b25d2029c8a0ad6cbfa60dafbdbfc123d5;1838;data/raw/yahoo_dividendos/dividendos_ROMI3__20261006_a75499ca.csv
20261005_213028;2026-10-06T07:23:21.721920+00:00;dividendos_RSID3.csv;YAHOO_DIVIDENDOS;;RSID3.SA;;COM_EVENTOS;INALTERADO;1;f1f8601d64dc19ef6c1ea014b77902595b1e231bed40009aff2381896c965750;229;data/raw/yahoo_dividendos/dividendos_RSID3__20261006_f1f8601d.csv
20261005_213028;2026-10-06T07:23:22.899871+00:00;dividendos_RSUL4.csv;YAHOO_DIVIDENDOS;;RSUL4.SA;;COM_EVENTOS;INALTERADO;1;4190fdcacd1a56605417f024b383a0b03f6496506bd8bfd92068e366ee8291a3;228;data/raw/yahoo_dividendos/dividendos_RSUL4__20261006_4190fdca.csv
20261005_213028;2026-10-06T07:23:23.311623+00:00;dividendos_RVEE3.csv;YAHOO_DIVIDENDOS;;RVEE3.SA;;SEM_EVENTOS;INALTERADO;1;642daec761ccb28fc097aa7f22cfeb4552f7859c3b919e315b4f51bc1ae66de3;49;data/raw/yahoo_dividendos/dividendos_RVEE3__20261006_642daec7.csv
20261005_213028;2026-10-06T07:23:23.862408+00:00;dividendos_SAPR11.csv;YAHOO_DIVIDENDOS;;SAPR11.SA;;COM_EVENTOS;INALTERADO;1;5389ac19854e898ec1113e1ae4f0014690f4969180192b523dcf76ab411a0a64;806;data/raw/yahoo_dividendos/dividendos_SAPR11__20261006_5389ac19.csv
20261005_213028;2026-10-06T07:23:24.545329+00:00;dividendos_SAPR3.csv;YAHOO_DIVIDENDOS;;SAPR3.SA;;COM_EVENTOS;INALTERADO;1;2a6ccdc5b22fbf02d667acf01c1192b54d62e4aece343de21f9ffef5a5f7beb6;1378;data/raw/yahoo_dividendos/dividendos_SAPR3__20261006_2a6ccdc5.csv
20261005_213028;2026-10-06T07:23:24.685973+00:00;dividendos_SAPR4.csv;YAHOO_DIVIDENDOS;;SAPR4.SA;;COM_EVENTOS;INALTERADO;1;a6b3d6f90678bc8f58e71c355c813181fe270104840557a4ed2dd751fe27065d;1413;data/raw/yahoo_dividendos/dividendos_SAPR4__20261006_a6b3d6f9.csv
20261005_213028;2026-10-06T07:23:25.242925+00:00;dividendos_SBFG3.csv;YAHOO_DIVIDENDOS;;SBFG3.SA;;COM_EVENTOS;INALTERADO;1;636de9d96a986a33372040cf3094d7fc34a887c8ef8c1cf9d55eef1576066ffb;228;data/raw/yahoo_dividendos/dividendos_SBFG3__20261006_636de9d9.csv
20261005_213028;2026-10-06T07:23:25.429926+00:00;dividendos_SAUD3.csv;YAHOO_DIVIDENDOS;;SAUD3.SA;;COM_EVENTOS;INALTERADO;1;27b2fa038ebeb91f5c9c8966d3f80dcbca1caa8a1cfee28195c782104699178d;3785;data/raw/yahoo_dividendos/dividendos_SAUD3__20261006_27b2fa03.csv
20261005_213028;2026-10-06T07:23:26.120730+00:00;dividendos_SBSP3.csv;YAHOO_DIVIDENDOS;;SBSP3.SA;;COM_EVENTOS;INALTERADO;1;e142ec1309291efe57b1f93df0d93a0156c8ab6ae219c45505681afe060cc8a0;947;data/raw/yahoo_dividendos/dividendos_SBSP3__20261006_e142ec13.csv
20261005_213028;2026-10-06T07:23:26.303008+00:00;dividendos_SCAR3.csv;YAHOO_DIVIDENDOS;;SCAR3.SA;;COM_EVENTOS;INALTERADO;1;92b1779e5550197d7806b44cfcb182a400e0e65f835f135e68bef99abb5dbc7c;910;data/raw/yahoo_dividendos/dividendos_SCAR3__20261006_92b1779e.csv
20261005_213028;2026-10-06T07:23:28.158456+00:00;dividendos_SEER3.csv;YAHOO_DIVIDENDOS;;SEER3.SA;;COM_EVENTOS;INALTERADO;1;b5a953f4e19c8b9c73ddec64ba4d9a5ca6390a018cf2ba550325f893c1845c0f;802;data/raw/yahoo_dividendos/dividendos_SEER3__20261006_b5a953f4.csv
20261005_213028;2026-10-06T07:23:28.687913+00:00;dividendos_SEQL3.csv;YAHOO_DIVIDENDOS;;SEQL3.SA;;SEM_EVENTOS;INALTERADO;1;642daec761ccb28fc097aa7f22cfeb4552f7859c3b919e315b4f51bc1ae66de3;49;data/raw/yahoo_dividendos/dividendos_SEQL3__20261006_642daec7.csv
20261005_213028;2026-10-06T07:23:31.564055+00:00;dividendos_SHOW3.csv;YAHOO_DIVIDENDOS;;SHOW3.SA;;COM_EVENTOS;INALTERADO;1;078cc2edfe7ea71ff9bec3e3e61b1ad6ccec481b0d141e2bcd7910277d33e3aa;222;data/raw/yahoo_dividendos/dividendos_SHOW3__20261006_078cc2ed.csv
20261005_213028;2026-10-06T07:23:32.162476+00:00;dividendos_SHUL3.csv;YAHOO_DIVIDENDOS;;SHUL3.SA;;SEM_EVENTOS;INALTERADO;1;642daec761ccb28fc097aa7f22cfeb4552f7859c3b919e315b4f51bc1ae66de3;49;data/raw/yahoo_dividendos/dividendos_SHUL3__20261006_642daec7.csv
20261005_213028;2026-10-06T07:23:32.710809+00:00;dividendos_SIMH3.csv;YAHOO_DIVIDENDOS;;SIMH3.SA;;COM_EVENTOS;INALTERADO;1;718a3078efd70b0d720eb4d8630896ec969b14526cb61a8f7418f8954e8093a5;336;data/raw/yahoo_dividendos/dividendos_SIMH3__20261006_718a3078.csv
20261005_213028;2026-10-06T07:23:32.985746+00:00;dividendos_SHUL4.csv;YAHOO_DIVIDENDOS;;SHUL4.SA;;COM_EVENTOS;INALTERADO;1;4f5bf019a33f85d9e43816dbda081d84719c64af32cd235d988b8435994bcf28;1737;data/raw/yahoo_dividendos/dividendos_SHUL4__20261006_4f5bf019.csv
20261005_213028;2026-10-06T07:23:33.932462+00:00;dividendos_SLCE3.csv;YAHOO_DIVIDENDOS;;SLCE3.SA;;COM_EVENTOS;INALTERADO;1;3ce422af8bb274974b2e6a86ac43a3ec463463d785ec12b58fcf61d20983ed4c;801;data/raw/yahoo_dividendos/dividendos_SLCE3__20261006_3ce422af.csv
20261005_213028;2026-10-06T07:23:35.474522+00:00;dividendos_SMFT3.csv;YAHOO_DIVIDENDOS;;SMFT3.SA;;COM_EVENTOS;INALTERADO;1;acb3ef8e1f75e94c28b9c78ccdfd24534a5b867d22e919b5abca7a0551064669;443;data/raw/yahoo_dividendos/dividendos_SMFT3__20261006_acb3ef8e.csv
20261005_213028;2026-10-06T07:23:37.378360+00:00;dividendos_SMTO3.csv;YAHOO_DIVIDENDOS;;SMTO3.SA;;COM_EVENTOS;INALTERADO;1;c468af9b6b8da1b3c2c4c44fd614418c193eb1fda5d6d5dec3357a91a59c30b8;1016;data/raw/yahoo_dividendos/dividendos_SMTO3__20261006_c468af9b.csv
20261005_213028;2026-10-06T07:23:38.150345+00:00;dividendos_SNSY3.csv;YAHOO_DIVIDENDOS;;SNSY3.SA;;SEM_EVENTOS;INALTERADO;1;642daec761ccb28fc097aa7f22cfeb4552f7859c3b919e315b4f51bc1ae66de3;49;data/raw/yahoo_dividendos/dividendos_SNSY3__20261006_642daec7.csv
20261005_213028;2026-10-06T07:23:38.429433+00:00;dividendos_SNSY5.csv;YAHOO_DIVIDENDOS;;SNSY5.SA;;SEM_EVENTOS;INALTERADO;1;642daec761ccb28fc097aa7f22cfeb4552f7859c3b919e315b4f51bc1ae66de3;49;data/raw/yahoo_dividendos/dividendos_SNSY5__20261006_642daec7.csv
20261005_213028;2026-10-06T07:23:38.661315+00:00;dividendos_SNSY6.csv;YAHOO_DIVIDENDOS;;SNSY6.SA;;SEM_EVENTOS;INALTERADO;1;642daec761ccb28fc097aa7f22cfeb4552f7859c3b919e315b4f51bc1ae66de3;49;data/raw/yahoo_dividendos/dividendos_SNSY6__20261006_642daec7.csv
20261005_213028;2026-10-06T07:23:38.885755+00:00;dividendos_SOJA3.csv;YAHOO_DIVIDENDOS;;SOJA3.SA;;COM_EVENTOS;INALTERADO;1;3a97b35e08ed41b587bdab8b7faeb0895570979f419b954e3824526ac2f9c2c1;337;data/raw/yahoo_dividendos/dividendos_SOJA3__20261006_3a97b35e.csv
20261005_213028;2026-10-06T07:23:39.816698+00:00;dividendos_SOND3.csv;YAHOO_DIVIDENDOS;;SOND3.SA;;COM_EVENTOS;INALTERADO;1;bc3161e5f8457d36f9ebc41a578b3a4d7a536bcc04b51e2631bec3b140ca9527;873;data/raw/yahoo_dividendos/dividendos_SOND3__20261006_bc3161e5.csv
20261005_213028;2026-10-06T07:23:40.389181+00:00;dividendos_SOND6.csv;YAHOO_DIVIDENDOS;;SOND6.SA;;COM_EVENTOS;INALTERADO;1;1315fd7fc5e1c1bcd3ba3ef326abe55e5efcf86bea11f3a690876a9eb51d5e46;837;data/raw/yahoo_dividendos/dividendos_SOND6__20261006_1315fd7f.csv
20261005_213028;2026-10-06T07:23:40.507791+00:00;dividendos_SOND5.csv;YAHOO_DIVIDENDOS;;SOND5.SA;;COM_EVENTOS;INALTERADO;1;40ce52d5bf47e5f6ed557a5d26f2a0e6b51710cce76e9cb2d82bfe2c6758334c;837;data/raw/yahoo_dividendos/dividendos_SOND5__20261006_40ce52d5.csv
20261005_213028;2026-10-06T07:23:46.543564+00:00;dividendos_SUZB3.csv;YAHOO_DIVIDENDOS;;SUZB3.SA;;COM_EVENTOS;INALTERADO;1;6d622fa3d2bb92e69cb64442a5ef0d7622b1d2e40350014ffce76a4877334e20;823;data/raw/yahoo_dividendos/dividendos_SUZB3__20261006_6d622fa3.csv
20261005_213028;2026-10-06T07:23:47.766618+00:00;dividendos_SYNE3.csv;YAHOO_DIVIDENDOS;;SYNE3.SA;;COM_EVENTOS;INALTERADO;1;024aaaf767432340efe88d4f49add42187fcf938d1acc8ce606c0c1289f63d90;767;data/raw/yahoo_dividendos/dividendos_SYNE3__20261006_024aaaf7.csv
20261005_213028;2026-10-06T07:23:48.357484+00:00;dividendos_TAEE11.csv;YAHOO_DIVIDENDOS;;TAEE11.SA;;COM_EVENTOS;INALTERADO;1;cc21ead6e2ff61604e5ac179722acc7b1036c423ed3d67243d7318133bb349a0;2316;data/raw/yahoo_dividendos/dividendos_TAEE11__20261006_cc21ead6.csv
20261005_213028;2026-10-06T07:23:48.468114+00:00;dividendos_TAEE3.csv;YAHOO_DIVIDENDOS;;TAEE3.SA;;COM_EVENTOS;INALTERADO;1;fcd0bca6706633133fcc1fadae19320fccbfc1b8150f7e5f7f1606a8a6392400;2088;data/raw/yahoo_dividendos/dividendos_TAEE3__20261006_fcd0bca6.csv
20261005_213028;2026-10-06T07:23:48.800410+00:00;dividendos_TAEE4.csv;YAHOO_DIVIDENDOS;;TAEE4.SA;;COM_EVENTOS;INALTERADO;1;7d0cceeca9b9ef3fe0751eddc2b3b0156b82c637782ef84c6374ff08ae058738;1515;data/raw/yahoo_dividendos/dividendos_TAEE4__20261006_7d0cceec.csv
20261005_213028;2026-10-06T07:23:50.193664+00:00;dividendos_TASA3.csv;YAHOO_DIVIDENDOS;;TASA3.SA;;COM_EVENTOS;INALTERADO;1;2fa689facebb923d404686895b265847b711ea5643d4d14b53b8d92198f539c8;655;data/raw/yahoo_dividendos/dividendos_TASA3__20261006_2fa689fa.csv
20261005_213028;2026-10-06T07:23:50.955386+00:00;dividendos_TASA4.csv;YAHOO_DIVIDENDOS;;TASA4.SA;;COM_EVENTOS;INALTERADO;1;198aeb2b654d3b1af3ca66b31e385d8026991003835514c1283264b608e09a3b;569;data/raw/yahoo_dividendos/dividendos_TASA4__20261006_198aeb2b.csv
20261005_213028;2026-10-06T07:23:53.357818+00:00;dividendos_TCSA3.csv;YAHOO_DIVIDENDOS;;TCSA3.SA;;COM_EVENTOS;INALTERADO;1;25638dcadb22294bb112598af64ec5a4a9cadff0463f234e5cf884bd044dcafb;337;data/raw/yahoo_dividendos/dividendos_TCSA3__20261006_25638dca.csv
20261005_213028;2026-10-06T07:23:54.401612+00:00;dividendos_TECN3.csv;YAHOO_DIVIDENDOS;;TECN3.SA;;COM_EVENTOS;INALTERADO;1;716320c9f26b1484383bc4c1a501c3755276f56f0d9ddb86d58efeca09807f3f;473;data/raw/yahoo_dividendos/dividendos_TECN3__20261006_716320c9.csv
20261005_213028;2026-10-06T07:23:54.939485+00:00;dividendos_TEKA3.csv;YAHOO_DIVIDENDOS;;TEKA3.SA;;SEM_EVENTOS;INALTERADO;1;642daec761ccb28fc097aa7f22cfeb4552f7859c3b919e315b4f51bc1ae66de3;49;data/raw/yahoo_dividendos/dividendos_TEKA3__20261006_642daec7.csv
20261005_213028;2026-10-06T07:23:55.072538+00:00;dividendos_TEKA4.csv;YAHOO_DIVIDENDOS;;TEKA4.SA;;SEM_EVENTOS;INALTERADO;1;642daec761ccb28fc097aa7f22cfeb4552f7859c3b919e315b4f51bc1ae66de3;49;data/raw/yahoo_dividendos/dividendos_TEKA4__20261006_642daec7.csv
20261005_213028;2026-10-06T07:23:55.519675+00:00;dividendos_TELB3.csv;YAHOO_DIVIDENDOS;;TELB3.SA;;SEM_EVENTOS;INALTERADO;1;642daec761ccb28fc097aa7f22cfeb4552f7859c3b919e315b4f51bc1ae66de3;49;data/raw/yahoo_dividendos/dividendos_TELB3__20261006_642daec7.csv
20261005_213028;2026-10-06T07:23:55.851532+00:00;dividendos_TELB4.csv;YAHOO_DIVIDENDOS;;TELB4.SA;;SEM_EVENTOS;INALTERADO;1;642daec761ccb28fc097aa7f22cfeb4552f7859c3b919e315b4f51bc1ae66de3;49;data/raw/yahoo_dividendos/dividendos_TELB4__20261006_642daec7.csv
20261005_213028;2026-10-06T07:23:56.375099+00:00;dividendos_TEND3.csv;YAHOO_DIVIDENDOS;;TEND3.SA;;COM_EVENTOS;INALTERADO;1;cc69d33766dff8a71efd2b72417598d2543b321e46356bb951fcbb447243409b;517;data/raw/yahoo_dividendos/dividendos_TEND3__20261006_cc69d337.csv
20261005_213028;2026-10-06T07:23:59.227325+00:00;dividendos_TFCO4.csv;YAHOO_DIVIDENDOS;;TFCO4.SA;;COM_EVENTOS;INALTERADO;1;7c555f8f2189ed788415ec7314241feeee754f0a3ec36201e2a9b0c995e560a1;947;data/raw/yahoo_dividendos/dividendos_TFCO4__20261006_7c555f8f.csv
20261005_213028;2026-10-06T07:23:59.672546+00:00;dividendos_TGMA3.csv;YAHOO_DIVIDENDOS;;TGMA3.SA;;COM_EVENTOS;INALTERADO;1;d180e1c27e712193071aec64c35da5b42ee7d0182252ee6ab9f85a37431c4dae;1547;data/raw/yahoo_dividendos/dividendos_TGMA3__20261006_d180e1c2.csv
20261005_213028;2026-10-06T07:24:02.502794+00:00;dividendos_TIMS3.csv;YAHOO_DIVIDENDOS;;TIMS3.SA;;COM_EVENTOS;INALTERADO;1;10ec5779aebb2da835f7546f3be15ff98b561d610330bb48c7288cb67f1875ef;1700;data/raw/yahoo_dividendos/dividendos_TIMS3__20261006_10ec5779.csv
20261005_213028;2026-10-06T07:24:08.745563+00:00;dividendos_TOKY3.csv;YAHOO_DIVIDENDOS;;TOKY3.SA;;SEM_EVENTOS;INALTERADO;1;642daec761ccb28fc097aa7f22cfeb4552f7859c3b919e315b4f51bc1ae66de3;49;data/raw/yahoo_dividendos/dividendos_TOKY3__20261006_642daec7.csv
20261005_213028;2026-10-06T07:24:09.327337+00:00;dividendos_TOTS3.csv;YAHOO_DIVIDENDOS;;TOTS3.SA;;COM_EVENTOS;INALTERADO;1;cb8cfddb14c393019017f53627cb3ff8eea1d5170e8f5727376910995c7c4527;1754;data/raw/yahoo_dividendos/dividendos_TOTS3__20261006_cb8cfddb.csv
20261005_213028;2026-10-06T07:24:10.630566+00:00;dividendos_TPIS3.csv;YAHOO_DIVIDENDOS;;TPIS3.SA;;COM_EVENTOS;INALTERADO;1;cca56058d2bafb625ec94dd101506223b156f559e8e49a8666dbd4deed740615;689;data/raw/yahoo_dividendos/dividendos_TPIS3__20261006_cca56058.csv
20261005_213028;2026-10-06T07:24:11.744869+00:00;dividendos_TRIS3.csv;YAHOO_DIVIDENDOS;;TRIS3.SA;;COM_EVENTOS;INALTERADO;1;b44b05ee03bc737ba5d7584065feead2d34ee0d7c84e1c68f3ed215bf94f354c;695;data/raw/yahoo_dividendos/dividendos_TRIS3__20261006_b44b05ee.csv
20261005_213028;2026-10-06T07:24:14.009686+00:00;dividendos_TTEN3.csv;YAHOO_DIVIDENDOS;;TTEN3.SA;;COM_EVENTOS;INALTERADO;1;99067866154ac680183f1ae2d01682fa32ad6a755e44908eaeb7c46ed4fd109d;229;data/raw/yahoo_dividendos/dividendos_TTEN3__20261006_99067866.csv
20261005_213028;2026-10-06T07:24:14.848779+00:00;dividendos_TUPY3.csv;YAHOO_DIVIDENDOS;;TUPY3.SA;;COM_EVENTOS;INALTERADO;1;50d4c20b17381183c1bc0547b329d1a8c35ba2223a3c57882703975f8783333d;1184;data/raw/yahoo_dividendos/dividendos_TUPY3__20261006_50d4c20b.csv
20261005_213028;2026-10-06T07:24:15.467744+00:00;dividendos_TXRX3.csv;YAHOO_DIVIDENDOS;;TXRX3.SA;;SEM_EVENTOS;INALTERADO;1;642daec761ccb28fc097aa7f22cfeb4552f7859c3b919e315b4f51bc1ae66de3;49;data/raw/yahoo_dividendos/dividendos_TXRX3__20261006_642daec7.csv
20261005_213028;2026-10-06T07:24:15.758382+00:00;dividendos_TXRX4.csv;YAHOO_DIVIDENDOS;;TXRX4.SA;;SEM_EVENTOS;INALTERADO;1;642daec761ccb28fc097aa7f22cfeb4552f7859c3b919e315b4f51bc1ae66de3;49;data/raw/yahoo_dividendos/dividendos_TXRX4__20261006_642daec7.csv
20261005_213028;2026-10-06T07:24:16.206431+00:00;dividendos_UCAS3.csv;YAHOO_DIVIDENDOS;;UCAS3.SA;;COM_EVENTOS;INALTERADO;1;65cb3eff2c93a60b01e604b5a93253f7ddce8f34649380f3dea3ed7431f7e3e6;535;data/raw/yahoo_dividendos/dividendos_UCAS3__20261006_65cb3eff.csv
20261005_213028;2026-10-06T07:24:16.392471+00:00;dividendos_UGPA3.csv;YAHOO_DIVIDENDOS;;UGPA3.SA;;COM_EVENTOS;INALTERADO;1;9adf6dcd5d619c0f6264f2fdcf8c22402326f69866b2a256320dc4790faa1c94;1330;data/raw/yahoo_dividendos/dividendos_UGPA3__20261006_9adf6dcd.csv
20261005_213028;2026-10-06T07:24:17.407308+00:00;dividendos_UNIP3.csv;YAHOO_DIVIDENDOS;;UNIP3.SA;;COM_EVENTOS;INALTERADO;1;799953fca35741d7151385ba240b0ec6384e79430d69c806113f7a762e894bb9;1303;data/raw/yahoo_dividendos/dividendos_UNIP3__20261006_799953fc.csv
20261005_213028;2026-10-06T07:24:17.971673+00:00;dividendos_UNIP5.csv;YAHOO_DIVIDENDOS;;UNIP5.SA;;COM_EVENTOS;INALTERADO;1;1b4e02d4d80d837ae82c8c8eff7f5c442974849a179570c29a31770e051d95ef;1053;data/raw/yahoo_dividendos/dividendos_UNIP5__20261006_1b4e02d4.csv
20261005_213028;2026-10-06T07:24:18.249404+00:00;dividendos_UNIP6.csv;YAHOO_DIVIDENDOS;;UNIP6.SA;;COM_EVENTOS;INALTERADO;1;efaceaff37f541486768c48a26ca4ac99d93ef2748395aa23aa838d98e567130;1089;data/raw/yahoo_dividendos/dividendos_UNIP6__20261006_efaceaff.csv
20261005_213028;2026-10-06T07:24:19.448547+00:00;dividendos_USIM3.csv;YAHOO_DIVIDENDOS;;USIM3.SA;;COM_EVENTOS;INALTERADO;1;f9fc11d337e95daa35a8acc764b3375fc5d659206bf8935bdee2d96e1e1775c9;868;data/raw/yahoo_dividendos/dividendos_USIM3__20261006_f9fc11d3.csv
20261005_213028;2026-10-06T07:24:19.918911+00:00;dividendos_USIM6.csv;YAHOO_DIVIDENDOS;;USIM6.SA;;COM_EVENTOS;INALTERADO;1;d5badcef4e425807759afbefefea082098006706b18695697c8f3ded5565c9d4;660;data/raw/yahoo_dividendos/dividendos_USIM6__20261006_d5badcef.csv
20261005_213028;2026-10-06T07:24:20.185355+00:00;dividendos_USIM5.csv;YAHOO_DIVIDENDOS;;USIM5.SA;;COM_EVENTOS;INALTERADO;1;a8013547833949024c3bc8d144c93364259a3d197e5097d9b3ae7d0e2b9aa90a;907;data/raw/yahoo_dividendos/dividendos_USIM5__20261006_a8013547.csv
20261005_213028;2026-10-06T07:24:21.288333+00:00;dividendos_VALE3.csv;YAHOO_DIVIDENDOS;;VALE3.SA;;COM_EVENTOS;INALTERADO;1;642d7045d8d30b6bdc9c95ee823c3d6db1332f203843c36a2a978963a6dc75ac;1441;data/raw/yahoo_dividendos/dividendos_VALE3__20261006_642d7045.csv
20261005_213028;2026-10-06T07:24:21.927528+00:00;dividendos_VAMO3.csv;YAHOO_DIVIDENDOS;;VAMO3.SA;;COM_EVENTOS;INALTERADO;1;b15e7eff83704053f2c9ac4397ec9aaf60cebb59b25d5bb72d95ed8f9d4f5418;264;data/raw/yahoo_dividendos/dividendos_VAMO3__20261006_b15e7eff.csv
20261005_213028;2026-10-06T07:24:22.674397+00:00;dividendos_VBBR3.csv;YAHOO_DIVIDENDOS;;VBBR3.SA;;COM_EVENTOS;INALTERADO;1;a826236a709608ee1c825be73707dce7e29db3f02e9db8c36af7eba5bb5720ae;913;data/raw/yahoo_dividendos/dividendos_VBBR3__20261006_a826236a.csv
20261005_213028;2026-10-06T07:24:25.899970+00:00;dividendos_VITT3.csv;YAHOO_DIVIDENDOS;;VITT3.SA;;COM_EVENTOS;INALTERADO;1;cefb32e5771ce6352f2bcac5a0b945f284c34ef9d1a36a9467d46eb8f3d68a39;517;data/raw/yahoo_dividendos/dividendos_VITT3__20261006_cefb32e5.csv
20261005_213028;2026-10-06T07:24:26.489361+00:00;dividendos_VIVA3.csv;YAHOO_DIVIDENDOS;;VIVA3.SA;;COM_EVENTOS;INALTERADO;1;4aa9fd3e5d82ecd6afc59cc177b4193dcf714dd84adf3550310727ba51805195;372;data/raw/yahoo_dividendos/dividendos_VIVA3__20261006_4aa9fd3e.csv
20261005_213028;2026-10-06T07:24:28.099299+00:00;dividendos_VIVR3.csv;YAHOO_DIVIDENDOS;;VIVR3.SA;;SEM_EVENTOS;INALTERADO;1;642daec761ccb28fc097aa7f22cfeb4552f7859c3b919e315b4f51bc1ae66de3;49;data/raw/yahoo_dividendos/dividendos_VIVR3__20261006_642daec7.csv
20261005_213028;2026-10-06T07:24:28.374854+00:00;dividendos_VIVT3.csv;YAHOO_DIVIDENDOS;;VIVT3.SA;;COM_EVENTOS;INALTERADO;1;da08a934b9ee06ef7e171c1e5cdb47df277d88f97b8e8106cf4d06a2a4fefc71;4249;data/raw/yahoo_dividendos/dividendos_VIVT3__20261006_da08a934.csv
20261005_213028;2026-10-06T07:24:29.340867+00:00;dividendos_VLID3.csv;YAHOO_DIVIDENDOS;;VLID3.SA;;COM_EVENTOS;INALTERADO;1;7b54500abf6fadf7ab3ec75be710db795165934b697367a555f4762fe5fc3b3c;2029;data/raw/yahoo_dividendos/dividendos_VLID3__20261006_7b54500a.csv
20261005_213028;2026-10-06T07:24:30.321737+00:00;dividendos_VSTE3.csv;YAHOO_DIVIDENDOS;;VSTE3.SA;;COM_EVENTOS;INALTERADO;1;698447dcf90549396e1f1c9d11c4bfccd48b15276497abc5e55c7cf0a0ad80a8;551;data/raw/yahoo_dividendos/dividendos_VSTE3__20261006_698447dc.csv
20261005_213028;2026-10-06T07:24:30.963141+00:00;dividendos_VULC3.csv;YAHOO_DIVIDENDOS;;VULC3.SA;;COM_EVENTOS;INALTERADO;1;74b254cd1f9dfbd4001d85f5c7fa82ee28f80590601f68ee5e490ea4e30bbf34;1290;data/raw/yahoo_dividendos/dividendos_VULC3__20261006_74b254cd.csv
20261005_213028;2026-10-06T07:24:31.031596+00:00;dividendos_VTRU3.csv;YAHOO_DIVIDENDOS;;VTRU3.SA;;COM_EVENTOS;INALTERADO;1;d814f4286837b9a7a665fd23f116a3201db1bf114c29c070291a0545a9088868;121;data/raw/yahoo_dividendos/dividendos_VTRU3__20261006_d814f428.csv
20261005_213028;2026-10-06T07:24:32.643569+00:00;dividendos_VVEO3.csv;YAHOO_DIVIDENDOS;;VVEO3.SA;;COM_EVENTOS;INALTERADO;1;dc562936afb9fc0e23f6aea6b58cc346368233a2b8470c14b51501f4793c75e3;193;data/raw/yahoo_dividendos/dividendos_VVEO3__20261006_dc562936.csv
20261005_213028;2026-10-06T07:24:33.436346+00:00;dividendos_WDCN3.csv;YAHOO_DIVIDENDOS;;WDCN3.SA;;COM_EVENTOS;INALTERADO;1;486b09bf33a60ee6dea68d328ed6df6bbf67aa775122eba36e95914575dca8b8;157;data/raw/yahoo_dividendos/dividendos_WDCN3__20261006_486b09bf.csv
20261005_213028;2026-10-06T07:24:33.993385+00:00;dividendos_WEST3.csv;YAHOO_DIVIDENDOS;;WEST3.SA;;COM_EVENTOS;INALTERADO;1;cbe06750ba5932a5aca178d0842c194d4fa2eba913c15f26551c61020e25f8ee;85;data/raw/yahoo_dividendos/dividendos_WEST3__20261006_cbe06750.csv
20261005_213028;2026-10-06T07:24:33.995111+00:00;dividendos_WEGE3.csv;YAHOO_DIVIDENDOS;;WEGE3.SA;;COM_EVENTOS;INALTERADO;1;33d9f15922a57c155ca4f6b2ee2f1d778b63914656c8bc43e9f8fd2fd7f32759;3967;data/raw/yahoo_dividendos/dividendos_WEGE3__20261006_33d9f159.csv
20261005_213028;2026-10-06T07:24:34.725644+00:00;dividendos_WHRL3.csv;YAHOO_DIVIDENDOS;;WHRL3.SA;;COM_EVENTOS;INALTERADO;1;15d6d9d2cb0a970bbf1df82350bd6f0996a80d9a7c1a4aead6e4b15ff2017411;1200;data/raw/yahoo_dividendos/dividendos_WHRL3__20261006_15d6d9d2.csv
20261005_213028;2026-10-06T07:24:34.849503+00:00;dividendos_WHRL4.csv;YAHOO_DIVIDENDOS;;WHRL4.SA;;COM_EVENTOS;INALTERADO;1;f6e155eea2132b0c1a5380f44f20bf5c22fdf4d2cbbed564449a6515efc6144a;996;data/raw/yahoo_dividendos/dividendos_WHRL4__20261006_f6e155ee.csv
20261005_213028;2026-10-06T07:24:35.286388+00:00;dividendos_WLMM3.csv;YAHOO_DIVIDENDOS;;WLMM3.SA;;COM_EVENTOS;INALTERADO;1;de2ea8cdf8c1ac4d4032c9319d3db34613887c4e482ea9e80c1c06b6e58a7aaf;1003;data/raw/yahoo_dividendos/dividendos_WLMM3__20261006_de2ea8cd.csv
20261005_213028;2026-10-06T07:24:35.572072+00:00;dividendos_WLMM4.csv;YAHOO_DIVIDENDOS;;WLMM4.SA;;COM_EVENTOS;INALTERADO;1;4583d5e6335e66e47a323de09a1f5f2d2e6b88a31bbd4b7a7212d826e08280c4;1360;data/raw/yahoo_dividendos/dividendos_WLMM4__20261006_4583d5e6.csv
20261005_213028;2026-10-06T07:24:36.623282+00:00;dividendos_YDUQ3.csv;YAHOO_DIVIDENDOS;;YDUQ3.SA;;COM_EVENTOS;INALTERADO;1;2cdd73fefeecb973710ec897b7ddbe41156976a4b63bf26285656635ee0134cc;803;data/raw/yahoo_dividendos/dividendos_YDUQ3__20261006_2cdd73fe.csv
20261006_092459;2026-10-06T12:25:29.794537+00:00;dfp_cia_aberta_2026.zip;CVM_DFP;2026;https://dados.cvm.gov.br/dados/CIA_ABERTA/DOC/DFP/DADOS/dfp_cia_aberta_2026.zip;200;OK;INALTERADO;2;7eab96451f58476d37b52653dabdd4fd423feb0870b97d44df5925feb42cdd93;243348;data/raw/cvm_dfp/dfp_cia_aberta_2026__20261004_7eab9645.zip
20261006_092459;2026-10-06T12:25:29.975059+00:00;cad_cia_aberta.csv;CVM_CAD;;https://dados.cvm.gov.br/dados/CIA_ABERTA/CAD/DADOS/cad_cia_aberta.csv;200;OK;NOVA_VERSAO;2;2c66942b9e6d75fb7c223e0b8f85a836bbd5241ae9b248c44e8849238f72e511;1493817;data/raw/cvm_cad/cad_cia_aberta__20261006_2c66942b.csv
20261006_092459;2026-10-06T12:25:38.186924+00:00;dfp_cia_aberta_2025.zip;CVM_DFP;2025;https://dados.cvm.gov.br/dados/CIA_ABERTA/DOC/DFP/DADOS/dfp_cia_aberta_2025.zip;200;OK;INALTERADO;2;d7aec54e7c67998e4cd3ef94c463ab247f09a6baaa2254878d1e431f28130e2a;12784140;data/raw/cvm_dfp/dfp_cia_aberta_2025__20261004_d7aec54e.zip
20261006_092459;2026-10-06T12:25:39.972774+00:00;fre_cia_aberta_2026.zip;CVM_FRE;2026;https://dados.cvm.gov.br/dados/CIA_ABERTA/DOC/FRE/DADOS/fre_cia_aberta_2026.zip;200;OK;INALTERADO;2;a04a1079f2807b3d53c25d0ff6978bba844f5f665ac6df62303c5d0aae46b624;8126598;data/raw/cvm_fre/fre_cia_aberta_2026__20261004_a04a1079.zip
20261006_092459;2026-10-06T12:25:40.474374+00:00;fre_cia_aberta_2025.zip;CVM_FRE;2025;https://dados.cvm.gov.br/dados/CIA_ABERTA/DOC/FRE/DADOS/fre_cia_aberta_2025.zip;200;OK;INALTERADO;2;23cacdb758cffcce79732d2092ce0823988e64749992b2b83907dc0880fc33de;8497399;data/raw/cvm_fre/fre_cia_aberta_2025__20261004_23cacdb7.zip
20261006_092459;2026-10-06T12:25:40.556506+00:00;fca_cia_aberta_2025.zip;CVM_FCA;2025;https://dados.cvm.gov.br/dados/CIA_ABERTA/DOC/FCA/DADOS/fca_cia_aberta_2025.zip;200;OK;INALTERADO;2;b8728d571587ebee9dc603d3150ffcf1146a38962a621862116e96d40185a7ef;383620;data/raw/cvm_fca/fca_cia_aberta_2025__20261004_b8728d57.zip
20261006_092459;2026-10-06T12:25:41.103436+00:00;fca_cia_aberta_2026.zip;CVM_FCA;2026;https://dados.cvm.gov.br/dados/CIA_ABERTA/DOC/FCA/DADOS/fca_cia_aberta_2026.zip;200;OK;INALTERADO;2;21d4bb18fb6923cf2253c2a1d76496ef71366287fbde5ca725d76f303a2069b8;361734;data/raw/cvm_fca/fca_cia_aberta_2026__20261004_21d4bb18.zip
20261006_092459;2026-10-06T12:25:44.570787+00:00;itr_cia_aberta_2026.zip;CVM_ITR;2026;https://dados.cvm.gov.br/dados/CIA_ABERTA/DOC/ITR/DADOS/itr_cia_aberta_2026.zip;200;OK;INALTERADO;2;0e1ef74291d2143e7bb55247b01c8bbd94995d995536f70f0d19de1d79d7e38c;19634453;data/raw/cvm_itr/itr_cia_aberta_2026__20261004_0e1ef742.zip
20261006_092459;2026-10-06T12:25:52.087011+00:00;itr_cia_aberta_2025.zip;CVM_ITR;2025;https://dados.cvm.gov.br/dados/CIA_ABERTA/DOC/ITR/DADOS/itr_cia_aberta_2025.zip;200;OK;INALTERADO;2;efe754841bed9eac2a3138c92a187060842c1746845e9471749be5c91819dc51;31660219;data/raw/cvm_itr/itr_cia_aberta_2025__20261004_efe75484.zip
20261006_092459;2026-10-06T12:26:01.496277+00:00;COTAHIST_A2025.zip;B3_COTAHIST;2025;https://bvmf.bmfbovespa.com.br/InstDados/SerHist/COTAHIST_A2025.ZIP;200;OK;INALTERADO;1;6cc0ad851c8f605ca30418acac48be81f1767f6ed05b4f563772d06ae448047d;89056788;data/raw/b3_cotahist/COTAHIST_A2025__20261004_6cc0ad85.zip
20261006_092459;2026-10-06T12:26:05.792921+00:00;COTAHIST_A2026.zip;B3_COTAHIST;2026;https://bvmf.bmfbovespa.com.br/InstDados/SerHist/COTAHIST_A2026.ZIP;200;OK;INALTERADO;2;6aa0558c7d2571a6ec28393402f9ccceb6a0fa859af196d29d9ee137ff99efdf;92505617;data/raw/b3_cotahist/COTAHIST_A2026__20261006_6aa0558c.zip
20261006_100419;2026-10-06T13:04:46.548949+00:00;dfp_cia_aberta_2026.zip;CVM_DFP;2026;https://dados.cvm.gov.br/dados/CIA_ABERTA/DOC/DFP/DADOS/dfp_cia_aberta_2026.zip;200;OK;INALTERADO;2;7eab96451f58476d37b52653dabdd4fd423feb0870b97d44df5925feb42cdd93;243348;data/raw/cvm_dfp/dfp_cia_aberta_2026__20261004_7eab9645.zip
20261006_100419;2026-10-06T13:04:47.816931+00:00;cad_cia_aberta.csv;CVM_CAD;;https://dados.cvm.gov.br/dados/CIA_ABERTA/CAD/DADOS/cad_cia_aberta.csv;200;OK;INALTERADO;2;2c66942b9e6d75fb7c223e0b8f85a836bbd5241ae9b248c44e8849238f72e511;1493817;data/raw/cvm_cad/cad_cia_aberta__20261006_2c66942b.csv
20261006_100419;2026-10-06T13:04:50.216302+00:00;fre_cia_aberta_2025.zip;CVM_FRE;2025;https://dados.cvm.gov.br/dados/CIA_ABERTA/DOC/FRE/DADOS/fre_cia_aberta_2025.zip;200;OK;INALTERADO;2;23cacdb758cffcce79732d2092ce0823988e64749992b2b83907dc0880fc33de;8497399;data/raw/cvm_fre/fre_cia_aberta_2025__20261004_23cacdb7.zip
20261006_100419;2026-10-06T13:04:50.340695+00:00;dfp_cia_aberta_2025.zip;CVM_DFP;2025;https://dados.cvm.gov.br/dados/CIA_ABERTA/DOC/DFP/DADOS/dfp_cia_aberta_2025.zip;200;OK;INALTERADO;2;d7aec54e7c67998e4cd3ef94c463ab247f09a6baaa2254878d1e431f28130e2a;12784140;data/raw/cvm_dfp/dfp_cia_aberta_2025__20261004_d7aec54e.zip
20261006_100419;2026-10-06T13:04:51.265546+00:00;fca_cia_aberta_2025.zip;CVM_FCA;2025;https://dados.cvm.gov.br/dados/CIA_ABERTA/DOC/FCA/DADOS/fca_cia_aberta_2025.zip;200;OK;INALTERADO;2;b8728d571587ebee9dc603d3150ffcf1146a38962a621862116e96d40185a7ef;383620;data/raw/cvm_fca/fca_cia_aberta_2025__20261004_b8728d57.zip
20261006_100419;2026-10-06T13:04:51.831359+00:00;fre_cia_aberta_2026.zip;CVM_FRE;2026;https://dados.cvm.gov.br/dados/CIA_ABERTA/DOC/FRE/DADOS/fre_cia_aberta_2026.zip;200;OK;INALTERADO;2;a04a1079f2807b3d53c25d0ff6978bba844f5f665ac6df62303c5d0aae46b624;8126598;data/raw/cvm_fre/fre_cia_aberta_2026__20261004_a04a1079.zip
20261006_100419;2026-10-06T13:04:52.289790+00:00;fca_cia_aberta_2026.zip;CVM_FCA;2026;https://dados.cvm.gov.br/dados/CIA_ABERTA/DOC/FCA/DADOS/fca_cia_aberta_2026.zip;200;OK;INALTERADO;2;21d4bb18fb6923cf2253c2a1d76496ef71366287fbde5ca725d76f303a2069b8;361734;data/raw/cvm_fca/fca_cia_aberta_2026__20261004_21d4bb18.zip
20261006_100419;2026-10-06T13:04:53.251649+00:00;itr_cia_aberta_2025.zip;CVM_ITR;2025;https://dados.cvm.gov.br/dados/CIA_ABERTA/DOC/ITR/DADOS/itr_cia_aberta_2025.zip;200;OK;INALTERADO;2;efe754841bed9eac2a3138c92a187060842c1746845e9471749be5c91819dc51;31660219;data/raw/cvm_itr/itr_cia_aberta_2025__20261004_efe75484.zip
20261006_100419;2026-10-06T13:05:03.767051+00:00;itr_cia_aberta_2026.zip;CVM_ITR;2026;https://dados.cvm.gov.br/dados/CIA_ABERTA/DOC/ITR/DADOS/itr_cia_aberta_2026.zip;200;OK;INALTERADO;2;0e1ef74291d2143e7bb55247b01c8bbd94995d995536f70f0d19de1d79d7e38c;19634453;data/raw/cvm_itr/itr_cia_aberta_2026__20261004_0e1ef742.zip
20261006_100725;2026-10-06T13:07:54.688466+00:00;dfp_cia_aberta_2026.zip;CVM_DFP;2026;https://dados.cvm.gov.br/dados/CIA_ABERTA/DOC/DFP/DADOS/dfp_cia_aberta_2026.zip;200;OK;INALTERADO;2;7eab96451f58476d37b52653dabdd4fd423feb0870b97d44df5925feb42cdd93;243348;data/raw/cvm_dfp/dfp_cia_aberta_2026__20261004_7eab9645.zip
20261006_100725;2026-10-06T13:07:55.030219+00:00;cad_cia_aberta.csv;CVM_CAD;;https://dados.cvm.gov.br/dados/CIA_ABERTA/CAD/DADOS/cad_cia_aberta.csv;200;OK;INALTERADO;2;2c66942b9e6d75fb7c223e0b8f85a836bbd5241ae9b248c44e8849238f72e511;1493817;data/raw/cvm_cad/cad_cia_aberta__20261006_2c66942b.csv
20261006_100725;2026-10-06T13:07:59.452928+00:00;itr_cia_aberta_2025.zip;CVM_ITR;2025;https://dados.cvm.gov.br/dados/CIA_ABERTA/DOC/ITR/DADOS/itr_cia_aberta_2025.zip;200;OK;INALTERADO;2;efe754841bed9eac2a3138c92a187060842c1746845e9471749be5c91819dc51;31660219;data/raw/cvm_itr/itr_cia_aberta_2025__20261004_efe75484.zip
20261006_100725;2026-10-06T13:08:00.066934+00:00;fre_cia_aberta_2025.zip;CVM_FRE;2025;https://dados.cvm.gov.br/dados/CIA_ABERTA/DOC/FRE/DADOS/fre_cia_aberta_2025.zip;200;OK;INALTERADO;2;23cacdb758cffcce79732d2092ce0823988e64749992b2b83907dc0880fc33de;8497399;data/raw/cvm_fre/fre_cia_aberta_2025__20261004_23cacdb7.zip
20261006_100725;2026-10-06T13:08:00.622197+00:00;fca_cia_aberta_2025.zip;CVM_FCA;2025;https://dados.cvm.gov.br/dados/CIA_ABERTA/DOC/FCA/DADOS/fca_cia_aberta_2025.zip;200;OK;INALTERADO;2;b8728d571587ebee9dc603d3150ffcf1146a38962a621862116e96d40185a7ef;383620;data/raw/cvm_fca/fca_cia_aberta_2025__20261004_b8728d57.zip
20261006_100725;2026-10-06T13:08:00.804869+00:00;dfp_cia_aberta_2025.zip;CVM_DFP;2025;https://dados.cvm.gov.br/dados/CIA_ABERTA/DOC/DFP/DADOS/dfp_cia_aberta_2025.zip;200;OK;INALTERADO;2;d7aec54e7c67998e4cd3ef94c463ab247f09a6baaa2254878d1e431f28130e2a;12784140;data/raw/cvm_dfp/dfp_cia_aberta_2025__20261004_d7aec54e.zip
20261006_100725;2026-10-06T13:08:01.229412+00:00;fca_cia_aberta_2026.zip;CVM_FCA;2026;https://dados.cvm.gov.br/dados/CIA_ABERTA/DOC/FCA/DADOS/fca_cia_aberta_2026.zip;200;OK;INALTERADO;2;21d4bb18fb6923cf2253c2a1d76496ef71366287fbde5ca725d76f303a2069b8;361734;data/raw/cvm_fca/fca_cia_aberta_2026__20261004_21d4bb18.zip
20261006_100725;2026-10-06T13:08:01.880535+00:00;fre_cia_aberta_2026.zip;CVM_FRE;2026;https://dados.cvm.gov.br/dados/CIA_ABERTA/DOC/FRE/DADOS/fre_cia_aberta_2026.zip;200;OK;INALTERADO;2;a04a1079f2807b3d53c25d0ff6978bba844f5f665ac6df62303c5d0aae46b624;8126598;data/raw/cvm_fre/fre_cia_aberta_2026__20261004_a04a1079.zip
20261006_100725;2026-10-06T13:08:07.005456+00:00;itr_cia_aberta_2026.zip;CVM_ITR;2026;https://dados.cvm.gov.br/dados/CIA_ABERTA/DOC/ITR/DADOS/itr_cia_aberta_2026.zip;200;OK;INALTERADO;2;0e1ef74291d2143e7bb55247b01c8bbd94995d995536f70f0d19de1d79d7e38c;19634453;data/raw/cvm_itr/itr_cia_aberta_2026__20261004_0e1ef742.zip
20261006_100725;2026-10-06T13:08:25.588835+00:00;COTAHIST_A2025.zip;B3_COTAHIST;2025;https://bvmf.bmfbovespa.com.br/InstDados/SerHist/COTAHIST_A2025.ZIP;200;OK;INALTERADO;1;6cc0ad851c8f605ca30418acac48be81f1767f6ed05b4f563772d06ae448047d;89056788;data/raw/b3_cotahist/COTAHIST_A2025__20261004_6cc0ad85.zip
20261006_100725;2026-10-06T13:08:26.631877+00:00;COTAHIST_A2026.zip;B3_COTAHIST;2026;https://bvmf.bmfbovespa.com.br/InstDados/SerHist/COTAHIST_A2026.ZIP;200;OK;INALTERADO;2;6aa0558c7d2571a6ec28393402f9ccceb6a0fa859af196d29d9ee137ff99efdf;92505617;data/raw/b3_cotahist/COTAHIST_A2026__20261006_6aa0558c.zip
20261006_100725;2026-10-06T13:12:53.642495+00:00;dividendos_AALR3.csv;YAHOO_DIVIDENDOS;;AALR3.SA;;COM_EVENTOS;INALTERADO;1;9ad0dcbe12f7837b7fdaf1a7d233b671dccb404a94d27bc71c10cbcef2e17078;121;data/raw/yahoo_dividendos/dividendos_AALR3__20261006_9ad0dcbe.csv
20261006_100725;2026-10-06T13:12:54.275682+00:00;dividendos_ABEV3.csv;YAHOO_DIVIDENDOS;;ABEV3.SA;;COM_EVENTOS;INALTERADO;1;0d928b78a4aed2b65dba75662a1deec45a3b60b0fa9257babd8afbc4027563fd;1891;data/raw/yahoo_dividendos/dividendos_ABEV3__20261006_0d928b78.csv
20261006_100725;2026-10-06T13:12:59.823068+00:00;dividendos_AERI3.csv;YAHOO_DIVIDENDOS;;AERI3.SA;;COM_EVENTOS;INALTERADO;1;b0a80b13af9a65b7934b21db3cf704b1083baead854e776068fc5e7f37833c6d;84;data/raw/yahoo_dividendos/dividendos_AERI3__20261006_b0a80b13.csv
20261006_100725;2026-10-06T13:13:00.571589+00:00;dividendos_AFLT3.csv;YAHOO_DIVIDENDOS;;AFLT3.SA;;COM_EVENTOS;INALTERADO;1;1ebe220851d894e35befa4378dce6224e9debcf9d4a9674374c969496ffb7a18;1091;data/raw/yahoo_dividendos/dividendos_AFLT3__20261006_1ebe2208.csv
20261006_100725;2026-10-06T13:13:03.267067+00:00;dividendos_AGRO3.csv;YAHOO_DIVIDENDOS;;AGRO3.SA;;COM_EVENTOS;INALTERADO;1;a1c412066306fe8b4ee9b1b6721b9fd225b213e0d4c61750ed781acc692eb415;586;data/raw/yahoo_dividendos/dividendos_AGRO3__20261006_a1c41206.csv
20261006_100725;2026-10-06T13:13:03.436419+00:00;dividendos_AGXY3.csv;YAHOO_DIVIDENDOS;;AGXY3.SA;;COM_EVENTOS;INALTERADO;1;b8e83c2fdbabb939bed5e3d807d8132347990ce36e38260415a77916a489d693;120;data/raw/yahoo_dividendos/dividendos_AGXY3__20261006_b8e83c2f.csv
20261006_100725;2026-10-06T13:13:03.808673+00:00;dividendos_AHEB3.csv;YAHOO_DIVIDENDOS;;AHEB3.SA;;SEM_EVENTOS;INALTERADO;1;642daec761ccb28fc097aa7f22cfeb4552f7859c3b919e315b4f51bc1ae66de3;49;data/raw/yahoo_dividendos/dividendos_AHEB3__20261006_642daec7.csv
20261006_100725;2026-10-06T13:13:04.287776+00:00;dividendos_AHEB5.csv;YAHOO_DIVIDENDOS;;AHEB5.SA;;SEM_EVENTOS;INALTERADO;1;642daec761ccb28fc097aa7f22cfeb4552f7859c3b919e315b4f51bc1ae66de3;49;data/raw/yahoo_dividendos/dividendos_AHEB5__20261006_642daec7.csv
20261006_100725;2026-10-06T13:13:04.411840+00:00;dividendos_AHEB6.csv;YAHOO_DIVIDENDOS;;AHEB6.SA;;SEM_EVENTOS;INALTERADO;1;642daec761ccb28fc097aa7f22cfeb4552f7859c3b919e315b4f51bc1ae66de3;49;data/raw/yahoo_dividendos/dividendos_AHEB6__20261006_642daec7.csv
20261006_100725;2026-10-06T13:13:04.835067+00:00;dividendos_ALLD3.csv;YAHOO_DIVIDENDOS;;ALLD3.SA;;COM_EVENTOS;NOVA_VERSAO;2;2d01983a6d0f54f23be274d8c6fa50e2368807426ef7d004d514589d1109db6e;444;data/raw/yahoo_dividendos/dividendos_ALLD3__20261006_2d01983a.csv
20261006_100725;2026-10-06T13:13:06.024600+00:00;dividendos_ALOS3.csv;YAHOO_DIVIDENDOS;;ALOS3.SA;;COM_EVENTOS;INALTERADO;1;f4c0821b2584c1ebfb2f3a740b75d2bd2c89305462b74f118fd3199d8a9a7bb9;1386;data/raw/yahoo_dividendos/dividendos_ALOS3__20261006_f4c0821b.csv
20261006_100725;2026-10-06T13:13:06.767336+00:00;dividendos_ALPA4.csv;YAHOO_DIVIDENDOS;;ALPA4.SA;;COM_EVENTOS;INALTERADO;1;e9c4c18b3fb0e03aff91b0130f4d3a48cbb4c0caee05db9d262dd86f7fb7847d;1587;data/raw/yahoo_dividendos/dividendos_ALPA4__20261006_e9c4c18b.csv
20261006_100725;2026-10-06T13:13:06.900847+00:00;dividendos_ALPA3.csv;YAHOO_DIVIDENDOS;;ALPA3.SA;;COM_EVENTOS;INALTERADO;1;f4dbdd6a072fec629f2cc0740b640b8120b594f3d88e875503fa136d6e2daa7d;1840;data/raw/yahoo_dividendos/dividendos_ALPA3__20261006_f4dbdd6a.csv
20261006_100725;2026-10-06T13:13:07.208569+00:00;dividendos_ALPK3.csv;YAHOO_DIVIDENDOS;;ALPK3.SA;;COM_EVENTOS;INALTERADO;1;24d8645f0a6f06561837291f3874a9a54d03796a2bc484efed1d41eba3edc968;85;data/raw/yahoo_dividendos/dividendos_ALPK3__20261006_24d8645f.csv
20261006_100725;2026-10-06T13:13:08.956495+00:00;dividendos_ALUP11.csv;YAHOO_DIVIDENDOS;;ALUP11.SA;;COM_EVENTOS;INALTERADO;1;6f49824864f73e298cf22c837cfc8484b15c8e43060ce3696160d98351f76b2c;1076;data/raw/yahoo_dividendos/dividendos_ALUP11__20261006_6f498248.csv
20261006_100725;2026-10-06T13:13:09.623525+00:00;dividendos_ALUP3.csv;YAHOO_DIVIDENDOS;;ALUP3.SA;;COM_EVENTOS;INALTERADO;1;a39e9bfc11c933979fa4330c2fe2310c514c851b6202c16f5820325e1b10440b;873;data/raw/yahoo_dividendos/dividendos_ALUP3__20261006_a39e9bfc.csv
20261006_100725;2026-10-06T13:13:09.653886+00:00;dividendos_ALUP4.csv;YAHOO_DIVIDENDOS;;ALUP4.SA;;COM_EVENTOS;INALTERADO;1;0f620d96d67aa45654c104690d4cfd1ddc3c28ecf1911bac204f5be4c6a7ee0a;873;data/raw/yahoo_dividendos/dividendos_ALUP4__20261006_0f620d96.csv
20261006_100725;2026-10-06T13:13:10.164069+00:00;dividendos_AMBP3.csv;YAHOO_DIVIDENDOS;;AMBP3.SA;;COM_EVENTOS;INALTERADO;1;c911662effaf6e57b0fbbe2d7d92dd41196c9c56ecf74ec604053be6ec954a79;157;data/raw/yahoo_dividendos/dividendos_AMBP3__20261006_c911662e.csv
20261006_100725;2026-10-06T13:13:10.356993+00:00;dividendos_AMAR3.csv;YAHOO_DIVIDENDOS;;AMAR3.SA;;COM_EVENTOS;INALTERADO;1;c1b1e05fd6f9658e36259e88401a7c7987aaa4ce2e5f07cad3b9aee595265d35;515;data/raw/yahoo_dividendos/dividendos_AMAR3__20261006_c1b1e05f.csv
20261006_100725;2026-10-06T13:13:13.061707+00:00;dividendos_AMER3.csv;YAHOO_DIVIDENDOS;;AMER3.SA;;COM_EVENTOS;INALTERADO;1;58dcf37a1e5e7abd9d595c98ca65f9170cf7086de6ede84756215a4fd8949941;303;data/raw/yahoo_dividendos/dividendos_AMER3__20261006_58dcf37a.csv
20261006_100725;2026-10-06T13:13:13.928018+00:00;dividendos_AMOB3.csv;YAHOO_DIVIDENDOS;;AMOB3.SA;;SEM_EVENTOS;INALTERADO;1;642daec761ccb28fc097aa7f22cfeb4552f7859c3b919e315b4f51bc1ae66de3;49;data/raw/yahoo_dividendos/dividendos_AMOB3__20261006_642daec7.csv
20261006_100725;2026-10-06T13:13:15.080574+00:00;dividendos_ANIM3.csv;YAHOO_DIVIDENDOS;;ANIM3.SA;;COM_EVENTOS;INALTERADO;1;d039dfaf62a5524d4e63ced33856a1fdf08f2ca2c7b6d54d76175ca30c17d360;365;data/raw/yahoo_dividendos/dividendos_ANIM3__20261006_d039dfaf.csv
20261006_100725;2026-10-06T13:13:16.245817+00:00;dividendos_ARML3.csv;YAHOO_DIVIDENDOS;;ARML3.SA;;COM_EVENTOS;INALTERADO;1;26f949e3e7b91c5bf16be0c3dbf344e4d97ba8d7128dea8413dfc9c6976bedb5;624;data/raw/yahoo_dividendos/dividendos_ARML3__20261006_26f949e3.csv
20261006_100725;2026-10-06T13:13:17.946361+00:00;dividendos_ASAI3.csv;YAHOO_DIVIDENDOS;;ASAI3.SA;;COM_EVENTOS;INALTERADO;1;03b3566f3be9f0e66f20482d828d485f547f30d0c143fd8eb56e3817d6219065;336;data/raw/yahoo_dividendos/dividendos_ASAI3__20261006_03b3566f.csv
20261006_100725;2026-10-06T13:13:18.018737+00:00;dividendos_ATED3.csv;YAHOO_DIVIDENDOS;;ATED3.SA;;SEM_EVENTOS;INALTERADO;1;642daec761ccb28fc097aa7f22cfeb4552f7859c3b919e315b4f51bc1ae66de3;49;data/raw/yahoo_dividendos/dividendos_ATED3__20261006_642daec7.csv
20261006_100725;2026-10-06T13:13:19.564521+00:00;dividendos_AUAU3.csv;YAHOO_DIVIDENDOS;;AUAU3.SA;;COM_EVENTOS;INALTERADO;1;aa7da9449bbd766f63e5e6c1677286eac16b4f3c1dcf51c42dc0f4c120ec148a;85;data/raw/yahoo_dividendos/dividendos_AUAU3__20261006_aa7da944.csv
20261006_100725;2026-10-06T13:13:19.731674+00:00;dividendos_AURE3.csv;YAHOO_DIVIDENDOS;;AURE3.SA;;COM_EVENTOS;INALTERADO;1;ae4391fe9786a48aa5950f64a24f33bb7da3698ec32bec834e062ee38a7c7e65;209;data/raw/yahoo_dividendos/dividendos_AURE3__20261006_ae4391fe.csv
20261006_100725;2026-10-06T13:13:20.279898+00:00;dividendos_AVLL3.csv;YAHOO_DIVIDENDOS;;AVLL3.SA;;SEM_EVENTOS;INALTERADO;1;642daec761ccb28fc097aa7f22cfeb4552f7859c3b919e315b4f51bc1ae66de3;49;data/raw/yahoo_dividendos/dividendos_AVLL3__20261006_642daec7.csv
20261006_100725;2026-10-06T13:13:21.229034+00:00;dividendos_AXIA3.csv;YAHOO_DIVIDENDOS;;AXIA3.SA;;COM_EVENTOS;INALTERADO;1;8dd498af18003ba44f5d283a5eca1e38df011d00f84c15f6e15801b3ec0e550f;696;data/raw/yahoo_dividendos/dividendos_AXIA3__20261006_8dd498af.csv
20261006_100725;2026-10-06T13:13:22.540275+00:00;dividendos_AXIA7.csv;YAHOO_DIVIDENDOS;;AXIA7.SA;;SEM_EVENTOS;INALTERADO;1;642daec761ccb28fc097aa7f22cfeb4552f7859c3b919e315b4f51bc1ae66de3;49;data/raw/yahoo_dividendos/dividendos_AXIA7__20261006_642daec7.csv
20261006_100725;2026-10-06T13:13:23.666815+00:00;dividendos_AZEV3.csv;YAHOO_DIVIDENDOS;;AZEV3.SA;;COM_EVENTOS;INALTERADO;1;348a98296208660730b42904c2de1d13a792de7ece6182a5c828af83cb6ab6c1;157;data/raw/yahoo_dividendos/dividendos_AZEV3__20261006_348a9829.csv
20261006_100725;2026-10-06T13:13:23.835147+00:00;dividendos_AZEV4.csv;YAHOO_DIVIDENDOS;;AZEV4.SA;;COM_EVENTOS;INALTERADO;1;a23efe61aea02ea3e716e79fcc8be109d10c829d8876bdfb7892737a4490169b;157;data/raw/yahoo_dividendos/dividendos_AZEV4__20261006_a23efe61.csv
20261006_100725;2026-10-06T13:13:24.082804+00:00;dividendos_AZTE3.csv;YAHOO_DIVIDENDOS;;AZTE3.SA;;SEM_EVENTOS;INALTERADO;1;642daec761ccb28fc097aa7f22cfeb4552f7859c3b919e315b4f51bc1ae66de3;49;data/raw/yahoo_dividendos/dividendos_AZTE3__20261006_642daec7.csv
20261006_100725;2026-10-06T13:13:24.248690+00:00;dividendos_AZUL3.csv;YAHOO_DIVIDENDOS;;AZUL3.SA;;SEM_EVENTOS;INALTERADO;1;642daec761ccb28fc097aa7f22cfeb4552f7859c3b919e315b4f51bc1ae66de3;49;data/raw/yahoo_dividendos/dividendos_AZUL3__20261006_642daec7.csv
20261006_100725;2026-10-06T13:13:24.696384+00:00;dividendos_AZUL97.csv;YAHOO_DIVIDENDOS;;AZUL97.SA;;SEM_EVENTOS;INALTERADO;1;642daec761ccb28fc097aa7f22cfeb4552f7859c3b919e315b4f51bc1ae66de3;49;data/raw/yahoo_dividendos/dividendos_AZUL97__20261006_642daec7.csv
20261006_100725;2026-10-06T13:13:25.258985+00:00;dividendos_AZUL98.csv;YAHOO_DIVIDENDOS;;AZUL98.SA;;SEM_EVENTOS;INALTERADO;1;642daec761ccb28fc097aa7f22cfeb4552f7859c3b919e315b4f51bc1ae66de3;49;data/raw/yahoo_dividendos/dividendos_AZUL98__20261006_642daec7.csv
20261006_100725;2026-10-06T13:13:25.645421+00:00;dividendos_AZUL99.csv;YAHOO_DIVIDENDOS;;AZUL99.SA;;SEM_EVENTOS;INALTERADO;1;642daec761ccb28fc097aa7f22cfeb4552f7859c3b919e315b4f51bc1ae66de3;49;data/raw/yahoo_dividendos/dividendos_AZUL99__20261006_642daec7.csv
20261006_100725;2026-10-06T13:13:26.250673+00:00;dividendos_AZZA3.csv;YAHOO_DIVIDENDOS;;AZZA3.SA;;COM_EVENTOS;INALTERADO;1;3ba62d7cc821ffbbc6aba439f55c34f98f62728ed0033624ba78fa5f45bb5830;1831;data/raw/yahoo_dividendos/dividendos_AZZA3__20261006_3ba62d7c.csv
20261006_100725;2026-10-06T13:13:27.056018+00:00;dividendos_BALM3.csv;YAHOO_DIVIDENDOS;;BALM3.SA;;COM_EVENTOS;INALTERADO;1;a736e873ac31ddb76e716c4704c24d9e98ea188ccb0f5bd22211132a818757e6;817;data/raw/yahoo_dividendos/dividendos_BALM3__20261006_a736e873.csv
20261006_100725;2026-10-06T13:13:27.533927+00:00;dividendos_BALM4.csv;YAHOO_DIVIDENDOS;;BALM4.SA;;COM_EVENTOS;INALTERADO;1;db887bdd4283de267f79a2b95333eb17c01c3c04aa69ea42fbf43b2ee25a50a2;781;data/raw/yahoo_dividendos/dividendos_BALM4__20261006_db887bdd.csv
20261006_100725;2026-10-06T13:13:28.006003+00:00;dividendos_BAUH4.csv;YAHOO_DIVIDENDOS;;BAUH4.SA;;COM_EVENTOS;INALTERADO;1;ad5b71844acc8a97d32f3fd2e5b7badf22f237eea2ea181af408a36e8fc8d647;464;data/raw/yahoo_dividendos/dividendos_BAUH4__20261006_ad5b7184.csv
20261006_100725;2026-10-06T13:13:28.709857+00:00;dividendos_BDLL3.csv;YAHOO_DIVIDENDOS;;BDLL3.SA;;COM_EVENTOS;INALTERADO;1;eae3339ebdac774085c07a65492a9fb9ab8d9f8f73c9cc82fc033531ef8b31af;214;data/raw/yahoo_dividendos/dividendos_BDLL3__20261006_eae3339e.csv
20261006_100725;2026-10-06T13:13:29.745317+00:00;dividendos_BDLL4.csv;YAHOO_DIVIDENDOS;;BDLL4.SA;;COM_EVENTOS;INALTERADO;1;a6295c0d72936cf23ce23d9277a05818e200a3e7f12a65096e4c081e3baa2f3b;213;data/raw/yahoo_dividendos/dividendos_BDLL4__20261006_a6295c0d.csv
20261006_100725;2026-10-06T13:13:29.800209+00:00;dividendos_BEEF3.csv;YAHOO_DIVIDENDOS;;BEEF3.SA;;COM_EVENTOS;INALTERADO;1;4da4bc4bac28994f230013524c043535ef1377ee60f1ec45bcc77efd022363ac;515;data/raw/yahoo_dividendos/dividendos_BEEF3__20261006_4da4bc4b.csv
20261006_100725;2026-10-06T13:13:31.722345+00:00;dividendos_BHIA3.csv;YAHOO_DIVIDENDOS;;BHIA3.SA;;COM_EVENTOS;INALTERADO;1;d976ba6b42602d22e15f9ae13ce779eb5332d192f0d28cd0e062c755a7535395;336;data/raw/yahoo_dividendos/dividendos_BHIA3__20261006_d976ba6b.csv
20261006_100725;2026-10-06T13:13:32.442765+00:00;dividendos_BIED3.csv;YAHOO_DIVIDENDOS;;BIED3.SA;;COM_EVENTOS;INALTERADO;1;154ca1989b046c54155114bfba6a6ce537e90c1f287ee7390acbeffc76d1aa38;300;data/raw/yahoo_dividendos/dividendos_BIED3__20261006_154ca198.csv
20261006_100725;2026-10-06T13:13:32.534561+00:00;dividendos_BIOM3.csv;YAHOO_DIVIDENDOS;;BIOM3.SA;;SEM_EVENTOS;INALTERADO;1;642daec761ccb28fc097aa7f22cfeb4552f7859c3b919e315b4f51bc1ae66de3;49;data/raw/yahoo_dividendos/dividendos_BIOM3__20261006_642daec7.csv
20261006_100725;2026-10-06T13:13:34.161963+00:00;dividendos_BLAU3.csv;YAHOO_DIVIDENDOS;;BLAU3.SA;;COM_EVENTOS;INALTERADO;1;ba823622552757409713ef267619a906ba88a5536089f8d69da18ee6eefcbe4d;840;data/raw/yahoo_dividendos/dividendos_BLAU3__20261006_ba823622.csv
20261006_100725;2026-10-06T13:13:34.614835+00:00;dividendos_BMKS3.csv;YAHOO_DIVIDENDOS;;BMKS3.SA;;COM_EVENTOS;INALTERADO;1;8d63e27ae690079fa2deecd8e1f02e4b591b39a68a0ab6443877ce457949b86d;725;data/raw/yahoo_dividendos/dividendos_BMKS3__20261006_8d63e27a.csv
20261006_100725;2026-10-06T13:13:34.745254+00:00;dividendos_BMOB3.csv;YAHOO_DIVIDENDOS;;BMOB3.SA;;COM_EVENTOS;INALTERADO;1;78a82f44b165b36802828652a7556ff32d96621ac01e52e3122a09fbcf4e2c50;373;data/raw/yahoo_dividendos/dividendos_BMOB3__20261006_78a82f44.csv
20261006_100725;2026-10-06T13:13:36.436935+00:00;dividendos_BOBR4.csv;YAHOO_DIVIDENDOS;;BOBR4.SA;;SEM_EVENTOS;INALTERADO;1;642daec761ccb28fc097aa7f22cfeb4552f7859c3b919e315b4f51bc1ae66de3;49;data/raw/yahoo_dividendos/dividendos_BOBR4__20261006_642daec7.csv
20261006_100725;2026-10-06T13:13:36.948821+00:00;dividendos_BRAV3.csv;YAHOO_DIVIDENDOS;;BRAV3.SA;;COM_EVENTOS;INALTERADO;1;54bad17b7173aeb975d01b2cedff694f66469851fc5bc00e1c48b2ffab238e40;121;data/raw/yahoo_dividendos/dividendos_BRAV3__20261006_54bad17b.csv
20261006_100725;2026-10-06T13:13:39.412688+00:00;dividendos_BRKM3.csv;YAHOO_DIVIDENDOS;;BRKM3.SA;;COM_EVENTOS;INALTERADO;1;2a4ab5f02b9459ae86d7a9e6b984a08a9f98f70bfcd495cad259de1e69b0286b;479;data/raw/yahoo_dividendos/dividendos_BRKM3__20261006_2a4ab5f0.csv
20261006_100725;2026-10-06T13:13:39.978428+00:00;dividendos_BRKM5.csv;YAHOO_DIVIDENDOS;;BRKM5.SA;;COM_EVENTOS;INALTERADO;1;fb2987d72bbc257d7c4f46698d9eb5dcffed3612a5c5aafd065485ecce638d6d;620;data/raw/yahoo_dividendos/dividendos_BRKM5__20261006_fb2987d7.csv
20261006_100725;2026-10-06T13:13:40.070159+00:00;dividendos_BRKM6.csv;YAHOO_DIVIDENDOS;;BRKM6.SA;;COM_EVENTOS;INALTERADO;1;4dc993dc99308b62b759d8e02e6b646233ab3c24cff9b52615042c8050ec8aa3;371;data/raw/yahoo_dividendos/dividendos_BRKM6__20261006_4dc993dc.csv
20261006_100725;2026-10-06T13:13:41.734096+00:00;dividendos_BRST3.csv;YAHOO_DIVIDENDOS;;BRST3.SA;;COM_EVENTOS;INALTERADO;1;26071b8e4bc26d0105acf56a75c07fdf6b86b84f3ebf255fb8883f28f105f82b;85;data/raw/yahoo_dividendos/dividendos_BRST3__20261006_26071b8e.csv
20261006_100725;2026-10-06T13:13:45.413469+00:00;dividendos_CALI3.csv;YAHOO_DIVIDENDOS;;CALI3.SA;;COM_EVENTOS;INALTERADO;1;5425b019235571e891ab8ff70f42ed9561450b3b6a25165378f7ec9661b1d39d;406;data/raw/yahoo_dividendos/dividendos_CALI3__20261006_5425b019.csv
20261006_100725;2026-10-06T13:13:46.164310+00:00;dividendos_CAMB3.csv;YAHOO_DIVIDENDOS;;CAMB3.SA;;COM_EVENTOS;INALTERADO;1;be3ddc8ffc2a6c8df63c7ba6fd4358a40894462ba33ed998c029ef363fb460ec;826;data/raw/yahoo_dividendos/dividendos_CAMB3__20261006_be3ddc8f.csv
20261006_100725;2026-10-06T13:13:47.648663+00:00;dividendos_CAML3.csv;YAHOO_DIVIDENDOS;;CAML3.SA;;COM_EVENTOS;INALTERADO;1;d918f8651b9b7a40c37ce39d0f2ef31e27b2484a8e7e8787f4ec4ea13481a564;1375;data/raw/yahoo_dividendos/dividendos_CAML3__20261006_d918f865.csv
20261006_100725;2026-10-06T13:13:48.829612+00:00;dividendos_CASH3.csv;YAHOO_DIVIDENDOS;;CASH3.SA;;COM_EVENTOS;INALTERADO;1;72d0a4d1f74dca7c63e4cbec6f021c3293d794da66be573cadbceaf26feb12c2;85;data/raw/yahoo_dividendos/dividendos_CASH3__20261006_72d0a4d1.csv
20261006_100725;2026-10-06T13:13:49.433303+00:00;dividendos_CASN3.csv;YAHOO_DIVIDENDOS;;CASN3.SA;;SEM_EVENTOS;INALTERADO;1;642daec761ccb28fc097aa7f22cfeb4552f7859c3b919e315b4f51bc1ae66de3;49;data/raw/yahoo_dividendos/dividendos_CASN3__20261006_642daec7.csv
20261006_100725;2026-10-06T13:13:50.088505+00:00;dividendos_CBAV3.csv;YAHOO_DIVIDENDOS;;CBAV3.SA;;COM_EVENTOS;INALTERADO;1;57f2c0d6bfdbf74b891f8531743d0f8dced0b26a77de44441c3637c3f86dd93c;193;data/raw/yahoo_dividendos/dividendos_CBAV3__20261006_57f2c0d6.csv
20261006_100725;2026-10-06T13:13:50.746119+00:00;dividendos_CBEE3.csv;YAHOO_DIVIDENDOS;;CBEE3.SA;;COM_EVENTOS;INALTERADO;1;283be4b0515f87e405d9e69d9f6b6e54134d340cf47b98fd265c470b78a78801;516;data/raw/yahoo_dividendos/dividendos_CBEE3__20261006_283be4b0.csv
20261006_100725;2026-10-06T13:13:54.834274+00:00;dividendos_CCTY3.csv;YAHOO_DIVIDENDOS;;CCTY3.SA;;SEM_EVENTOS;INALTERADO;1;642daec761ccb28fc097aa7f22cfeb4552f7859c3b919e315b4f51bc1ae66de3;49;data/raw/yahoo_dividendos/dividendos_CCTY3__20261006_642daec7.csv
20261006_100725;2026-10-06T13:13:55.726727+00:00;dividendos_CEAB3.csv;YAHOO_DIVIDENDOS;;CEAB3.SA;;COM_EVENTOS;INALTERADO;1;292103de134056d3f2e34db3d37a7e8283b916cc11841dfbc52b7c9d572d1e90;191;data/raw/yahoo_dividendos/dividendos_CEAB3__20261006_292103de.csv
20261006_100725;2026-10-06T13:13:55.760287+00:00;dividendos_CEBR3.csv;YAHOO_DIVIDENDOS;;CEBR3.SA;;COM_EVENTOS;INALTERADO;1;862b5aa062c01ecd9c12ac1832b276d5dac6032a98a0d28e0ebf3ce6a43cba4c;652;data/raw/yahoo_dividendos/dividendos_CEBR3__20261006_862b5aa0.csv
20261006_100725;2026-10-06T13:13:56.466919+00:00;dividendos_CEBR5.csv;YAHOO_DIVIDENDOS;;CEBR5.SA;;COM_EVENTOS;INALTERADO;1;0051730f3276195fc2d260c9776800e96be262864d21864496d55523d78b3a63;653;data/raw/yahoo_dividendos/dividendos_CEBR5__20261006_0051730f.csv
20261006_100725;2026-10-06T13:13:56.548123+00:00;dividendos_CEBR6.csv;YAHOO_DIVIDENDOS;;CEBR6.SA;;COM_EVENTOS;INALTERADO;1;64e2b39d165cd3768c9fa6aae57ed6b0b2936a8de3a78d9ddb86f5f2b3307311;657;data/raw/yahoo_dividendos/dividendos_CEBR6__20261006_64e2b39d.csv
20261006_100725;2026-10-06T13:13:57.079529+00:00;dividendos_CEDO3.csv;YAHOO_DIVIDENDOS;;CEDO3.SA;;COM_EVENTOS;INALTERADO;1;27c611b76745117f20b312149019ad4012e135044dbbed344964afd7c5aa8447;458;data/raw/yahoo_dividendos/dividendos_CEDO3__20261006_27c611b7.csv
20261006_100725;2026-10-06T13:13:57.155954+00:00;dividendos_CEDO4.csv;YAHOO_DIVIDENDOS;;CEDO4.SA;;COM_EVENTOS;INALTERADO;1;6609f9da24e66d7d95d03725aec70557ff038f0e136bfbb8cec2a40aadb11130;211;data/raw/yahoo_dividendos/dividendos_CEDO4__20261006_6609f9da.csv
20261006_100725;2026-10-06T13:13:57.853784+00:00;dividendos_CEEB3.csv;YAHOO_DIVIDENDOS;;CEEB3.SA;;COM_EVENTOS;INALTERADO;1;40f5ac68ca3213db96121803c70ee2ad1a5d579b3ae029e18f4afcd5c781c67e;2350;data/raw/yahoo_dividendos/dividendos_CEEB3__20261006_40f5ac68.csv
20261006_100725;2026-10-06T13:13:58.003453+00:00;dividendos_CEEB5.csv;YAHOO_DIVIDENDOS;;CEEB5.SA;;COM_EVENTOS;INALTERADO;1;4d05236b3c0308b314503079a19f5bb109f1705c02ed1ed5499f691fb6dd308f;2130;data/raw/yahoo_dividendos/dividendos_CEEB5__20261006_4d05236b.csv
20261006_100725;2026-10-06T13:13:58.623912+00:00;dividendos_CEED4.csv;YAHOO_DIVIDENDOS;;CEED4.SA;;SEM_EVENTOS;INALTERADO;1;642daec761ccb28fc097aa7f22cfeb4552f7859c3b919e315b4f51bc1ae66de3;49;data/raw/yahoo_dividendos/dividendos_CEED4__20261006_642daec7.csv
20261006_100725;2026-10-06T13:13:58.671549+00:00;dividendos_CEED3.csv;YAHOO_DIVIDENDOS;;CEED3.SA;;SEM_EVENTOS;INALTERADO;1;642daec761ccb28fc097aa7f22cfeb4552f7859c3b919e315b4f51bc1ae66de3;49;data/raw/yahoo_dividendos/dividendos_CEED3__20261006_642daec7.csv
20261006_100725;2026-10-06T13:13:59.607329+00:00;dividendos_CEGR3.csv;YAHOO_DIVIDENDOS;;CEGR3.SA;;COM_EVENTOS;INALTERADO;1;3cd18895d4c12cbeea8b9d72f2f1d084eb38b064b397ec388ec7d1456dc453d2;1362;data/raw/yahoo_dividendos/dividendos_CEGR3__20261006_3cd18895.csv
20261006_100725;2026-10-06T13:14:07.262965+00:00;dividendos_CGAS3.csv;YAHOO_DIVIDENDOS;;CGAS3.SA;;COM_EVENTOS;INALTERADO;1;d3c7be53c50e671fcf449afa8ebf4b6e589092bce4049c3272d06a988f384a39;1734;data/raw/yahoo_dividendos/dividendos_CGAS3__20261006_d3c7be53.csv
20261006_100725;2026-10-06T13:14:08.168199+00:00;dividendos_CGRA3.csv;YAHOO_DIVIDENDOS;;CGRA3.SA;;COM_EVENTOS;INALTERADO;1;acaabea2d486b55dc14f388216d1423b6a7b53636535928f485d0c4bf086363a;1196;data/raw/yahoo_dividendos/dividendos_CGRA3__20261006_acaabea2.csv
20261006_100725;2026-10-06T13:14:08.396856+00:00;dividendos_CGAS5.csv;YAHOO_DIVIDENDOS;;CGAS5.SA;;COM_EVENTOS;INALTERADO;1;6ce443c777878ae70a6231f9fda366cf23d8cee4a361501d53391a350eb5416b;1702;data/raw/yahoo_dividendos/dividendos_CGAS5__20261006_6ce443c7.csv
20261006_100725;2026-10-06T13:14:08.823937+00:00;dividendos_CGRA4.csv;YAHOO_DIVIDENDOS;;CGRA4.SA;;COM_EVENTOS;INALTERADO;1;2be978721479e591acb9b6923ac1955483fa9897ccc20cbee35fe41e11f48f31;1164;data/raw/yahoo_dividendos/dividendos_CGRA4__20261006_2be97872.csv
20261006_100725;2026-10-06T13:14:11.695382+00:00;dividendos_CLSC4.csv;YAHOO_DIVIDENDOS;;CLSC4.SA;;COM_EVENTOS;INALTERADO;1;c19364c490c9035b61b29f0af6a9f70eb8034dada0e2d50f0973018851128c55;1303;data/raw/yahoo_dividendos/dividendos_CLSC4__20261006_c19364c4.csv
20261006_100725;2026-10-06T13:14:11.940810+00:00;dividendos_CLSC3.csv;YAHOO_DIVIDENDOS;;CLSC3.SA;;COM_EVENTOS;INALTERADO;1;04f258c516d2dec55961e728a1799f2161b87165ecacb071f72c406d44ea3337;1554;data/raw/yahoo_dividendos/dividendos_CLSC3__20261006_04f258c5.csv
20261006_100725;2026-10-06T13:14:15.226796+00:00;dividendos_CMIG3.csv;YAHOO_DIVIDENDOS;;CMIG3.SA;;COM_EVENTOS;INALTERADO;1;65a27b0adefd09bf5092abcbabe1386a2c4707f5deeb92700cd44ee9098d3ad9;2050;data/raw/yahoo_dividendos/dividendos_CMIG3__20261006_65a27b0a.csv
20261006_100725;2026-10-06T13:14:15.822646+00:00;dividendos_CMIN3.csv;YAHOO_DIVIDENDOS;;CMIN3.SA;;COM_EVENTOS;INALTERADO;1;af6fb8b50215a0cfd0b446b5d3e019754301dd27934c9938de0ee94c23600d99;659;data/raw/yahoo_dividendos/dividendos_CMIN3__20261006_af6fb8b5.csv
20261006_100725;2026-10-06T13:14:15.874283+00:00;dividendos_CMIG4.csv;YAHOO_DIVIDENDOS;;CMIG4.SA;;COM_EVENTOS;INALTERADO;1;8e8ba82eda34a21b4b8fae6e89fb9fb71e8f7321e389804e1a3d168fcb189fff;1946;data/raw/yahoo_dividendos/dividendos_CMIG4__20261006_8e8ba82e.csv
20261006_100725;2026-10-06T13:14:18.415320+00:00;dividendos_COCE3.csv;YAHOO_DIVIDENDOS;;COCE3.SA;;COM_EVENTOS;INALTERADO;1;7e615e4d84e9765c05b7b856e580317874fb3d94d9f4b8f75acd07608067186d;800;data/raw/yahoo_dividendos/dividendos_COCE3__20261006_7e615e4d.csv
20261006_100725;2026-10-06T13:14:19.192002+00:00;dividendos_COCE5.csv;YAHOO_DIVIDENDOS;;COCE5.SA;;COM_EVENTOS;INALTERADO;1;ea661685f9685876ca0977554e1172e2138bd0ebc500cb12067ba874162287f0;765;data/raw/yahoo_dividendos/dividendos_COCE5__20261006_ea661685.csv
20261006_100725;2026-10-06T13:14:20.318359+00:00;dividendos_COGN3.csv;YAHOO_DIVIDENDOS;;COGN3.SA;;COM_EVENTOS;INALTERADO;1;b33523ff0f5156edfb10963c7b73dd391c4a28343c750cb1200a897eefdd99d4;1129;data/raw/yahoo_dividendos/dividendos_COGN3__20261006_b33523ff.csv
20261006_100725;2026-10-06T13:14:21.849180+00:00;dividendos_CPFE3.csv;YAHOO_DIVIDENDOS;;CPFE3.SA;;COM_EVENTOS;INALTERADO;1;a7e1ee78d313d209a239b80f9734fad3e183cfecfdd4a161eba8ba9ed5afbe1b;983;data/raw/yahoo_dividendos/dividendos_CPFE3__20261006_a7e1ee78.csv
20261006_100725;2026-10-06T13:14:22.712343+00:00;dividendos_CPLE3.csv;YAHOO_DIVIDENDOS;;CPLE3.SA;;COM_EVENTOS;INALTERADO;1;fa5f062ec977ed6e163e10cedf0e6ab405b7d53da4e0a39f0c93b61eb9ac7a95;1335;data/raw/yahoo_dividendos/dividendos_CPLE3__20261006_fa5f062e.csv
20261006_100725;2026-10-06T13:14:27.670030+00:00;dividendos_CRPG5.csv;YAHOO_DIVIDENDOS;;CRPG5.SA;;COM_EVENTOS;INALTERADO;1;bfacd51b4541fd5664cf648aace602b01103364a14ea0942ada53a76e1c3d3e5;886;data/raw/yahoo_dividendos/dividendos_CRPG5__20261006_bfacd51b.csv
20261006_100725;2026-10-06T13:14:27.685651+00:00;dividendos_CRPG3.csv;YAHOO_DIVIDENDOS;;CRPG3.SA;;COM_EVENTOS;INALTERADO;1;37968e99c0c5a747389dee380bd326d4250b77e4ecb0e9881e016e7faa7de5c4;889;data/raw/yahoo_dividendos/dividendos_CRPG3__20261006_37968e99.csv
20261006_100725;2026-10-06T13:14:28.551077+00:00;dividendos_CRPG6.csv;YAHOO_DIVIDENDOS;;CRPG6.SA;;COM_EVENTOS;INALTERADO;1;83e828c71d46710a4b29c47ea59622540d3a77ea04791a91fa98d755dcbdfeef;855;data/raw/yahoo_dividendos/dividendos_CRPG6__20261006_83e828c7.csv
20261006_100725;2026-10-06T13:14:29.343373+00:00;dividendos_CSAN3.csv;YAHOO_DIVIDENDOS;;CSAN3.SA;;COM_EVENTOS;INALTERADO;1;5804723db0c801befbf9d4057ae9ab27ab562e533a1e8dd02832c2e71c0aa6be;839;data/raw/yahoo_dividendos/dividendos_CSAN3__20261006_5804723d.csv
20261006_100725;2026-10-06T13:14:29.857093+00:00;dividendos_CSED3.csv;YAHOO_DIVIDENDOS;;CSED3.SA;;COM_EVENTOS;INALTERADO;1;28a377f2806439df290bd97e3f3efca9b4c2d01ae94ec4cbd29a525f8edc6275;334;data/raw/yahoo_dividendos/dividendos_CSED3__20261006_28a377f2.csv
20261006_100725;2026-10-06T13:14:30.215094+00:00;dividendos_CSMG3.csv;YAHOO_DIVIDENDOS;;CSMG3.SA;;COM_EVENTOS;INALTERADO;1;048513d9545a2511e971c0b5195bf7b2719ac6caf3e6f1d163557e20d65757c0;2488;data/raw/yahoo_dividendos/dividendos_CSMG3__20261006_048513d9.csv
20261006_100725;2026-10-06T13:14:30.572396+00:00;dividendos_CSNA3.csv;YAHOO_DIVIDENDOS;;CSNA3.SA;;COM_EVENTOS;INALTERADO;1;3e1e48a70f69abdc5dbad88f6226d3ae3db1f3a30d96a5866d3d0d982923622a;1046;data/raw/yahoo_dividendos/dividendos_CSNA3__20261006_3e1e48a7.csv
20261006_100725;2026-10-06T13:14:32.990925+00:00;dividendos_CSUD3.csv;YAHOO_DIVIDENDOS;;CSUD3.SA;;COM_EVENTOS;INALTERADO;1;c2e386c2c4b2136bcbdf951bec89e7eadf7d8180a95bf33e26465f7b4e88bbd7;1769;data/raw/yahoo_dividendos/dividendos_CSUD3__20261006_c2e386c2.csv
20261006_100725;2026-10-06T13:14:33.997200+00:00;dividendos_CTAX3.csv;YAHOO_DIVIDENDOS;;CTAX3.SA;;COM_EVENTOS;INALTERADO;1;e9afed3ca38dc0c0c45936e03fb38fbc72035c45ae0334f58ad4493459cce9a0;413;data/raw/yahoo_dividendos/dividendos_CTAX3__20261006_e9afed3c.csv
20261006_100725;2026-10-06T13:14:34.706364+00:00;dividendos_CTKA3.csv;YAHOO_DIVIDENDOS;;CTKA3.SA;;COM_EVENTOS;INALTERADO;1;62e303f9f84bb8356a52f12913d3d3ad30143d3a88c5844194fd26f171205733;157;data/raw/yahoo_dividendos/dividendos_CTKA3__20261006_62e303f9.csv
20261006_100725;2026-10-06T13:14:35.453958+00:00;dividendos_CTKA4.csv;YAHOO_DIVIDENDOS;;CTKA4.SA;;COM_EVENTOS;INALTERADO;1;1a83371865fdb77e78d33aff33ebdc75db5b5bb0abce25bcb25c8e01efcb8841;119;data/raw/yahoo_dividendos/dividendos_CTKA4__20261006_1a833718.csv
20261006_100725;2026-10-06T13:14:36.145254+00:00;dividendos_CTNM4.csv;YAHOO_DIVIDENDOS;;CTNM4.SA;;COM_EVENTOS;INALTERADO;1;9364b050f49b383463d1c4a7126f5908be4c9e157bc7fc9ee212143530348b01;85;data/raw/yahoo_dividendos/dividendos_CTNM4__20261006_9364b050.csv
20261006_100725;2026-10-06T13:14:37.655700+00:00;dividendos_CTSA3.csv;YAHOO_DIVIDENDOS;;CTSA3.SA;;COM_EVENTOS;INALTERADO;1;a41472f20131aaa6baae68c430ad9d8f406e8ca4a5af2869edcc2c9e57bb419b;804;data/raw/yahoo_dividendos/dividendos_CTSA3__20261006_a41472f2.csv
20261006_100725;2026-10-06T13:14:38.553860+00:00;dividendos_CURY3.csv;YAHOO_DIVIDENDOS;;CURY3.SA;;COM_EVENTOS;INALTERADO;1;2ba8c2ef4f593098bd124af2c8b4e69be1ceeff1be422bc729acd3b51730e9a7;693;data/raw/yahoo_dividendos/dividendos_CURY3__20261006_2ba8c2ef.csv
20261006_100725;2026-10-06T13:14:38.721382+00:00;dividendos_CTSA4.csv;YAHOO_DIVIDENDOS;;CTSA4.SA;;COM_EVENTOS;INALTERADO;1;f8fd59b6bc6ab27c94516221d1e1e371b66461c8ff32a9040ec292f5eb9f500b;588;data/raw/yahoo_dividendos/dividendos_CTSA4__20261006_f8fd59b6.csv
20261006_100725;2026-10-06T13:14:39.408778+00:00;dividendos_CVCB3.csv;YAHOO_DIVIDENDOS;;CVCB3.SA;;COM_EVENTOS;INALTERADO;1;4e60b6596140864ad977348bb7cf1d7a0db2074e8bc9c66780a45bb718812485;516;data/raw/yahoo_dividendos/dividendos_CVCB3__20261006_4e60b659.csv
20261006_100725;2026-10-06T13:14:39.605749+00:00;dividendos_CYRE3.csv;YAHOO_DIVIDENDOS;;CYRE3.SA;;COM_EVENTOS;INALTERADO;1;782a19624f206adc7777d0bacbb5e5a76541d22c6ce004ce824bdb5b33943268;803;data/raw/yahoo_dividendos/dividendos_CYRE3__20261006_782a1962.csv
20261006_100725;2026-10-06T13:14:39.829090+00:00;dividendos_CYRE4.csv;YAHOO_DIVIDENDOS;;CYRE4.SA;;SEM_EVENTOS;INALTERADO;1;642daec761ccb28fc097aa7f22cfeb4552f7859c3b919e315b4f51bc1ae66de3;49;data/raw/yahoo_dividendos/dividendos_CYRE4__20261006_642daec7.csv
20261006_100725;2026-10-06T13:14:40.185094+00:00;dividendos_DASA3.csv;YAHOO_DIVIDENDOS;;DASA3.SA;;COM_EVENTOS;INALTERADO;1;4f739ce5ff9ab4e7bac14d28bc22f5f47188b1f91d915ff3c837bc6f7ca292ce;625;data/raw/yahoo_dividendos/dividendos_DASA3__20261006_4f739ce5.csv
20261006_100725;2026-10-06T13:14:40.506196+00:00;dividendos_DESK3.csv;YAHOO_DIVIDENDOS;;DESK3.SA;;COM_EVENTOS;INALTERADO;1;007554c6ca778febfc1d414d24ab9845c07f3aa889ef0098311dad553fecb686;301;data/raw/yahoo_dividendos/dividendos_DESK3__20261006_007554c6.csv
20261006_100725;2026-10-06T13:14:41.027271+00:00;dividendos_DEXP3.csv;YAHOO_DIVIDENDOS;;DEXP3.SA;;COM_EVENTOS;INALTERADO;1;104e15113aee4658d5b2507aa2767d96c151d0aa752b43c8da599a1c732d7bd1;408;data/raw/yahoo_dividendos/dividendos_DEXP3__20261006_104e1511.csv
20261006_100725;2026-10-06T13:14:41.078038+00:00;dividendos_DEXP4.csv;YAHOO_DIVIDENDOS;;DEXP4.SA;;COM_EVENTOS;INALTERADO;1;b110e10733a370161edd5519c86716a182507f8b2fb102a1526b391c5cff05ef;337;data/raw/yahoo_dividendos/dividendos_DEXP4__20261006_b110e107.csv
20261006_100725;2026-10-06T13:14:42.954952+00:00;dividendos_DMVF3.csv;YAHOO_DIVIDENDOS;;DMVF3.SA;;SEM_EVENTOS;INALTERADO;1;642daec761ccb28fc097aa7f22cfeb4552f7859c3b919e315b4f51bc1ae66de3;49;data/raw/yahoo_dividendos/dividendos_DMVF3__20261006_642daec7.csv
20261006_100725;2026-10-06T13:14:43.219604+00:00;dividendos_DIRR3.csv;YAHOO_DIVIDENDOS;;DIRR3.SA;;COM_EVENTOS;INALTERADO;1;38e13e83b5a577f40a7308d300c3dc2f4f24bb4e3971728a00dec397f5992f42;835;data/raw/yahoo_dividendos/dividendos_DIRR3__20261006_38e13e83.csv
20261006_100725;2026-10-06T13:14:44.708625+00:00;dividendos_DOHL3.csv;YAHOO_DIVIDENDOS;;DOHL3.SA;;COM_EVENTOS;INALTERADO;1;42571061ee4151cc2eff43872c2788299bc7f13dfc6230de9cf152c9d7c0f996;684;data/raw/yahoo_dividendos/dividendos_DOHL3__20261006_42571061.csv
20261006_100725;2026-10-06T13:14:45.340172+00:00;dividendos_DOTZ3.csv;YAHOO_DIVIDENDOS;;DOTZ3.SA;;SEM_EVENTOS;INALTERADO;1;642daec761ccb28fc097aa7f22cfeb4552f7859c3b919e315b4f51bc1ae66de3;49;data/raw/yahoo_dividendos/dividendos_DOTZ3__20261006_642daec7.csv
20261006_100725;2026-10-06T13:14:45.477823+00:00;dividendos_DOHL4.csv;YAHOO_DIVIDENDOS;;DOHL4.SA;;COM_EVENTOS;INALTERADO;1;a41338522b606341eb5c86b00d3d9307d2da6a9ecb302abefd02acfa7ff53205;593;data/raw/yahoo_dividendos/dividendos_DOHL4__20261006_a4133852.csv
20261006_100725;2026-10-06T13:14:46.002327+00:00;dividendos_DTCY3.csv;YAHOO_DIVIDENDOS;;DTCY3.SA;;SEM_EVENTOS;INALTERADO;1;642daec761ccb28fc097aa7f22cfeb4552f7859c3b919e315b4f51bc1ae66de3;49;data/raw/yahoo_dividendos/dividendos_DTCY3__20261006_642daec7.csv
20261006_100725;2026-10-06T13:14:48.966722+00:00;dividendos_DXCO3.csv;YAHOO_DIVIDENDOS;;DXCO3.SA;;COM_EVENTOS;INALTERADO;1;ac38d6b79ef42bdc1d90f8f33e81482407663842f9207f64443131c7f419fd6e;1124;data/raw/yahoo_dividendos/dividendos_DXCO3__20261006_ac38d6b7.csv
20261006_100725;2026-10-06T13:14:49.754148+00:00;dividendos_EALT3.csv;YAHOO_DIVIDENDOS;;EALT3.SA;;COM_EVENTOS;INALTERADO;1;2076c8cce7689da3ee1f63f64b9a21faaa13076e623cda6ab4df15c8047aff7c;729;data/raw/yahoo_dividendos/dividendos_EALT3__20261006_2076c8cc.csv
20261006_100725;2026-10-06T13:14:50.657695+00:00;dividendos_EALT4.csv;YAHOO_DIVIDENDOS;;EALT4.SA;;COM_EVENTOS;INALTERADO;1;0375ab9d6d66424fd701dc26e61465580706b1813f9d5de0d803bd67adb87843;767;data/raw/yahoo_dividendos/dividendos_EALT4__20261006_0375ab9d.csv
20261006_100725;2026-10-06T13:14:52.479654+00:00;dividendos_ECOM3.csv;YAHOO_DIVIDENDOS;;ECOM3.SA;;COM_EVENTOS;INALTERADO;1;456360f2d108c134f62f7be5f0e25bc5fb4600a66ca2bcff18beec0d4b36962f;85;data/raw/yahoo_dividendos/dividendos_ECOM3__20261006_456360f2.csv
20261006_100725;2026-10-06T13:14:53.176178+00:00;dividendos_ECOR3.csv;YAHOO_DIVIDENDOS;;ECOR3.SA;;COM_EVENTOS;INALTERADO;1;42e3214f5b9b552bad54c611cadebd1f8a68ff971e7090f1831c646a0f3d5256;801;data/raw/yahoo_dividendos/dividendos_ECOR3__20261006_42e3214f.csv
20261006_100725;2026-10-06T13:14:54.255583+00:00;dividendos_EGGY3.csv;YAHOO_DIVIDENDOS;;EGGY3.SA;;SEM_EVENTOS;INALTERADO;1;642daec761ccb28fc097aa7f22cfeb4552f7859c3b919e315b4f51bc1ae66de3;49;data/raw/yahoo_dividendos/dividendos_EGGY3__20261006_642daec7.csv
20261006_100725;2026-10-06T13:14:54.932295+00:00;dividendos_EKTR3.csv;YAHOO_DIVIDENDOS;;EKTR3.SA;;COM_EVENTOS;INALTERADO;1;a1e526656b3b6e49d6f77b6402289f3360baec6314830d1e3a6f98484046191a;2165;data/raw/yahoo_dividendos/dividendos_EKTR3__20261006_a1e52665.csv
20261006_100725;2026-10-06T13:14:55.127669+00:00;dividendos_EGIE3.csv;YAHOO_DIVIDENDOS;;EGIE3.SA;;COM_EVENTOS;INALTERADO;1;20585436bb9492eb8ebf985785a48ae7565f5dc5a444ae6036a1dc2c6fe63201;2024;data/raw/yahoo_dividendos/dividendos_EGIE3__20261006_20585436.csv
20261006_100725;2026-10-06T13:14:55.579593+00:00;dividendos_EKTR4.csv;YAHOO_DIVIDENDOS;;EKTR4.SA;;COM_EVENTOS;INALTERADO;1;afd1173470b4011d91b742da71e095906806b5e993b63bacfc604b9ea1468e69;2024;data/raw/yahoo_dividendos/dividendos_EKTR4__20261006_afd11734.csv
20261006_100725;2026-10-06T13:15:01.636329+00:00;dividendos_EMAE3.csv;YAHOO_DIVIDENDOS;;EMAE3.SA;;COM_EVENTOS;INALTERADO;1;3498f25b4fab892277a76112e272eff10495ea28fe2eff98f1326c28f47e04c8;583;data/raw/yahoo_dividendos/dividendos_EMAE3__20261006_3498f25b.csv
20261006_100725;2026-10-06T13:15:02.260615+00:00;dividendos_EMAE4.csv;YAHOO_DIVIDENDOS;;EMAE4.SA;;COM_EVENTOS;INALTERADO;1;1a4b4082c95cc974166b350ae68ac7f023d9e882152ca6267d2929a5085567cc;831;data/raw/yahoo_dividendos/dividendos_EMAE4__20261006_1a4b4082.csv
20261006_100725;2026-10-06T13:15:02.452694+00:00;dividendos_EMBJ3.csv;YAHOO_DIVIDENDOS;;EMBJ3.SA;;COM_EVENTOS;INALTERADO;1;6e591f3c626038f67f9f2e828bbb101cf551c8d1bcfdf0737fcc143ad5966592;1652;data/raw/yahoo_dividendos/dividendos_EMBJ3__20261006_6e591f3c.csv
20261006_100725;2026-10-06T13:15:04.730334+00:00;dividendos_ENEV3.csv;YAHOO_DIVIDENDOS;;ENEV3.SA;;COM_EVENTOS;INALTERADO;1;d447af79c1b1e030c9f74f5354d935346de1a772a49eaa516b2009225db583ee;85;data/raw/yahoo_dividendos/dividendos_ENEV3__20261006_d447af79.csv
20261006_100725;2026-10-06T13:15:05.554881+00:00;dividendos_ENGI11.csv;YAHOO_DIVIDENDOS;;ENGI11.SA;;COM_EVENTOS;INALTERADO;1;ae3dcc8b96af9c09ac25ba96f2f02359105cc33f30f3c61ce17fd275e86e3120;1395;data/raw/yahoo_dividendos/dividendos_ENGI11__20261006_ae3dcc8b.csv
20261006_100725;2026-10-06T13:15:06.468350+00:00;dividendos_ENGI4.csv;YAHOO_DIVIDENDOS;;ENGI4.SA;;COM_EVENTOS;INALTERADO;1;e4c5dc06c96c1f4b529381882cce49a9fbe94b12f7d216852403764f7fd0d18c;1395;data/raw/yahoo_dividendos/dividendos_ENGI4__20261006_e4c5dc06.csv
20261006_100725;2026-10-06T13:15:06.630434+00:00;dividendos_ENGI3.csv;YAHOO_DIVIDENDOS;;ENGI3.SA;;COM_EVENTOS;INALTERADO;1;d559642bae426239dd31a30292ec5608a681eabb4eed8585a40e66c221eb483b;1478;data/raw/yahoo_dividendos/dividendos_ENGI3__20261006_d559642b.csv
20261006_100725;2026-10-06T13:15:07.042115+00:00;dividendos_ENJU3.csv;YAHOO_DIVIDENDOS;;ENJU3.SA;;COM_EVENTOS;INALTERADO;1;1f7a768e07694b77ab600c02758fd886960482556596ac4ced64ce95087d2e87;85;data/raw/yahoo_dividendos/dividendos_ENJU3__20261006_1f7a768e.csv
20261006_100725;2026-10-06T13:15:07.403735+00:00;dividendos_ENMT3.csv;YAHOO_DIVIDENDOS;;ENMT3.SA;;COM_EVENTOS;INALTERADO;1;9dae9f4c4706e3ea63952d9df99e63e6551b32a79bc11b67c7d4f9dd9aaa4c36;1076;data/raw/yahoo_dividendos/dividendos_ENMT3__20261006_9dae9f4c.csv
20261006_100725;2026-10-06T13:15:07.704420+00:00;dividendos_ENMT4.csv;YAHOO_DIVIDENDOS;;ENMT4.SA;;COM_EVENTOS;INALTERADO;1;36a7ebcd820dc37bcaa9a624a23a0f7f05a5a629597425733503c3155956b44e;1186;data/raw/yahoo_dividendos/dividendos_ENMT4__20261006_36a7ebcd.csv
20261006_100725;2026-10-06T13:15:08.431453+00:00;dividendos_EPAR3.csv;YAHOO_DIVIDENDOS;;EPAR3.SA;;COM_EVENTOS;INALTERADO;1;ef94c10c46ec48333c4dec2834531555a333b1f04561e6fda66b45418ba70a69;369;data/raw/yahoo_dividendos/dividendos_EPAR3__20261006_ef94c10c.csv
20261006_100725;2026-10-06T13:15:08.692763+00:00;dividendos_EQPA3.csv;YAHOO_DIVIDENDOS;;EQPA3.SA;;COM_EVENTOS;INALTERADO;1;eabd2932e21393f50e3f70190097044e13f5ec0342f9c7dafcccadaf3b2dc38b;821;data/raw/yahoo_dividendos/dividendos_EQPA3__20261006_eabd2932.csv
20261006_100725;2026-10-06T13:15:09.071358+00:00;dividendos_EQPA5.csv;YAHOO_DIVIDENDOS;;EQPA5.SA;;COM_EVENTOS;INALTERADO;1;cac184fd486fd4ea5c496053acc47f78fab6ae1520ef2c2ab846899703679052;785;data/raw/yahoo_dividendos/dividendos_EQPA5__20261006_cac184fd.csv
20261006_100725;2026-10-06T13:15:09.369338+00:00;dividendos_EQPA6.csv;YAHOO_DIVIDENDOS;;EQPA6.SA;;COM_EVENTOS;INALTERADO;1;aa9ff4fc713d03b69e1907524bc687d174bf279045da599ac2b43da1854c2558;785;data/raw/yahoo_dividendos/dividendos_EQPA6__20261006_aa9ff4fc.csv
20261006_100725;2026-10-06T13:15:09.727163+00:00;dividendos_EQPA7.csv;YAHOO_DIVIDENDOS;;EQPA7.SA;;COM_EVENTOS;INALTERADO;1;4f5a2aabe41eda4825fcdd03ac67c925be2820f189f1a4050128d480d5742424;785;data/raw/yahoo_dividendos/dividendos_EQPA7__20261006_4f5a2aab.csv
20261006_100725;2026-10-06T13:15:10.298101+00:00;dividendos_ESPA3.csv;YAHOO_DIVIDENDOS;;ESPA3.SA;;COM_EVENTOS;INALTERADO;1;b66d5d6e211d48908b0283746db6fc9eb7422d81b120893627c66c6c484d066c;229;data/raw/yahoo_dividendos/dividendos_ESPA3__20261006_b66d5d6e.csv
20261006_100725;2026-10-06T13:15:10.489174+00:00;dividendos_EQTL3.csv;YAHOO_DIVIDENDOS;;EQTL3.SA;;COM_EVENTOS;INALTERADO;1;31b9ae76ae07fa7886f893608becfc4233980c2a721e959b094dfe0321d968aa;1051;data/raw/yahoo_dividendos/dividendos_EQTL3__20261006_31b9ae76.csv
20261006_100725;2026-10-06T13:15:11.376475+00:00;dividendos_ESTR3.csv;YAHOO_DIVIDENDOS;;ESTR3.SA;;SEM_EVENTOS;INALTERADO;1;642daec761ccb28fc097aa7f22cfeb4552f7859c3b919e315b4f51bc1ae66de3;49;data/raw/yahoo_dividendos/dividendos_ESTR3__20261006_642daec7.csv
20261006_100725;2026-10-06T13:15:12.255569+00:00;dividendos_ESTR4.csv;YAHOO_DIVIDENDOS;;ESTR4.SA;;SEM_EVENTOS;INALTERADO;1;642daec761ccb28fc097aa7f22cfeb4552f7859c3b919e315b4f51bc1ae66de3;49;data/raw/yahoo_dividendos/dividendos_ESTR4__20261006_642daec7.csv
20261006_100725;2026-10-06T13:15:12.663114+00:00;dividendos_ETER3.csv;YAHOO_DIVIDENDOS;;ETER3.SA;;COM_EVENTOS;INALTERADO;1;fef65d54898727922c59282a568fddf32b60c356b178b3c17079f96db57b9737;1847;data/raw/yahoo_dividendos/dividendos_ETER3__20261006_fef65d54.csv
20261006_100725;2026-10-06T13:15:12.934597+00:00;dividendos_EUCA3.csv;YAHOO_DIVIDENDOS;;EUCA3.SA;;COM_EVENTOS;INALTERADO;1;dbadb5fde02f379c3794692617b2a9fa19cc3cd8fe5535c88a4277ca44cbd7fd;656;data/raw/yahoo_dividendos/dividendos_EUCA3__20261006_dbadb5fd.csv
20261006_100725;2026-10-06T13:15:13.591094+00:00;dividendos_EUCA4.csv;YAHOO_DIVIDENDOS;;EUCA4.SA;;COM_EVENTOS;INALTERADO;1;453d1c0e86917ddbfc8f84e53cff73f28c5ad4cd29e08bd487f7cd7b5b4fa8ef;659;data/raw/yahoo_dividendos/dividendos_EUCA4__20261006_453d1c0e.csv
20261006_100725;2026-10-06T13:15:13.801909+00:00;dividendos_EVEN3.csv;YAHOO_DIVIDENDOS;;EVEN3.SA;;COM_EVENTOS;INALTERADO;1;2b82427cbd509631afab5a73ea2e68bc1b14568d7214a10aaeb7be2dbf88478a;761;data/raw/yahoo_dividendos/dividendos_EVEN3__20261006_2b82427c.csv
20261006_100725;2026-10-06T13:15:14.484912+00:00;dividendos_EZTC3.csv;YAHOO_DIVIDENDOS;;EZTC3.SA;;COM_EVENTOS;INALTERADO;1;79ad72d4cefd0e803ac0410b258cabf7062dd37b83ef59f3c234463cafe50de1;1235;data/raw/yahoo_dividendos/dividendos_EZTC3__20261006_79ad72d4.csv
20261006_100725;2026-10-06T13:15:16.033787+00:00;dividendos_FESA3.csv;YAHOO_DIVIDENDOS;;FESA3.SA;;COM_EVENTOS;INALTERADO;1;f23e2b668d8f01ea95cb265b4440327864dc39b5df6ab6690b0d590b7c35d91d;2022;data/raw/yahoo_dividendos/dividendos_FESA3__20261006_f23e2b66.csv
20261006_100725;2026-10-06T13:15:17.089104+00:00;dividendos_FESA4.csv;YAHOO_DIVIDENDOS;;FESA4.SA;;COM_EVENTOS;INALTERADO;1;3eeaf04eb0a7da8918761cb5ceb8a4a7409bf44025d8d7c3b4aac7b0d7ccfece;1953;data/raw/yahoo_dividendos/dividendos_FESA4__20261006_3eeaf04e.csv
20261006_100725;2026-10-06T13:15:18.672318+00:00;dividendos_FHER3.csv;YAHOO_DIVIDENDOS;;FHER3.SA;;COM_EVENTOS;INALTERADO;1;f4a2d80a2f960f4f7f7b5927ad6310af36f8bd98eb007e40a7b85c8e5b76f1cb;113;data/raw/yahoo_dividendos/dividendos_FHER3__20261006_f4a2d80a.csv
20261006_100725;2026-10-06T13:15:19.082051+00:00;dividendos_FICT3.csv;YAHOO_DIVIDENDOS;;FICT3.SA;;SEM_EVENTOS;INALTERADO;1;642daec761ccb28fc097aa7f22cfeb4552f7859c3b919e315b4f51bc1ae66de3;49;data/raw/yahoo_dividendos/dividendos_FICT3__20261006_642daec7.csv
20261006_100725;2026-10-06T13:15:19.984880+00:00;dividendos_FIEI3.csv;YAHOO_DIVIDENDOS;;FIEI3.SA;;COM_EVENTOS;INALTERADO;1;3fcd288bb13e3908f1f57c4120c07e131b69bf72cde1cf30f88f2059804d99c4;246;data/raw/yahoo_dividendos/dividendos_FIEI3__20261006_3fcd288b.csv
20261006_100725;2026-10-06T13:15:20.596540+00:00;dividendos_FIGE3.csv;YAHOO_DIVIDENDOS;;FIGE3.SA;;COM_EVENTOS;INALTERADO;1;4d28e3073fe5295dd1084e530297c4b74305033d68dc53296c0c73d6dafce359;754;data/raw/yahoo_dividendos/dividendos_FIGE3__20261006_4d28e307.csv
20261006_100725;2026-10-06T13:15:21.443803+00:00;dividendos_FIQE3.csv;YAHOO_DIVIDENDOS;;FIQE3.SA;;COM_EVENTOS;INALTERADO;1;2f0eca758e0f6e861ceb2d8fa64cc9c22be30e4dc4f20af8f442fd7d105554aa;479;data/raw/yahoo_dividendos/dividendos_FIQE3__20261006_2f0eca75.csv
20261006_100725;2026-10-06T13:15:23.582099+00:00;dividendos_FRAS3.csv;YAHOO_DIVIDENDOS;;FRAS3.SA;;COM_EVENTOS;INALTERADO;1;5d34a2fa310819b5579acd4c504003d74f4834b0dc6191e4945b25c1c7326bef;1809;data/raw/yahoo_dividendos/dividendos_FRAS3__20261006_5d34a2fa.csv
20261006_100725;2026-10-06T13:15:23.634779+00:00;dividendos_FLRY3.csv;YAHOO_DIVIDENDOS;;FLRY3.SA;;COM_EVENTOS;INALTERADO;1;82fb83d6925a8033c760ce88f8170ac128acfaf5d54cd4a26a687843a5666135;1522;data/raw/yahoo_dividendos/dividendos_FLRY3__20261006_82fb83d6.csv
20261006_100725;2026-10-06T13:15:24.374852+00:00;dividendos_FRIO3.csv;YAHOO_DIVIDENDOS;;FRIO3.SA;;COM_EVENTOS;INALTERADO;1;794e12bdc370a7fd6fbd7530a5456fbea0dc707149dd76cf0d41efba6f76e21d;194;data/raw/yahoo_dividendos/dividendos_FRIO3__20261006_794e12bd.csv
20261006_100725;2026-10-06T13:15:27.147695+00:00;dividendos_GEPA3.csv;YAHOO_DIVIDENDOS;;GEPA3.SA;;COM_EVENTOS;INALTERADO;1;4216a72216b5bae29ad85081d2c1e932f257bdd159b61a0abba6ed123febe043;1529;data/raw/yahoo_dividendos/dividendos_GEPA3__20261006_4216a722.csv
20261006_100725;2026-10-06T13:15:27.954153+00:00;dividendos_GEPA4.csv;YAHOO_DIVIDENDOS;;GEPA4.SA;;COM_EVENTOS;INALTERADO;1;489337ef6a72931e49f9e89b34d3b21d108599a465fa152407bf8d0eaa1e2f9d;1564;data/raw/yahoo_dividendos/dividendos_GEPA4__20261006_489337ef.csv
20261006_100725;2026-10-06T13:15:29.555283+00:00;dividendos_GFSA3.csv;YAHOO_DIVIDENDOS;;GFSA3.SA;;COM_EVENTOS;INALTERADO;1;7681852d98d4c8763b2e26e5e67856b558fb9e3e14ff979b0b5b1b5ab60be8b2;305;data/raw/yahoo_dividendos/dividendos_GFSA3__20261006_7681852d.csv
20261006_100725;2026-10-06T13:15:30.369883+00:00;dividendos_GGBR3.csv;YAHOO_DIVIDENDOS;;GGBR3.SA;;COM_EVENTOS;INALTERADO;1;d4768f394746b5d5f0cb35f69b2cc2900a7a19a8ac69ca38c7ae8372ab109e67;2372;data/raw/yahoo_dividendos/dividendos_GGBR3__20261006_d4768f39.csv
20261006_100725;2026-10-06T13:15:30.425178+00:00;dividendos_GGBR4.csv;YAHOO_DIVIDENDOS;;GGBR4.SA;;COM_EVENTOS;INALTERADO;1;b4959e22eeb431c7fded6bb64526b90392d721e133ddb100143007f2583f3d84;3380;data/raw/yahoo_dividendos/dividendos_GGBR4__20261006_b4959e22.csv
20261006_100725;2026-10-06T13:15:31.108671+00:00;dividendos_GGPS3.csv;YAHOO_DIVIDENDOS;;GGPS3.SA;;COM_EVENTOS;INALTERADO;1;a9f1c3f847b89e0d7a375413add6f661824182ddf8660d66a3f9c32088a0694c;228;data/raw/yahoo_dividendos/dividendos_GGPS3__20261006_a9f1c3f8.csv
20261006_100725;2026-10-06T13:15:31.601394+00:00;dividendos_GMAT3.csv;YAHOO_DIVIDENDOS;;GMAT3.SA;;COM_EVENTOS;INALTERADO;1;3d76760bbf11466687cd11d36d307a48429672cba20ab8896ab318fc664dab54;337;data/raw/yahoo_dividendos/dividendos_GMAT3__20261006_3d76760b.csv
20261006_100725;2026-10-06T13:15:32.646568+00:00;dividendos_GOAU3.csv;YAHOO_DIVIDENDOS;;GOAU3.SA;;COM_EVENTOS;INALTERADO;1;40fb07eda8e975a86019551f022780157cea8d3a1c6f875271b4a99f66eca5c9;2284;data/raw/yahoo_dividendos/dividendos_GOAU3__20261006_40fb07ed.csv
20261006_100725;2026-10-06T13:15:33.856999+00:00;dividendos_GOAU4.csv;YAHOO_DIVIDENDOS;;GOAU4.SA;;COM_EVENTOS;INALTERADO;1;5aada177b2acb57338988e6275a191c6b1ab3436d7ff536a725363aebfba6d1f;3291;data/raw/yahoo_dividendos/dividendos_GOAU4__20261006_5aada177.csv
20261006_100725;2026-10-06T13:15:34.486260+00:00;dividendos_GPAR3.csv;YAHOO_DIVIDENDOS;;GPAR3.SA;;COM_EVENTOS;INALTERADO;1;07499817aa547fb65ab4943ebc370b1b992b73c2a91b7e6bbb4bf313af079a4b;230;data/raw/yahoo_dividendos/dividendos_GPAR3__20261006_07499817.csv
20261006_100725;2026-10-06T13:15:36.423688+00:00;dividendos_GRND3.csv;YAHOO_DIVIDENDOS;;GRND3.SA;;COM_EVENTOS;INALTERADO;1;8dc637b5add019deabf592c2fc9524d672f60522a27d6d4c60f253e97ed847f7;2643;data/raw/yahoo_dividendos/dividendos_GRND3__20261006_8dc637b5.csv
20261006_100725;2026-10-06T13:15:36.612318+00:00;dividendos_GSHP3.csv;YAHOO_DIVIDENDOS;;GSHP3.SA;;COM_EVENTOS;INALTERADO;1;ea3ca38734e1d6a9b8bc8c44a76de94edc1c32103f121b544e6789fee0e4f598;86;data/raw/yahoo_dividendos/dividendos_GSHP3__20261006_ea3ca387.csv
20261006_100725;2026-10-06T13:15:38.768441+00:00;dividendos_HAGA3.csv;YAHOO_DIVIDENDOS;;HAGA3.SA;;SEM_EVENTOS;INALTERADO;1;642daec761ccb28fc097aa7f22cfeb4552f7859c3b919e315b4f51bc1ae66de3;49;data/raw/yahoo_dividendos/dividendos_HAGA3__20261006_642daec7.csv
20261006_100725;2026-10-06T13:15:39.473873+00:00;dividendos_HAGA4.csv;YAHOO_DIVIDENDOS;;HAGA4.SA;;SEM_EVENTOS;INALTERADO;1;642daec761ccb28fc097aa7f22cfeb4552f7859c3b919e315b4f51bc1ae66de3;49;data/raw/yahoo_dividendos/dividendos_HAGA4__20261006_642daec7.csv
20261006_100725;2026-10-06T13:15:39.543660+00:00;dividendos_HAPV3.csv;YAHOO_DIVIDENDOS;;HAPV3.SA;;COM_EVENTOS;INALTERADO;1;46dca6d98a9d5bf7c38a2ad54ba755448b966e8610265123d0291baf1311cec2;442;data/raw/yahoo_dividendos/dividendos_HAPV3__20261006_46dca6d9.csv
20261006_100725;2026-10-06T13:15:40.136429+00:00;dividendos_HBRE3.csv;YAHOO_DIVIDENDOS;;HBRE3.SA;;COM_EVENTOS;INALTERADO;1;eccaa8c762a232934f47fad7ac644e7ea0ee24de4bcc0e7ae10f9fe726c1bc06;85;data/raw/yahoo_dividendos/dividendos_HBRE3__20261006_eccaa8c7.csv
20261006_100725;2026-10-06T13:15:40.330915+00:00;dividendos_HBOR3.csv;YAHOO_DIVIDENDOS;;HBOR3.SA;;COM_EVENTOS;INALTERADO;1;fbd9b67a37fb762f64196984566f80273c8925c4c05c888c2c7bac8d33b6e001;585;data/raw/yahoo_dividendos/dividendos_HBOR3__20261006_fbd9b67a.csv
20261006_100725;2026-10-06T13:15:40.633053+00:00;dividendos_HBSA3.csv;YAHOO_DIVIDENDOS;;HBSA3.SA;;SEM_EVENTOS;INALTERADO;1;642daec761ccb28fc097aa7f22cfeb4552f7859c3b919e315b4f51bc1ae66de3;49;data/raw/yahoo_dividendos/dividendos_HBSA3__20261006_642daec7.csv
20261006_100725;2026-10-06T13:15:41.073444+00:00;dividendos_HBTS5.csv;YAHOO_DIVIDENDOS;;HBTS5.SA;;COM_EVENTOS;INALTERADO;1;d310c8104648734ff63403bc153ae70e04f6c33695ae3f417c06818428be1c07;582;data/raw/yahoo_dividendos/dividendos_HBTS5__20261006_d310c810.csv
20261006_100725;2026-10-06T13:15:41.077415+00:00;dividendos_HETA3.csv;YAHOO_DIVIDENDOS;;HETA3.SA;;SEM_EVENTOS;INALTERADO;1;642daec761ccb28fc097aa7f22cfeb4552f7859c3b919e315b4f51bc1ae66de3;49;data/raw/yahoo_dividendos/dividendos_HETA3__20261006_642daec7.csv
20261006_100725;2026-10-06T13:15:42.189460+00:00;dividendos_HETA4.csv;YAHOO_DIVIDENDOS;;HETA4.SA;;SEM_EVENTOS;INALTERADO;1;642daec761ccb28fc097aa7f22cfeb4552f7859c3b919e315b4f51bc1ae66de3;49;data/raw/yahoo_dividendos/dividendos_HETA4__20261006_642daec7.csv
20261006_100725;2026-10-06T13:15:43.328185+00:00;dividendos_HOOT4.csv;YAHOO_DIVIDENDOS;;HOOT4.SA;;SEM_EVENTOS;INALTERADO;1;642daec761ccb28fc097aa7f22cfeb4552f7859c3b919e315b4f51bc1ae66de3;49;data/raw/yahoo_dividendos/dividendos_HOOT4__20261006_642daec7.csv
20261006_100725;2026-10-06T13:15:44.412600+00:00;dividendos_HYPE3.csv;YAHOO_DIVIDENDOS;;HYPE3.SA;;COM_EVENTOS;INALTERADO;1;b21091557ec184c58086726bbb56726976edf7f6481f7c74dc4bfafc41b998f8;1768;data/raw/yahoo_dividendos/dividendos_HYPE3__20261006_b2109155.csv
20261006_100725;2026-10-06T13:15:46.794782+00:00;dividendos_IFCM3.csv;YAHOO_DIVIDENDOS;;IFCM3.SA;;SEM_EVENTOS;INALTERADO;1;642daec761ccb28fc097aa7f22cfeb4552f7859c3b919e315b4f51bc1ae66de3;49;data/raw/yahoo_dividendos/dividendos_IFCM3__20261006_642daec7.csv
20261006_100725;2026-10-06T13:15:48.551925+00:00;dividendos_IGTI11.csv;YAHOO_DIVIDENDOS;;IGTI11.SA;;COM_EVENTOS;INALTERADO;1;8430de9dbaa9beb0de65c05ffb9d7e1ba37e372a4225b8edc55b3fda2d7fb266;425;data/raw/yahoo_dividendos/dividendos_IGTI11__20261006_8430de9d.csv
20261006_100725;2026-10-06T13:15:48.990109+00:00;dividendos_IGTI4.csv;YAHOO_DIVIDENDOS;;IGTI4.SA;;COM_EVENTOS;INALTERADO;1;174dd428bcc35ee9e523dc6c847d42a0da4ba047f8d8ee27e1255f799cf61da6;337;data/raw/yahoo_dividendos/dividendos_IGTI4__20261006_174dd428.csv
20261006_100725;2026-10-06T13:15:49.102266+00:00;dividendos_IGTI3.csv;YAHOO_DIVIDENDOS;;IGTI3.SA;;COM_EVENTOS;INALTERADO;1;0d0cb46979264ceea6bdc1a5d5e8fb25e6c64366ceee4051e31a84ba5b814fb3;799;data/raw/yahoo_dividendos/dividendos_IGTI3__20261006_0d0cb469.csv
20261006_100725;2026-10-06T13:15:55.139976+00:00;dividendos_INEP3.csv;YAHOO_DIVIDENDOS;;INEP3.SA;;COM_EVENTOS;INALTERADO;1;0cd3bdbec7371e1c763c3a8ee53da92bd4c303c227849b0dfef3c26283fe5274;85;data/raw/yahoo_dividendos/dividendos_INEP3__20261006_0cd3bdbe.csv
20261006_100725;2026-10-06T13:15:56.043015+00:00;dividendos_INEP4.csv;YAHOO_DIVIDENDOS;;INEP4.SA;;COM_EVENTOS;INALTERADO;1;7c9375412d6d99f5ae4c44501102ebd98d759d2c98ffc818e3d92437f5ca8c91;85;data/raw/yahoo_dividendos/dividendos_INEP4__20261006_7c937541.csv
20261006_100725;2026-10-06T13:15:56.788089+00:00;dividendos_INTB3.csv;YAHOO_DIVIDENDOS;;INTB3.SA;;COM_EVENTOS;INALTERADO;1;36386387f7c8ab1f3d3bcb500480b8ec127114e8b0107bb696aeda8741a5f693;660;data/raw/yahoo_dividendos/dividendos_INTB3__20261006_36386387.csv
20261006_100725;2026-10-06T13:15:57.528682+00:00;dividendos_ISAE3.csv;YAHOO_DIVIDENDOS;;ISAE3.SA;;COM_EVENTOS;INALTERADO;1;5d718b3c44bab2ac26e84caa4164aedc115c2dee9e9e6fe75968c1d472b8ff87;2458;data/raw/yahoo_dividendos/dividendos_ISAE3__20261006_5d718b3c.csv
20261006_100725;2026-10-06T13:15:57.530128+00:00;dividendos_ISAE4.csv;YAHOO_DIVIDENDOS;;ISAE4.SA;;COM_EVENTOS;INALTERADO;1;d751631dc2ecc43ba446543a6063f788f3c3386861ec504271618789f67f8961;2386;data/raw/yahoo_dividendos/dividendos_ISAE4__20261006_d751631d.csv
20261006_100725;2026-10-06T13:15:58.460963+00:00;dividendos_ITSA3.csv;YAHOO_DIVIDENDOS;;ITSA3.SA;;COM_EVENTOS;INALTERADO;1;e066a5cdcf4695614579e18a9e7f4281d8d2f47577a22c8a1917c0c6327e01df;5204;data/raw/yahoo_dividendos/dividendos_ITSA3__20261006_e066a5cd.csv
20261006_100725;2026-10-06T13:15:59.376599+00:00;dividendos_JALL3.csv;YAHOO_DIVIDENDOS;;JALL3.SA;;COM_EVENTOS;INALTERADO;1;ff6f0b07ded9ca263503dd37d2f7f543c3fe7ead4014ee7f361892834ae3c18e;265;data/raw/yahoo_dividendos/dividendos_JALL3__20261006_ff6f0b07.csv
20261006_100725;2026-10-06T13:16:00.259257+00:00;dividendos_ITSA4.csv;YAHOO_DIVIDENDOS;;ITSA4.SA;;COM_EVENTOS;INALTERADO;1;61e069e7428fd40bb22f4e71b7d0cc94ebd0ccd4b7d0431e57bee96a948e292e;5132;data/raw/yahoo_dividendos/dividendos_ITSA4__20261006_61e069e7.csv
20261006_100725;2026-10-06T13:16:00.846559+00:00;dividendos_JFEN3.csv;YAHOO_DIVIDENDOS;;JFEN3.SA;;COM_EVENTOS;INALTERADO;1;a04f93d58f0da16867700be5049f1af445136e9caf78c6dc1dac950a18a7c27f;196;data/raw/yahoo_dividendos/dividendos_JFEN3__20261006_a04f93d5.csv
20261006_100725;2026-10-06T13:16:01.566346+00:00;dividendos_JOPA3.csv;YAHOO_DIVIDENDOS;;JOPA3.SA;;COM_EVENTOS;INALTERADO;1;c90ba93313c8f2844fb37cfe6e919e8aca45a1f9f4b879b03ef01cf0bfbc63c7;757;data/raw/yahoo_dividendos/dividendos_JOPA3__20261006_c90ba933.csv
20261006_100725;2026-10-06T13:16:01.923963+00:00;dividendos_JHSF3.csv;YAHOO_DIVIDENDOS;;JHSF3.SA;;COM_EVENTOS;INALTERADO;1;265cdf6246b71615b97762e69f35749989ceb3263ce688867b1a64e8e96f51fb;2281;data/raw/yahoo_dividendos/dividendos_JHSF3__20261006_265cdf62.csv
20261006_100725;2026-10-06T13:16:02.367285+00:00;dividendos_JOPA4.csv;YAHOO_DIVIDENDOS;;JOPA4.SA;;COM_EVENTOS;INALTERADO;1;ef5d8706042f31f31a93f86a453f036203e3ffa5d344451db2e79330424c1ddc;864;data/raw/yahoo_dividendos/dividendos_JOPA4__20261006_ef5d8706.csv
20261006_100725;2026-10-06T13:16:03.744256+00:00;dividendos_JSLG3.csv;YAHOO_DIVIDENDOS;;JSLG3.SA;;COM_EVENTOS;INALTERADO;1;1acbee895ad1265652964ef5b12c8bc0b1eb7f21db882924f43a30d1ae4587bd;334;data/raw/yahoo_dividendos/dividendos_JSLG3__20261006_1acbee89.csv
20261006_100725;2026-10-06T13:16:04.303148+00:00;dividendos_KEPL3.csv;YAHOO_DIVIDENDOS;;KEPL3.SA;;COM_EVENTOS;INALTERADO;1;12497b975abd24a6329bb2fc52ce77c0be37c5f47e03f3cea5475aad02a045ff;1014;data/raw/yahoo_dividendos/dividendos_KEPL3__20261006_12497b97.csv
20261006_100725;2026-10-06T13:16:04.380719+00:00;dividendos_KLBN11.csv;YAHOO_DIVIDENDOS;;KLBN11.SA;;COM_EVENTOS;INALTERADO;1;87f742a12ee040251c76be89b2184acd0a69bcd7139e513807aea529fb485003;1830;data/raw/yahoo_dividendos/dividendos_KLBN11__20261006_87f742a1.csv
20261006_100725;2026-10-06T13:16:04.947954+00:00;dividendos_KLBN4.csv;YAHOO_DIVIDENDOS;;KLBN4.SA;;COM_EVENTOS;INALTERADO;1;2d8d8c0d08a9b29573ddb49a30714f2926b7726de9924c749758c3391e126140;2128;data/raw/yahoo_dividendos/dividendos_KLBN4__20261006_2d8d8c0d.csv
20261006_100725;2026-10-06T13:16:05.201470+00:00;dividendos_KLBN3.csv;YAHOO_DIVIDENDOS;;KLBN3.SA;;COM_EVENTOS;INALTERADO;1;698f4531436a99e661e5c7a24d572b42e483006857dbc905d8271c1b0ebc1837;2055;data/raw/yahoo_dividendos/dividendos_KLBN3__20261006_698f4531.csv
20261006_100725;2026-10-06T13:16:09.069314+00:00;dividendos_LAND3.csv;YAHOO_DIVIDENDOS;;LAND3.SA;;COM_EVENTOS;INALTERADO;1;e04ec5c45edf488d228660c945fd379614a69fbd66968403c7c3b60652c588d3;193;data/raw/yahoo_dividendos/dividendos_LAND3__20261006_e04ec5c4.csv
20261006_100725;2026-10-06T13:16:09.712200+00:00;dividendos_LAVV3.csv;YAHOO_DIVIDENDOS;;LAVV3.SA;;COM_EVENTOS;INALTERADO;1;7137fb6427b4b5fd7bedd8ee5f066cb639c4b8ca1ce171a7a8024a8f73aff890;766;data/raw/yahoo_dividendos/dividendos_LAVV3__20261006_7137fb64.csv
20261006_100725;2026-10-06T13:16:10.588596+00:00;dividendos_LEVE3.csv;YAHOO_DIVIDENDOS;;LEVE3.SA;;COM_EVENTOS;INALTERADO;1;20a1b0484c2fa336d96d2e1dec554e675e8cd6762515f13743c13c2ae9773d3c;1662;data/raw/yahoo_dividendos/dividendos_LEVE3__20261006_20a1b048.csv
20261006_100725;2026-10-06T13:16:14.535237+00:00;dividendos_LIGT3.csv;YAHOO_DIVIDENDOS;;LIGT3.SA;;COM_EVENTOS;INALTERADO;1;5c2e201fe6786751dfb0ea64493a6be2beaa5c3a1341a2908fbf437d91565acd;696;data/raw/yahoo_dividendos/dividendos_LIGT3__20261006_5c2e201f.csv
20261006_100725;2026-10-06T13:16:17.099399+00:00;dividendos_LJQQ3.csv;YAHOO_DIVIDENDOS;;LJQQ3.SA;;COM_EVENTOS;INALTERADO;1;5312397517600e4820839484e9b031014062481d6a3886633645675f3b04ac34;228;data/raw/yahoo_dividendos/dividendos_LJQQ3__20261006_53123975.csv
20261006_100725;2026-10-06T13:16:18.898820+00:00;dividendos_LOGG3.csv;YAHOO_DIVIDENDOS;;LOGG3.SA;;COM_EVENTOS;INALTERADO;1;33d86e4b0200e68bfe49e5ecb49820be476c7d98e371f0285643949b7517bc7e;552;data/raw/yahoo_dividendos/dividendos_LOGG3__20261006_33d86e4b.csv
20261006_100725;2026-10-06T13:16:19.010658+00:00;dividendos_LOGN3.csv;YAHOO_DIVIDENDOS;;LOGN3.SA;;COM_EVENTOS;INALTERADO;1;77490de8e9860e4c2c96c636524d437bb937bcbf1f29ef0ac427b629541f9c0b;120;data/raw/yahoo_dividendos/dividendos_LOGN3__20261006_77490de8.csv
20261006_100725;2026-10-06T13:16:19.567658+00:00;dividendos_LPSB3.csv;YAHOO_DIVIDENDOS;;LPSB3.SA;;COM_EVENTOS;INALTERADO;1;7570210839f5dc0fd3910329413c0cd16efc978d0c3c987106137db0340e9fb5;478;data/raw/yahoo_dividendos/dividendos_LPSB3__20261006_75702108.csv
20261006_100725;2026-10-06T13:16:19.990410+00:00;dividendos_LREN3.csv;YAHOO_DIVIDENDOS;;LREN3.SA;;COM_EVENTOS;INALTERADO;1;4432a3a51dca8e88fd3a04db6f51693a89ab8147b42d50c674cab4c4245fc5e4;2884;data/raw/yahoo_dividendos/dividendos_LREN3__20261006_4432a3a5.csv
20261006_100725;2026-10-06T13:16:20.438300+00:00;dividendos_LUPA3.csv;YAHOO_DIVIDENDOS;;LUPA3.SA;;SEM_EVENTOS;INALTERADO;1;642daec761ccb28fc097aa7f22cfeb4552f7859c3b919e315b4f51bc1ae66de3;49;data/raw/yahoo_dividendos/dividendos_LUPA3__20261006_642daec7.csv
20261006_100725;2026-10-06T13:16:21.189342+00:00;dividendos_LUXM4.csv;YAHOO_DIVIDENDOS;;LUXM4.SA;;COM_EVENTOS;INALTERADO;1;9fbc83d60c31b168967bc24d15d5fd8e0b9f9ec7d0cd6af00244ac4f35dd5465;765;data/raw/yahoo_dividendos/dividendos_LUXM4__20261006_9fbc83d6.csv
20261006_100725;2026-10-06T13:16:22.280481+00:00;dividendos_LWSA3.csv;YAHOO_DIVIDENDOS;;LWSA3.SA;;COM_EVENTOS;INALTERADO;1;f22629d4657678f02c441df38e60cd9c21a3ad3ef767858d9a647d536ef3ec11;265;data/raw/yahoo_dividendos/dividendos_LWSA3__20261006_f22629d4.csv
20261006_100725;2026-10-06T13:16:22.892851+00:00;dividendos_MAPT3.csv;YAHOO_DIVIDENDOS;;MAPT3.SA;;SEM_EVENTOS;INALTERADO;1;642daec761ccb28fc097aa7f22cfeb4552f7859c3b919e315b4f51bc1ae66de3;49;data/raw/yahoo_dividendos/dividendos_MAPT3__20261006_642daec7.csv
20261006_100725;2026-10-06T13:16:23.370662+00:00;dividendos_MAPT4.csv;YAHOO_DIVIDENDOS;;MAPT4.SA;;SEM_EVENTOS;INALTERADO;1;642daec761ccb28fc097aa7f22cfeb4552f7859c3b919e315b4f51bc1ae66de3;49;data/raw/yahoo_dividendos/dividendos_MAPT4__20261006_642daec7.csv
20261006_100725;2026-10-06T13:16:23.463530+00:00;dividendos_MATD3.csv;YAHOO_DIVIDENDOS;;MATD3.SA;;COM_EVENTOS;INALTERADO;1;cf37d9e8b9bd5454a2b0aef3aa997699fc8cbe90ded4342ba30314fc06100f92;229;data/raw/yahoo_dividendos/dividendos_MATD3__20261006_cf37d9e8.csv
20261006_100725;2026-10-06T13:16:24.651353+00:00;dividendos_MBRF3.csv;YAHOO_DIVIDENDOS;;MBRF3.SA;;COM_EVENTOS;INALTERADO;1;a9e3a44b61d6c60861290ead410989ab5359d4a38b346168a9bcd346ebc153b5;445;data/raw/yahoo_dividendos/dividendos_MBRF3__20261006_a9e3a44b.csv
20261006_100725;2026-10-06T13:16:25.138195+00:00;dividendos_MDNE3.csv;YAHOO_DIVIDENDOS;;MDNE3.SA;;COM_EVENTOS;INALTERADO;1;8f013dde620562edd1585b53894bf76ff6c78145b333c3c48db473f2d9208eaf;193;data/raw/yahoo_dividendos/dividendos_MDNE3__20261006_8f013dde.csv
20261006_100725;2026-10-06T13:16:25.491678+00:00;dividendos_MDIA3.csv;YAHOO_DIVIDENDOS;;MDIA3.SA;;COM_EVENTOS;INALTERADO;1;f5a4face838461c3c0140e5189ffc7fb3edd033cac2bec88f4d880bd0e824818;1913;data/raw/yahoo_dividendos/dividendos_MDIA3__20261006_f5a4face.csv
20261006_100725;2026-10-06T13:16:25.658270+00:00;dividendos_MEAL3.csv;YAHOO_DIVIDENDOS;;MEAL3.SA;;COM_EVENTOS;INALTERADO;1;9cbaeda868e6bf8971f383abafd933717c435cfd67a51a4732e93c45b8694a95;193;data/raw/yahoo_dividendos/dividendos_MEAL3__20261006_9cbaeda8.csv
20261006_100725;2026-10-06T13:16:26.132978+00:00;dividendos_MELK3.csv;YAHOO_DIVIDENDOS;;MELK3.SA;;COM_EVENTOS;INALTERADO;1;36d1dff0a19343ebbf4fd885822dfb1387c612a43d9cda7d813d8f41ceac72df;660;data/raw/yahoo_dividendos/dividendos_MELK3__20261006_36d1dff0.csv
20261006_100725;2026-10-06T13:16:28.843918+00:00;dividendos_MGEL4.csv;YAHOO_DIVIDENDOS;;MGEL4.SA;;COM_EVENTOS;INALTERADO;1;a80d53b7a6bb01acc760c35fd664fab0c9cba3659295b05ce95bdf78598ea4b8;85;data/raw/yahoo_dividendos/dividendos_MGEL4__20261006_a80d53b7.csv
20261006_100725;2026-10-06T13:16:29.449145+00:00;dividendos_MGLU3.csv;YAHOO_DIVIDENDOS;;MGLU3.SA;;COM_EVENTOS;INALTERADO;1;ac1c1d2d557e534a4b058ef53bbdf16778f7e670de031de051ef1bef52cf3fb9;660;data/raw/yahoo_dividendos/dividendos_MGLU3__20261006_ac1c1d2d.csv
20261006_100725;2026-10-06T13:16:29.571882+00:00;dividendos_MILS3.csv;YAHOO_DIVIDENDOS;;MILS3.SA;;COM_EVENTOS;INALTERADO;1;302ac106d742b8d35675e7f59555fb8830a7d147fe48910d1973df5d26e5e63c;1196;data/raw/yahoo_dividendos/dividendos_MILS3__20261006_302ac106.csv
20261006_100725;2026-10-06T13:16:29.899061+00:00;dividendos_MLAS3.csv;YAHOO_DIVIDENDOS;;MLAS3.SA;;COM_EVENTOS;INALTERADO;1;7bbbb24c627c2ec6c46e9c0138bfe167aab15372d6b16a12d1143667ac919644;120;data/raw/yahoo_dividendos/dividendos_MLAS3__20261006_7bbbb24c.csv
20261006_100725;2026-10-06T13:16:30.133622+00:00;dividendos_MMAQ3.csv;YAHOO_DIVIDENDOS;;MMAQ3.SA;;COM_EVENTOS;INALTERADO;1;e5ff4adbd928b9912fdc0d1b0a388d549ba38b0eb323fd0b61a7bdff8f2d2a51;947;data/raw/yahoo_dividendos/dividendos_MMAQ3__20261006_e5ff4adb.csv
20261006_100725;2026-10-06T13:16:30.545673+00:00;dividendos_MMAQ4.csv;YAHOO_DIVIDENDOS;;MMAQ4.SA;;COM_EVENTOS;INALTERADO;1;f3881907fec64cf212d9750e1f962b56c13df88a12916374fd35b4cf679b7005;734;data/raw/yahoo_dividendos/dividendos_MMAQ4__20261006_f3881907.csv
20261006_100725;2026-10-06T13:16:31.520540+00:00;dividendos_MNDL3.csv;YAHOO_DIVIDENDOS;;MNDL3.SA;;COM_EVENTOS;INALTERADO;1;de87609fb6b90874b42944c2fbd55831e07eab813200bb5f2f99f9d7387211bf;228;data/raw/yahoo_dividendos/dividendos_MNDL3__20261006_de87609f.csv
20261006_100725;2026-10-06T13:16:32.292489+00:00;dividendos_MNPR3.csv;YAHOO_DIVIDENDOS;;MNPR3.SA;;COM_EVENTOS;INALTERADO;1;694b8642f7fdb6a58c80416c4afbd903a7523a1254408b9cd141435dd7701c5c;85;data/raw/yahoo_dividendos/dividendos_MNPR3__20261006_694b8642.csv
20261006_100725;2026-10-06T13:16:33.397832+00:00;dividendos_MOTV3.csv;YAHOO_DIVIDENDOS;;MOTV3.SA;;COM_EVENTOS;INALTERADO;1;21e926501fc4df70940df052de4ea049f08107f1a05dc3202a96bc7c16902ae4;1422;data/raw/yahoo_dividendos/dividendos_MOTV3__20261006_21e92650.csv
20261006_100725;2026-10-06T13:16:34.025518+00:00;dividendos_MOVI3.csv;YAHOO_DIVIDENDOS;;MOVI3.SA;;COM_EVENTOS;INALTERADO;1;827735bfaf5b1f2fd8df1fd941117ec3f0c8181639e31fc79eed5436f7c0c268;911;data/raw/yahoo_dividendos/dividendos_MOVI3__20261006_827735bf.csv
20261006_100725;2026-10-06T13:16:37.276922+00:00;dividendos_MRVE3.csv;YAHOO_DIVIDENDOS;;MRVE3.SA;;COM_EVENTOS;INALTERADO;1;39898c1260c7fa8860fcfe8173a502e081706bba3756bed46986f6a950db547d;897;data/raw/yahoo_dividendos/dividendos_MRVE3__20261006_39898c12.csv
20261006_100725;2026-10-06T13:16:37.912989+00:00;dividendos_MSPA3.csv;YAHOO_DIVIDENDOS;;MSPA3.SA;;COM_EVENTOS;INALTERADO;1;123030c76c59f7a03454fd43acfee79f6d5ba811b8aa06320cf8dcdcf51d3e92;314;data/raw/yahoo_dividendos/dividendos_MSPA3__20261006_123030c7.csv
20261006_100725;2026-10-06T13:16:38.512361+00:00;dividendos_MSPA4.csv;YAHOO_DIVIDENDOS;;MSPA4.SA;;COM_EVENTOS;INALTERADO;1;ba35015259ed6dc1ed793910db7078ff0b3fbff300f22a731d2180ee0f1e79f5;316;data/raw/yahoo_dividendos/dividendos_MSPA4__20261006_ba350152.csv
20261006_100725;2026-10-06T13:16:39.649087+00:00;dividendos_MTRE3.csv;YAHOO_DIVIDENDOS;;MTRE3.SA;;COM_EVENTOS;INALTERADO;1;e3fcba3ed00c32b37ef8b1b78aa91c3f16481085a91d5571ab79efb9f9b1aa6b;1370;data/raw/yahoo_dividendos/dividendos_MTRE3__20261006_e3fcba3e.csv
20261006_100725;2026-10-06T13:16:40.124265+00:00;dividendos_MTSA3.csv;YAHOO_DIVIDENDOS;;MTSA3.SA;;COM_EVENTOS;INALTERADO;1;1b9df9daef28ab6e736486af9bc5e213083680e90c2d87728dc5e06e39092189;1376;data/raw/yahoo_dividendos/dividendos_MTSA3__20261006_1b9df9da.csv
20261006_100725;2026-10-06T13:16:40.518977+00:00;dividendos_MTSA4.csv;YAHOO_DIVIDENDOS;;MTSA4.SA;;COM_EVENTOS;INALTERADO;1;9d50f92377ed34ada1be021f14ee2616ba530585a5aa33e938bc0b480c5836b3;1274;data/raw/yahoo_dividendos/dividendos_MTSA4__20261006_9d50f923.csv
20261006_100725;2026-10-06T13:16:41.134682+00:00;dividendos_MWET3.csv;YAHOO_DIVIDENDOS;;MWET3.SA;;SEM_EVENTOS;INALTERADO;1;642daec761ccb28fc097aa7f22cfeb4552f7859c3b919e315b4f51bc1ae66de3;49;data/raw/yahoo_dividendos/dividendos_MWET3__20261006_642daec7.csv
20261006_100725;2026-10-06T13:16:41.230068+00:00;dividendos_MULT3.csv;YAHOO_DIVIDENDOS;;MULT3.SA;;COM_EVENTOS;INALTERADO;1;761c217fe9fc17f18eef54d2c1f24105b5ae635f397e702810db09a59ec04fc3;1663;data/raw/yahoo_dividendos/dividendos_MULT3__20261006_761c217f.csv
20261006_100725;2026-10-06T13:16:41.981109+00:00;dividendos_MWET4.csv;YAHOO_DIVIDENDOS;;MWET4.SA;;SEM_EVENTOS;INALTERADO;1;642daec761ccb28fc097aa7f22cfeb4552f7859c3b919e315b4f51bc1ae66de3;49;data/raw/yahoo_dividendos/dividendos_MWET4__20261006_642daec7.csv
20261006_100725;2026-10-06T13:16:42.235113+00:00;dividendos_MYPK3.csv;YAHOO_DIVIDENDOS;;MYPK3.SA;;COM_EVENTOS;INALTERADO;1;0f8969da05f2df5a4aee15fce314bc6036d417438573fc96e6a7bce244818a32;1052;data/raw/yahoo_dividendos/dividendos_MYPK3__20261006_0f8969da.csv
20261006_100725;2026-10-06T13:16:44.578219+00:00;dividendos_NATU3.csv;YAHOO_DIVIDENDOS;;NATU3.SA;;COM_EVENTOS;INALTERADO;1;c32c4584d8f4be0c566d3cf956d7e03b96dc8799fa2cddec9925038556e63c03;910;data/raw/yahoo_dividendos/dividendos_NATU3__20261006_c32c4584.csv
20261006_100725;2026-10-06T13:16:47.040659+00:00;dividendos_NEXP3.csv;YAHOO_DIVIDENDOS;;NEXP3.SA;;COM_EVENTOS;INALTERADO;1;8b60f36ec1ca5b6d29707b94fe7ffbd53a710f9b51df368a5269b6c9e400c801;306;data/raw/yahoo_dividendos/dividendos_NEXP3__20261006_8b60f36e.csv
20261006_100725;2026-10-06T13:16:48.224711+00:00;dividendos_NORD3.csv;YAHOO_DIVIDENDOS;;NORD3.SA;;SEM_EVENTOS;INALTERADO;1;642daec761ccb28fc097aa7f22cfeb4552f7859c3b919e315b4f51bc1ae66de3;49;data/raw/yahoo_dividendos/dividendos_NORD3__20261006_642daec7.csv
20261006_100725;2026-10-06T13:16:48.979606+00:00;dividendos_NUTR3.csv;YAHOO_DIVIDENDOS;;NUTR3.SA;;SEM_EVENTOS;INALTERADO;1;642daec761ccb28fc097aa7f22cfeb4552f7859c3b919e315b4f51bc1ae66de3;49;data/raw/yahoo_dividendos/dividendos_NUTR3__20261006_642daec7.csv
20261006_100725;2026-10-06T13:16:49.596357+00:00;dividendos_ODER4.csv;YAHOO_DIVIDENDOS;;ODER4.SA;;SEM_EVENTOS;INALTERADO;1;642daec761ccb28fc097aa7f22cfeb4552f7859c3b919e315b4f51bc1ae66de3;49;data/raw/yahoo_dividendos/dividendos_ODER4__20261006_642daec7.csv
20261006_100725;2026-10-06T13:16:50.228169+00:00;dividendos_OFSA3.csv;YAHOO_DIVIDENDOS;;OFSA3.SA;;COM_EVENTOS;INALTERADO;1;329a5456451850055a452d95da2dac34dade39a2f2d241097c4946e079a03664;834;data/raw/yahoo_dividendos/dividendos_OFSA3__20261006_329a5456.csv
20261006_100725;2026-10-06T13:16:52.076448+00:00;dividendos_OIBR3.csv;YAHOO_DIVIDENDOS;;OIBR3.SA;;COM_EVENTOS;INALTERADO;1;1044e1907f842ae50da50b2bc7af21de7853d59e5a20170daa141314ebdcb799;304;data/raw/yahoo_dividendos/dividendos_OIBR3__20261006_1044e190.csv
20261006_100725;2026-10-06T13:16:53.276021+00:00;dividendos_OIBR4.csv;YAHOO_DIVIDENDOS;;OIBR4.SA;;COM_EVENTOS;INALTERADO;1;f2304c4a26baa73302c2898ea6861a6640799f66def801c09d05ab8d54b46ff8;870;data/raw/yahoo_dividendos/dividendos_OIBR4__20261006_f2304c4a.csv
20261006_100725;2026-10-06T13:16:54.059679+00:00;dividendos_ONCO3.csv;YAHOO_DIVIDENDOS;;ONCO3.SA;;SEM_EVENTOS;INALTERADO;1;642daec761ccb28fc097aa7f22cfeb4552f7859c3b919e315b4f51bc1ae66de3;49;data/raw/yahoo_dividendos/dividendos_ONCO3__20261006_642daec7.csv
20261006_100725;2026-10-06T13:16:54.545936+00:00;dividendos_OPCT3.csv;YAHOO_DIVIDENDOS;;OPCT3.SA;;COM_EVENTOS;INALTERADO;1;d6fbc4a132650354afc0f213e46f5cf27bd339ebc3545bd5583219a2b993227f;85;data/raw/yahoo_dividendos/dividendos_OPCT3__20261006_d6fbc4a1.csv
20261006_100725;2026-10-06T13:16:54.741154+00:00;dividendos_ORVR3.csv;YAHOO_DIVIDENDOS;;ORVR3.SA;;SEM_EVENTOS;INALTERADO;1;642daec761ccb28fc097aa7f22cfeb4552f7859c3b919e315b4f51bc1ae66de3;49;data/raw/yahoo_dividendos/dividendos_ORVR3__20261006_642daec7.csv
20261006_100725;2026-10-06T13:16:55.345252+00:00;dividendos_OSXB3.csv;YAHOO_DIVIDENDOS;;OSXB3.SA;;SEM_EVENTOS;INALTERADO;1;642daec761ccb28fc097aa7f22cfeb4552f7859c3b919e315b4f51bc1ae66de3;49;data/raw/yahoo_dividendos/dividendos_OSXB3__20261006_642daec7.csv
20261006_100725;2026-10-06T13:16:55.770830+00:00;dividendos_PASS3.csv;YAHOO_DIVIDENDOS;;PASS3.SA;;SEM_EVENTOS;INALTERADO;1;642daec761ccb28fc097aa7f22cfeb4552f7859c3b919e315b4f51bc1ae66de3;49;data/raw/yahoo_dividendos/dividendos_PASS3__20261006_642daec7.csv
20261006_100725;2026-10-06T13:16:56.580219+00:00;dividendos_PATI3.csv;YAHOO_DIVIDENDOS;;PATI3.SA;;COM_EVENTOS;INALTERADO;1;986357be26bf871f513dcc83e54a694b5040694e792ac9a08eb4edc42b61c960;801;data/raw/yahoo_dividendos/dividendos_PATI3__20261006_986357be.csv
20261006_100725;2026-10-06T13:16:56.638505+00:00;dividendos_PATI4.csv;YAHOO_DIVIDENDOS;;PATI4.SA;;COM_EVENTOS;INALTERADO;1;d8688233dbc35f8faf041e5d26e8878deb436bed104406579340e321388cd0cf;768;data/raw/yahoo_dividendos/dividendos_PATI4__20261006_d8688233.csv
20261006_100725;2026-10-06T13:16:57.470949+00:00;dividendos_PCAR3.csv;YAHOO_DIVIDENDOS;;PCAR3.SA;;COM_EVENTOS;INALTERADO;1;2ffcafa1aa3d1869bad2f1a0594dcec7ad21f369c961f92cefbd3219bb6d4afd;1450;data/raw/yahoo_dividendos/dividendos_PCAR3__20261006_2ffcafa1.csv
20261006_100725;2026-10-06T13:16:59.046426+00:00;dividendos_PDGR3.csv;YAHOO_DIVIDENDOS;;PDGR3.SA;;COM_EVENTOS;INALTERADO;1;f3de7492ef4b5d6a85f64c90c0b2176f0ebf262f9c0664f393cd9b88ba459e0b;232;data/raw/yahoo_dividendos/dividendos_PDGR3__20261006_f3de7492.csv
20261006_100725;2026-10-06T13:16:59.890818+00:00;dividendos_PEAB3.csv;YAHOO_DIVIDENDOS;;PEAB3.SA;;COM_EVENTOS;INALTERADO;1;bf5cce60f0204f6bb7efed069a25928818ed0405a3dd2b197cb140de451a57c6;1105;data/raw/yahoo_dividendos/dividendos_PEAB3__20261006_bf5cce60.csv
20261006_100725;2026-10-06T13:16:59.891292+00:00;dividendos_PDTC3.csv;YAHOO_DIVIDENDOS;;PDTC3.SA;;COM_EVENTOS;INALTERADO;1;479584c829608c275343adaeff96c6f81abdab5552c92889010ea1ea09be6f0c;85;data/raw/yahoo_dividendos/dividendos_PDTC3__20261006_479584c8.csv
20261006_100725;2026-10-06T13:17:00.436086+00:00;dividendos_PEAB4.csv;YAHOO_DIVIDENDOS;;PEAB4.SA;;COM_EVENTOS;INALTERADO;1;db3f54d7c155dd503f2ed9118dbc061fec39430d74b408ae6ef6d32b2d14fc0d;976;data/raw/yahoo_dividendos/dividendos_PEAB4__20261006_db3f54d7.csv
20261006_100725;2026-10-06T13:17:00.723851+00:00;dividendos_PETR3.csv;YAHOO_DIVIDENDOS;;PETR3.SA;;COM_EVENTOS;INALTERADO;1;400229a00084ea37a3ed0cf9a228ff09a3ea17ffaffd995b0411dd19174e97e7;1794;data/raw/yahoo_dividendos/dividendos_PETR3__20261006_400229a0.csv
20261006_100725;2026-10-06T13:17:01.624176+00:00;dividendos_PETR4.csv;YAHOO_DIVIDENDOS;;PETR4.SA;;COM_EVENTOS;INALTERADO;1;65a940e2a3990b3a9d7171bbe0d2ac853311d49a77225cd15ed04cc2a11b0acd;2173;data/raw/yahoo_dividendos/dividendos_PETR4__20261006_65a940e2.csv
20261006_100725;2026-10-06T13:17:02.338281+00:00;dividendos_PGMN3.csv;YAHOO_DIVIDENDOS;;PGMN3.SA;;COM_EVENTOS;INALTERADO;1;e6c8b875a10bcd4b98c37e0f84485be6afa3066bd8c38f5f7faeef4328eab740;193;data/raw/yahoo_dividendos/dividendos_PGMN3__20261006_e6c8b875.csv
20261006_100725;2026-10-06T13:17:03.043461+00:00;dividendos_PFRM3.csv;YAHOO_DIVIDENDOS;;PFRM3.SA;;COM_EVENTOS;INALTERADO;1;3e8b7607920f66817493565ad32cd6cc7dab7c9a8727c3c51e835884c2641cc0;587;data/raw/yahoo_dividendos/dividendos_PFRM3__20261006_3e8b7607.csv
20261006_100725;2026-10-06T13:17:03.408245+00:00;dividendos_PLAS3.csv;YAHOO_DIVIDENDOS;;PLAS3.SA;;COM_EVENTOS;INALTERADO;1;bff65cc5a4a5e85c92678e38d06d48012e5e34e150851aaf22071f0fa51b4fa7;84;data/raw/yahoo_dividendos/dividendos_PLAS3__20261006_bff65cc5.csv
20261006_100725;2026-10-06T13:17:03.583774+00:00;dividendos_PLPL3.csv;YAHOO_DIVIDENDOS;;PLPL3.SA;;COM_EVENTOS;INALTERADO;1;f66125eeedb80db8c630a59eaf07d3f7cf7a89efbc9280afc992935feb16c054;264;data/raw/yahoo_dividendos/dividendos_PLPL3__20261006_f66125ee.csv
20261006_100725;2026-10-06T13:17:04.287606+00:00;dividendos_PMAM3.csv;YAHOO_DIVIDENDOS;;PMAM3.SA;;COM_EVENTOS;INALTERADO;1;903d6777ae88d3e76dc36d8ffbe60f19c46f76842123db94fb3886a8d0e3b7c7;121;data/raw/yahoo_dividendos/dividendos_PMAM3__20261006_903d6777.csv
20261006_100725;2026-10-06T13:17:07.342698+00:00;dividendos_PNVL3.csv;YAHOO_DIVIDENDOS;;PNVL3.SA;;COM_EVENTOS;INALTERADO;1;d5b165c1e39099f2b180ebc2b7a502b9fae068f31f962d27829e477d1dc3b6a4;1735;data/raw/yahoo_dividendos/dividendos_PNVL3__20261006_d5b165c1.csv
20261006_100725;2026-10-06T13:17:08.253999+00:00;dividendos_POMO3.csv;YAHOO_DIVIDENDOS;;POMO3.SA;;COM_EVENTOS;INALTERADO;1;c13064da2856c3aac82f057aaeabda55bd7c45d87082aae6722e6399541e2548;1869;data/raw/yahoo_dividendos/dividendos_POMO3__20261006_c13064da.csv
20261006_100725;2026-10-06T13:17:09.085522+00:00;dividendos_POMO4.csv;YAHOO_DIVIDENDOS;;POMO4.SA;;COM_EVENTOS;INALTERADO;1;594ca46aee642b5e75f3a78df0c470e6dcf2dcf74205276cc40a5a9993ab76cf;1756;data/raw/yahoo_dividendos/dividendos_POMO4__20261006_594ca46a.csv
20261006_100725;2026-10-06T13:17:10.129556+00:00;dividendos_POSI3.csv;YAHOO_DIVIDENDOS;;POSI3.SA;;COM_EVENTOS;INALTERADO;1;8cbc8591062b72a87f11abf3ef8d768596f62ffe987f393791c7d35a988a7a0f;622;data/raw/yahoo_dividendos/dividendos_POSI3__20261006_8cbc8591.csv
20261006_100725;2026-10-06T13:17:11.075171+00:00;dividendos_PRIO3.csv;YAHOO_DIVIDENDOS;;PRIO3.SA;;COM_EVENTOS;INALTERADO;1;1c033d1bbc1b7ee670e9cd03803e599aa2ce832a4fcea8c820d9c0dd358483eb;85;data/raw/yahoo_dividendos/dividendos_PRIO3__20261006_1c033d1b.csv
20261006_100725;2026-10-06T13:17:11.583767+00:00;dividendos_PRNR3.csv;YAHOO_DIVIDENDOS;;PRNR3.SA;;COM_EVENTOS;INALTERADO;1;8bbd368b004dc21491698975521557a2fc5ea10437a04acdfb181ac6ddf64200;229;data/raw/yahoo_dividendos/dividendos_PRNR3__20261006_8bbd368b.csv
20261006_100725;2026-10-06T13:17:13.557243+00:00;dividendos_PTBL3.csv;YAHOO_DIVIDENDOS;;PTBL3.SA;;COM_EVENTOS;INALTERADO;1;50fb8954ee7e73e235d94a5c3351d9e172205749937fbfd93f0ee28a040600f1;795;data/raw/yahoo_dividendos/dividendos_PTBL3__20261006_50fb8954.csv
20261006_100725;2026-10-06T13:17:17.372099+00:00;dividendos_QUAL3.csv;YAHOO_DIVIDENDOS;;QUAL3.SA;;COM_EVENTOS;INALTERADO;1;699b6bcfb290c298f590004d13b3343074ec9bdfd089d6407983ef711858047b;767;data/raw/yahoo_dividendos/dividendos_QUAL3__20261006_699b6bcf.csv
20261006_100725;2026-10-06T13:17:18.246420+00:00;dividendos_RADL3.csv;YAHOO_DIVIDENDOS;;RADL3.SA;;COM_EVENTOS;INALTERADO;1;60cfaa77547e36ea72c9b691a7e547fe9388a098996ec23443de2bb4136e0ac1;3028;data/raw/yahoo_dividendos/dividendos_RADL3__20261006_60cfaa77.csv
20261006_100725;2026-10-06T13:17:18.861912+00:00;dividendos_RAIL3.csv;YAHOO_DIVIDENDOS;;RAIL3.SA;;COM_EVENTOS;INALTERADO;1;2d5dac5a62a8b9cc86f60b9f5524e7db3a47c6eaefdc74f2ca2cdc7970325847;229;data/raw/yahoo_dividendos/dividendos_RAIL3__20261006_2d5dac5a.csv
20261006_100725;2026-10-06T13:17:19.386989+00:00;dividendos_RAIZ4.csv;YAHOO_DIVIDENDOS;;RAIZ4.SA;;COM_EVENTOS;INALTERADO;1;c2407b1e43f06253a5ac0ec3749b28c9cd03350055a24d3d381a6af1296be42f;406;data/raw/yahoo_dividendos/dividendos_RAIZ4__20261006_c2407b1e.csv
20261006_100725;2026-10-06T13:17:19.543625+00:00;dividendos_RANI3.csv;YAHOO_DIVIDENDOS;;RANI3.SA;;COM_EVENTOS;INALTERADO;1;640908f0804ef6cfa702f069f227210b51cc9ce5d89825e9e2546a210c0eab7e;1770;data/raw/yahoo_dividendos/dividendos_RANI3__20261006_640908f0.csv
20261006_100725;2026-10-06T13:17:20.617522+00:00;dividendos_RAPT3.csv;YAHOO_DIVIDENDOS;;RAPT3.SA;;COM_EVENTOS;INALTERADO;1;c365e030ef8bd6365482a7707b4eff1b8ef6172b45b4b297e048eeb45dd9ca81;1446;data/raw/yahoo_dividendos/dividendos_RAPT3__20261006_c365e030.csv
20261006_100725;2026-10-06T13:17:21.683684+00:00;dividendos_RAPT4.csv;YAHOO_DIVIDENDOS;;RAPT4.SA;;COM_EVENTOS;INALTERADO;1;5d9720fdaf848f4449436f4ea2274337ad9cf10ab8e1147b304d724881485536;1220;data/raw/yahoo_dividendos/dividendos_RAPT4__20261006_5d9720fd.csv
20261006_100725;2026-10-06T13:17:21.842399+00:00;dividendos_RCSL3.csv;YAHOO_DIVIDENDOS;;RCSL3.SA;;SEM_EVENTOS;INALTERADO;1;642daec761ccb28fc097aa7f22cfeb4552f7859c3b919e315b4f51bc1ae66de3;49;data/raw/yahoo_dividendos/dividendos_RCSL3__20261006_642daec7.csv
20261006_100725;2026-10-06T13:17:22.528123+00:00;dividendos_RCSL4.csv;YAHOO_DIVIDENDOS;;RCSL4.SA;;SEM_EVENTOS;INALTERADO;1;642daec761ccb28fc097aa7f22cfeb4552f7859c3b919e315b4f51bc1ae66de3;49;data/raw/yahoo_dividendos/dividendos_RCSL4__20261006_642daec7.csv
20261006_100725;2026-10-06T13:17:24.129288+00:00;dividendos_RDOR3.csv;YAHOO_DIVIDENDOS;;RDOR3.SA;;COM_EVENTOS;INALTERADO;1;1328bee2df0e1ad726f68e60166c7c8406c52fbed688cc2c7d95bf51e368140a;840;data/raw/yahoo_dividendos/dividendos_RDOR3__20261006_1328bee2.csv
20261006_100725;2026-10-06T13:17:24.371054+00:00;dividendos_RECV3.csv;YAHOO_DIVIDENDOS;;RECV3.SA;;COM_EVENTOS;INALTERADO;1;8b931fe201aa60113c3219ae7170762268c36c22a107a939793883c24e0f3788;444;data/raw/yahoo_dividendos/dividendos_RECV3__20261006_8b931fe2.csv
20261006_100725;2026-10-06T13:17:24.775516+00:00;dividendos_REDE3.csv;YAHOO_DIVIDENDOS;;REDE3.SA;;COM_EVENTOS;INALTERADO;1;0e058f9043a29b7a55b6ae62c1e2924d9dcf1fb532abf35035e766f0b49922cc;1016;data/raw/yahoo_dividendos/dividendos_REDE3__20261006_0e058f90.csv
20261006_100725;2026-10-06T13:17:26.349885+00:00;dividendos_RENT3.csv;YAHOO_DIVIDENDOS;;RENT3.SA;;COM_EVENTOS;INALTERADO;1;072ab6279e36fb76bfabab7bba62e0de4ba588f61305d2505b5e46ccdaf8d3eb;3200;data/raw/yahoo_dividendos/dividendos_RENT3__20261006_072ab627.csv
20261006_100725;2026-10-06T13:17:26.350318+00:00;dividendos_RENT4.csv;YAHOO_DIVIDENDOS;;RENT4.SA;;COM_EVENTOS;INALTERADO;1;75841a6baea456d59548f1cd619038b1b1c4f1e908c919e2dd63ff550b0a5c24;156;data/raw/yahoo_dividendos/dividendos_RENT4__20261006_75841a6b.csv
20261006_100725;2026-10-06T13:17:27.289911+00:00;dividendos_RIAA3.csv;YAHOO_DIVIDENDOS;;RIAA3.SA;;COM_EVENTOS;INALTERADO;1;44c5dafdaf11bb46de81042d3179846f96d9bafb21760a3ed4d9c0c69d95c161;1583;data/raw/yahoo_dividendos/dividendos_RIAA3__20261006_44c5dafd.csv
20261006_100725;2026-10-06T13:17:29.883715+00:00;dividendos_RNEW3.csv;YAHOO_DIVIDENDOS;;RNEW3.SA;;COM_EVENTOS;INALTERADO;1;c39ac4bd47aebbb21381df2f6a46866192150ca0d1da7f568f538444595684ee;84;data/raw/yahoo_dividendos/dividendos_RNEW3__20261006_c39ac4bd.csv
20261006_100725;2026-10-06T13:17:30.551729+00:00;dividendos_RNEW4.csv;YAHOO_DIVIDENDOS;;RNEW4.SA;;SEM_EVENTOS;INALTERADO;1;642daec761ccb28fc097aa7f22cfeb4552f7859c3b919e315b4f51bc1ae66de3;49;data/raw/yahoo_dividendos/dividendos_RNEW4__20261006_642daec7.csv
20261006_100725;2026-10-06T13:17:30.978702+00:00;dividendos_ROMI3.csv;YAHOO_DIVIDENDOS;;ROMI3.SA;;COM_EVENTOS;INALTERADO;1;a75499ca31650000cacde1438fa0b1b25d2029c8a0ad6cbfa60dafbdbfc123d5;1838;data/raw/yahoo_dividendos/dividendos_ROMI3__20261006_a75499ca.csv
20261006_100725;2026-10-06T13:17:31.252403+00:00;dividendos_RPMG3.csv;YAHOO_DIVIDENDOS;;RPMG3.SA;;SEM_EVENTOS;INALTERADO;1;642daec761ccb28fc097aa7f22cfeb4552f7859c3b919e315b4f51bc1ae66de3;49;data/raw/yahoo_dividendos/dividendos_RPMG3__20261006_642daec7.csv
20261006_100725;2026-10-06T13:17:33.293894+00:00;dividendos_RSID3.csv;YAHOO_DIVIDENDOS;;RSID3.SA;;COM_EVENTOS;INALTERADO;1;f1f8601d64dc19ef6c1ea014b77902595b1e231bed40009aff2381896c965750;229;data/raw/yahoo_dividendos/dividendos_RSID3__20261006_f1f8601d.csv
20261006_100725;2026-10-06T13:17:34.962374+00:00;dividendos_RSUL4.csv;YAHOO_DIVIDENDOS;;RSUL4.SA;;COM_EVENTOS;INALTERADO;1;4190fdcacd1a56605417f024b383a0b03f6496506bd8bfd92068e366ee8291a3;228;data/raw/yahoo_dividendos/dividendos_RSUL4__20261006_4190fdca.csv
20261006_100725;2026-10-06T13:17:35.632024+00:00;dividendos_RVEE3.csv;YAHOO_DIVIDENDOS;;RVEE3.SA;;SEM_EVENTOS;INALTERADO;1;642daec761ccb28fc097aa7f22cfeb4552f7859c3b919e315b4f51bc1ae66de3;49;data/raw/yahoo_dividendos/dividendos_RVEE3__20261006_642daec7.csv
20261006_100725;2026-10-06T13:17:36.333519+00:00;dividendos_SAPR11.csv;YAHOO_DIVIDENDOS;;SAPR11.SA;;COM_EVENTOS;INALTERADO;1;5389ac19854e898ec1113e1ae4f0014690f4969180192b523dcf76ab411a0a64;806;data/raw/yahoo_dividendos/dividendos_SAPR11__20261006_5389ac19.csv
20261006_100725;2026-10-06T13:17:36.838243+00:00;dividendos_SAPR3.csv;YAHOO_DIVIDENDOS;;SAPR3.SA;;COM_EVENTOS;INALTERADO;1;2a6ccdc5b22fbf02d667acf01c1192b54d62e4aece343de21f9ffef5a5f7beb6;1378;data/raw/yahoo_dividendos/dividendos_SAPR3__20261006_2a6ccdc5.csv
20261006_100725;2026-10-06T13:17:37.013416+00:00;dividendos_SAPR4.csv;YAHOO_DIVIDENDOS;;SAPR4.SA;;COM_EVENTOS;INALTERADO;1;a6b3d6f90678bc8f58e71c355c813181fe270104840557a4ed2dd751fe27065d;1413;data/raw/yahoo_dividendos/dividendos_SAPR4__20261006_a6b3d6f9.csv
20261006_100725;2026-10-06T13:17:37.551317+00:00;dividendos_SBFG3.csv;YAHOO_DIVIDENDOS;;SBFG3.SA;;COM_EVENTOS;INALTERADO;1;636de9d96a986a33372040cf3094d7fc34a887c8ef8c1cf9d55eef1576066ffb;228;data/raw/yahoo_dividendos/dividendos_SBFG3__20261006_636de9d9.csv
20261006_100725;2026-10-06T13:17:37.721721+00:00;dividendos_SAUD3.csv;YAHOO_DIVIDENDOS;;SAUD3.SA;;COM_EVENTOS;INALTERADO;1;27b2fa038ebeb91f5c9c8966d3f80dcbca1caa8a1cfee28195c782104699178d;3785;data/raw/yahoo_dividendos/dividendos_SAUD3__20261006_27b2fa03.csv
20261006_100725;2026-10-06T13:17:38.252582+00:00;dividendos_SBSP3.csv;YAHOO_DIVIDENDOS;;SBSP3.SA;;COM_EVENTOS;INALTERADO;1;e142ec1309291efe57b1f93df0d93a0156c8ab6ae219c45505681afe060cc8a0;947;data/raw/yahoo_dividendos/dividendos_SBSP3__20261006_e142ec13.csv
20261006_100725;2026-10-06T13:17:38.588244+00:00;dividendos_SCAR3.csv;YAHOO_DIVIDENDOS;;SCAR3.SA;;COM_EVENTOS;INALTERADO;1;92b1779e5550197d7806b44cfcb182a400e0e65f835f135e68bef99abb5dbc7c;910;data/raw/yahoo_dividendos/dividendos_SCAR3__20261006_92b1779e.csv
20261006_100725;2026-10-06T13:17:41.384536+00:00;dividendos_SEER3.csv;YAHOO_DIVIDENDOS;;SEER3.SA;;COM_EVENTOS;INALTERADO;1;b5a953f4e19c8b9c73ddec64ba4d9a5ca6390a018cf2ba550325f893c1845c0f;802;data/raw/yahoo_dividendos/dividendos_SEER3__20261006_b5a953f4.csv
20261006_100725;2026-10-06T13:17:41.475474+00:00;dividendos_SEQL3.csv;YAHOO_DIVIDENDOS;;SEQL3.SA;;SEM_EVENTOS;INALTERADO;1;642daec761ccb28fc097aa7f22cfeb4552f7859c3b919e315b4f51bc1ae66de3;49;data/raw/yahoo_dividendos/dividendos_SEQL3__20261006_642daec7.csv
20261006_100725;2026-10-06T13:17:44.606182+00:00;dividendos_SHOW3.csv;YAHOO_DIVIDENDOS;;SHOW3.SA;;COM_EVENTOS;INALTERADO;1;078cc2edfe7ea71ff9bec3e3e61b1ad6ccec481b0d141e2bcd7910277d33e3aa;222;data/raw/yahoo_dividendos/dividendos_SHOW3__20261006_078cc2ed.csv
20261006_100725;2026-10-06T13:17:45.054578+00:00;dividendos_SHUL3.csv;YAHOO_DIVIDENDOS;;SHUL3.SA;;SEM_EVENTOS;INALTERADO;1;642daec761ccb28fc097aa7f22cfeb4552f7859c3b919e315b4f51bc1ae66de3;49;data/raw/yahoo_dividendos/dividendos_SHUL3__20261006_642daec7.csv
20261006_100725;2026-10-06T13:17:45.756536+00:00;dividendos_SIMH3.csv;YAHOO_DIVIDENDOS;;SIMH3.SA;;COM_EVENTOS;INALTERADO;1;718a3078efd70b0d720eb4d8630896ec969b14526cb61a8f7418f8954e8093a5;336;data/raw/yahoo_dividendos/dividendos_SIMH3__20261006_718a3078.csv
20261006_100725;2026-10-06T13:17:45.902118+00:00;dividendos_SHUL4.csv;YAHOO_DIVIDENDOS;;SHUL4.SA;;COM_EVENTOS;INALTERADO;1;4f5bf019a33f85d9e43816dbda081d84719c64af32cd235d988b8435994bcf28;1737;data/raw/yahoo_dividendos/dividendos_SHUL4__20261006_4f5bf019.csv
20261006_100725;2026-10-06T13:17:46.904606+00:00;dividendos_SLCE3.csv;YAHOO_DIVIDENDOS;;SLCE3.SA;;COM_EVENTOS;INALTERADO;1;3ce422af8bb274974b2e6a86ac43a3ec463463d785ec12b58fcf61d20983ed4c;801;data/raw/yahoo_dividendos/dividendos_SLCE3__20261006_3ce422af.csv
20261006_100725;2026-10-06T13:17:49.128983+00:00;dividendos_SMFT3.csv;YAHOO_DIVIDENDOS;;SMFT3.SA;;COM_EVENTOS;INALTERADO;1;acb3ef8e1f75e94c28b9c78ccdfd24534a5b867d22e919b5abca7a0551064669;443;data/raw/yahoo_dividendos/dividendos_SMFT3__20261006_acb3ef8e.csv
20261006_100725;2026-10-06T13:17:50.391853+00:00;dividendos_SMTO3.csv;YAHOO_DIVIDENDOS;;SMTO3.SA;;COM_EVENTOS;INALTERADO;1;c468af9b6b8da1b3c2c4c44fd614418c193eb1fda5d6d5dec3357a91a59c30b8;1016;data/raw/yahoo_dividendos/dividendos_SMTO3__20261006_c468af9b.csv
20261006_100725;2026-10-06T13:17:50.927730+00:00;dividendos_SNSY3.csv;YAHOO_DIVIDENDOS;;SNSY3.SA;;SEM_EVENTOS;INALTERADO;1;642daec761ccb28fc097aa7f22cfeb4552f7859c3b919e315b4f51bc1ae66de3;49;data/raw/yahoo_dividendos/dividendos_SNSY3__20261006_642daec7.csv
20261006_100725;2026-10-06T13:17:52.042846+00:00;dividendos_SNSY5.csv;YAHOO_DIVIDENDOS;;SNSY5.SA;;SEM_EVENTOS;INALTERADO;1;642daec761ccb28fc097aa7f22cfeb4552f7859c3b919e315b4f51bc1ae66de3;49;data/raw/yahoo_dividendos/dividendos_SNSY5__20261006_642daec7.csv
20261006_100725;2026-10-06T13:17:52.307512+00:00;dividendos_SNSY6.csv;YAHOO_DIVIDENDOS;;SNSY6.SA;;SEM_EVENTOS;INALTERADO;1;642daec761ccb28fc097aa7f22cfeb4552f7859c3b919e315b4f51bc1ae66de3;49;data/raw/yahoo_dividendos/dividendos_SNSY6__20261006_642daec7.csv
20261006_100725;2026-10-06T13:17:52.494006+00:00;dividendos_SOJA3.csv;YAHOO_DIVIDENDOS;;SOJA3.SA;;COM_EVENTOS;INALTERADO;1;3a97b35e08ed41b587bdab8b7faeb0895570979f419b954e3824526ac2f9c2c1;337;data/raw/yahoo_dividendos/dividendos_SOJA3__20261006_3a97b35e.csv
20261006_100725;2026-10-06T13:17:53.206279+00:00;dividendos_SOND3.csv;YAHOO_DIVIDENDOS;;SOND3.SA;;COM_EVENTOS;INALTERADO;1;bc3161e5f8457d36f9ebc41a578b3a4d7a536bcc04b51e2631bec3b140ca9527;873;data/raw/yahoo_dividendos/dividendos_SOND3__20261006_bc3161e5.csv
20261006_100725;2026-10-06T13:17:53.780355+00:00;dividendos_SOND5.csv;YAHOO_DIVIDENDOS;;SOND5.SA;;COM_EVENTOS;INALTERADO;1;40ce52d5bf47e5f6ed557a5d26f2a0e6b51710cce76e9cb2d82bfe2c6758334c;837;data/raw/yahoo_dividendos/dividendos_SOND5__20261006_40ce52d5.csv
20261006_100725;2026-10-06T13:17:54.044036+00:00;dividendos_SOND6.csv;YAHOO_DIVIDENDOS;;SOND6.SA;;COM_EVENTOS;INALTERADO;1;1315fd7fc5e1c1bcd3ba3ef326abe55e5efcf86bea11f3a690876a9eb51d5e46;837;data/raw/yahoo_dividendos/dividendos_SOND6__20261006_1315fd7f.csv
20261006_100725;2026-10-06T13:18:00.770064+00:00;dividendos_SUZB3.csv;YAHOO_DIVIDENDOS;;SUZB3.SA;;COM_EVENTOS;INALTERADO;1;6d622fa3d2bb92e69cb64442a5ef0d7622b1d2e40350014ffce76a4877334e20;823;data/raw/yahoo_dividendos/dividendos_SUZB3__20261006_6d622fa3.csv
20261006_100725;2026-10-06T13:18:03.188581+00:00;dividendos_TAEE11.csv;YAHOO_DIVIDENDOS;;TAEE11.SA;;COM_EVENTOS;INALTERADO;1;cc21ead6e2ff61604e5ac179722acc7b1036c423ed3d67243d7318133bb349a0;2316;data/raw/yahoo_dividendos/dividendos_TAEE11__20261006_cc21ead6.csv
20261006_100725;2026-10-06T13:18:03.330333+00:00;dividendos_SYNE3.csv;YAHOO_DIVIDENDOS;;SYNE3.SA;;COM_EVENTOS;INALTERADO;1;024aaaf767432340efe88d4f49add42187fcf938d1acc8ce606c0c1289f63d90;767;data/raw/yahoo_dividendos/dividendos_SYNE3__20261006_024aaaf7.csv
20261006_100725;2026-10-06T13:18:04.011597+00:00;dividendos_TAEE4.csv;YAHOO_DIVIDENDOS;;TAEE4.SA;;COM_EVENTOS;INALTERADO;1;7d0cceeca9b9ef3fe0751eddc2b3b0156b82c637782ef84c6374ff08ae058738;1515;data/raw/yahoo_dividendos/dividendos_TAEE4__20261006_7d0cceec.csv
20261006_100725;2026-10-06T13:18:04.015852+00:00;dividendos_TAEE3.csv;YAHOO_DIVIDENDOS;;TAEE3.SA;;COM_EVENTOS;INALTERADO;1;fcd0bca6706633133fcc1fadae19320fccbfc1b8150f7e5f7f1606a8a6392400;2088;data/raw/yahoo_dividendos/dividendos_TAEE3__20261006_fcd0bca6.csv
20261006_100725;2026-10-06T13:18:06.603553+00:00;dividendos_TASA3.csv;YAHOO_DIVIDENDOS;;TASA3.SA;;COM_EVENTOS;INALTERADO;1;2fa689facebb923d404686895b265847b711ea5643d4d14b53b8d92198f539c8;655;data/raw/yahoo_dividendos/dividendos_TASA3__20261006_2fa689fa.csv
20261006_100725;2026-10-06T13:18:06.681667+00:00;dividendos_TASA4.csv;YAHOO_DIVIDENDOS;;TASA4.SA;;COM_EVENTOS;INALTERADO;1;198aeb2b654d3b1af3ca66b31e385d8026991003835514c1283264b608e09a3b;569;data/raw/yahoo_dividendos/dividendos_TASA4__20261006_198aeb2b.csv
20261006_100725;2026-10-06T13:18:09.548940+00:00;dividendos_TCSA3.csv;YAHOO_DIVIDENDOS;;TCSA3.SA;;COM_EVENTOS;INALTERADO;1;25638dcadb22294bb112598af64ec5a4a9cadff0463f234e5cf884bd044dcafb;337;data/raw/yahoo_dividendos/dividendos_TCSA3__20261006_25638dca.csv
20261006_100725;2026-10-06T13:18:11.933883+00:00;dividendos_TECN3.csv;YAHOO_DIVIDENDOS;;TECN3.SA;;COM_EVENTOS;INALTERADO;1;716320c9f26b1484383bc4c1a501c3755276f56f0d9ddb86d58efeca09807f3f;473;data/raw/yahoo_dividendos/dividendos_TECN3__20261006_716320c9.csv
20261006_100725;2026-10-06T13:18:12.076069+00:00;dividendos_TEKA3.csv;YAHOO_DIVIDENDOS;;TEKA3.SA;;SEM_EVENTOS;INALTERADO;1;642daec761ccb28fc097aa7f22cfeb4552f7859c3b919e315b4f51bc1ae66de3;49;data/raw/yahoo_dividendos/dividendos_TEKA3__20261006_642daec7.csv
20261006_100725;2026-10-06T13:18:12.693485+00:00;dividendos_TEKA4.csv;YAHOO_DIVIDENDOS;;TEKA4.SA;;SEM_EVENTOS;INALTERADO;1;642daec761ccb28fc097aa7f22cfeb4552f7859c3b919e315b4f51bc1ae66de3;49;data/raw/yahoo_dividendos/dividendos_TEKA4__20261006_642daec7.csv
20261006_100725;2026-10-06T13:18:12.813983+00:00;dividendos_TELB3.csv;YAHOO_DIVIDENDOS;;TELB3.SA;;SEM_EVENTOS;INALTERADO;1;642daec761ccb28fc097aa7f22cfeb4552f7859c3b919e315b4f51bc1ae66de3;49;data/raw/yahoo_dividendos/dividendos_TELB3__20261006_642daec7.csv
20261006_100725;2026-10-06T13:18:13.529580+00:00;dividendos_TELB4.csv;YAHOO_DIVIDENDOS;;TELB4.SA;;SEM_EVENTOS;INALTERADO;1;642daec761ccb28fc097aa7f22cfeb4552f7859c3b919e315b4f51bc1ae66de3;49;data/raw/yahoo_dividendos/dividendos_TELB4__20261006_642daec7.csv
20261006_100725;2026-10-06T13:18:14.555783+00:00;dividendos_TEND3.csv;YAHOO_DIVIDENDOS;;TEND3.SA;;COM_EVENTOS;INALTERADO;1;cc69d33766dff8a71efd2b72417598d2543b321e46356bb951fcbb447243409b;517;data/raw/yahoo_dividendos/dividendos_TEND3__20261006_cc69d337.csv
20261006_100725;2026-10-06T13:18:17.739651+00:00;dividendos_TFCO4.csv;YAHOO_DIVIDENDOS;;TFCO4.SA;;COM_EVENTOS;INALTERADO;1;7c555f8f2189ed788415ec7314241feeee754f0a3ec36201e2a9b0c995e560a1;947;data/raw/yahoo_dividendos/dividendos_TFCO4__20261006_7c555f8f.csv
20261006_100725;2026-10-06T13:18:18.351339+00:00;dividendos_TGMA3.csv;YAHOO_DIVIDENDOS;;TGMA3.SA;;COM_EVENTOS;INALTERADO;1;d180e1c27e712193071aec64c35da5b42ee7d0182252ee6ab9f85a37431c4dae;1547;data/raw/yahoo_dividendos/dividendos_TGMA3__20261006_d180e1c2.csv
20261006_100725;2026-10-06T13:18:21.561373+00:00;dividendos_TIMS3.csv;YAHOO_DIVIDENDOS;;TIMS3.SA;;COM_EVENTOS;INALTERADO;1;10ec5779aebb2da835f7546f3be15ff98b561d610330bb48c7288cb67f1875ef;1700;data/raw/yahoo_dividendos/dividendos_TIMS3__20261006_10ec5779.csv
20261006_100725;2026-10-06T13:18:28.528954+00:00;dividendos_TOKY3.csv;YAHOO_DIVIDENDOS;;TOKY3.SA;;SEM_EVENTOS;INALTERADO;1;642daec761ccb28fc097aa7f22cfeb4552f7859c3b919e315b4f51bc1ae66de3;49;data/raw/yahoo_dividendos/dividendos_TOKY3__20261006_642daec7.csv
20261006_100725;2026-10-06T13:18:29.366496+00:00;dividendos_TOTS3.csv;YAHOO_DIVIDENDOS;;TOTS3.SA;;COM_EVENTOS;INALTERADO;1;cb8cfddb14c393019017f53627cb3ff8eea1d5170e8f5727376910995c7c4527;1754;data/raw/yahoo_dividendos/dividendos_TOTS3__20261006_cb8cfddb.csv
20261006_100725;2026-10-06T13:18:30.783268+00:00;dividendos_TPIS3.csv;YAHOO_DIVIDENDOS;;TPIS3.SA;;COM_EVENTOS;INALTERADO;1;cca56058d2bafb625ec94dd101506223b156f559e8e49a8666dbd4deed740615;689;data/raw/yahoo_dividendos/dividendos_TPIS3__20261006_cca56058.csv
20261006_100725;2026-10-06T13:18:32.287005+00:00;dividendos_TRIS3.csv;YAHOO_DIVIDENDOS;;TRIS3.SA;;COM_EVENTOS;INALTERADO;1;b44b05ee03bc737ba5d7584065feead2d34ee0d7c84e1c68f3ed215bf94f354c;695;data/raw/yahoo_dividendos/dividendos_TRIS3__20261006_b44b05ee.csv
20261006_100725;2026-10-06T13:18:34.409595+00:00;dividendos_TTEN3.csv;YAHOO_DIVIDENDOS;;TTEN3.SA;;COM_EVENTOS;INALTERADO;1;99067866154ac680183f1ae2d01682fa32ad6a755e44908eaeb7c46ed4fd109d;229;data/raw/yahoo_dividendos/dividendos_TTEN3__20261006_99067866.csv
20261006_100725;2026-10-06T13:18:35.546211+00:00;dividendos_TUPY3.csv;YAHOO_DIVIDENDOS;;TUPY3.SA;;COM_EVENTOS;INALTERADO;1;50d4c20b17381183c1bc0547b329d1a8c35ba2223a3c57882703975f8783333d;1184;data/raw/yahoo_dividendos/dividendos_TUPY3__20261006_50d4c20b.csv
20261006_100725;2026-10-06T13:18:36.648169+00:00;dividendos_TXRX3.csv;YAHOO_DIVIDENDOS;;TXRX3.SA;;SEM_EVENTOS;INALTERADO;1;642daec761ccb28fc097aa7f22cfeb4552f7859c3b919e315b4f51bc1ae66de3;49;data/raw/yahoo_dividendos/dividendos_TXRX3__20261006_642daec7.csv
20261006_100725;2026-10-06T13:18:37.204624+00:00;dividendos_TXRX4.csv;YAHOO_DIVIDENDOS;;TXRX4.SA;;SEM_EVENTOS;INALTERADO;1;642daec761ccb28fc097aa7f22cfeb4552f7859c3b919e315b4f51bc1ae66de3;49;data/raw/yahoo_dividendos/dividendos_TXRX4__20261006_642daec7.csv
20261006_100725;2026-10-06T13:18:37.293900+00:00;dividendos_UCAS3.csv;YAHOO_DIVIDENDOS;;UCAS3.SA;;COM_EVENTOS;INALTERADO;1;65cb3eff2c93a60b01e604b5a93253f7ddce8f34649380f3dea3ed7431f7e3e6;535;data/raw/yahoo_dividendos/dividendos_UCAS3__20261006_65cb3eff.csv
20261006_100725;2026-10-06T13:18:38.118639+00:00;dividendos_UGPA3.csv;YAHOO_DIVIDENDOS;;UGPA3.SA;;COM_EVENTOS;INALTERADO;1;9adf6dcd5d619c0f6264f2fdcf8c22402326f69866b2a256320dc4790faa1c94;1330;data/raw/yahoo_dividendos/dividendos_UGPA3__20261006_9adf6dcd.csv
20261006_100725;2026-10-06T13:18:39.146948+00:00;dividendos_UNIP3.csv;YAHOO_DIVIDENDOS;;UNIP3.SA;;COM_EVENTOS;INALTERADO;1;799953fca35741d7151385ba240b0ec6384e79430d69c806113f7a762e894bb9;1303;data/raw/yahoo_dividendos/dividendos_UNIP3__20261006_799953fc.csv
20261006_100725;2026-10-06T13:18:39.374936+00:00;dividendos_UNIP5.csv;YAHOO_DIVIDENDOS;;UNIP5.SA;;COM_EVENTOS;INALTERADO;1;1b4e02d4d80d837ae82c8c8eff7f5c442974849a179570c29a31770e051d95ef;1053;data/raw/yahoo_dividendos/dividendos_UNIP5__20261006_1b4e02d4.csv
20261006_100725;2026-10-06T13:18:40.136596+00:00;dividendos_UNIP6.csv;YAHOO_DIVIDENDOS;;UNIP6.SA;;COM_EVENTOS;INALTERADO;1;efaceaff37f541486768c48a26ca4ac99d93ef2748395aa23aa838d98e567130;1089;data/raw/yahoo_dividendos/dividendos_UNIP6__20261006_efaceaff.csv
20261006_100725;2026-10-06T13:18:40.956677+00:00;dividendos_USIM3.csv;YAHOO_DIVIDENDOS;;USIM3.SA;;COM_EVENTOS;INALTERADO;1;f9fc11d337e95daa35a8acc764b3375fc5d659206bf8935bdee2d96e1e1775c9;868;data/raw/yahoo_dividendos/dividendos_USIM3__20261006_f9fc11d3.csv
20261006_100725;2026-10-06T13:18:41.580781+00:00;dividendos_USIM6.csv;YAHOO_DIVIDENDOS;;USIM6.SA;;COM_EVENTOS;INALTERADO;1;d5badcef4e425807759afbefefea082098006706b18695697c8f3ded5565c9d4;660;data/raw/yahoo_dividendos/dividendos_USIM6__20261006_d5badcef.csv
20261006_100725;2026-10-06T13:18:42.038563+00:00;dividendos_USIM5.csv;YAHOO_DIVIDENDOS;;USIM5.SA;;COM_EVENTOS;INALTERADO;1;a8013547833949024c3bc8d144c93364259a3d197e5097d9b3ae7d0e2b9aa90a;907;data/raw/yahoo_dividendos/dividendos_USIM5__20261006_a8013547.csv
20261006_100725;2026-10-06T13:18:43.155928+00:00;dividendos_VALE3.csv;YAHOO_DIVIDENDOS;;VALE3.SA;;COM_EVENTOS;NOVA_VERSAO;2;f2029804b505e23021470f9e5c29eb02a5ea7f18e9d4438006955ed209d978f6;1441;data/raw/yahoo_dividendos/dividendos_VALE3__20261006_f2029804.csv
20261006_100725;2026-10-06T13:18:43.874321+00:00;dividendos_VAMO3.csv;YAHOO_DIVIDENDOS;;VAMO3.SA;;COM_EVENTOS;INALTERADO;1;b15e7eff83704053f2c9ac4397ec9aaf60cebb59b25d5bb72d95ed8f9d4f5418;264;data/raw/yahoo_dividendos/dividendos_VAMO3__20261006_b15e7eff.csv
20261006_100725;2026-10-06T13:18:45.369443+00:00;dividendos_VBBR3.csv;YAHOO_DIVIDENDOS;;VBBR3.SA;;COM_EVENTOS;INALTERADO;1;a826236a709608ee1c825be73707dce7e29db3f02e9db8c36af7eba5bb5720ae;913;data/raw/yahoo_dividendos/dividendos_VBBR3__20261006_a826236a.csv
20261006_100725;2026-10-06T13:18:48.431822+00:00;dividendos_VITT3.csv;YAHOO_DIVIDENDOS;;VITT3.SA;;COM_EVENTOS;INALTERADO;1;cefb32e5771ce6352f2bcac5a0b945f284c34ef9d1a36a9467d46eb8f3d68a39;517;data/raw/yahoo_dividendos/dividendos_VITT3__20261006_cefb32e5.csv
20261006_100725;2026-10-06T13:18:49.452158+00:00;dividendos_VIVA3.csv;YAHOO_DIVIDENDOS;;VIVA3.SA;;COM_EVENTOS;INALTERADO;1;4aa9fd3e5d82ecd6afc59cc177b4193dcf714dd84adf3550310727ba51805195;372;data/raw/yahoo_dividendos/dividendos_VIVA3__20261006_4aa9fd3e.csv
20261006_100725;2026-10-06T13:18:51.044416+00:00;dividendos_VIVR3.csv;YAHOO_DIVIDENDOS;;VIVR3.SA;;SEM_EVENTOS;INALTERADO;1;642daec761ccb28fc097aa7f22cfeb4552f7859c3b919e315b4f51bc1ae66de3;49;data/raw/yahoo_dividendos/dividendos_VIVR3__20261006_642daec7.csv
20261006_100725;2026-10-06T13:18:51.770356+00:00;dividendos_VIVT3.csv;YAHOO_DIVIDENDOS;;VIVT3.SA;;COM_EVENTOS;INALTERADO;1;da08a934b9ee06ef7e171c1e5cdb47df277d88f97b8e8106cf4d06a2a4fefc71;4249;data/raw/yahoo_dividendos/dividendos_VIVT3__20261006_da08a934.csv
20261006_100725;2026-10-06T13:18:53.001369+00:00;dividendos_VLID3.csv;YAHOO_DIVIDENDOS;;VLID3.SA;;COM_EVENTOS;INALTERADO;1;7b54500abf6fadf7ab3ec75be710db795165934b697367a555f4762fe5fc3b3c;2029;data/raw/yahoo_dividendos/dividendos_VLID3__20261006_7b54500a.csv
20261006_100725;2026-10-06T13:18:53.871180+00:00;dividendos_VSTE3.csv;YAHOO_DIVIDENDOS;;VSTE3.SA;;COM_EVENTOS;INALTERADO;1;698447dcf90549396e1f1c9d11c4bfccd48b15276497abc5e55c7cf0a0ad80a8;551;data/raw/yahoo_dividendos/dividendos_VSTE3__20261006_698447dc.csv
20261006_100725;2026-10-06T13:18:54.083558+00:00;dividendos_VTRU3.csv;YAHOO_DIVIDENDOS;;VTRU3.SA;;COM_EVENTOS;INALTERADO;1;d814f4286837b9a7a665fd23f116a3201db1bf114c29c070291a0545a9088868;121;data/raw/yahoo_dividendos/dividendos_VTRU3__20261006_d814f428.csv
20261006_100725;2026-10-06T13:18:54.846482+00:00;dividendos_VULC3.csv;YAHOO_DIVIDENDOS;;VULC3.SA;;COM_EVENTOS;INALTERADO;1;74b254cd1f9dfbd4001d85f5c7fa82ee28f80590601f68ee5e490ea4e30bbf34;1290;data/raw/yahoo_dividendos/dividendos_VULC3__20261006_74b254cd.csv
20261006_100725;2026-10-06T13:18:57.045147+00:00;dividendos_VVEO3.csv;YAHOO_DIVIDENDOS;;VVEO3.SA;;COM_EVENTOS;INALTERADO;1;dc562936afb9fc0e23f6aea6b58cc346368233a2b8470c14b51501f4793c75e3;193;data/raw/yahoo_dividendos/dividendos_VVEO3__20261006_dc562936.csv
20261006_100725;2026-10-06T13:18:57.180416+00:00;dividendos_WDCN3.csv;YAHOO_DIVIDENDOS;;WDCN3.SA;;COM_EVENTOS;INALTERADO;1;486b09bf33a60ee6dea68d328ed6df6bbf67aa775122eba36e95914575dca8b8;157;data/raw/yahoo_dividendos/dividendos_WDCN3__20261006_486b09bf.csv
20261006_100725;2026-10-06T13:18:57.751168+00:00;dividendos_WEST3.csv;YAHOO_DIVIDENDOS;;WEST3.SA;;COM_EVENTOS;INALTERADO;1;cbe06750ba5932a5aca178d0842c194d4fa2eba913c15f26551c61020e25f8ee;85;data/raw/yahoo_dividendos/dividendos_WEST3__20261006_cbe06750.csv
20261006_100725;2026-10-06T13:18:57.827012+00:00;dividendos_WEGE3.csv;YAHOO_DIVIDENDOS;;WEGE3.SA;;COM_EVENTOS;INALTERADO;1;33d9f15922a57c155ca4f6b2ee2f1d778b63914656c8bc43e9f8fd2fd7f32759;3967;data/raw/yahoo_dividendos/dividendos_WEGE3__20261006_33d9f159.csv
20261006_100725;2026-10-06T13:18:58.557683+00:00;dividendos_WHRL3.csv;YAHOO_DIVIDENDOS;;WHRL3.SA;;COM_EVENTOS;INALTERADO;1;15d6d9d2cb0a970bbf1df82350bd6f0996a80d9a7c1a4aead6e4b15ff2017411;1200;data/raw/yahoo_dividendos/dividendos_WHRL3__20261006_15d6d9d2.csv
20261006_100725;2026-10-06T13:18:58.847717+00:00;dividendos_WHRL4.csv;YAHOO_DIVIDENDOS;;WHRL4.SA;;COM_EVENTOS;INALTERADO;1;f6e155eea2132b0c1a5380f44f20bf5c22fdf4d2cbbed564449a6515efc6144a;996;data/raw/yahoo_dividendos/dividendos_WHRL4__20261006_f6e155ee.csv
20261006_100725;2026-10-06T13:18:59.149690+00:00;dividendos_WLMM3.csv;YAHOO_DIVIDENDOS;;WLMM3.SA;;COM_EVENTOS;INALTERADO;1;de2ea8cdf8c1ac4d4032c9319d3db34613887c4e482ea9e80c1c06b6e58a7aaf;1003;data/raw/yahoo_dividendos/dividendos_WLMM3__20261006_de2ea8cd.csv
20261006_100725;2026-10-06T13:18:59.711873+00:00;dividendos_WLMM4.csv;YAHOO_DIVIDENDOS;;WLMM4.SA;;COM_EVENTOS;INALTERADO;1;4583d5e6335e66e47a323de09a1f5f2d2e6b88a31bbd4b7a7212d826e08280c4;1360;data/raw/yahoo_dividendos/dividendos_WLMM4__20261006_4583d5e6.csv
20261006_100725;2026-10-06T13:19:00.566489+00:00;dividendos_YDUQ3.csv;YAHOO_DIVIDENDOS;;YDUQ3.SA;;COM_EVENTOS;INALTERADO;1;2cdd73fefeecb973710ec897b7ddbe41156976a4b63bf26285656635ee0134cc;803;data/raw/yahoo_dividendos/dividendos_YDUQ3__20261006_2cdd73fe.csv
20261006_100725;2026-10-06T19:22:23.585005+00:00;dividendos_AALR3.csv;YAHOO_DIVIDENDOS;;AALR3.SA;;COM_EVENTOS;INALTERADO;1;9ad0dcbe12f7837b7fdaf1a7d233b671dccb404a94d27bc71c10cbcef2e17078;121;data/raw/yahoo_dividendos/dividendos_AALR3__20261006_9ad0dcbe.csv
20261006_100725;2026-10-06T19:22:24.743604+00:00;dividendos_ABEV3.csv;YAHOO_DIVIDENDOS;;ABEV3.SA;;COM_EVENTOS;INALTERADO;1;0d928b78a4aed2b65dba75662a1deec45a3b60b0fa9257babd8afbc4027563fd;1891;data/raw/yahoo_dividendos/dividendos_ABEV3__20261006_0d928b78.csv
20261006_100725;2026-10-06T19:22:28.415598+00:00;dividendos_AERI3.csv;YAHOO_DIVIDENDOS;;AERI3.SA;;COM_EVENTOS;INALTERADO;1;b0a80b13af9a65b7934b21db3cf704b1083baead854e776068fc5e7f37833c6d;84;data/raw/yahoo_dividendos/dividendos_AERI3__20261006_b0a80b13.csv
20261006_100725;2026-10-06T19:22:29.302838+00:00;dividendos_AFLT3.csv;YAHOO_DIVIDENDOS;;AFLT3.SA;;COM_EVENTOS;INALTERADO;1;1ebe220851d894e35befa4378dce6224e9debcf9d4a9674374c969496ffb7a18;1091;data/raw/yahoo_dividendos/dividendos_AFLT3__20261006_1ebe2208.csv
20261006_100725;2026-10-06T19:22:31.038721+00:00;dividendos_AGXY3.csv;YAHOO_DIVIDENDOS;;AGXY3.SA;;COM_EVENTOS;INALTERADO;1;b8e83c2fdbabb939bed5e3d807d8132347990ce36e38260415a77916a489d693;120;data/raw/yahoo_dividendos/dividendos_AGXY3__20261006_b8e83c2f.csv
20261006_100725;2026-10-06T19:22:31.160501+00:00;dividendos_AGRO3.csv;YAHOO_DIVIDENDOS;;AGRO3.SA;;COM_EVENTOS;INALTERADO;1;a1c412066306fe8b4ee9b1b6721b9fd225b213e0d4c61750ed781acc692eb415;586;data/raw/yahoo_dividendos/dividendos_AGRO3__20261006_a1c41206.csv
20261006_100725;2026-10-06T19:22:31.852243+00:00;dividendos_AHEB3.csv;YAHOO_DIVIDENDOS;;AHEB3.SA;;SEM_EVENTOS;INALTERADO;1;642daec761ccb28fc097aa7f22cfeb4552f7859c3b919e315b4f51bc1ae66de3;49;data/raw/yahoo_dividendos/dividendos_AHEB3__20261006_642daec7.csv
20261006_100725;2026-10-06T19:22:31.935669+00:00;dividendos_AHEB5.csv;YAHOO_DIVIDENDOS;;AHEB5.SA;;SEM_EVENTOS;INALTERADO;1;642daec761ccb28fc097aa7f22cfeb4552f7859c3b919e315b4f51bc1ae66de3;49;data/raw/yahoo_dividendos/dividendos_AHEB5__20261006_642daec7.csv
20261006_100725;2026-10-06T19:22:32.455123+00:00;dividendos_ALLD3.csv;YAHOO_DIVIDENDOS;;ALLD3.SA;;COM_EVENTOS;INALTERADO;2;2d01983a6d0f54f23be274d8c6fa50e2368807426ef7d004d514589d1109db6e;444;data/raw/yahoo_dividendos/dividendos_ALLD3__20261006_2d01983a.csv
20261006_100725;2026-10-06T19:22:32.675560+00:00;dividendos_AHEB6.csv;YAHOO_DIVIDENDOS;;AHEB6.SA;;SEM_EVENTOS;INALTERADO;1;642daec761ccb28fc097aa7f22cfeb4552f7859c3b919e315b4f51bc1ae66de3;49;data/raw/yahoo_dividendos/dividendos_AHEB6__20261006_642daec7.csv
20261006_100725;2026-10-06T19:22:33.646658+00:00;dividendos_ALOS3.csv;YAHOO_DIVIDENDOS;;ALOS3.SA;;COM_EVENTOS;INALTERADO;1;f4c0821b2584c1ebfb2f3a740b75d2bd2c89305462b74f118fd3199d8a9a7bb9;1386;data/raw/yahoo_dividendos/dividendos_ALOS3__20261006_f4c0821b.csv
20261006_100725;2026-10-06T19:22:34.748347+00:00;dividendos_ALPA4.csv;YAHOO_DIVIDENDOS;;ALPA4.SA;;COM_EVENTOS;INALTERADO;1;e9c4c18b3fb0e03aff91b0130f4d3a48cbb4c0caee05db9d262dd86f7fb7847d;1587;data/raw/yahoo_dividendos/dividendos_ALPA4__20261006_e9c4c18b.csv
20261006_100725;2026-10-06T19:22:34.788502+00:00;dividendos_ALPA3.csv;YAHOO_DIVIDENDOS;;ALPA3.SA;;COM_EVENTOS;INALTERADO;1;f4dbdd6a072fec629f2cc0740b640b8120b594f3d88e875503fa136d6e2daa7d;1840;data/raw/yahoo_dividendos/dividendos_ALPA3__20261006_f4dbdd6a.csv
20261006_100725;2026-10-06T19:22:35.379219+00:00;dividendos_ALPK3.csv;YAHOO_DIVIDENDOS;;ALPK3.SA;;COM_EVENTOS;INALTERADO;1;24d8645f0a6f06561837291f3874a9a54d03796a2bc484efed1d41eba3edc968;85;data/raw/yahoo_dividendos/dividendos_ALPK3__20261006_24d8645f.csv
20261006_100725;2026-10-06T19:22:36.942986+00:00;dividendos_ALUP11.csv;YAHOO_DIVIDENDOS;;ALUP11.SA;;COM_EVENTOS;INALTERADO;1;6f49824864f73e298cf22c837cfc8484b15c8e43060ce3696160d98351f76b2c;1076;data/raw/yahoo_dividendos/dividendos_ALUP11__20261006_6f498248.csv
20261006_100725;2026-10-06T19:22:37.629550+00:00;dividendos_ALUP3.csv;YAHOO_DIVIDENDOS;;ALUP3.SA;;COM_EVENTOS;INALTERADO;1;a39e9bfc11c933979fa4330c2fe2310c514c851b6202c16f5820325e1b10440b;873;data/raw/yahoo_dividendos/dividendos_ALUP3__20261006_a39e9bfc.csv
20261006_100725;2026-10-06T19:22:37.639226+00:00;dividendos_ALUP4.csv;YAHOO_DIVIDENDOS;;ALUP4.SA;;COM_EVENTOS;INALTERADO;1;0f620d96d67aa45654c104690d4cfd1ddc3c28ecf1911bac204f5be4c6a7ee0a;873;data/raw/yahoo_dividendos/dividendos_ALUP4__20261006_0f620d96.csv
20261006_100725;2026-10-06T19:22:38.347823+00:00;dividendos_AMAR3.csv;YAHOO_DIVIDENDOS;;AMAR3.SA;;COM_EVENTOS;INALTERADO;1;c1b1e05fd6f9658e36259e88401a7c7987aaa4ce2e5f07cad3b9aee595265d35;515;data/raw/yahoo_dividendos/dividendos_AMAR3__20261006_c1b1e05f.csv
20261006_100725;2026-10-06T19:22:38.389693+00:00;dividendos_AMBP3.csv;YAHOO_DIVIDENDOS;;AMBP3.SA;;COM_EVENTOS;INALTERADO;1;c911662effaf6e57b0fbbe2d7d92dd41196c9c56ecf74ec604053be6ec954a79;157;data/raw/yahoo_dividendos/dividendos_AMBP3__20261006_c911662e.csv
20261006_100725;2026-10-06T19:22:40.669594+00:00;dividendos_AMER3.csv;YAHOO_DIVIDENDOS;;AMER3.SA;;COM_EVENTOS;INALTERADO;1;58dcf37a1e5e7abd9d595c98ca65f9170cf7086de6ede84756215a4fd8949941;303;data/raw/yahoo_dividendos/dividendos_AMER3__20261006_58dcf37a.csv
20261006_100725;2026-10-06T19:22:41.475415+00:00;dividendos_AMOB3.csv;YAHOO_DIVIDENDOS;;AMOB3.SA;;SEM_EVENTOS;INALTERADO;1;642daec761ccb28fc097aa7f22cfeb4552f7859c3b919e315b4f51bc1ae66de3;49;data/raw/yahoo_dividendos/dividendos_AMOB3__20261006_642daec7.csv
20261006_100725;2026-10-06T19:22:43.196353+00:00;dividendos_ANIM3.csv;YAHOO_DIVIDENDOS;;ANIM3.SA;;COM_EVENTOS;INALTERADO;1;d039dfaf62a5524d4e63ced33856a1fdf08f2ca2c7b6d54d76175ca30c17d360;365;data/raw/yahoo_dividendos/dividendos_ANIM3__20261006_d039dfaf.csv
20261006_100725;2026-10-06T19:22:43.779511+00:00;dividendos_ARML3.csv;YAHOO_DIVIDENDOS;;ARML3.SA;;COM_EVENTOS;INALTERADO;1;26f949e3e7b91c5bf16be0c3dbf344e4d97ba8d7128dea8413dfc9c6976bedb5;624;data/raw/yahoo_dividendos/dividendos_ARML3__20261006_26f949e3.csv
20261006_100725;2026-10-06T19:22:45.609802+00:00;dividendos_ATED3.csv;YAHOO_DIVIDENDOS;;ATED3.SA;;SEM_EVENTOS;INALTERADO;1;642daec761ccb28fc097aa7f22cfeb4552f7859c3b919e315b4f51bc1ae66de3;49;data/raw/yahoo_dividendos/dividendos_ATED3__20261006_642daec7.csv
20261006_100725;2026-10-06T19:22:45.836046+00:00;dividendos_ASAI3.csv;YAHOO_DIVIDENDOS;;ASAI3.SA;;COM_EVENTOS;INALTERADO;1;03b3566f3be9f0e66f20482d828d485f547f30d0c143fd8eb56e3817d6219065;336;data/raw/yahoo_dividendos/dividendos_ASAI3__20261006_03b3566f.csv
20261006_100725;2026-10-06T19:22:47.860231+00:00;dividendos_AUAU3.csv;YAHOO_DIVIDENDOS;;AUAU3.SA;;COM_EVENTOS;INALTERADO;1;aa7da9449bbd766f63e5e6c1677286eac16b4f3c1dcf51c42dc0f4c120ec148a;85;data/raw/yahoo_dividendos/dividendos_AUAU3__20261006_aa7da944.csv
20261006_100725;2026-10-06T19:22:48.204537+00:00;dividendos_AURE3.csv;YAHOO_DIVIDENDOS;;AURE3.SA;;COM_EVENTOS;INALTERADO;1;ae4391fe9786a48aa5950f64a24f33bb7da3698ec32bec834e062ee38a7c7e65;209;data/raw/yahoo_dividendos/dividendos_AURE3__20261006_ae4391fe.csv
20261006_100725;2026-10-06T19:22:48.866169+00:00;dividendos_AVLL3.csv;YAHOO_DIVIDENDOS;;AVLL3.SA;;SEM_EVENTOS;INALTERADO;1;642daec761ccb28fc097aa7f22cfeb4552f7859c3b919e315b4f51bc1ae66de3;49;data/raw/yahoo_dividendos/dividendos_AVLL3__20261006_642daec7.csv
20261006_100725;2026-10-06T19:22:49.790511+00:00;dividendos_AXIA3.csv;YAHOO_DIVIDENDOS;;AXIA3.SA;;COM_EVENTOS;INALTERADO;1;8dd498af18003ba44f5d283a5eca1e38df011d00f84c15f6e15801b3ec0e550f;696;data/raw/yahoo_dividendos/dividendos_AXIA3__20261006_8dd498af.csv
20261006_100725;2026-10-06T19:22:51.893566+00:00;dividendos_AXIA7.csv;YAHOO_DIVIDENDOS;;AXIA7.SA;;SEM_EVENTOS;INALTERADO;1;642daec761ccb28fc097aa7f22cfeb4552f7859c3b919e315b4f51bc1ae66de3;49;data/raw/yahoo_dividendos/dividendos_AXIA7__20261006_642daec7.csv
20261006_100725;2026-10-06T19:22:52.212013+00:00;dividendos_AZEV3.csv;YAHOO_DIVIDENDOS;;AZEV3.SA;;COM_EVENTOS;INALTERADO;1;348a98296208660730b42904c2de1d13a792de7ece6182a5c828af83cb6ab6c1;157;data/raw/yahoo_dividendos/dividendos_AZEV3__20261006_348a9829.csv
20261006_100725;2026-10-06T19:22:52.636272+00:00;dividendos_AZEV4.csv;YAHOO_DIVIDENDOS;;AZEV4.SA;;COM_EVENTOS;INALTERADO;1;a23efe61aea02ea3e716e79fcc8be109d10c829d8876bdfb7892737a4490169b;157;data/raw/yahoo_dividendos/dividendos_AZEV4__20261006_a23efe61.csv
20261006_100725;2026-10-06T19:22:52.911737+00:00;dividendos_AZTE3.csv;YAHOO_DIVIDENDOS;;AZTE3.SA;;SEM_EVENTOS;INALTERADO;1;642daec761ccb28fc097aa7f22cfeb4552f7859c3b919e315b4f51bc1ae66de3;49;data/raw/yahoo_dividendos/dividendos_AZTE3__20261006_642daec7.csv
20261006_100725;2026-10-06T19:22:53.711809+00:00;dividendos_AZUL3.csv;YAHOO_DIVIDENDOS;;AZUL3.SA;;SEM_EVENTOS;INALTERADO;1;642daec761ccb28fc097aa7f22cfeb4552f7859c3b919e315b4f51bc1ae66de3;49;data/raw/yahoo_dividendos/dividendos_AZUL3__20261006_642daec7.csv
20261006_100725;2026-10-06T19:22:54.220912+00:00;dividendos_AZUL97.csv;YAHOO_DIVIDENDOS;;AZUL97.SA;;SEM_EVENTOS;INALTERADO;1;642daec761ccb28fc097aa7f22cfeb4552f7859c3b919e315b4f51bc1ae66de3;49;data/raw/yahoo_dividendos/dividendos_AZUL97__20261006_642daec7.csv
20261006_100725;2026-10-06T19:22:54.373230+00:00;dividendos_AZUL98.csv;YAHOO_DIVIDENDOS;;AZUL98.SA;;SEM_EVENTOS;INALTERADO;1;642daec761ccb28fc097aa7f22cfeb4552f7859c3b919e315b4f51bc1ae66de3;49;data/raw/yahoo_dividendos/dividendos_AZUL98__20261006_642daec7.csv
20261006_100725;2026-10-06T19:22:54.648903+00:00;dividendos_AZUL99.csv;YAHOO_DIVIDENDOS;;AZUL99.SA;;SEM_EVENTOS;INALTERADO;1;642daec761ccb28fc097aa7f22cfeb4552f7859c3b919e315b4f51bc1ae66de3;49;data/raw/yahoo_dividendos/dividendos_AZUL99__20261006_642daec7.csv
20261006_100725;2026-10-06T19:22:55.565612+00:00;dividendos_AZZA3.csv;YAHOO_DIVIDENDOS;;AZZA3.SA;;COM_EVENTOS;INALTERADO;1;3ba62d7cc821ffbbc6aba439f55c34f98f62728ed0033624ba78fa5f45bb5830;1831;data/raw/yahoo_dividendos/dividendos_AZZA3__20261006_3ba62d7c.csv
20261006_100725;2026-10-06T19:22:56.219368+00:00;dividendos_BALM3.csv;YAHOO_DIVIDENDOS;;BALM3.SA;;COM_EVENTOS;INALTERADO;1;a736e873ac31ddb76e716c4704c24d9e98ea188ccb0f5bd22211132a818757e6;817;data/raw/yahoo_dividendos/dividendos_BALM3__20261006_a736e873.csv
20261006_100725;2026-10-06T19:22:56.836213+00:00;dividendos_BALM4.csv;YAHOO_DIVIDENDOS;;BALM4.SA;;COM_EVENTOS;INALTERADO;1;db887bdd4283de267f79a2b95333eb17c01c3c04aa69ea42fbf43b2ee25a50a2;781;data/raw/yahoo_dividendos/dividendos_BALM4__20261006_db887bdd.csv
20261006_100725;2026-10-06T19:22:57.185951+00:00;dividendos_BAUH4.csv;YAHOO_DIVIDENDOS;;BAUH4.SA;;COM_EVENTOS;INALTERADO;1;ad5b71844acc8a97d32f3fd2e5b7badf22f237eea2ea181af408a36e8fc8d647;464;data/raw/yahoo_dividendos/dividendos_BAUH4__20261006_ad5b7184.csv
20261006_100725;2026-10-06T19:22:57.757653+00:00;dividendos_BDLL3.csv;YAHOO_DIVIDENDOS;;BDLL3.SA;;COM_EVENTOS;INALTERADO;1;eae3339ebdac774085c07a65492a9fb9ab8d9f8f73c9cc82fc033531ef8b31af;214;data/raw/yahoo_dividendos/dividendos_BDLL3__20261006_eae3339e.csv
20261006_100725;2026-10-06T19:22:58.485445+00:00;dividendos_BDLL4.csv;YAHOO_DIVIDENDOS;;BDLL4.SA;;COM_EVENTOS;INALTERADO;1;a6295c0d72936cf23ce23d9277a05818e200a3e7f12a65096e4c081e3baa2f3b;213;data/raw/yahoo_dividendos/dividendos_BDLL4__20261006_a6295c0d.csv
20261006_100725;2026-10-06T19:22:59.195742+00:00;dividendos_BEEF3.csv;YAHOO_DIVIDENDOS;;BEEF3.SA;;COM_EVENTOS;INALTERADO;1;4da4bc4bac28994f230013524c043535ef1377ee60f1ec45bcc77efd022363ac;515;data/raw/yahoo_dividendos/dividendos_BEEF3__20261006_4da4bc4b.csv
20261006_100725;2026-10-06T19:23:00.576441+00:00;dividendos_BHIA3.csv;YAHOO_DIVIDENDOS;;BHIA3.SA;;COM_EVENTOS;INALTERADO;1;d976ba6b42602d22e15f9ae13ce779eb5332d192f0d28cd0e062c755a7535395;336;data/raw/yahoo_dividendos/dividendos_BHIA3__20261006_d976ba6b.csv
20261006_100725;2026-10-06T19:23:01.270375+00:00;dividendos_BIED3.csv;YAHOO_DIVIDENDOS;;BIED3.SA;;COM_EVENTOS;INALTERADO;1;154ca1989b046c54155114bfba6a6ce537e90c1f287ee7390acbeffc76d1aa38;300;data/raw/yahoo_dividendos/dividendos_BIED3__20261006_154ca198.csv
20261006_100725;2026-10-06T19:23:01.371908+00:00;dividendos_BIOM3.csv;YAHOO_DIVIDENDOS;;BIOM3.SA;;SEM_EVENTOS;INALTERADO;1;642daec761ccb28fc097aa7f22cfeb4552f7859c3b919e315b4f51bc1ae66de3;49;data/raw/yahoo_dividendos/dividendos_BIOM3__20261006_642daec7.csv
20261006_100725;2026-10-06T19:23:02.983995+00:00;dividendos_BLAU3.csv;YAHOO_DIVIDENDOS;;BLAU3.SA;;COM_EVENTOS;INALTERADO;1;ba823622552757409713ef267619a906ba88a5536089f8d69da18ee6eefcbe4d;840;data/raw/yahoo_dividendos/dividendos_BLAU3__20261006_ba823622.csv
20261006_100725;2026-10-06T19:23:03.120810+00:00;dividendos_BMKS3.csv;YAHOO_DIVIDENDOS;;BMKS3.SA;;COM_EVENTOS;INALTERADO;1;8d63e27ae690079fa2deecd8e1f02e4b591b39a68a0ab6443877ce457949b86d;725;data/raw/yahoo_dividendos/dividendos_BMKS3__20261006_8d63e27a.csv
20261006_100725;2026-10-06T19:23:03.593209+00:00;dividendos_BMOB3.csv;YAHOO_DIVIDENDOS;;BMOB3.SA;;COM_EVENTOS;INALTERADO;1;78a82f44b165b36802828652a7556ff32d96621ac01e52e3122a09fbcf4e2c50;373;data/raw/yahoo_dividendos/dividendos_BMOB3__20261006_78a82f44.csv
20261006_100725;2026-10-06T19:23:04.904412+00:00;dividendos_BOBR4.csv;YAHOO_DIVIDENDOS;;BOBR4.SA;;SEM_EVENTOS;INALTERADO;1;642daec761ccb28fc097aa7f22cfeb4552f7859c3b919e315b4f51bc1ae66de3;49;data/raw/yahoo_dividendos/dividendos_BOBR4__20261006_642daec7.csv
20261006_100725;2026-10-06T19:23:05.674891+00:00;dividendos_BRAV3.csv;YAHOO_DIVIDENDOS;;BRAV3.SA;;COM_EVENTOS;INALTERADO;1;54bad17b7173aeb975d01b2cedff694f66469851fc5bc00e1c48b2ffab238e40;121;data/raw/yahoo_dividendos/dividendos_BRAV3__20261006_54bad17b.csv
20261006_100725;2026-10-06T19:23:08.020468+00:00;dividendos_BRKM3.csv;YAHOO_DIVIDENDOS;;BRKM3.SA;;COM_EVENTOS;INALTERADO;1;2a4ab5f02b9459ae86d7a9e6b984a08a9f98f70bfcd495cad259de1e69b0286b;479;data/raw/yahoo_dividendos/dividendos_BRKM3__20261006_2a4ab5f0.csv
20261006_100725;2026-10-06T19:23:08.757244+00:00;dividendos_BRKM5.csv;YAHOO_DIVIDENDOS;;BRKM5.SA;;COM_EVENTOS;INALTERADO;1;fb2987d72bbc257d7c4f46698d9eb5dcffed3612a5c5aafd065485ecce638d6d;620;data/raw/yahoo_dividendos/dividendos_BRKM5__20261006_fb2987d7.csv
20261006_100725;2026-10-06T19:23:08.953292+00:00;dividendos_BRKM6.csv;YAHOO_DIVIDENDOS;;BRKM6.SA;;COM_EVENTOS;INALTERADO;1;4dc993dc99308b62b759d8e02e6b646233ab3c24cff9b52615042c8050ec8aa3;371;data/raw/yahoo_dividendos/dividendos_BRKM6__20261006_4dc993dc.csv
20261006_100725;2026-10-06T19:23:10.551399+00:00;dividendos_BRST3.csv;YAHOO_DIVIDENDOS;;BRST3.SA;;COM_EVENTOS;INALTERADO;1;26071b8e4bc26d0105acf56a75c07fdf6b86b84f3ebf255fb8883f28f105f82b;85;data/raw/yahoo_dividendos/dividendos_BRST3__20261006_26071b8e.csv
20261006_162318;2026-10-06T19:23:46.428336+00:00;dfp_cia_aberta_2026.zip;CVM_DFP;2026;https://dados.cvm.gov.br/dados/CIA_ABERTA/DOC/DFP/DADOS/dfp_cia_aberta_2026.zip;200;OK;INALTERADO;2;7eab96451f58476d37b52653dabdd4fd423feb0870b97d44df5925feb42cdd93;243348;data/raw/cvm_dfp/dfp_cia_aberta_2026__20261004_7eab9645.zip
20261006_162318;2026-10-06T19:23:46.761368+00:00;cad_cia_aberta.csv;CVM_CAD;;https://dados.cvm.gov.br/dados/CIA_ABERTA/CAD/DADOS/cad_cia_aberta.csv;200;OK;INALTERADO;2;2c66942b9e6d75fb7c223e0b8f85a836bbd5241ae9b248c44e8849238f72e511;1493817;data/raw/cvm_cad/cad_cia_aberta__20261006_2c66942b.csv
20261006_162318;2026-10-06T19:23:48.775112+00:00;dfp_cia_aberta_2025.zip;CVM_DFP;2025;https://dados.cvm.gov.br/dados/CIA_ABERTA/DOC/DFP/DADOS/dfp_cia_aberta_2025.zip;200;OK;INALTERADO;2;d7aec54e7c67998e4cd3ef94c463ab247f09a6baaa2254878d1e431f28130e2a;12784140;data/raw/cvm_dfp/dfp_cia_aberta_2025__20261004_d7aec54e.zip
20261006_162318;2026-10-06T19:23:51.008505+00:00;itr_cia_aberta_2026.zip;CVM_ITR;2026;https://dados.cvm.gov.br/dados/CIA_ABERTA/DOC/ITR/DADOS/itr_cia_aberta_2026.zip;200;OK;INALTERADO;2;0e1ef74291d2143e7bb55247b01c8bbd94995d995536f70f0d19de1d79d7e38c;19634453;data/raw/cvm_itr/itr_cia_aberta_2026__20261004_0e1ef742.zip
20261006_162318;2026-10-06T19:23:51.547731+00:00;fca_cia_aberta_2025.zip;CVM_FCA;2025;https://dados.cvm.gov.br/dados/CIA_ABERTA/DOC/FCA/DADOS/fca_cia_aberta_2025.zip;200;OK;INALTERADO;2;b8728d571587ebee9dc603d3150ffcf1146a38962a621862116e96d40185a7ef;383620;data/raw/cvm_fca/fca_cia_aberta_2025__20261004_b8728d57.zip
20261006_162318;2026-10-06T19:23:52.078380+00:00;fca_cia_aberta_2026.zip;CVM_FCA;2026;https://dados.cvm.gov.br/dados/CIA_ABERTA/DOC/FCA/DADOS/fca_cia_aberta_2026.zip;200;OK;INALTERADO;2;21d4bb18fb6923cf2253c2a1d76496ef71366287fbde5ca725d76f303a2069b8;361734;data/raw/cvm_fca/fca_cia_aberta_2026__20261004_21d4bb18.zip
20261006_162318;2026-10-06T19:23:52.410974+00:00;fre_cia_aberta_2026.zip;CVM_FRE;2026;https://dados.cvm.gov.br/dados/CIA_ABERTA/DOC/FRE/DADOS/fre_cia_aberta_2026.zip;200;OK;INALTERADO;2;a04a1079f2807b3d53c25d0ff6978bba844f5f665ac6df62303c5d0aae46b624;8126598;data/raw/cvm_fre/fre_cia_aberta_2026__20261004_a04a1079.zip
20261006_162318;2026-10-06T19:23:57.298327+00:00;fre_cia_aberta_2025.zip;CVM_FRE;2025;https://dados.cvm.gov.br/dados/CIA_ABERTA/DOC/FRE/DADOS/fre_cia_aberta_2025.zip;200;OK;INALTERADO;2;23cacdb758cffcce79732d2092ce0823988e64749992b2b83907dc0880fc33de;8497399;data/raw/cvm_fre/fre_cia_aberta_2025__20261004_23cacdb7.zip
20261006_162318;2026-10-06T19:24:00.410611+00:00;itr_cia_aberta_2025.zip;CVM_ITR;2025;https://dados.cvm.gov.br/dados/CIA_ABERTA/DOC/ITR/DADOS/itr_cia_aberta_2025.zip;200;OK;INALTERADO;2;efe754841bed9eac2a3138c92a187060842c1746845e9471749be5c91819dc51;31660219;data/raw/cvm_itr/itr_cia_aberta_2025__20261004_efe75484.zip
20261006_162318;2026-10-06T19:24:34.711257+00:00;COTAHIST_A2025.zip;B3_COTAHIST;2025;https://bvmf.bmfbovespa.com.br/InstDados/SerHist/COTAHIST_A2025.ZIP;200;OK;INALTERADO;1;6cc0ad851c8f605ca30418acac48be81f1767f6ed05b4f563772d06ae448047d;89056788;data/raw/b3_cotahist/COTAHIST_A2025__20261004_6cc0ad85.zip
20261006_162318;2026-10-06T19:26:47.739647+00:00;COTAHIST_A2026.zip;B3_COTAHIST;2026;https://bvmf.bmfbovespa.com.br/InstDados/SerHist/COTAHIST_A2026.ZIP;200;OK;INALTERADO;2;6aa0558c7d2571a6ec28393402f9ccceb6a0fa859af196d29d9ee137ff99efdf;92505617;data/raw/b3_cotahist/COTAHIST_A2026__20261006_6aa0558c.zip
20261006_162318;2026-10-06T19:33:55.750157+00:00;dividendos_AALR3.csv;YAHOO_DIVIDENDOS;;AALR3.SA;;COM_EVENTOS;INALTERADO;1;9ad0dcbe12f7837b7fdaf1a7d233b671dccb404a94d27bc71c10cbcef2e17078;121;data/raw/yahoo_dividendos/dividendos_AALR3__20261006_9ad0dcbe.csv
20261006_162318;2026-10-06T19:33:55.947247+00:00;dividendos_ABEV3.csv;YAHOO_DIVIDENDOS;;ABEV3.SA;;COM_EVENTOS;INALTERADO;1;0d928b78a4aed2b65dba75662a1deec45a3b60b0fa9257babd8afbc4027563fd;1891;data/raw/yahoo_dividendos/dividendos_ABEV3__20261006_0d928b78.csv
20261006_162318;2026-10-06T19:34:00.403145+00:00;dividendos_AERI3.csv;YAHOO_DIVIDENDOS;;AERI3.SA;;COM_EVENTOS;INALTERADO;1;b0a80b13af9a65b7934b21db3cf704b1083baead854e776068fc5e7f37833c6d;84;data/raw/yahoo_dividendos/dividendos_AERI3__20261006_b0a80b13.csv
20261006_162318;2026-10-06T19:34:02.394888+00:00;dividendos_AFLT3.csv;YAHOO_DIVIDENDOS;;AFLT3.SA;;COM_EVENTOS;INALTERADO;1;1ebe220851d894e35befa4378dce6224e9debcf9d4a9674374c969496ffb7a18;1091;data/raw/yahoo_dividendos/dividendos_AFLT3__20261006_1ebe2208.csv
20261006_162318;2026-10-06T19:34:04.055346+00:00;dividendos_AGXY3.csv;YAHOO_DIVIDENDOS;;AGXY3.SA;;COM_EVENTOS;INALTERADO;1;b8e83c2fdbabb939bed5e3d807d8132347990ce36e38260415a77916a489d693;120;data/raw/yahoo_dividendos/dividendos_AGXY3__20261006_b8e83c2f.csv
20261006_162318;2026-10-06T19:34:04.170005+00:00;dividendos_AGRO3.csv;YAHOO_DIVIDENDOS;;AGRO3.SA;;COM_EVENTOS;INALTERADO;1;a1c412066306fe8b4ee9b1b6721b9fd225b213e0d4c61750ed781acc692eb415;586;data/raw/yahoo_dividendos/dividendos_AGRO3__20261006_a1c41206.csv
20261006_162318;2026-10-06T19:34:04.622158+00:00;dividendos_AHEB3.csv;YAHOO_DIVIDENDOS;;AHEB3.SA;;SEM_EVENTOS;INALTERADO;1;642daec761ccb28fc097aa7f22cfeb4552f7859c3b919e315b4f51bc1ae66de3;49;data/raw/yahoo_dividendos/dividendos_AHEB3__20261006_642daec7.csv
20261006_162318;2026-10-06T19:34:04.713854+00:00;dividendos_AHEB5.csv;YAHOO_DIVIDENDOS;;AHEB5.SA;;SEM_EVENTOS;INALTERADO;1;642daec761ccb28fc097aa7f22cfeb4552f7859c3b919e315b4f51bc1ae66de3;49;data/raw/yahoo_dividendos/dividendos_AHEB5__20261006_642daec7.csv
20261006_162318;2026-10-06T19:34:05.190432+00:00;dividendos_AHEB6.csv;YAHOO_DIVIDENDOS;;AHEB6.SA;;SEM_EVENTOS;INALTERADO;1;642daec761ccb28fc097aa7f22cfeb4552f7859c3b919e315b4f51bc1ae66de3;49;data/raw/yahoo_dividendos/dividendos_AHEB6__20261006_642daec7.csv
20261006_162318;2026-10-06T19:34:05.264779+00:00;dividendos_ALLD3.csv;YAHOO_DIVIDENDOS;;ALLD3.SA;;COM_EVENTOS;INALTERADO;2;2d01983a6d0f54f23be274d8c6fa50e2368807426ef7d004d514589d1109db6e;444;data/raw/yahoo_dividendos/dividendos_ALLD3__20261006_2d01983a.csv
20261006_162318;2026-10-06T19:34:06.077696+00:00;dividendos_ALOS3.csv;YAHOO_DIVIDENDOS;;ALOS3.SA;;COM_EVENTOS;INALTERADO;1;f4c0821b2584c1ebfb2f3a740b75d2bd2c89305462b74f118fd3199d8a9a7bb9;1386;data/raw/yahoo_dividendos/dividendos_ALOS3__20261006_f4c0821b.csv
20261006_162318;2026-10-06T19:34:07.046444+00:00;dividendos_ALPA3.csv;YAHOO_DIVIDENDOS;;ALPA3.SA;;COM_EVENTOS;INALTERADO;1;f4dbdd6a072fec629f2cc0740b640b8120b594f3d88e875503fa136d6e2daa7d;1840;data/raw/yahoo_dividendos/dividendos_ALPA3__20261006_f4dbdd6a.csv
20261006_162318;2026-10-06T19:34:07.379046+00:00;dividendos_ALPA4.csv;YAHOO_DIVIDENDOS;;ALPA4.SA;;COM_EVENTOS;INALTERADO;1;e9c4c18b3fb0e03aff91b0130f4d3a48cbb4c0caee05db9d262dd86f7fb7847d;1587;data/raw/yahoo_dividendos/dividendos_ALPA4__20261006_e9c4c18b.csv
20261006_162318;2026-10-06T19:34:07.627055+00:00;dividendos_ALPK3.csv;YAHOO_DIVIDENDOS;;ALPK3.SA;;COM_EVENTOS;INALTERADO;1;24d8645f0a6f06561837291f3874a9a54d03796a2bc484efed1d41eba3edc968;85;data/raw/yahoo_dividendos/dividendos_ALPK3__20261006_24d8645f.csv
20261006_162318;2026-10-06T19:34:09.814564+00:00;dividendos_ALUP11.csv;YAHOO_DIVIDENDOS;;ALUP11.SA;;COM_EVENTOS;INALTERADO;1;6f49824864f73e298cf22c837cfc8484b15c8e43060ce3696160d98351f76b2c;1076;data/raw/yahoo_dividendos/dividendos_ALUP11__20261006_6f498248.csv
20261006_162318;2026-10-06T19:34:10.458699+00:00;dividendos_ALUP3.csv;YAHOO_DIVIDENDOS;;ALUP3.SA;;COM_EVENTOS;INALTERADO;1;a39e9bfc11c933979fa4330c2fe2310c514c851b6202c16f5820325e1b10440b;873;data/raw/yahoo_dividendos/dividendos_ALUP3__20261006_a39e9bfc.csv
20261006_162318;2026-10-06T19:34:10.588629+00:00;dividendos_ALUP4.csv;YAHOO_DIVIDENDOS;;ALUP4.SA;;COM_EVENTOS;INALTERADO;1;0f620d96d67aa45654c104690d4cfd1ddc3c28ecf1911bac204f5be4c6a7ee0a;873;data/raw/yahoo_dividendos/dividendos_ALUP4__20261006_0f620d96.csv
20261006_162318;2026-10-06T19:34:11.262284+00:00;dividendos_AMBP3.csv;YAHOO_DIVIDENDOS;;AMBP3.SA;;COM_EVENTOS;INALTERADO;1;c911662effaf6e57b0fbbe2d7d92dd41196c9c56ecf74ec604053be6ec954a79;157;data/raw/yahoo_dividendos/dividendos_AMBP3__20261006_c911662e.csv
20261006_162318;2026-10-06T19:34:11.310878+00:00;dividendos_AMAR3.csv;YAHOO_DIVIDENDOS;;AMAR3.SA;;COM_EVENTOS;INALTERADO;1;c1b1e05fd6f9658e36259e88401a7c7987aaa4ce2e5f07cad3b9aee595265d35;515;data/raw/yahoo_dividendos/dividendos_AMAR3__20261006_c1b1e05f.csv
20261006_162318;2026-10-06T19:34:13.826731+00:00;dividendos_AMER3.csv;YAHOO_DIVIDENDOS;;AMER3.SA;;COM_EVENTOS;INALTERADO;1;58dcf37a1e5e7abd9d595c98ca65f9170cf7086de6ede84756215a4fd8949941;303;data/raw/yahoo_dividendos/dividendos_AMER3__20261006_58dcf37a.csv
20261006_162318;2026-10-06T19:34:14.777539+00:00;dividendos_AMOB3.csv;YAHOO_DIVIDENDOS;;AMOB3.SA;;SEM_EVENTOS;INALTERADO;1;642daec761ccb28fc097aa7f22cfeb4552f7859c3b919e315b4f51bc1ae66de3;49;data/raw/yahoo_dividendos/dividendos_AMOB3__20261006_642daec7.csv
20261006_162318;2026-10-06T19:34:15.889745+00:00;dividendos_ANIM3.csv;YAHOO_DIVIDENDOS;;ANIM3.SA;;COM_EVENTOS;INALTERADO;1;d039dfaf62a5524d4e63ced33856a1fdf08f2ca2c7b6d54d76175ca30c17d360;365;data/raw/yahoo_dividendos/dividendos_ANIM3__20261006_d039dfaf.csv
20261006_162318;2026-10-06T19:34:16.936117+00:00;dividendos_ARML3.csv;YAHOO_DIVIDENDOS;;ARML3.SA;;COM_EVENTOS;INALTERADO;1;26f949e3e7b91c5bf16be0c3dbf344e4d97ba8d7128dea8413dfc9c6976bedb5;624;data/raw/yahoo_dividendos/dividendos_ARML3__20261006_26f949e3.csv
20261006_162318;2026-10-06T19:34:18.906994+00:00;dividendos_ASAI3.csv;YAHOO_DIVIDENDOS;;ASAI3.SA;;COM_EVENTOS;INALTERADO;1;03b3566f3be9f0e66f20482d828d485f547f30d0c143fd8eb56e3817d6219065;336;data/raw/yahoo_dividendos/dividendos_ASAI3__20261006_03b3566f.csv
20261006_162318;2026-10-06T19:34:19.098200+00:00;dividendos_ATED3.csv;YAHOO_DIVIDENDOS;;ATED3.SA;;SEM_EVENTOS;INALTERADO;1;642daec761ccb28fc097aa7f22cfeb4552f7859c3b919e315b4f51bc1ae66de3;49;data/raw/yahoo_dividendos/dividendos_ATED3__20261006_642daec7.csv
20261006_162318;2026-10-06T19:34:21.053447+00:00;dividendos_AUAU3.csv;YAHOO_DIVIDENDOS;;AUAU3.SA;;COM_EVENTOS;INALTERADO;1;aa7da9449bbd766f63e5e6c1677286eac16b4f3c1dcf51c42dc0f4c120ec148a;85;data/raw/yahoo_dividendos/dividendos_AUAU3__20261006_aa7da944.csv
20261006_162318;2026-10-06T19:34:21.108144+00:00;dividendos_AURE3.csv;YAHOO_DIVIDENDOS;;AURE3.SA;;COM_EVENTOS;INALTERADO;1;ae4391fe9786a48aa5950f64a24f33bb7da3698ec32bec834e062ee38a7c7e65;209;data/raw/yahoo_dividendos/dividendos_AURE3__20261006_ae4391fe.csv
20261006_162318;2026-10-06T19:34:21.583804+00:00;dividendos_AVLL3.csv;YAHOO_DIVIDENDOS;;AVLL3.SA;;SEM_EVENTOS;INALTERADO;1;642daec761ccb28fc097aa7f22cfeb4552f7859c3b919e315b4f51bc1ae66de3;49;data/raw/yahoo_dividendos/dividendos_AVLL3__20261006_642daec7.csv
20261006_162318;2026-10-06T19:34:23.136146+00:00;dividendos_AXIA3.csv;YAHOO_DIVIDENDOS;;AXIA3.SA;;COM_EVENTOS;INALTERADO;1;8dd498af18003ba44f5d283a5eca1e38df011d00f84c15f6e15801b3ec0e550f;696;data/raw/yahoo_dividendos/dividendos_AXIA3__20261006_8dd498af.csv
20261006_162318;2026-10-06T19:34:24.417895+00:00;dividendos_AXIA7.csv;YAHOO_DIVIDENDOS;;AXIA7.SA;;SEM_EVENTOS;INALTERADO;1;642daec761ccb28fc097aa7f22cfeb4552f7859c3b919e315b4f51bc1ae66de3;49;data/raw/yahoo_dividendos/dividendos_AXIA7__20261006_642daec7.csv
20261006_162318;2026-10-06T19:34:25.055335+00:00;dividendos_AZEV4.csv;YAHOO_DIVIDENDOS;;AZEV4.SA;;COM_EVENTOS;INALTERADO;1;a23efe61aea02ea3e716e79fcc8be109d10c829d8876bdfb7892737a4490169b;157;data/raw/yahoo_dividendos/dividendos_AZEV4__20261006_a23efe61.csv
20261006_162318;2026-10-06T19:34:25.114307+00:00;dividendos_AZEV3.csv;YAHOO_DIVIDENDOS;;AZEV3.SA;;COM_EVENTOS;INALTERADO;1;348a98296208660730b42904c2de1d13a792de7ece6182a5c828af83cb6ab6c1;157;data/raw/yahoo_dividendos/dividendos_AZEV3__20261006_348a9829.csv
20261006_162318;2026-10-06T19:34:25.472407+00:00;dividendos_AZTE3.csv;YAHOO_DIVIDENDOS;;AZTE3.SA;;SEM_EVENTOS;INALTERADO;1;642daec761ccb28fc097aa7f22cfeb4552f7859c3b919e315b4f51bc1ae66de3;49;data/raw/yahoo_dividendos/dividendos_AZTE3__20261006_642daec7.csv
20261006_162318;2026-10-06T19:34:25.545537+00:00;dividendos_AZUL3.csv;YAHOO_DIVIDENDOS;;AZUL3.SA;;SEM_EVENTOS;INALTERADO;1;642daec761ccb28fc097aa7f22cfeb4552f7859c3b919e315b4f51bc1ae66de3;49;data/raw/yahoo_dividendos/dividendos_AZUL3__20261006_642daec7.csv
20261006_162318;2026-10-06T19:34:26.267258+00:00;dividendos_AZUL97.csv;YAHOO_DIVIDENDOS;;AZUL97.SA;;SEM_EVENTOS;INALTERADO;1;642daec761ccb28fc097aa7f22cfeb4552f7859c3b919e315b4f51bc1ae66de3;49;data/raw/yahoo_dividendos/dividendos_AZUL97__20261006_642daec7.csv
20261006_162318;2026-10-06T19:34:26.816747+00:00;dividendos_AZUL98.csv;YAHOO_DIVIDENDOS;;AZUL98.SA;;SEM_EVENTOS;INALTERADO;1;642daec761ccb28fc097aa7f22cfeb4552f7859c3b919e315b4f51bc1ae66de3;49;data/raw/yahoo_dividendos/dividendos_AZUL98__20261006_642daec7.csv
20261006_162318;2026-10-06T19:34:27.200948+00:00;dividendos_AZUL99.csv;YAHOO_DIVIDENDOS;;AZUL99.SA;;SEM_EVENTOS;INALTERADO;1;642daec761ccb28fc097aa7f22cfeb4552f7859c3b919e315b4f51bc1ae66de3;49;data/raw/yahoo_dividendos/dividendos_AZUL99__20261006_642daec7.csv
20261006_162318;2026-10-06T19:34:27.920126+00:00;dividendos_AZZA3.csv;YAHOO_DIVIDENDOS;;AZZA3.SA;;COM_EVENTOS;INALTERADO;1;3ba62d7cc821ffbbc6aba439f55c34f98f62728ed0033624ba78fa5f45bb5830;1831;data/raw/yahoo_dividendos/dividendos_AZZA3__20261006_3ba62d7c.csv
20261006_162318;2026-10-06T19:34:28.520564+00:00;dividendos_BALM3.csv;YAHOO_DIVIDENDOS;;BALM3.SA;;COM_EVENTOS;INALTERADO;1;a736e873ac31ddb76e716c4704c24d9e98ea188ccb0f5bd22211132a818757e6;817;data/raw/yahoo_dividendos/dividendos_BALM3__20261006_a736e873.csv
20261006_162318;2026-10-06T19:34:29.063001+00:00;dividendos_BAUH4.csv;YAHOO_DIVIDENDOS;;BAUH4.SA;;COM_EVENTOS;INALTERADO;1;ad5b71844acc8a97d32f3fd2e5b7badf22f237eea2ea181af408a36e8fc8d647;464;data/raw/yahoo_dividendos/dividendos_BAUH4__20261006_ad5b7184.csv
20261006_162318;2026-10-06T19:34:29.112920+00:00;dividendos_BALM4.csv;YAHOO_DIVIDENDOS;;BALM4.SA;;COM_EVENTOS;INALTERADO;1;db887bdd4283de267f79a2b95333eb17c01c3c04aa69ea42fbf43b2ee25a50a2;781;data/raw/yahoo_dividendos/dividendos_BALM4__20261006_db887bdd.csv
20261006_162318;2026-10-06T19:34:29.736666+00:00;dividendos_BDLL3.csv;YAHOO_DIVIDENDOS;;BDLL3.SA;;COM_EVENTOS;INALTERADO;1;eae3339ebdac774085c07a65492a9fb9ab8d9f8f73c9cc82fc033531ef8b31af;214;data/raw/yahoo_dividendos/dividendos_BDLL3__20261006_eae3339e.csv
20261006_162318;2026-10-06T19:34:30.458060+00:00;dividendos_BDLL4.csv;YAHOO_DIVIDENDOS;;BDLL4.SA;;COM_EVENTOS;INALTERADO;1;a6295c0d72936cf23ce23d9277a05818e200a3e7f12a65096e4c081e3baa2f3b;213;data/raw/yahoo_dividendos/dividendos_BDLL4__20261006_a6295c0d.csv
20261006_162318;2026-10-06T19:34:30.850173+00:00;dividendos_BEEF3.csv;YAHOO_DIVIDENDOS;;BEEF3.SA;;COM_EVENTOS;INALTERADO;1;4da4bc4bac28994f230013524c043535ef1377ee60f1ec45bcc77efd022363ac;515;data/raw/yahoo_dividendos/dividendos_BEEF3__20261006_4da4bc4b.csv
20261006_162318;2026-10-06T19:34:32.570861+00:00;dividendos_BHIA3.csv;YAHOO_DIVIDENDOS;;BHIA3.SA;;COM_EVENTOS;INALTERADO;1;d976ba6b42602d22e15f9ae13ce779eb5332d192f0d28cd0e062c755a7535395;336;data/raw/yahoo_dividendos/dividendos_BHIA3__20261006_d976ba6b.csv
20261006_162318;2026-10-06T19:34:33.100132+00:00;dividendos_BIED3.csv;YAHOO_DIVIDENDOS;;BIED3.SA;;COM_EVENTOS;INALTERADO;1;154ca1989b046c54155114bfba6a6ce537e90c1f287ee7390acbeffc76d1aa38;300;data/raw/yahoo_dividendos/dividendos_BIED3__20261006_154ca198.csv
20261006_162318;2026-10-06T19:34:33.387465+00:00;dividendos_BIOM3.csv;YAHOO_DIVIDENDOS;;BIOM3.SA;;SEM_EVENTOS;INALTERADO;1;642daec761ccb28fc097aa7f22cfeb4552f7859c3b919e315b4f51bc1ae66de3;49;data/raw/yahoo_dividendos/dividendos_BIOM3__20261006_642daec7.csv
20261006_162318;2026-10-06T19:34:35.253662+00:00;dividendos_BLAU3.csv;YAHOO_DIVIDENDOS;;BLAU3.SA;;COM_EVENTOS;INALTERADO;1;ba823622552757409713ef267619a906ba88a5536089f8d69da18ee6eefcbe4d;840;data/raw/yahoo_dividendos/dividendos_BLAU3__20261006_ba823622.csv
20261006_162318;2026-10-06T19:34:35.754105+00:00;dividendos_BMKS3.csv;YAHOO_DIVIDENDOS;;BMKS3.SA;;COM_EVENTOS;INALTERADO;1;8d63e27ae690079fa2deecd8e1f02e4b591b39a68a0ab6443877ce457949b86d;725;data/raw/yahoo_dividendos/dividendos_BMKS3__20261006_8d63e27a.csv
20261006_162318;2026-10-06T19:34:35.802740+00:00;dividendos_BMOB3.csv;YAHOO_DIVIDENDOS;;BMOB3.SA;;COM_EVENTOS;INALTERADO;1;78a82f44b165b36802828652a7556ff32d96621ac01e52e3122a09fbcf4e2c50;373;data/raw/yahoo_dividendos/dividendos_BMOB3__20261006_78a82f44.csv
20261006_162318;2026-10-06T19:34:38.001843+00:00;dividendos_BOBR4.csv;YAHOO_DIVIDENDOS;;BOBR4.SA;;SEM_EVENTOS;INALTERADO;1;642daec761ccb28fc097aa7f22cfeb4552f7859c3b919e315b4f51bc1ae66de3;49;data/raw/yahoo_dividendos/dividendos_BOBR4__20261006_642daec7.csv
20261006_162318;2026-10-06T19:34:38.546914+00:00;dividendos_BRAV3.csv;YAHOO_DIVIDENDOS;;BRAV3.SA;;COM_EVENTOS;INALTERADO;1;54bad17b7173aeb975d01b2cedff694f66469851fc5bc00e1c48b2ffab238e40;121;data/raw/yahoo_dividendos/dividendos_BRAV3__20261006_54bad17b.csv
20261006_162318;2026-10-06T19:34:40.227438+00:00;dividendos_BRKM3.csv;YAHOO_DIVIDENDOS;;BRKM3.SA;;COM_EVENTOS;INALTERADO;1;2a4ab5f02b9459ae86d7a9e6b984a08a9f98f70bfcd495cad259de1e69b0286b;479;data/raw/yahoo_dividendos/dividendos_BRKM3__20261006_2a4ab5f0.csv
20261006_162318;2026-10-06T19:34:40.826625+00:00;dividendos_BRKM5.csv;YAHOO_DIVIDENDOS;;BRKM5.SA;;COM_EVENTOS;INALTERADO;1;fb2987d72bbc257d7c4f46698d9eb5dcffed3612a5c5aafd065485ecce638d6d;620;data/raw/yahoo_dividendos/dividendos_BRKM5__20261006_fb2987d7.csv
20261006_162318;2026-10-06T19:34:41.481781+00:00;dividendos_BRKM6.csv;YAHOO_DIVIDENDOS;;BRKM6.SA;;COM_EVENTOS;INALTERADO;1;4dc993dc99308b62b759d8e02e6b646233ab3c24cff9b52615042c8050ec8aa3;371;data/raw/yahoo_dividendos/dividendos_BRKM6__20261006_4dc993dc.csv
20261006_162318;2026-10-06T19:34:42.749417+00:00;dividendos_BRST3.csv;YAHOO_DIVIDENDOS;;BRST3.SA;;COM_EVENTOS;INALTERADO;1;26071b8e4bc26d0105acf56a75c07fdf6b86b84f3ebf255fb8883f28f105f82b;85;data/raw/yahoo_dividendos/dividendos_BRST3__20261006_26071b8e.csv
20261006_162318;2026-10-06T19:34:47.287065+00:00;dividendos_CALI3.csv;YAHOO_DIVIDENDOS;;CALI3.SA;;COM_EVENTOS;INALTERADO;1;5425b019235571e891ab8ff70f42ed9561450b3b6a25165378f7ec9661b1d39d;406;data/raw/yahoo_dividendos/dividendos_CALI3__20261006_5425b019.csv
20261006_162318;2026-10-06T19:34:47.880951+00:00;dividendos_CAMB3.csv;YAHOO_DIVIDENDOS;;CAMB3.SA;;COM_EVENTOS;INALTERADO;1;be3ddc8ffc2a6c8df63c7ba6fd4358a40894462ba33ed998c029ef363fb460ec;826;data/raw/yahoo_dividendos/dividendos_CAMB3__20261006_be3ddc8f.csv
20261006_162318;2026-10-06T19:34:49.071399+00:00;dividendos_CAML3.csv;YAHOO_DIVIDENDOS;;CAML3.SA;;COM_EVENTOS;INALTERADO;1;d918f8651b9b7a40c37ce39d0f2ef31e27b2484a8e7e8787f4ec4ea13481a564;1375;data/raw/yahoo_dividendos/dividendos_CAML3__20261006_d918f865.csv
20261006_162318;2026-10-06T19:34:49.719660+00:00;dividendos_CASH3.csv;YAHOO_DIVIDENDOS;;CASH3.SA;;COM_EVENTOS;INALTERADO;1;72d0a4d1f74dca7c63e4cbec6f021c3293d794da66be573cadbceaf26feb12c2;85;data/raw/yahoo_dividendos/dividendos_CASH3__20261006_72d0a4d1.csv
20261006_162318;2026-10-06T19:34:50.129599+00:00;dividendos_CASN3.csv;YAHOO_DIVIDENDOS;;CASN3.SA;;SEM_EVENTOS;INALTERADO;1;642daec761ccb28fc097aa7f22cfeb4552f7859c3b919e315b4f51bc1ae66de3;49;data/raw/yahoo_dividendos/dividendos_CASN3__20261006_642daec7.csv
20261006_162318;2026-10-06T19:34:51.729537+00:00;dividendos_CBAV3.csv;YAHOO_DIVIDENDOS;;CBAV3.SA;;COM_EVENTOS;INALTERADO;1;57f2c0d6bfdbf74b891f8531743d0f8dced0b26a77de44441c3637c3f86dd93c;193;data/raw/yahoo_dividendos/dividendos_CBAV3__20261006_57f2c0d6.csv
20261006_162318;2026-10-06T19:34:52.527891+00:00;dividendos_CBEE3.csv;YAHOO_DIVIDENDOS;;CBEE3.SA;;COM_EVENTOS;INALTERADO;1;283be4b0515f87e405d9e69d9f6b6e54134d340cf47b98fd265c470b78a78801;516;data/raw/yahoo_dividendos/dividendos_CBEE3__20261006_283be4b0.csv
20261006_162318;2026-10-06T19:34:57.400845+00:00;dividendos_CCTY3.csv;YAHOO_DIVIDENDOS;;CCTY3.SA;;SEM_EVENTOS;INALTERADO;1;642daec761ccb28fc097aa7f22cfeb4552f7859c3b919e315b4f51bc1ae66de3;49;data/raw/yahoo_dividendos/dividendos_CCTY3__20261006_642daec7.csv
20261006_162318;2026-10-06T19:34:57.800103+00:00;dividendos_CEAB3.csv;YAHOO_DIVIDENDOS;;CEAB3.SA;;COM_EVENTOS;INALTERADO;1;292103de134056d3f2e34db3d37a7e8283b916cc11841dfbc52b7c9d572d1e90;191;data/raw/yahoo_dividendos/dividendos_CEAB3__20261006_292103de.csv
20261006_162318;2026-10-06T19:34:58.023108+00:00;dividendos_CEBR3.csv;YAHOO_DIVIDENDOS;;CEBR3.SA;;COM_EVENTOS;INALTERADO;1;862b5aa062c01ecd9c12ac1832b276d5dac6032a98a0d28e0ebf3ce6a43cba4c;652;data/raw/yahoo_dividendos/dividendos_CEBR3__20261006_862b5aa0.csv
20261006_162318;2026-10-06T19:34:58.552012+00:00;dividendos_CEBR5.csv;YAHOO_DIVIDENDOS;;CEBR5.SA;;COM_EVENTOS;INALTERADO;1;0051730f3276195fc2d260c9776800e96be262864d21864496d55523d78b3a63;653;data/raw/yahoo_dividendos/dividendos_CEBR5__20261006_0051730f.csv
20261006_162318;2026-10-06T19:34:58.985970+00:00;dividendos_CEBR6.csv;YAHOO_DIVIDENDOS;;CEBR6.SA;;COM_EVENTOS;INALTERADO;1;64e2b39d165cd3768c9fa6aae57ed6b0b2936a8de3a78d9ddb86f5f2b3307311;657;data/raw/yahoo_dividendos/dividendos_CEBR6__20261006_64e2b39d.csv
20261006_162318;2026-10-06T19:34:59.547764+00:00;dividendos_CEDO3.csv;YAHOO_DIVIDENDOS;;CEDO3.SA;;COM_EVENTOS;INALTERADO;1;27c611b76745117f20b312149019ad4012e135044dbbed344964afd7c5aa8447;458;data/raw/yahoo_dividendos/dividendos_CEDO3__20261006_27c611b7.csv
20261006_162318;2026-10-06T19:34:59.572672+00:00;dividendos_CEDO4.csv;YAHOO_DIVIDENDOS;;CEDO4.SA;;COM_EVENTOS;INALTERADO;1;6609f9da24e66d7d95d03725aec70557ff038f0e136bfbb8cec2a40aadb11130;211;data/raw/yahoo_dividendos/dividendos_CEDO4__20261006_6609f9da.csv
20261006_162318;2026-10-06T19:35:00.225802+00:00;dividendos_CEEB5.csv;YAHOO_DIVIDENDOS;;CEEB5.SA;;COM_EVENTOS;INALTERADO;1;4d05236b3c0308b314503079a19f5bb109f1705c02ed1ed5499f691fb6dd308f;2130;data/raw/yahoo_dividendos/dividendos_CEEB5__20261006_4d05236b.csv
20261006_162318;2026-10-06T19:35:00.234251+00:00;dividendos_CEEB3.csv;YAHOO_DIVIDENDOS;;CEEB3.SA;;COM_EVENTOS;INALTERADO;1;40f5ac68ca3213db96121803c70ee2ad1a5d579b3ae029e18f4afcd5c781c67e;2350;data/raw/yahoo_dividendos/dividendos_CEEB3__20261006_40f5ac68.csv
20261006_162318;2026-10-06T19:35:00.727395+00:00;dividendos_CEED4.csv;YAHOO_DIVIDENDOS;;CEED4.SA;;SEM_EVENTOS;INALTERADO;1;642daec761ccb28fc097aa7f22cfeb4552f7859c3b919e315b4f51bc1ae66de3;49;data/raw/yahoo_dividendos/dividendos_CEED4__20261006_642daec7.csv
20261006_162318;2026-10-06T19:35:01.012894+00:00;dividendos_CEED3.csv;YAHOO_DIVIDENDOS;;CEED3.SA;;SEM_EVENTOS;INALTERADO;1;642daec761ccb28fc097aa7f22cfeb4552f7859c3b919e315b4f51bc1ae66de3;49;data/raw/yahoo_dividendos/dividendos_CEED3__20261006_642daec7.csv
20261006_162318;2026-10-06T19:35:01.591103+00:00;dividendos_CEGR3.csv;YAHOO_DIVIDENDOS;;CEGR3.SA;;COM_EVENTOS;INALTERADO;1;3cd18895d4c12cbeea8b9d72f2f1d084eb38b064b397ec388ec7d1456dc453d2;1362;data/raw/yahoo_dividendos/dividendos_CEGR3__20261006_3cd18895.csv
20261006_162318;2026-10-06T19:35:07.938651+00:00;dividendos_CGAS3.csv;YAHOO_DIVIDENDOS;;CGAS3.SA;;COM_EVENTOS;INALTERADO;1;d3c7be53c50e671fcf449afa8ebf4b6e589092bce4049c3272d06a988f384a39;1734;data/raw/yahoo_dividendos/dividendos_CGAS3__20261006_d3c7be53.csv
20261006_162318;2026-10-06T19:35:09.020525+00:00;dividendos_CGRA3.csv;YAHOO_DIVIDENDOS;;CGRA3.SA;;COM_EVENTOS;INALTERADO;1;acaabea2d486b55dc14f388216d1423b6a7b53636535928f485d0c4bf086363a;1196;data/raw/yahoo_dividendos/dividendos_CGRA3__20261006_acaabea2.csv
20261006_162318;2026-10-06T19:35:09.118719+00:00;dividendos_CGAS5.csv;YAHOO_DIVIDENDOS;;CGAS5.SA;;COM_EVENTOS;INALTERADO;1;6ce443c777878ae70a6231f9fda366cf23d8cee4a361501d53391a350eb5416b;1702;data/raw/yahoo_dividendos/dividendos_CGAS5__20261006_6ce443c7.csv
20261006_162318;2026-10-06T19:35:10.154973+00:00;dividendos_CGRA4.csv;YAHOO_DIVIDENDOS;;CGRA4.SA;;COM_EVENTOS;INALTERADO;1;2be978721479e591acb9b6923ac1955483fa9897ccc20cbee35fe41e11f48f31;1164;data/raw/yahoo_dividendos/dividendos_CGRA4__20261006_2be97872.csv
20261006_162318;2026-10-06T19:35:12.609169+00:00;dividendos_CLSC3.csv;YAHOO_DIVIDENDOS;;CLSC3.SA;;COM_EVENTOS;INALTERADO;1;04f258c516d2dec55961e728a1799f2161b87165ecacb071f72c406d44ea3337;1554;data/raw/yahoo_dividendos/dividendos_CLSC3__20261006_04f258c5.csv
20261006_162318;2026-10-06T19:35:13.302044+00:00;dividendos_CLSC4.csv;YAHOO_DIVIDENDOS;;CLSC4.SA;;COM_EVENTOS;INALTERADO;1;c19364c490c9035b61b29f0af6a9f70eb8034dada0e2d50f0973018851128c55;1303;data/raw/yahoo_dividendos/dividendos_CLSC4__20261006_c19364c4.csv
20261006_162318;2026-10-06T19:35:16.577841+00:00;dividendos_CMIG3.csv;YAHOO_DIVIDENDOS;;CMIG3.SA;;COM_EVENTOS;INALTERADO;1;65a27b0adefd09bf5092abcbabe1386a2c4707f5deeb92700cd44ee9098d3ad9;2050;data/raw/yahoo_dividendos/dividendos_CMIG3__20261006_65a27b0a.csv
20261006_162318;2026-10-06T19:35:16.981416+00:00;dividendos_CMIG4.csv;YAHOO_DIVIDENDOS;;CMIG4.SA;;COM_EVENTOS;INALTERADO;1;8e8ba82eda34a21b4b8fae6e89fb9fb71e8f7321e389804e1a3d168fcb189fff;1946;data/raw/yahoo_dividendos/dividendos_CMIG4__20261006_8e8ba82e.csv
20261006_162318;2026-10-06T19:35:17.136363+00:00;dividendos_CMIN3.csv;YAHOO_DIVIDENDOS;;CMIN3.SA;;COM_EVENTOS;INALTERADO;1;af6fb8b50215a0cfd0b446b5d3e019754301dd27934c9938de0ee94c23600d99;659;data/raw/yahoo_dividendos/dividendos_CMIN3__20261006_af6fb8b5.csv
20261006_162318;2026-10-06T19:35:18.753696+00:00;dividendos_COCE3.csv;YAHOO_DIVIDENDOS;;COCE3.SA;;COM_EVENTOS;INALTERADO;1;7e615e4d84e9765c05b7b856e580317874fb3d94d9f4b8f75acd07608067186d;800;data/raw/yahoo_dividendos/dividendos_COCE3__20261006_7e615e4d.csv
20261006_162318;2026-10-06T19:35:19.482010+00:00;dividendos_COCE5.csv;YAHOO_DIVIDENDOS;;COCE5.SA;;COM_EVENTOS;INALTERADO;1;ea661685f9685876ca0977554e1172e2138bd0ebc500cb12067ba874162287f0;765;data/raw/yahoo_dividendos/dividendos_COCE5__20261006_ea661685.csv
20261006_162318;2026-10-06T19:35:20.197165+00:00;dividendos_COGN3.csv;YAHOO_DIVIDENDOS;;COGN3.SA;;COM_EVENTOS;INALTERADO;1;b33523ff0f5156edfb10963c7b73dd391c4a28343c750cb1200a897eefdd99d4;1129;data/raw/yahoo_dividendos/dividendos_COGN3__20261006_b33523ff.csv
20261006_162318;2026-10-06T19:35:22.074119+00:00;dividendos_CPFE3.csv;YAHOO_DIVIDENDOS;;CPFE3.SA;;COM_EVENTOS;INALTERADO;1;a7e1ee78d313d209a239b80f9734fad3e183cfecfdd4a161eba8ba9ed5afbe1b;983;data/raw/yahoo_dividendos/dividendos_CPFE3__20261006_a7e1ee78.csv
20261006_162318;2026-10-06T19:35:22.773775+00:00;dividendos_CPLE3.csv;YAHOO_DIVIDENDOS;;CPLE3.SA;;COM_EVENTOS;INALTERADO;1;fa5f062ec977ed6e163e10cedf0e6ab405b7d53da4e0a39f0c93b61eb9ac7a95;1335;data/raw/yahoo_dividendos/dividendos_CPLE3__20261006_fa5f062e.csv
20261006_162318;2026-10-06T19:35:27.328347+00:00;dividendos_CRPG3.csv;YAHOO_DIVIDENDOS;;CRPG3.SA;;COM_EVENTOS;INALTERADO;1;37968e99c0c5a747389dee380bd326d4250b77e4ecb0e9881e016e7faa7de5c4;889;data/raw/yahoo_dividendos/dividendos_CRPG3__20261006_37968e99.csv
20261006_162318;2026-10-06T19:35:27.991270+00:00;dividendos_CRPG5.csv;YAHOO_DIVIDENDOS;;CRPG5.SA;;COM_EVENTOS;INALTERADO;1;bfacd51b4541fd5664cf648aace602b01103364a14ea0942ada53a76e1c3d3e5;886;data/raw/yahoo_dividendos/dividendos_CRPG5__20261006_bfacd51b.csv
20261006_162318;2026-10-06T19:35:28.309971+00:00;dividendos_CRPG6.csv;YAHOO_DIVIDENDOS;;CRPG6.SA;;COM_EVENTOS;INALTERADO;1;83e828c71d46710a4b29c47ea59622540d3a77ea04791a91fa98d755dcbdfeef;855;data/raw/yahoo_dividendos/dividendos_CRPG6__20261006_83e828c7.csv
20261006_162318;2026-10-06T19:35:29.433114+00:00;dividendos_CSAN3.csv;YAHOO_DIVIDENDOS;;CSAN3.SA;;COM_EVENTOS;INALTERADO;1;5804723db0c801befbf9d4057ae9ab27ab562e533a1e8dd02832c2e71c0aa6be;839;data/raw/yahoo_dividendos/dividendos_CSAN3__20261006_5804723d.csv
20261006_162318;2026-10-06T19:35:29.865513+00:00;dividendos_CSED3.csv;YAHOO_DIVIDENDOS;;CSED3.SA;;COM_EVENTOS;INALTERADO;1;28a377f2806439df290bd97e3f3efca9b4c2d01ae94ec4cbd29a525f8edc6275;334;data/raw/yahoo_dividendos/dividendos_CSED3__20261006_28a377f2.csv
20261006_162318;2026-10-06T19:35:30.157881+00:00;dividendos_CSMG3.csv;YAHOO_DIVIDENDOS;;CSMG3.SA;;COM_EVENTOS;INALTERADO;1;048513d9545a2511e971c0b5195bf7b2719ac6caf3e6f1d163557e20d65757c0;2488;data/raw/yahoo_dividendos/dividendos_CSMG3__20261006_048513d9.csv
20261006_162318;2026-10-06T19:35:30.986094+00:00;dividendos_CSNA3.csv;YAHOO_DIVIDENDOS;;CSNA3.SA;;COM_EVENTOS;INALTERADO;1;3e1e48a70f69abdc5dbad88f6226d3ae3db1f3a30d96a5866d3d0d982923622a;1046;data/raw/yahoo_dividendos/dividendos_CSNA3__20261006_3e1e48a7.csv
20261006_162318;2026-10-06T19:35:33.066478+00:00;dividendos_CSUD3.csv;YAHOO_DIVIDENDOS;;CSUD3.SA;;COM_EVENTOS;INALTERADO;1;c2e386c2c4b2136bcbdf951bec89e7eadf7d8180a95bf33e26465f7b4e88bbd7;1769;data/raw/yahoo_dividendos/dividendos_CSUD3__20261006_c2e386c2.csv
20261006_162318;2026-10-06T19:35:34.076865+00:00;dividendos_CTAX3.csv;YAHOO_DIVIDENDOS;;CTAX3.SA;;COM_EVENTOS;INALTERADO;1;e9afed3ca38dc0c0c45936e03fb38fbc72035c45ae0334f58ad4493459cce9a0;413;data/raw/yahoo_dividendos/dividendos_CTAX3__20261006_e9afed3c.csv
20261006_162318;2026-10-06T19:35:35.268208+00:00;dividendos_CTKA3.csv;YAHOO_DIVIDENDOS;;CTKA3.SA;;COM_EVENTOS;INALTERADO;1;62e303f9f84bb8356a52f12913d3d3ad30143d3a88c5844194fd26f171205733;157;data/raw/yahoo_dividendos/dividendos_CTKA3__20261006_62e303f9.csv
20261006_162318;2026-10-06T19:35:35.853582+00:00;dividendos_CTKA4.csv;YAHOO_DIVIDENDOS;;CTKA4.SA;;COM_EVENTOS;INALTERADO;1;1a83371865fdb77e78d33aff33ebdc75db5b5bb0abce25bcb25c8e01efcb8841;119;data/raw/yahoo_dividendos/dividendos_CTKA4__20261006_1a833718.csv
20261006_162318;2026-10-06T19:35:36.613892+00:00;dividendos_CTNM4.csv;YAHOO_DIVIDENDOS;;CTNM4.SA;;COM_EVENTOS;INALTERADO;1;9364b050f49b383463d1c4a7126f5908be4c9e157bc7fc9ee212143530348b01;85;data/raw/yahoo_dividendos/dividendos_CTNM4__20261006_9364b050.csv
20261006_162318;2026-10-06T19:35:37.452546+00:00;dividendos_CTSA3.csv;YAHOO_DIVIDENDOS;;CTSA3.SA;;COM_EVENTOS;INALTERADO;1;a41472f20131aaa6baae68c430ad9d8f406e8ca4a5af2869edcc2c9e57bb419b;804;data/raw/yahoo_dividendos/dividendos_CTSA3__20261006_a41472f2.csv
20261006_162318;2026-10-06T19:35:38.187630+00:00;dividendos_CTSA4.csv;YAHOO_DIVIDENDOS;;CTSA4.SA;;COM_EVENTOS;INALTERADO;1;f8fd59b6bc6ab27c94516221d1e1e371b66461c8ff32a9040ec292f5eb9f500b;588;data/raw/yahoo_dividendos/dividendos_CTSA4__20261006_f8fd59b6.csv
20261006_162318;2026-10-06T19:35:38.288234+00:00;dividendos_CURY3.csv;YAHOO_DIVIDENDOS;;CURY3.SA;;COM_EVENTOS;INALTERADO;1;2ba8c2ef4f593098bd124af2c8b4e69be1ceeff1be422bc729acd3b51730e9a7;693;data/raw/yahoo_dividendos/dividendos_CURY3__20261006_2ba8c2ef.csv
20261006_162318;2026-10-06T19:35:39.238743+00:00;dividendos_CYRE3.csv;YAHOO_DIVIDENDOS;;CYRE3.SA;;COM_EVENTOS;INALTERADO;1;782a19624f206adc7777d0bacbb5e5a76541d22c6ce004ce824bdb5b33943268;803;data/raw/yahoo_dividendos/dividendos_CYRE3__20261006_782a1962.csv
20261006_162318;2026-10-06T19:35:39.276516+00:00;dividendos_CVCB3.csv;YAHOO_DIVIDENDOS;;CVCB3.SA;;COM_EVENTOS;INALTERADO;1;4e60b6596140864ad977348bb7cf1d7a0db2074e8bc9c66780a45bb718812485;516;data/raw/yahoo_dividendos/dividendos_CVCB3__20261006_4e60b659.csv
20261006_162318;2026-10-06T19:35:39.657730+00:00;dividendos_CYRE4.csv;YAHOO_DIVIDENDOS;;CYRE4.SA;;SEM_EVENTOS;INALTERADO;1;642daec761ccb28fc097aa7f22cfeb4552f7859c3b919e315b4f51bc1ae66de3;49;data/raw/yahoo_dividendos/dividendos_CYRE4__20261006_642daec7.csv
20261006_162318;2026-10-06T19:35:40.310030+00:00;dividendos_DESK3.csv;YAHOO_DIVIDENDOS;;DESK3.SA;;COM_EVENTOS;INALTERADO;1;007554c6ca778febfc1d414d24ab9845c07f3aa889ef0098311dad553fecb686;301;data/raw/yahoo_dividendos/dividendos_DESK3__20261006_007554c6.csv
20261006_162318;2026-10-06T19:35:40.654300+00:00;dividendos_DASA3.csv;YAHOO_DIVIDENDOS;;DASA3.SA;;COM_EVENTOS;INALTERADO;1;4f739ce5ff9ab4e7bac14d28bc22f5f47188b1f91d915ff3c837bc6f7ca292ce;625;data/raw/yahoo_dividendos/dividendos_DASA3__20261006_4f739ce5.csv
20261006_162318;2026-10-06T19:35:41.181827+00:00;dividendos_DEXP3.csv;YAHOO_DIVIDENDOS;;DEXP3.SA;;COM_EVENTOS;INALTERADO;1;104e15113aee4658d5b2507aa2767d96c151d0aa752b43c8da599a1c732d7bd1;408;data/raw/yahoo_dividendos/dividendos_DEXP3__20261006_104e1511.csv
20261006_162318;2026-10-06T19:35:41.182256+00:00;dividendos_DEXP4.csv;YAHOO_DIVIDENDOS;;DEXP4.SA;;COM_EVENTOS;INALTERADO;1;b110e10733a370161edd5519c86716a182507f8b2fb102a1526b391c5cff05ef;337;data/raw/yahoo_dividendos/dividendos_DEXP4__20261006_b110e107.csv
20261006_162318;2026-10-06T19:35:42.853994+00:00;dividendos_DMVF3.csv;YAHOO_DIVIDENDOS;;DMVF3.SA;;SEM_EVENTOS;INALTERADO;1;642daec761ccb28fc097aa7f22cfeb4552f7859c3b919e315b4f51bc1ae66de3;49;data/raw/yahoo_dividendos/dividendos_DMVF3__20261006_642daec7.csv
20261006_162318;2026-10-06T19:35:42.986823+00:00;dividendos_DIRR3.csv;YAHOO_DIVIDENDOS;;DIRR3.SA;;COM_EVENTOS;INALTERADO;1;38e13e83b5a577f40a7308d300c3dc2f4f24bb4e3971728a00dec397f5992f42;835;data/raw/yahoo_dividendos/dividendos_DIRR3__20261006_38e13e83.csv
20261006_162318;2026-10-06T19:35:44.682212+00:00;dividendos_DOHL4.csv;YAHOO_DIVIDENDOS;;DOHL4.SA;;COM_EVENTOS;INALTERADO;1;a41338522b606341eb5c86b00d3d9307d2da6a9ecb302abefd02acfa7ff53205;593;data/raw/yahoo_dividendos/dividendos_DOHL4__20261006_a4133852.csv
20261006_162318;2026-10-06T19:35:44.692286+00:00;dividendos_DOHL3.csv;YAHOO_DIVIDENDOS;;DOHL3.SA;;COM_EVENTOS;INALTERADO;1;42571061ee4151cc2eff43872c2788299bc7f13dfc6230de9cf152c9d7c0f996;684;data/raw/yahoo_dividendos/dividendos_DOHL3__20261006_42571061.csv
20261006_162318;2026-10-06T19:35:45.511992+00:00;dividendos_DOTZ3.csv;YAHOO_DIVIDENDOS;;DOTZ3.SA;;SEM_EVENTOS;INALTERADO;1;642daec761ccb28fc097aa7f22cfeb4552f7859c3b919e315b4f51bc1ae66de3;49;data/raw/yahoo_dividendos/dividendos_DOTZ3__20261006_642daec7.csv
20261006_162318;2026-10-06T19:35:46.280805+00:00;dividendos_DTCY3.csv;YAHOO_DIVIDENDOS;;DTCY3.SA;;SEM_EVENTOS;INALTERADO;1;642daec761ccb28fc097aa7f22cfeb4552f7859c3b919e315b4f51bc1ae66de3;49;data/raw/yahoo_dividendos/dividendos_DTCY3__20261006_642daec7.csv
20261006_162318;2026-10-06T19:35:48.144240+00:00;dividendos_DXCO3.csv;YAHOO_DIVIDENDOS;;DXCO3.SA;;COM_EVENTOS;INALTERADO;1;ac38d6b79ef42bdc1d90f8f33e81482407663842f9207f64443131c7f419fd6e;1124;data/raw/yahoo_dividendos/dividendos_DXCO3__20261006_ac38d6b7.csv
20261006_162318;2026-10-06T19:35:49.303217+00:00;dividendos_EALT3.csv;YAHOO_DIVIDENDOS;;EALT3.SA;;COM_EVENTOS;INALTERADO;1;2076c8cce7689da3ee1f63f64b9a21faaa13076e623cda6ab4df15c8047aff7c;729;data/raw/yahoo_dividendos/dividendos_EALT3__20261006_2076c8cc.csv
20261006_162318;2026-10-06T19:35:50.097714+00:00;dividendos_EALT4.csv;YAHOO_DIVIDENDOS;;EALT4.SA;;COM_EVENTOS;INALTERADO;1;0375ab9d6d66424fd701dc26e61465580706b1813f9d5de0d803bd67adb87843;767;data/raw/yahoo_dividendos/dividendos_EALT4__20261006_0375ab9d.csv
20261006_162318;2026-10-06T19:35:52.529039+00:00;dividendos_ECOM3.csv;YAHOO_DIVIDENDOS;;ECOM3.SA;;COM_EVENTOS;INALTERADO;1;456360f2d108c134f62f7be5f0e25bc5fb4600a66ca2bcff18beec0d4b36962f;85;data/raw/yahoo_dividendos/dividendos_ECOM3__20261006_456360f2.csv
20261006_162318;2026-10-06T19:35:53.404718+00:00;dividendos_ECOR3.csv;YAHOO_DIVIDENDOS;;ECOR3.SA;;COM_EVENTOS;INALTERADO;1;42e3214f5b9b552bad54c611cadebd1f8a68ff971e7090f1831c646a0f3d5256;801;data/raw/yahoo_dividendos/dividendos_ECOR3__20261006_42e3214f.csv
20261006_162318;2026-10-06T19:35:54.292068+00:00;dividendos_EGGY3.csv;YAHOO_DIVIDENDOS;;EGGY3.SA;;SEM_EVENTOS;INALTERADO;1;642daec761ccb28fc097aa7f22cfeb4552f7859c3b919e315b4f51bc1ae66de3;49;data/raw/yahoo_dividendos/dividendos_EGGY3__20261006_642daec7.csv
20261006_162318;2026-10-06T19:35:55.149786+00:00;dividendos_EGIE3.csv;YAHOO_DIVIDENDOS;;EGIE3.SA;;COM_EVENTOS;INALTERADO;1;20585436bb9492eb8ebf985785a48ae7565f5dc5a444ae6036a1dc2c6fe63201;2024;data/raw/yahoo_dividendos/dividendos_EGIE3__20261006_20585436.csv
20261006_162318;2026-10-06T19:35:55.401453+00:00;dividendos_EKTR3.csv;YAHOO_DIVIDENDOS;;EKTR3.SA;;COM_EVENTOS;INALTERADO;1;a1e526656b3b6e49d6f77b6402289f3360baec6314830d1e3a6f98484046191a;2165;data/raw/yahoo_dividendos/dividendos_EKTR3__20261006_a1e52665.csv
20261006_162318;2026-10-06T19:35:56.001594+00:00;dividendos_EKTR4.csv;YAHOO_DIVIDENDOS;;EKTR4.SA;;COM_EVENTOS;INALTERADO;1;afd1173470b4011d91b742da71e095906806b5e993b63bacfc604b9ea1468e69;2024;data/raw/yahoo_dividendos/dividendos_EKTR4__20261006_afd11734.csv
20261006_162318;2026-10-06T19:36:01.007308+00:00;dividendos_EMAE3.csv;YAHOO_DIVIDENDOS;;EMAE3.SA;;COM_EVENTOS;INALTERADO;1;3498f25b4fab892277a76112e272eff10495ea28fe2eff98f1326c28f47e04c8;583;data/raw/yahoo_dividendos/dividendos_EMAE3__20261006_3498f25b.csv
20261006_162318;2026-10-06T19:36:02.004947+00:00;dividendos_EMAE4.csv;YAHOO_DIVIDENDOS;;EMAE4.SA;;COM_EVENTOS;INALTERADO;1;1a4b4082c95cc974166b350ae68ac7f023d9e882152ca6267d2929a5085567cc;831;data/raw/yahoo_dividendos/dividendos_EMAE4__20261006_1a4b4082.csv
20261006_162318;2026-10-06T19:36:02.235005+00:00;dividendos_EMBJ3.csv;YAHOO_DIVIDENDOS;;EMBJ3.SA;;COM_EVENTOS;INALTERADO;1;6e591f3c626038f67f9f2e828bbb101cf551c8d1bcfdf0737fcc143ad5966592;1652;data/raw/yahoo_dividendos/dividendos_EMBJ3__20261006_6e591f3c.csv
20261006_162318;2026-10-06T19:36:05.357538+00:00;dividendos_ENEV3.csv;YAHOO_DIVIDENDOS;;ENEV3.SA;;COM_EVENTOS;INALTERADO;1;d447af79c1b1e030c9f74f5354d935346de1a772a49eaa516b2009225db583ee;85;data/raw/yahoo_dividendos/dividendos_ENEV3__20261006_d447af79.csv
20261006_162318;2026-10-06T19:36:05.494384+00:00;dividendos_ENGI11.csv;YAHOO_DIVIDENDOS;;ENGI11.SA;;COM_EVENTOS;INALTERADO;1;ae3dcc8b96af9c09ac25ba96f2f02359105cc33f30f3c61ce17fd275e86e3120;1395;data/raw/yahoo_dividendos/dividendos_ENGI11__20261006_ae3dcc8b.csv
20261006_162318;2026-10-06T19:36:05.988032+00:00;dividendos_ENGI3.csv;YAHOO_DIVIDENDOS;;ENGI3.SA;;COM_EVENTOS;INALTERADO;1;d559642bae426239dd31a30292ec5608a681eabb4eed8585a40e66c221eb483b;1478;data/raw/yahoo_dividendos/dividendos_ENGI3__20261006_d559642b.csv
20261006_162318;2026-10-06T19:36:06.272731+00:00;dividendos_ENGI4.csv;YAHOO_DIVIDENDOS;;ENGI4.SA;;COM_EVENTOS;INALTERADO;1;e4c5dc06c96c1f4b529381882cce49a9fbe94b12f7d216852403764f7fd0d18c;1395;data/raw/yahoo_dividendos/dividendos_ENGI4__20261006_e4c5dc06.csv
20261006_162318;2026-10-06T19:36:06.588103+00:00;dividendos_ENJU3.csv;YAHOO_DIVIDENDOS;;ENJU3.SA;;COM_EVENTOS;INALTERADO;1;1f7a768e07694b77ab600c02758fd886960482556596ac4ced64ce95087d2e87;85;data/raw/yahoo_dividendos/dividendos_ENJU3__20261006_1f7a768e.csv
20261006_162318;2026-10-06T19:36:06.889606+00:00;dividendos_ENMT3.csv;YAHOO_DIVIDENDOS;;ENMT3.SA;;COM_EVENTOS;INALTERADO;1;9dae9f4c4706e3ea63952d9df99e63e6551b32a79bc11b67c7d4f9dd9aaa4c36;1076;data/raw/yahoo_dividendos/dividendos_ENMT3__20261006_9dae9f4c.csv
20261006_162318;2026-10-06T19:36:07.168545+00:00;dividendos_ENMT4.csv;YAHOO_DIVIDENDOS;;ENMT4.SA;;COM_EVENTOS;INALTERADO;1;36a7ebcd820dc37bcaa9a624a23a0f7f05a5a629597425733503c3155956b44e;1186;data/raw/yahoo_dividendos/dividendos_ENMT4__20261006_36a7ebcd.csv
20261006_162318;2026-10-06T19:36:07.503689+00:00;dividendos_EPAR3.csv;YAHOO_DIVIDENDOS;;EPAR3.SA;;COM_EVENTOS;INALTERADO;1;ef94c10c46ec48333c4dec2834531555a333b1f04561e6fda66b45418ba70a69;369;data/raw/yahoo_dividendos/dividendos_EPAR3__20261006_ef94c10c.csv
20261006_162318;2026-10-06T19:36:07.878003+00:00;dividendos_EQPA3.csv;YAHOO_DIVIDENDOS;;EQPA3.SA;;COM_EVENTOS;INALTERADO;1;eabd2932e21393f50e3f70190097044e13f5ec0342f9c7dafcccadaf3b2dc38b;821;data/raw/yahoo_dividendos/dividendos_EQPA3__20261006_eabd2932.csv
20261006_162318;2026-10-06T19:36:08.275589+00:00;dividendos_EQPA5.csv;YAHOO_DIVIDENDOS;;EQPA5.SA;;COM_EVENTOS;INALTERADO;1;cac184fd486fd4ea5c496053acc47f78fab6ae1520ef2c2ab846899703679052;785;data/raw/yahoo_dividendos/dividendos_EQPA5__20261006_cac184fd.csv
20261006_162318;2026-10-06T19:36:08.492182+00:00;dividendos_EQPA6.csv;YAHOO_DIVIDENDOS;;EQPA6.SA;;COM_EVENTOS;INALTERADO;1;aa9ff4fc713d03b69e1907524bc687d174bf279045da599ac2b43da1854c2558;785;data/raw/yahoo_dividendos/dividendos_EQPA6__20261006_aa9ff4fc.csv
20261006_162318;2026-10-06T19:36:08.793812+00:00;dividendos_EQPA7.csv;YAHOO_DIVIDENDOS;;EQPA7.SA;;COM_EVENTOS;INALTERADO;1;4f5a2aabe41eda4825fcdd03ac67c925be2820f189f1a4050128d480d5742424;785;data/raw/yahoo_dividendos/dividendos_EQPA7__20261006_4f5a2aab.csv
20261006_162318;2026-10-06T19:36:09.378535+00:00;dividendos_EQTL3.csv;YAHOO_DIVIDENDOS;;EQTL3.SA;;COM_EVENTOS;INALTERADO;1;31b9ae76ae07fa7886f893608becfc4233980c2a721e959b094dfe0321d968aa;1051;data/raw/yahoo_dividendos/dividendos_EQTL3__20261006_31b9ae76.csv
20261006_162318;2026-10-06T19:36:09.379828+00:00;dividendos_ESPA3.csv;YAHOO_DIVIDENDOS;;ESPA3.SA;;COM_EVENTOS;INALTERADO;1;b66d5d6e211d48908b0283746db6fc9eb7422d81b120893627c66c6c484d066c;229;data/raw/yahoo_dividendos/dividendos_ESPA3__20261006_b66d5d6e.csv
20261006_162318;2026-10-06T19:36:09.955863+00:00;dividendos_ESTR3.csv;YAHOO_DIVIDENDOS;;ESTR3.SA;;SEM_EVENTOS;INALTERADO;1;642daec761ccb28fc097aa7f22cfeb4552f7859c3b919e315b4f51bc1ae66de3;49;data/raw/yahoo_dividendos/dividendos_ESTR3__20261006_642daec7.csv
20261006_162318;2026-10-06T19:36:10.909366+00:00;dividendos_ESTR4.csv;YAHOO_DIVIDENDOS;;ESTR4.SA;;SEM_EVENTOS;INALTERADO;1;642daec761ccb28fc097aa7f22cfeb4552f7859c3b919e315b4f51bc1ae66de3;49;data/raw/yahoo_dividendos/dividendos_ESTR4__20261006_642daec7.csv
20261006_162318;2026-10-06T19:36:11.472752+00:00;dividendos_EUCA3.csv;YAHOO_DIVIDENDOS;;EUCA3.SA;;COM_EVENTOS;INALTERADO;1;dbadb5fde02f379c3794692617b2a9fa19cc3cd8fe5535c88a4277ca44cbd7fd;656;data/raw/yahoo_dividendos/dividendos_EUCA3__20261006_dbadb5fd.csv
20261006_162318;2026-10-06T19:36:11.596818+00:00;dividendos_ETER3.csv;YAHOO_DIVIDENDOS;;ETER3.SA;;COM_EVENTOS;INALTERADO;1;fef65d54898727922c59282a568fddf32b60c356b178b3c17079f96db57b9737;1847;data/raw/yahoo_dividendos/dividendos_ETER3__20261006_fef65d54.csv
20261006_162318;2026-10-06T19:36:12.118579+00:00;dividendos_EUCA4.csv;YAHOO_DIVIDENDOS;;EUCA4.SA;;COM_EVENTOS;INALTERADO;1;453d1c0e86917ddbfc8f84e53cff73f28c5ad4cd29e08bd487f7cd7b5b4fa8ef;659;data/raw/yahoo_dividendos/dividendos_EUCA4__20261006_453d1c0e.csv
20261006_162318;2026-10-06T19:36:12.216726+00:00;dividendos_EVEN3.csv;YAHOO_DIVIDENDOS;;EVEN3.SA;;COM_EVENTOS;INALTERADO;1;2b82427cbd509631afab5a73ea2e68bc1b14568d7214a10aaeb7be2dbf88478a;761;data/raw/yahoo_dividendos/dividendos_EVEN3__20261006_2b82427c.csv
20261006_162318;2026-10-06T19:36:13.568628+00:00;dividendos_EZTC3.csv;YAHOO_DIVIDENDOS;;EZTC3.SA;;COM_EVENTOS;INALTERADO;1;79ad72d4cefd0e803ac0410b258cabf7062dd37b83ef59f3c234463cafe50de1;1235;data/raw/yahoo_dividendos/dividendos_EZTC3__20261006_79ad72d4.csv
20261006_162318;2026-10-06T19:36:14.477556+00:00;dividendos_FESA3.csv;YAHOO_DIVIDENDOS;;FESA3.SA;;COM_EVENTOS;INALTERADO;1;f23e2b668d8f01ea95cb265b4440327864dc39b5df6ab6690b0d590b7c35d91d;2022;data/raw/yahoo_dividendos/dividendos_FESA3__20261006_f23e2b66.csv
20261006_162318;2026-10-06T19:36:15.299878+00:00;dividendos_FESA4.csv;YAHOO_DIVIDENDOS;;FESA4.SA;;COM_EVENTOS;INALTERADO;1;3eeaf04eb0a7da8918761cb5ceb8a4a7409bf44025d8d7c3b4aac7b0d7ccfece;1953;data/raw/yahoo_dividendos/dividendos_FESA4__20261006_3eeaf04e.csv
20261006_162318;2026-10-06T19:36:16.540095+00:00;dividendos_FHER3.csv;YAHOO_DIVIDENDOS;;FHER3.SA;;COM_EVENTOS;INALTERADO;1;f4a2d80a2f960f4f7f7b5927ad6310af36f8bd98eb007e40a7b85c8e5b76f1cb;113;data/raw/yahoo_dividendos/dividendos_FHER3__20261006_f4a2d80a.csv
20261006_162318;2026-10-06T19:36:17.194160+00:00;dividendos_FICT3.csv;YAHOO_DIVIDENDOS;;FICT3.SA;;SEM_EVENTOS;INALTERADO;1;642daec761ccb28fc097aa7f22cfeb4552f7859c3b919e315b4f51bc1ae66de3;49;data/raw/yahoo_dividendos/dividendos_FICT3__20261006_642daec7.csv
20261006_162318;2026-10-06T19:36:17.901923+00:00;dividendos_FIEI3.csv;YAHOO_DIVIDENDOS;;FIEI3.SA;;COM_EVENTOS;INALTERADO;1;3fcd288bb13e3908f1f57c4120c07e131b69bf72cde1cf30f88f2059804d99c4;246;data/raw/yahoo_dividendos/dividendos_FIEI3__20261006_3fcd288b.csv
20261006_162318;2026-10-06T19:36:18.514150+00:00;dividendos_FIGE3.csv;YAHOO_DIVIDENDOS;;FIGE3.SA;;COM_EVENTOS;INALTERADO;1;4d28e3073fe5295dd1084e530297c4b74305033d68dc53296c0c73d6dafce359;754;data/raw/yahoo_dividendos/dividendos_FIGE3__20261006_4d28e307.csv
20261006_162318;2026-10-06T19:36:19.676549+00:00;dividendos_FIQE3.csv;YAHOO_DIVIDENDOS;;FIQE3.SA;;COM_EVENTOS;INALTERADO;1;2f0eca758e0f6e861ceb2d8fa64cc9c22be30e4dc4f20af8f442fd7d105554aa;479;data/raw/yahoo_dividendos/dividendos_FIQE3__20261006_2f0eca75.csv
20261006_162318;2026-10-06T19:36:21.528990+00:00;dividendos_FLRY3.csv;YAHOO_DIVIDENDOS;;FLRY3.SA;;COM_EVENTOS;INALTERADO;1;82fb83d6925a8033c760ce88f8170ac128acfaf5d54cd4a26a687843a5666135;1522;data/raw/yahoo_dividendos/dividendos_FLRY3__20261006_82fb83d6.csv
20261006_162318;2026-10-06T19:36:21.904066+00:00;dividendos_FRAS3.csv;YAHOO_DIVIDENDOS;;FRAS3.SA;;COM_EVENTOS;INALTERADO;1;5d34a2fa310819b5579acd4c504003d74f4834b0dc6191e4945b25c1c7326bef;1809;data/raw/yahoo_dividendos/dividendos_FRAS3__20261006_5d34a2fa.csv
20261006_162318;2026-10-06T19:36:22.715038+00:00;dividendos_FRIO3.csv;YAHOO_DIVIDENDOS;;FRIO3.SA;;COM_EVENTOS;INALTERADO;1;794e12bdc370a7fd6fbd7530a5456fbea0dc707149dd76cf0d41efba6f76e21d;194;data/raw/yahoo_dividendos/dividendos_FRIO3__20261006_794e12bd.csv
20261006_162318;2026-10-06T19:36:25.319653+00:00;dividendos_GEPA3.csv;YAHOO_DIVIDENDOS;;GEPA3.SA;;COM_EVENTOS;INALTERADO;1;4216a72216b5bae29ad85081d2c1e932f257bdd159b61a0abba6ed123febe043;1529;data/raw/yahoo_dividendos/dividendos_GEPA3__20261006_4216a722.csv
20261006_162318;2026-10-06T19:36:25.694769+00:00;dividendos_GEPA4.csv;YAHOO_DIVIDENDOS;;GEPA4.SA;;COM_EVENTOS;INALTERADO;1;489337ef6a72931e49f9e89b34d3b21d108599a465fa152407bf8d0eaa1e2f9d;1564;data/raw/yahoo_dividendos/dividendos_GEPA4__20261006_489337ef.csv
20261006_162318;2026-10-06T19:36:27.057108+00:00;dividendos_GFSA3.csv;YAHOO_DIVIDENDOS;;GFSA3.SA;;COM_EVENTOS;INALTERADO;1;7681852d98d4c8763b2e26e5e67856b558fb9e3e14ff979b0b5b1b5ab60be8b2;305;data/raw/yahoo_dividendos/dividendos_GFSA3__20261006_7681852d.csv
20261006_162318;2026-10-06T19:36:27.861929+00:00;dividendos_GGBR3.csv;YAHOO_DIVIDENDOS;;GGBR3.SA;;COM_EVENTOS;INALTERADO;1;d4768f394746b5d5f0cb35f69b2cc2900a7a19a8ac69ca38c7ae8372ab109e67;2372;data/raw/yahoo_dividendos/dividendos_GGBR3__20261006_d4768f39.csv
20261006_162318;2026-10-06T19:36:28.552903+00:00;dividendos_GGPS3.csv;YAHOO_DIVIDENDOS;;GGPS3.SA;;COM_EVENTOS;INALTERADO;1;a9f1c3f847b89e0d7a375413add6f661824182ddf8660d66a3f9c32088a0694c;228;data/raw/yahoo_dividendos/dividendos_GGPS3__20261006_a9f1c3f8.csv
20261006_162318;2026-10-06T19:36:28.556354+00:00;dividendos_GGBR4.csv;YAHOO_DIVIDENDOS;;GGBR4.SA;;COM_EVENTOS;INALTERADO;1;b4959e22eeb431c7fded6bb64526b90392d721e133ddb100143007f2583f3d84;3380;data/raw/yahoo_dividendos/dividendos_GGBR4__20261006_b4959e22.csv
20261006_162318;2026-10-06T19:36:29.702309+00:00;dividendos_GMAT3.csv;YAHOO_DIVIDENDOS;;GMAT3.SA;;COM_EVENTOS;INALTERADO;1;3d76760bbf11466687cd11d36d307a48429672cba20ab8896ab318fc664dab54;337;data/raw/yahoo_dividendos/dividendos_GMAT3__20261006_3d76760b.csv
20261006_162318;2026-10-06T19:36:30.999484+00:00;dividendos_GOAU3.csv;YAHOO_DIVIDENDOS;;GOAU3.SA;;COM_EVENTOS;INALTERADO;1;40fb07eda8e975a86019551f022780157cea8d3a1c6f875271b4a99f66eca5c9;2284;data/raw/yahoo_dividendos/dividendos_GOAU3__20261006_40fb07ed.csv
20261006_162318;2026-10-06T19:36:31.632950+00:00;dividendos_GOAU4.csv;YAHOO_DIVIDENDOS;;GOAU4.SA;;COM_EVENTOS;INALTERADO;1;5aada177b2acb57338988e6275a191c6b1ab3436d7ff536a725363aebfba6d1f;3291;data/raw/yahoo_dividendos/dividendos_GOAU4__20261006_5aada177.csv
20261006_162318;2026-10-06T19:36:32.448721+00:00;dividendos_GPAR3.csv;YAHOO_DIVIDENDOS;;GPAR3.SA;;COM_EVENTOS;INALTERADO;1;07499817aa547fb65ab4943ebc370b1b992b73c2a91b7e6bbb4bf313af079a4b;230;data/raw/yahoo_dividendos/dividendos_GPAR3__20261006_07499817.csv
20261006_162318;2026-10-06T19:36:33.940496+00:00;dividendos_GRND3.csv;YAHOO_DIVIDENDOS;;GRND3.SA;;COM_EVENTOS;INALTERADO;1;8dc637b5add019deabf592c2fc9524d672f60522a27d6d4c60f253e97ed847f7;2643;data/raw/yahoo_dividendos/dividendos_GRND3__20261006_8dc637b5.csv
20261006_162318;2026-10-06T19:36:34.937416+00:00;dividendos_GSHP3.csv;YAHOO_DIVIDENDOS;;GSHP3.SA;;COM_EVENTOS;INALTERADO;1;ea3ca38734e1d6a9b8bc8c44a76de94edc1c32103f121b544e6789fee0e4f598;86;data/raw/yahoo_dividendos/dividendos_GSHP3__20261006_ea3ca387.csv
20261006_162318;2026-10-06T19:36:35.584864+00:00;dividendos_HAGA3.csv;YAHOO_DIVIDENDOS;;HAGA3.SA;;SEM_EVENTOS;INALTERADO;1;642daec761ccb28fc097aa7f22cfeb4552f7859c3b919e315b4f51bc1ae66de3;49;data/raw/yahoo_dividendos/dividendos_HAGA3__20261006_642daec7.csv
20261006_162318;2026-10-06T19:36:36.457881+00:00;dividendos_HAGA4.csv;YAHOO_DIVIDENDOS;;HAGA4.SA;;SEM_EVENTOS;INALTERADO;1;642daec761ccb28fc097aa7f22cfeb4552f7859c3b919e315b4f51bc1ae66de3;49;data/raw/yahoo_dividendos/dividendos_HAGA4__20261006_642daec7.csv
20261006_162318;2026-10-06T19:36:36.942969+00:00;dividendos_HAPV3.csv;YAHOO_DIVIDENDOS;;HAPV3.SA;;COM_EVENTOS;INALTERADO;1;46dca6d98a9d5bf7c38a2ad54ba755448b966e8610265123d0291baf1311cec2;442;data/raw/yahoo_dividendos/dividendos_HAPV3__20261006_46dca6d9.csv
20261006_162318;2026-10-06T19:36:37.104300+00:00;dividendos_HBOR3.csv;YAHOO_DIVIDENDOS;;HBOR3.SA;;COM_EVENTOS;INALTERADO;1;fbd9b67a37fb762f64196984566f80273c8925c4c05c888c2c7bac8d33b6e001;585;data/raw/yahoo_dividendos/dividendos_HBOR3__20261006_fbd9b67a.csv
20261006_162318;2026-10-06T19:36:37.413048+00:00;dividendos_HBRE3.csv;YAHOO_DIVIDENDOS;;HBRE3.SA;;COM_EVENTOS;INALTERADO;1;eccaa8c762a232934f47fad7ac644e7ea0ee24de4bcc0e7ae10f9fe726c1bc06;85;data/raw/yahoo_dividendos/dividendos_HBRE3__20261006_eccaa8c7.csv
20261006_162318;2026-10-06T19:36:37.904046+00:00;dividendos_HBSA3.csv;YAHOO_DIVIDENDOS;;HBSA3.SA;;SEM_EVENTOS;INALTERADO;1;642daec761ccb28fc097aa7f22cfeb4552f7859c3b919e315b4f51bc1ae66de3;49;data/raw/yahoo_dividendos/dividendos_HBSA3__20261006_642daec7.csv
20261006_162318;2026-10-06T19:36:38.144734+00:00;dividendos_HBTS5.csv;YAHOO_DIVIDENDOS;;HBTS5.SA;;COM_EVENTOS;INALTERADO;1;d310c8104648734ff63403bc153ae70e04f6c33695ae3f417c06818428be1c07;582;data/raw/yahoo_dividendos/dividendos_HBTS5__20261006_d310c810.csv
20261006_162318;2026-10-06T19:36:38.579073+00:00;dividendos_HETA3.csv;YAHOO_DIVIDENDOS;;HETA3.SA;;SEM_EVENTOS;INALTERADO;1;642daec761ccb28fc097aa7f22cfeb4552f7859c3b919e315b4f51bc1ae66de3;49;data/raw/yahoo_dividendos/dividendos_HETA3__20261006_642daec7.csv
20261006_162318;2026-10-06T19:36:38.863706+00:00;dividendos_HETA4.csv;YAHOO_DIVIDENDOS;;HETA4.SA;;SEM_EVENTOS;INALTERADO;1;642daec761ccb28fc097aa7f22cfeb4552f7859c3b919e315b4f51bc1ae66de3;49;data/raw/yahoo_dividendos/dividendos_HETA4__20261006_642daec7.csv
20261006_162318;2026-10-06T19:36:39.705626+00:00;dividendos_HOOT4.csv;YAHOO_DIVIDENDOS;;HOOT4.SA;;SEM_EVENTOS;INALTERADO;1;642daec761ccb28fc097aa7f22cfeb4552f7859c3b919e315b4f51bc1ae66de3;49;data/raw/yahoo_dividendos/dividendos_HOOT4__20261006_642daec7.csv
20261006_162318;2026-10-06T19:36:40.469141+00:00;dividendos_HYPE3.csv;YAHOO_DIVIDENDOS;;HYPE3.SA;;COM_EVENTOS;INALTERADO;1;b21091557ec184c58086726bbb56726976edf7f6481f7c74dc4bfafc41b998f8;1768;data/raw/yahoo_dividendos/dividendos_HYPE3__20261006_b2109155.csv
20261006_162318;2026-10-06T19:36:42.416112+00:00;dividendos_IFCM3.csv;YAHOO_DIVIDENDOS;;IFCM3.SA;;SEM_EVENTOS;INALTERADO;1;642daec761ccb28fc097aa7f22cfeb4552f7859c3b919e315b4f51bc1ae66de3;49;data/raw/yahoo_dividendos/dividendos_IFCM3__20261006_642daec7.csv
20261006_162318;2026-10-06T19:36:44.299627+00:00;dividendos_IGTI11.csv;YAHOO_DIVIDENDOS;;IGTI11.SA;;COM_EVENTOS;INALTERADO;1;8430de9dbaa9beb0de65c05ffb9d7e1ba37e372a4225b8edc55b3fda2d7fb266;425;data/raw/yahoo_dividendos/dividendos_IGTI11__20261006_8430de9d.csv
20261006_162318;2026-10-06T19:36:44.715441+00:00;dividendos_IGTI4.csv;YAHOO_DIVIDENDOS;;IGTI4.SA;;COM_EVENTOS;INALTERADO;1;174dd428bcc35ee9e523dc6c847d42a0da4ba047f8d8ee27e1255f799cf61da6;337;data/raw/yahoo_dividendos/dividendos_IGTI4__20261006_174dd428.csv
20261006_162318;2026-10-06T19:36:45.035166+00:00;dividendos_IGTI3.csv;YAHOO_DIVIDENDOS;;IGTI3.SA;;COM_EVENTOS;INALTERADO;1;0d0cb46979264ceea6bdc1a5d5e8fb25e6c64366ceee4051e31a84ba5b814fb3;799;data/raw/yahoo_dividendos/dividendos_IGTI3__20261006_0d0cb469.csv
20261006_162318;2026-10-06T19:36:50.414940+00:00;dividendos_INEP3.csv;YAHOO_DIVIDENDOS;;INEP3.SA;;COM_EVENTOS;INALTERADO;1;0cd3bdbec7371e1c763c3a8ee53da92bd4c303c227849b0dfef3c26283fe5274;85;data/raw/yahoo_dividendos/dividendos_INEP3__20261006_0cd3bdbe.csv
20261006_162318;2026-10-06T19:36:51.496126+00:00;dividendos_INEP4.csv;YAHOO_DIVIDENDOS;;INEP4.SA;;COM_EVENTOS;INALTERADO;1;7c9375412d6d99f5ae4c44501102ebd98d759d2c98ffc818e3d92437f5ca8c91;85;data/raw/yahoo_dividendos/dividendos_INEP4__20261006_7c937541.csv
20261006_162318;2026-10-06T19:36:52.040585+00:00;dividendos_INTB3.csv;YAHOO_DIVIDENDOS;;INTB3.SA;;COM_EVENTOS;INALTERADO;1;36386387f7c8ab1f3d3bcb500480b8ec127114e8b0107bb696aeda8741a5f693;660;data/raw/yahoo_dividendos/dividendos_INTB3__20261006_36386387.csv
20261006_162318;2026-10-06T19:36:52.490230+00:00;dividendos_ISAE3.csv;YAHOO_DIVIDENDOS;;ISAE3.SA;;COM_EVENTOS;INALTERADO;1;5d718b3c44bab2ac26e84caa4164aedc115c2dee9e9e6fe75968c1d472b8ff87;2458;data/raw/yahoo_dividendos/dividendos_ISAE3__20261006_5d718b3c.csv
20261006_162318;2026-10-06T19:36:52.828973+00:00;dividendos_ISAE4.csv;YAHOO_DIVIDENDOS;;ISAE4.SA;;COM_EVENTOS;INALTERADO;1;d751631dc2ecc43ba446543a6063f788f3c3386861ec504271618789f67f8961;2386;data/raw/yahoo_dividendos/dividendos_ISAE4__20261006_d751631d.csv
20261006_162318;2026-10-06T19:36:53.832722+00:00;dividendos_ITSA3.csv;YAHOO_DIVIDENDOS;;ITSA3.SA;;COM_EVENTOS;INALTERADO;1;e066a5cdcf4695614579e18a9e7f4281d8d2f47577a22c8a1917c0c6327e01df;5204;data/raw/yahoo_dividendos/dividendos_ITSA3__20261006_e066a5cd.csv
20261006_162318;2026-10-06T19:36:54.370699+00:00;dividendos_JALL3.csv;YAHOO_DIVIDENDOS;;JALL3.SA;;COM_EVENTOS;INALTERADO;1;ff6f0b07ded9ca263503dd37d2f7f543c3fe7ead4014ee7f361892834ae3c18e;265;data/raw/yahoo_dividendos/dividendos_JALL3__20261006_ff6f0b07.csv
20261006_162318;2026-10-06T19:36:54.943372+00:00;dividendos_ITSA4.csv;YAHOO_DIVIDENDOS;;ITSA4.SA;;COM_EVENTOS;INALTERADO;1;61e069e7428fd40bb22f4e71b7d0cc94ebd0ccd4b7d0431e57bee96a948e292e;5132;data/raw/yahoo_dividendos/dividendos_ITSA4__20261006_61e069e7.csv
20261006_162318;2026-10-06T19:36:55.487955+00:00;dividendos_JFEN3.csv;YAHOO_DIVIDENDOS;;JFEN3.SA;;COM_EVENTOS;INALTERADO;1;a04f93d58f0da16867700be5049f1af445136e9caf78c6dc1dac950a18a7c27f;196;data/raw/yahoo_dividendos/dividendos_JFEN3__20261006_a04f93d5.csv
20261006_162318;2026-10-06T19:36:55.950572+00:00;dividendos_JHSF3.csv;YAHOO_DIVIDENDOS;;JHSF3.SA;;COM_EVENTOS;INALTERADO;1;265cdf6246b71615b97762e69f35749989ceb3263ce688867b1a64e8e96f51fb;2281;data/raw/yahoo_dividendos/dividendos_JHSF3__20261006_265cdf62.csv
20261006_162318;2026-10-06T19:36:56.404293+00:00;dividendos_JOPA3.csv;YAHOO_DIVIDENDOS;;JOPA3.SA;;COM_EVENTOS;INALTERADO;1;c90ba93313c8f2844fb37cfe6e919e8aca45a1f9f4b879b03ef01cf0bfbc63c7;757;data/raw/yahoo_dividendos/dividendos_JOPA3__20261006_c90ba933.csv
20261006_162318;2026-10-06T19:36:56.457725+00:00;dividendos_JOPA4.csv;YAHOO_DIVIDENDOS;;JOPA4.SA;;COM_EVENTOS;INALTERADO;1;ef5d8706042f31f31a93f86a453f036203e3ffa5d344451db2e79330424c1ddc;864;data/raw/yahoo_dividendos/dividendos_JOPA4__20261006_ef5d8706.csv
20261006_162318;2026-10-06T19:36:58.330629+00:00;dividendos_JSLG3.csv;YAHOO_DIVIDENDOS;;JSLG3.SA;;COM_EVENTOS;INALTERADO;1;1acbee895ad1265652964ef5b12c8bc0b1eb7f21db882924f43a30d1ae4587bd;334;data/raw/yahoo_dividendos/dividendos_JSLG3__20261006_1acbee89.csv
20261006_162318;2026-10-06T19:36:58.661632+00:00;dividendos_KEPL3.csv;YAHOO_DIVIDENDOS;;KEPL3.SA;;COM_EVENTOS;INALTERADO;1;12497b975abd24a6329bb2fc52ce77c0be37c5f47e03f3cea5475aad02a045ff;1014;data/raw/yahoo_dividendos/dividendos_KEPL3__20261006_12497b97.csv
20261006_162318;2026-10-06T19:36:59.230109+00:00;dividendos_KLBN11.csv;YAHOO_DIVIDENDOS;;KLBN11.SA;;COM_EVENTOS;INALTERADO;1;87f742a12ee040251c76be89b2184acd0a69bcd7139e513807aea529fb485003;1830;data/raw/yahoo_dividendos/dividendos_KLBN11__20261006_87f742a1.csv
20261006_162318;2026-10-06T19:36:59.538643+00:00;dividendos_KLBN3.csv;YAHOO_DIVIDENDOS;;KLBN3.SA;;COM_EVENTOS;INALTERADO;1;698f4531436a99e661e5c7a24d572b42e483006857dbc905d8271c1b0ebc1837;2055;data/raw/yahoo_dividendos/dividendos_KLBN3__20261006_698f4531.csv
20261006_162318;2026-10-06T19:37:00.302287+00:00;dividendos_KLBN4.csv;YAHOO_DIVIDENDOS;;KLBN4.SA;;COM_EVENTOS;INALTERADO;1;2d8d8c0d08a9b29573ddb49a30714f2926b7726de9924c749758c3391e126140;2128;data/raw/yahoo_dividendos/dividendos_KLBN4__20261006_2d8d8c0d.csv
20261006_162318;2026-10-06T19:37:04.571427+00:00;dividendos_LAND3.csv;YAHOO_DIVIDENDOS;;LAND3.SA;;COM_EVENTOS;INALTERADO;1;e04ec5c45edf488d228660c945fd379614a69fbd66968403c7c3b60652c588d3;193;data/raw/yahoo_dividendos/dividendos_LAND3__20261006_e04ec5c4.csv
20261006_162318;2026-10-06T19:37:05.465788+00:00;dividendos_LAVV3.csv;YAHOO_DIVIDENDOS;;LAVV3.SA;;COM_EVENTOS;INALTERADO;1;7137fb6427b4b5fd7bedd8ee5f066cb639c4b8ca1ce171a7a8024a8f73aff890;766;data/raw/yahoo_dividendos/dividendos_LAVV3__20261006_7137fb64.csv
20261006_162318;2026-10-06T19:37:07.017740+00:00;dividendos_LEVE3.csv;YAHOO_DIVIDENDOS;;LEVE3.SA;;COM_EVENTOS;INALTERADO;1;20a1b0484c2fa336d96d2e1dec554e675e8cd6762515f13743c13c2ae9773d3c;1662;data/raw/yahoo_dividendos/dividendos_LEVE3__20261006_20a1b048.csv
20261006_162318;2026-10-06T19:37:10.123361+00:00;dividendos_LIGT3.csv;YAHOO_DIVIDENDOS;;LIGT3.SA;;COM_EVENTOS;INALTERADO;1;5c2e201fe6786751dfb0ea64493a6be2beaa5c3a1341a2908fbf437d91565acd;696;data/raw/yahoo_dividendos/dividendos_LIGT3__20261006_5c2e201f.csv
20261006_162318;2026-10-06T19:37:12.902173+00:00;dividendos_LJQQ3.csv;YAHOO_DIVIDENDOS;;LJQQ3.SA;;COM_EVENTOS;INALTERADO;1;5312397517600e4820839484e9b031014062481d6a3886633645675f3b04ac34;228;data/raw/yahoo_dividendos/dividendos_LJQQ3__20261006_53123975.csv
20261006_162318;2026-10-06T19:37:14.318659+00:00;dividendos_LOGG3.csv;YAHOO_DIVIDENDOS;;LOGG3.SA;;COM_EVENTOS;INALTERADO;1;33d86e4b0200e68bfe49e5ecb49820be476c7d98e371f0285643949b7517bc7e;552;data/raw/yahoo_dividendos/dividendos_LOGG3__20261006_33d86e4b.csv
20261006_162318;2026-10-06T19:37:15.016828+00:00;dividendos_LOGN3.csv;YAHOO_DIVIDENDOS;;LOGN3.SA;;COM_EVENTOS;INALTERADO;1;77490de8e9860e4c2c96c636524d437bb937bcbf1f29ef0ac427b629541f9c0b;120;data/raw/yahoo_dividendos/dividendos_LOGN3__20261006_77490de8.csv
20261006_162318;2026-10-06T19:37:15.211910+00:00;dividendos_LPSB3.csv;YAHOO_DIVIDENDOS;;LPSB3.SA;;COM_EVENTOS;INALTERADO;1;7570210839f5dc0fd3910329413c0cd16efc978d0c3c987106137db0340e9fb5;478;data/raw/yahoo_dividendos/dividendos_LPSB3__20261006_75702108.csv
20261006_162318;2026-10-06T19:37:16.042938+00:00;dividendos_LUPA3.csv;YAHOO_DIVIDENDOS;;LUPA3.SA;;SEM_EVENTOS;INALTERADO;1;642daec761ccb28fc097aa7f22cfeb4552f7859c3b919e315b4f51bc1ae66de3;49;data/raw/yahoo_dividendos/dividendos_LUPA3__20261006_642daec7.csv
20261006_162318;2026-10-06T19:37:16.080320+00:00;dividendos_LREN3.csv;YAHOO_DIVIDENDOS;;LREN3.SA;;COM_EVENTOS;INALTERADO;1;4432a3a51dca8e88fd3a04db6f51693a89ab8147b42d50c674cab4c4245fc5e4;2884;data/raw/yahoo_dividendos/dividendos_LREN3__20261006_4432a3a5.csv
20261006_162318;2026-10-06T19:37:17.161746+00:00;dividendos_LUXM4.csv;YAHOO_DIVIDENDOS;;LUXM4.SA;;COM_EVENTOS;INALTERADO;1;9fbc83d60c31b168967bc24d15d5fd8e0b9f9ec7d0cd6af00244ac4f35dd5465;765;data/raw/yahoo_dividendos/dividendos_LUXM4__20261006_9fbc83d6.csv
20261006_162318;2026-10-06T19:37:17.945682+00:00;dividendos_LWSA3.csv;YAHOO_DIVIDENDOS;;LWSA3.SA;;COM_EVENTOS;INALTERADO;1;f22629d4657678f02c441df38e60cd9c21a3ad3ef767858d9a647d536ef3ec11;265;data/raw/yahoo_dividendos/dividendos_LWSA3__20261006_f22629d4.csv
20261006_162318;2026-10-06T19:37:18.841462+00:00;dividendos_MAPT3.csv;YAHOO_DIVIDENDOS;;MAPT3.SA;;SEM_EVENTOS;INALTERADO;1;642daec761ccb28fc097aa7f22cfeb4552f7859c3b919e315b4f51bc1ae66de3;49;data/raw/yahoo_dividendos/dividendos_MAPT3__20261006_642daec7.csv
20261006_162318;2026-10-06T19:37:19.420741+00:00;dividendos_MAPT4.csv;YAHOO_DIVIDENDOS;;MAPT4.SA;;SEM_EVENTOS;INALTERADO;1;642daec761ccb28fc097aa7f22cfeb4552f7859c3b919e315b4f51bc1ae66de3;49;data/raw/yahoo_dividendos/dividendos_MAPT4__20261006_642daec7.csv
20261006_162318;2026-10-06T19:37:19.606407+00:00;dividendos_MATD3.csv;YAHOO_DIVIDENDOS;;MATD3.SA;;COM_EVENTOS;INALTERADO;1;cf37d9e8b9bd5454a2b0aef3aa997699fc8cbe90ded4342ba30314fc06100f92;229;data/raw/yahoo_dividendos/dividendos_MATD3__20261006_cf37d9e8.csv
20261006_162318;2026-10-06T19:37:20.487497+00:00;dividendos_MBRF3.csv;YAHOO_DIVIDENDOS;;MBRF3.SA;;COM_EVENTOS;INALTERADO;1;a9e3a44b61d6c60861290ead410989ab5359d4a38b346168a9bcd346ebc153b5;445;data/raw/yahoo_dividendos/dividendos_MBRF3__20261006_a9e3a44b.csv
20261006_162318;2026-10-06T19:37:21.602178+00:00;dividendos_MDNE3.csv;YAHOO_DIVIDENDOS;;MDNE3.SA;;COM_EVENTOS;INALTERADO;1;8f013dde620562edd1585b53894bf76ff6c78145b333c3c48db473f2d9208eaf;193;data/raw/yahoo_dividendos/dividendos_MDNE3__20261006_8f013dde.csv
20261006_162318;2026-10-06T19:37:21.855414+00:00;dividendos_MDIA3.csv;YAHOO_DIVIDENDOS;;MDIA3.SA;;COM_EVENTOS;INALTERADO;1;f5a4face838461c3c0140e5189ffc7fb3edd033cac2bec88f4d880bd0e824818;1913;data/raw/yahoo_dividendos/dividendos_MDIA3__20261006_f5a4face.csv
20261006_162318;2026-10-06T19:37:22.228315+00:00;dividendos_MEAL3.csv;YAHOO_DIVIDENDOS;;MEAL3.SA;;COM_EVENTOS;INALTERADO;1;9cbaeda868e6bf8971f383abafd933717c435cfd67a51a4732e93c45b8694a95;193;data/raw/yahoo_dividendos/dividendos_MEAL3__20261006_9cbaeda8.csv
20261006_162318;2026-10-06T19:37:22.967742+00:00;dividendos_MELK3.csv;YAHOO_DIVIDENDOS;;MELK3.SA;;COM_EVENTOS;INALTERADO;1;36d1dff0a19343ebbf4fd885822dfb1387c612a43d9cda7d813d8f41ceac72df;660;data/raw/yahoo_dividendos/dividendos_MELK3__20261006_36d1dff0.csv
20261006_162318;2026-10-06T19:37:25.061332+00:00;dividendos_MGEL4.csv;YAHOO_DIVIDENDOS;;MGEL4.SA;;COM_EVENTOS;INALTERADO;1;a80d53b7a6bb01acc760c35fd664fab0c9cba3659295b05ce95bdf78598ea4b8;85;data/raw/yahoo_dividendos/dividendos_MGEL4__20261006_a80d53b7.csv
20261006_162318;2026-10-06T19:37:26.107453+00:00;dividendos_MILS3.csv;YAHOO_DIVIDENDOS;;MILS3.SA;;COM_EVENTOS;INALTERADO;1;302ac106d742b8d35675e7f59555fb8830a7d147fe48910d1973df5d26e5e63c;1196;data/raw/yahoo_dividendos/dividendos_MILS3__20261006_302ac106.csv
20261006_162318;2026-10-06T19:37:26.165153+00:00;dividendos_MGLU3.csv;YAHOO_DIVIDENDOS;;MGLU3.SA;;COM_EVENTOS;INALTERADO;1;ac1c1d2d557e534a4b058ef53bbdf16778f7e670de031de051ef1bef52cf3fb9;660;data/raw/yahoo_dividendos/dividendos_MGLU3__20261006_ac1c1d2d.csv
20261006_162318;2026-10-06T19:37:26.760176+00:00;dividendos_MMAQ3.csv;YAHOO_DIVIDENDOS;;MMAQ3.SA;;COM_EVENTOS;INALTERADO;1;e5ff4adbd928b9912fdc0d1b0a388d549ba38b0eb323fd0b61a7bdff8f2d2a51;947;data/raw/yahoo_dividendos/dividendos_MMAQ3__20261006_e5ff4adb.csv
20261006_162318;2026-10-06T19:37:26.944324+00:00;dividendos_MLAS3.csv;YAHOO_DIVIDENDOS;;MLAS3.SA;;COM_EVENTOS;INALTERADO;1;7bbbb24c627c2ec6c46e9c0138bfe167aab15372d6b16a12d1143667ac919644;120;data/raw/yahoo_dividendos/dividendos_MLAS3__20261006_7bbbb24c.csv
20261006_162318;2026-10-06T19:37:27.229907+00:00;dividendos_MMAQ4.csv;YAHOO_DIVIDENDOS;;MMAQ4.SA;;COM_EVENTOS;INALTERADO;1;f3881907fec64cf212d9750e1f962b56c13df88a12916374fd35b4cf679b7005;734;data/raw/yahoo_dividendos/dividendos_MMAQ4__20261006_f3881907.csv
20261006_162318;2026-10-06T19:37:28.529033+00:00;dividendos_MNDL3.csv;YAHOO_DIVIDENDOS;;MNDL3.SA;;COM_EVENTOS;INALTERADO;1;de87609fb6b90874b42944c2fbd55831e07eab813200bb5f2f99f9d7387211bf;228;data/raw/yahoo_dividendos/dividendos_MNDL3__20261006_de87609f.csv
20261006_162318;2026-10-06T19:37:29.616564+00:00;dividendos_MNPR3.csv;YAHOO_DIVIDENDOS;;MNPR3.SA;;COM_EVENTOS;INALTERADO;1;694b8642f7fdb6a58c80416c4afbd903a7523a1254408b9cd141435dd7701c5c;85;data/raw/yahoo_dividendos/dividendos_MNPR3__20261006_694b8642.csv
20261006_162318;2026-10-06T19:37:30.535144+00:00;dividendos_MOTV3.csv;YAHOO_DIVIDENDOS;;MOTV3.SA;;COM_EVENTOS;INALTERADO;1;21e926501fc4df70940df052de4ea049f08107f1a05dc3202a96bc7c16902ae4;1422;data/raw/yahoo_dividendos/dividendos_MOTV3__20261006_21e92650.csv
20261006_162318;2026-10-06T19:37:31.412950+00:00;dividendos_MOVI3.csv;YAHOO_DIVIDENDOS;;MOVI3.SA;;COM_EVENTOS;INALTERADO;1;827735bfaf5b1f2fd8df1fd941117ec3f0c8181639e31fc79eed5436f7c0c268;911;data/raw/yahoo_dividendos/dividendos_MOVI3__20261006_827735bf.csv
20261006_162318;2026-10-06T19:37:34.772866+00:00;dividendos_MSPA3.csv;YAHOO_DIVIDENDOS;;MSPA3.SA;;COM_EVENTOS;INALTERADO;1;123030c76c59f7a03454fd43acfee79f6d5ba811b8aa06320cf8dcdcf51d3e92;314;data/raw/yahoo_dividendos/dividendos_MSPA3__20261006_123030c7.csv
20261006_162318;2026-10-06T19:37:35.029777+00:00;dividendos_MRVE3.csv;YAHOO_DIVIDENDOS;;MRVE3.SA;;COM_EVENTOS;INALTERADO;1;39898c1260c7fa8860fcfe8173a502e081706bba3756bed46986f6a950db547d;897;data/raw/yahoo_dividendos/dividendos_MRVE3__20261006_39898c12.csv
20261006_162318;2026-10-06T19:37:35.393167+00:00;dividendos_MSPA4.csv;YAHOO_DIVIDENDOS;;MSPA4.SA;;COM_EVENTOS;INALTERADO;1;ba35015259ed6dc1ed793910db7078ff0b3fbff300f22a731d2180ee0f1e79f5;316;data/raw/yahoo_dividendos/dividendos_MSPA4__20261006_ba350152.csv
20261006_162318;2026-10-06T19:37:36.637350+00:00;dividendos_MTRE3.csv;YAHOO_DIVIDENDOS;;MTRE3.SA;;COM_EVENTOS;INALTERADO;1;e3fcba3ed00c32b37ef8b1b78aa91c3f16481085a91d5571ab79efb9f9b1aa6b;1370;data/raw/yahoo_dividendos/dividendos_MTRE3__20261006_e3fcba3e.csv
20261006_162318;2026-10-06T19:37:37.099093+00:00;dividendos_MTSA3.csv;YAHOO_DIVIDENDOS;;MTSA3.SA;;COM_EVENTOS;INALTERADO;1;1b9df9daef28ab6e736486af9bc5e213083680e90c2d87728dc5e06e39092189;1376;data/raw/yahoo_dividendos/dividendos_MTSA3__20261006_1b9df9da.csv
20261006_162318;2026-10-06T19:37:37.371680+00:00;dividendos_MTSA4.csv;YAHOO_DIVIDENDOS;;MTSA4.SA;;COM_EVENTOS;INALTERADO;1;9d50f92377ed34ada1be021f14ee2616ba530585a5aa33e938bc0b480c5836b3;1274;data/raw/yahoo_dividendos/dividendos_MTSA4__20261006_9d50f923.csv
20261006_162318;2026-10-06T19:37:37.974255+00:00;dividendos_MWET3.csv;YAHOO_DIVIDENDOS;;MWET3.SA;;SEM_EVENTOS;INALTERADO;1;642daec761ccb28fc097aa7f22cfeb4552f7859c3b919e315b4f51bc1ae66de3;49;data/raw/yahoo_dividendos/dividendos_MWET3__20261006_642daec7.csv
20261006_162318;2026-10-06T19:37:38.189211+00:00;dividendos_MULT3.csv;YAHOO_DIVIDENDOS;;MULT3.SA;;COM_EVENTOS;INALTERADO;1;761c217fe9fc17f18eef54d2c1f24105b5ae635f397e702810db09a59ec04fc3;1663;data/raw/yahoo_dividendos/dividendos_MULT3__20261006_761c217f.csv
20261006_162318;2026-10-06T19:37:38.664670+00:00;dividendos_MWET4.csv;YAHOO_DIVIDENDOS;;MWET4.SA;;SEM_EVENTOS;INALTERADO;1;642daec761ccb28fc097aa7f22cfeb4552f7859c3b919e315b4f51bc1ae66de3;49;data/raw/yahoo_dividendos/dividendos_MWET4__20261006_642daec7.csv
20261006_162318;2026-10-06T19:37:39.020703+00:00;dividendos_MYPK3.csv;YAHOO_DIVIDENDOS;;MYPK3.SA;;COM_EVENTOS;INALTERADO;1;0f8969da05f2df5a4aee15fce314bc6036d417438573fc96e6a7bce244818a32;1052;data/raw/yahoo_dividendos/dividendos_MYPK3__20261006_0f8969da.csv
20261006_162318;2026-10-06T19:37:40.308024+00:00;dividendos_NATU3.csv;YAHOO_DIVIDENDOS;;NATU3.SA;;COM_EVENTOS;INALTERADO;1;c32c4584d8f4be0c566d3cf956d7e03b96dc8799fa2cddec9925038556e63c03;910;data/raw/yahoo_dividendos/dividendos_NATU3__20261006_c32c4584.csv
20261006_162318;2026-10-06T19:37:42.181155+00:00;dividendos_NEXP3.csv;YAHOO_DIVIDENDOS;;NEXP3.SA;;COM_EVENTOS;INALTERADO;1;8b60f36ec1ca5b6d29707b94fe7ffbd53a710f9b51df368a5269b6c9e400c801;306;data/raw/yahoo_dividendos/dividendos_NEXP3__20261006_8b60f36e.csv
20261006_162318;2026-10-06T19:37:44.699647+00:00;dividendos_NORD3.csv;YAHOO_DIVIDENDOS;;NORD3.SA;;SEM_EVENTOS;INALTERADO;1;642daec761ccb28fc097aa7f22cfeb4552f7859c3b919e315b4f51bc1ae66de3;49;data/raw/yahoo_dividendos/dividendos_NORD3__20261006_642daec7.csv
20261006_162318;2026-10-06T19:37:45.210684+00:00;dividendos_NUTR3.csv;YAHOO_DIVIDENDOS;;NUTR3.SA;;SEM_EVENTOS;INALTERADO;1;642daec761ccb28fc097aa7f22cfeb4552f7859c3b919e315b4f51bc1ae66de3;49;data/raw/yahoo_dividendos/dividendos_NUTR3__20261006_642daec7.csv
20261006_162318;2026-10-06T19:37:45.607661+00:00;dividendos_ODER4.csv;YAHOO_DIVIDENDOS;;ODER4.SA;;SEM_EVENTOS;INALTERADO;1;642daec761ccb28fc097aa7f22cfeb4552f7859c3b919e315b4f51bc1ae66de3;49;data/raw/yahoo_dividendos/dividendos_ODER4__20261006_642daec7.csv
20261006_162318;2026-10-06T19:37:46.637573+00:00;dividendos_OFSA3.csv;YAHOO_DIVIDENDOS;;OFSA3.SA;;COM_EVENTOS;INALTERADO;1;329a5456451850055a452d95da2dac34dade39a2f2d241097c4946e079a03664;834;data/raw/yahoo_dividendos/dividendos_OFSA3__20261006_329a5456.csv
20261006_162318;2026-10-06T19:37:48.438852+00:00;dividendos_OIBR3.csv;YAHOO_DIVIDENDOS;;OIBR3.SA;;COM_EVENTOS;INALTERADO;1;1044e1907f842ae50da50b2bc7af21de7853d59e5a20170daa141314ebdcb799;304;data/raw/yahoo_dividendos/dividendos_OIBR3__20261006_1044e190.csv
20261006_162318;2026-10-06T19:37:48.494211+00:00;dividendos_OIBR4.csv;YAHOO_DIVIDENDOS;;OIBR4.SA;;COM_EVENTOS;INALTERADO;1;f2304c4a26baa73302c2898ea6861a6640799f66def801c09d05ab8d54b46ff8;870;data/raw/yahoo_dividendos/dividendos_OIBR4__20261006_f2304c4a.csv
20261006_162318;2026-10-06T19:37:49.026864+00:00;dividendos_ONCO3.csv;YAHOO_DIVIDENDOS;;ONCO3.SA;;SEM_EVENTOS;INALTERADO;1;642daec761ccb28fc097aa7f22cfeb4552f7859c3b919e315b4f51bc1ae66de3;49;data/raw/yahoo_dividendos/dividendos_ONCO3__20261006_642daec7.csv
20261006_162318;2026-10-06T19:37:49.580660+00:00;dividendos_OPCT3.csv;YAHOO_DIVIDENDOS;;OPCT3.SA;;COM_EVENTOS;INALTERADO;1;d6fbc4a132650354afc0f213e46f5cf27bd339ebc3545bd5583219a2b993227f;85;data/raw/yahoo_dividendos/dividendos_OPCT3__20261006_d6fbc4a1.csv
20261006_162318;2026-10-06T19:37:50.199402+00:00;dividendos_ORVR3.csv;YAHOO_DIVIDENDOS;;ORVR3.SA;;SEM_EVENTOS;INALTERADO;1;642daec761ccb28fc097aa7f22cfeb4552f7859c3b919e315b4f51bc1ae66de3;49;data/raw/yahoo_dividendos/dividendos_ORVR3__20261006_642daec7.csv
20261006_162318;2026-10-06T19:37:50.271957+00:00;dividendos_OSXB3.csv;YAHOO_DIVIDENDOS;;OSXB3.SA;;SEM_EVENTOS;INALTERADO;1;642daec761ccb28fc097aa7f22cfeb4552f7859c3b919e315b4f51bc1ae66de3;49;data/raw/yahoo_dividendos/dividendos_OSXB3__20261006_642daec7.csv
20261006_162318;2026-10-06T19:37:50.772997+00:00;dividendos_PASS3.csv;YAHOO_DIVIDENDOS;;PASS3.SA;;SEM_EVENTOS;INALTERADO;1;642daec761ccb28fc097aa7f22cfeb4552f7859c3b919e315b4f51bc1ae66de3;49;data/raw/yahoo_dividendos/dividendos_PASS3__20261006_642daec7.csv
20261006_162318;2026-10-06T19:37:51.408939+00:00;dividendos_PATI3.csv;YAHOO_DIVIDENDOS;;PATI3.SA;;COM_EVENTOS;INALTERADO;1;986357be26bf871f513dcc83e54a694b5040694e792ac9a08eb4edc42b61c960;801;data/raw/yahoo_dividendos/dividendos_PATI3__20261006_986357be.csv
20261006_162318;2026-10-06T19:37:52.170210+00:00;dividendos_PATI4.csv;YAHOO_DIVIDENDOS;;PATI4.SA;;COM_EVENTOS;INALTERADO;1;d8688233dbc35f8faf041e5d26e8878deb436bed104406579340e321388cd0cf;768;data/raw/yahoo_dividendos/dividendos_PATI4__20261006_d8688233.csv
20261006_162318;2026-10-06T19:37:52.175597+00:00;dividendos_PCAR3.csv;YAHOO_DIVIDENDOS;;PCAR3.SA;;COM_EVENTOS;INALTERADO;1;2ffcafa1aa3d1869bad2f1a0594dcec7ad21f369c961f92cefbd3219bb6d4afd;1450;data/raw/yahoo_dividendos/dividendos_PCAR3__20261006_2ffcafa1.csv
20261006_162318;2026-10-06T19:37:53.876244+00:00;dividendos_PDTC3.csv;YAHOO_DIVIDENDOS;;PDTC3.SA;;COM_EVENTOS;INALTERADO;1;479584c829608c275343adaeff96c6f81abdab5552c92889010ea1ea09be6f0c;85;data/raw/yahoo_dividendos/dividendos_PDTC3__20261006_479584c8.csv
20261006_162318;2026-10-06T19:37:53.957056+00:00;dividendos_PDGR3.csv;YAHOO_DIVIDENDOS;;PDGR3.SA;;COM_EVENTOS;INALTERADO;1;f3de7492ef4b5d6a85f64c90c0b2176f0ebf262f9c0664f393cd9b88ba459e0b;232;data/raw/yahoo_dividendos/dividendos_PDGR3__20261006_f3de7492.csv
20261006_162318;2026-10-06T19:37:54.511905+00:00;dividendos_PEAB3.csv;YAHOO_DIVIDENDOS;;PEAB3.SA;;COM_EVENTOS;INALTERADO;1;bf5cce60f0204f6bb7efed069a25928818ed0405a3dd2b197cb140de451a57c6;1105;data/raw/yahoo_dividendos/dividendos_PEAB3__20261006_bf5cce60.csv
20261006_162318;2026-10-06T19:37:54.559030+00:00;dividendos_PEAB4.csv;YAHOO_DIVIDENDOS;;PEAB4.SA;;COM_EVENTOS;INALTERADO;1;db3f54d7c155dd503f2ed9118dbc061fec39430d74b408ae6ef6d32b2d14fc0d;976;data/raw/yahoo_dividendos/dividendos_PEAB4__20261006_db3f54d7.csv
20261006_162318;2026-10-06T19:37:55.445744+00:00;dividendos_PETR3.csv;YAHOO_DIVIDENDOS;;PETR3.SA;;COM_EVENTOS;INALTERADO;1;400229a00084ea37a3ed0cf9a228ff09a3ea17ffaffd995b0411dd19174e97e7;1794;data/raw/yahoo_dividendos/dividendos_PETR3__20261006_400229a0.csv
20261006_162318;2026-10-06T19:37:55.652222+00:00;dividendos_PETR4.csv;YAHOO_DIVIDENDOS;;PETR4.SA;;COM_EVENTOS;INALTERADO;1;65a940e2a3990b3a9d7171bbe0d2ac853311d49a77225cd15ed04cc2a11b0acd;2173;data/raw/yahoo_dividendos/dividendos_PETR4__20261006_65a940e2.csv
20261006_162318;2026-10-06T19:37:56.943780+00:00;dividendos_PFRM3.csv;YAHOO_DIVIDENDOS;;PFRM3.SA;;COM_EVENTOS;INALTERADO;1;3e8b7607920f66817493565ad32cd6cc7dab7c9a8727c3c51e835884c2641cc0;587;data/raw/yahoo_dividendos/dividendos_PFRM3__20261006_3e8b7607.csv
20261006_162318;2026-10-06T19:37:57.157166+00:00;dividendos_PGMN3.csv;YAHOO_DIVIDENDOS;;PGMN3.SA;;COM_EVENTOS;INALTERADO;1;e6c8b875a10bcd4b98c37e0f84485be6afa3066bd8c38f5f7faeef4328eab740;193;data/raw/yahoo_dividendos/dividendos_PGMN3__20261006_e6c8b875.csv
20261006_162318;2026-10-06T19:37:57.697118+00:00;dividendos_PLAS3.csv;YAHOO_DIVIDENDOS;;PLAS3.SA;;COM_EVENTOS;INALTERADO;1;bff65cc5a4a5e85c92678e38d06d48012e5e34e150851aaf22071f0fa51b4fa7;84;data/raw/yahoo_dividendos/dividendos_PLAS3__20261006_bff65cc5.csv
20261006_162318;2026-10-06T19:37:57.753050+00:00;dividendos_PLPL3.csv;YAHOO_DIVIDENDOS;;PLPL3.SA;;COM_EVENTOS;INALTERADO;1;f66125eeedb80db8c630a59eaf07d3f7cf7a89efbc9280afc992935feb16c054;264;data/raw/yahoo_dividendos/dividendos_PLPL3__20261006_f66125ee.csv
20261006_162318;2026-10-06T19:37:58.616385+00:00;dividendos_PMAM3.csv;YAHOO_DIVIDENDOS;;PMAM3.SA;;COM_EVENTOS;INALTERADO;1;903d6777ae88d3e76dc36d8ffbe60f19c46f76842123db94fb3886a8d0e3b7c7;121;data/raw/yahoo_dividendos/dividendos_PMAM3__20261006_903d6777.csv
20261006_162318;2026-10-06T19:38:01.520001+00:00;dividendos_PNVL3.csv;YAHOO_DIVIDENDOS;;PNVL3.SA;;COM_EVENTOS;INALTERADO;1;d5b165c1e39099f2b180ebc2b7a502b9fae068f31f962d27829e477d1dc3b6a4;1735;data/raw/yahoo_dividendos/dividendos_PNVL3__20261006_d5b165c1.csv
20261006_162318;2026-10-06T19:38:02.643224+00:00;dividendos_POMO3.csv;YAHOO_DIVIDENDOS;;POMO3.SA;;COM_EVENTOS;INALTERADO;1;c13064da2856c3aac82f057aaeabda55bd7c45d87082aae6722e6399541e2548;1869;data/raw/yahoo_dividendos/dividendos_POMO3__20261006_c13064da.csv
20261006_162318;2026-10-06T19:38:03.496902+00:00;dividendos_POMO4.csv;YAHOO_DIVIDENDOS;;POMO4.SA;;COM_EVENTOS;INALTERADO;1;594ca46aee642b5e75f3a78df0c470e6dcf2dcf74205276cc40a5a9993ab76cf;1756;data/raw/yahoo_dividendos/dividendos_POMO4__20261006_594ca46a.csv
20261006_162318;2026-10-06T19:38:04.476475+00:00;dividendos_POSI3.csv;YAHOO_DIVIDENDOS;;POSI3.SA;;COM_EVENTOS;INALTERADO;1;8cbc8591062b72a87f11abf3ef8d768596f62ffe987f393791c7d35a988a7a0f;622;data/raw/yahoo_dividendos/dividendos_POSI3__20261006_8cbc8591.csv
20261006_162318;2026-10-06T19:38:05.475991+00:00;dividendos_PRIO3.csv;YAHOO_DIVIDENDOS;;PRIO3.SA;;COM_EVENTOS;INALTERADO;1;1c033d1bbc1b7ee670e9cd03803e599aa2ce832a4fcea8c820d9c0dd358483eb;85;data/raw/yahoo_dividendos/dividendos_PRIO3__20261006_1c033d1b.csv
20261006_162318;2026-10-06T19:38:06.053313+00:00;dividendos_PRNR3.csv;YAHOO_DIVIDENDOS;;PRNR3.SA;;COM_EVENTOS;INALTERADO;1;8bbd368b004dc21491698975521557a2fc5ea10437a04acdfb181ac6ddf64200;229;data/raw/yahoo_dividendos/dividendos_PRNR3__20261006_8bbd368b.csv
20261006_162318;2026-10-06T19:38:08.404763+00:00;dividendos_PTBL3.csv;YAHOO_DIVIDENDOS;;PTBL3.SA;;COM_EVENTOS;INALTERADO;1;50fb8954ee7e73e235d94a5c3351d9e172205749937fbfd93f0ee28a040600f1;795;data/raw/yahoo_dividendos/dividendos_PTBL3__20261006_50fb8954.csv
20261006_162318;2026-10-06T19:38:11.315077+00:00;dividendos_QUAL3.csv;YAHOO_DIVIDENDOS;;QUAL3.SA;;COM_EVENTOS;INALTERADO;1;699b6bcfb290c298f590004d13b3343074ec9bdfd089d6407983ef711858047b;767;data/raw/yahoo_dividendos/dividendos_QUAL3__20261006_699b6bcf.csv
20261006_162318;2026-10-06T19:38:12.040316+00:00;dividendos_RADL3.csv;YAHOO_DIVIDENDOS;;RADL3.SA;;COM_EVENTOS;INALTERADO;1;60cfaa77547e36ea72c9b691a7e547fe9388a098996ec23443de2bb4136e0ac1;3028;data/raw/yahoo_dividendos/dividendos_RADL3__20261006_60cfaa77.csv
20261006_162318;2026-10-06T19:38:12.772531+00:00;dividendos_RAIL3.csv;YAHOO_DIVIDENDOS;;RAIL3.SA;;COM_EVENTOS;INALTERADO;1;2d5dac5a62a8b9cc86f60b9f5524e7db3a47c6eaefdc74f2ca2cdc7970325847;229;data/raw/yahoo_dividendos/dividendos_RAIL3__20261006_2d5dac5a.csv
20261006_162318;2026-10-06T19:38:12.970410+00:00;dividendos_RAIZ4.csv;YAHOO_DIVIDENDOS;;RAIZ4.SA;;COM_EVENTOS;INALTERADO;1;c2407b1e43f06253a5ac0ec3749b28c9cd03350055a24d3d381a6af1296be42f;406;data/raw/yahoo_dividendos/dividendos_RAIZ4__20261006_c2407b1e.csv
20261006_162318;2026-10-06T19:38:13.836364+00:00;dividendos_RANI3.csv;YAHOO_DIVIDENDOS;;RANI3.SA;;COM_EVENTOS;INALTERADO;1;640908f0804ef6cfa702f069f227210b51cc9ce5d89825e9e2546a210c0eab7e;1770;data/raw/yahoo_dividendos/dividendos_RANI3__20261006_640908f0.csv
20261006_162318;2026-10-06T19:38:14.463798+00:00;dividendos_RAPT3.csv;YAHOO_DIVIDENDOS;;RAPT3.SA;;COM_EVENTOS;INALTERADO;1;c365e030ef8bd6365482a7707b4eff1b8ef6172b45b4b297e048eeb45dd9ca81;1446;data/raw/yahoo_dividendos/dividendos_RAPT3__20261006_c365e030.csv
20261006_162318;2026-10-06T19:38:15.237441+00:00;dividendos_RAPT4.csv;YAHOO_DIVIDENDOS;;RAPT4.SA;;COM_EVENTOS;INALTERADO;1;5d9720fdaf848f4449436f4ea2274337ad9cf10ab8e1147b304d724881485536;1220;data/raw/yahoo_dividendos/dividendos_RAPT4__20261006_5d9720fd.csv
20261006_162318;2026-10-06T19:38:15.289157+00:00;dividendos_RCSL3.csv;YAHOO_DIVIDENDOS;;RCSL3.SA;;SEM_EVENTOS;INALTERADO;1;642daec761ccb28fc097aa7f22cfeb4552f7859c3b919e315b4f51bc1ae66de3;49;data/raw/yahoo_dividendos/dividendos_RCSL3__20261006_642daec7.csv
20261006_162318;2026-10-06T19:38:16.320604+00:00;dividendos_RCSL4.csv;YAHOO_DIVIDENDOS;;RCSL4.SA;;SEM_EVENTOS;INALTERADO;1;642daec761ccb28fc097aa7f22cfeb4552f7859c3b919e315b4f51bc1ae66de3;49;data/raw/yahoo_dividendos/dividendos_RCSL4__20261006_642daec7.csv
20261006_162318;2026-10-06T19:38:17.360169+00:00;dividendos_RDOR3.csv;YAHOO_DIVIDENDOS;;RDOR3.SA;;COM_EVENTOS;INALTERADO;1;1328bee2df0e1ad726f68e60166c7c8406c52fbed688cc2c7d95bf51e368140a;840;data/raw/yahoo_dividendos/dividendos_RDOR3__20261006_1328bee2.csv
20261006_162318;2026-10-06T19:38:17.892635+00:00;dividendos_RECV3.csv;YAHOO_DIVIDENDOS;;RECV3.SA;;COM_EVENTOS;INALTERADO;1;8b931fe201aa60113c3219ae7170762268c36c22a107a939793883c24e0f3788;444;data/raw/yahoo_dividendos/dividendos_RECV3__20261006_8b931fe2.csv
20261006_162318;2026-10-06T19:38:18.512574+00:00;dividendos_REDE3.csv;YAHOO_DIVIDENDOS;;REDE3.SA;;COM_EVENTOS;INALTERADO;1;0e058f9043a29b7a55b6ae62c1e2924d9dcf1fb532abf35035e766f0b49922cc;1016;data/raw/yahoo_dividendos/dividendos_REDE3__20261006_0e058f90.csv
20261006_162318;2026-10-06T19:38:19.635042+00:00;dividendos_RENT3.csv;YAHOO_DIVIDENDOS;;RENT3.SA;;COM_EVENTOS;INALTERADO;1;072ab6279e36fb76bfabab7bba62e0de4ba588f61305d2505b5e46ccdaf8d3eb;3200;data/raw/yahoo_dividendos/dividendos_RENT3__20261006_072ab627.csv
20261006_162318;2026-10-06T19:38:19.949396+00:00;dividendos_RENT4.csv;YAHOO_DIVIDENDOS;;RENT4.SA;;COM_EVENTOS;INALTERADO;1;75841a6baea456d59548f1cd619038b1b1c4f1e908c919e2dd63ff550b0a5c24;156;data/raw/yahoo_dividendos/dividendos_RENT4__20261006_75841a6b.csv
20261006_162318;2026-10-06T19:38:20.752073+00:00;dividendos_RIAA3.csv;YAHOO_DIVIDENDOS;;RIAA3.SA;;COM_EVENTOS;INALTERADO;1;44c5dafdaf11bb46de81042d3179846f96d9bafb21760a3ed4d9c0c69d95c161;1583;data/raw/yahoo_dividendos/dividendos_RIAA3__20261006_44c5dafd.csv
20261006_162318;2026-10-06T19:38:22.381291+00:00;dividendos_RNEW3.csv;YAHOO_DIVIDENDOS;;RNEW3.SA;;COM_EVENTOS;INALTERADO;1;c39ac4bd47aebbb21381df2f6a46866192150ca0d1da7f568f538444595684ee;84;data/raw/yahoo_dividendos/dividendos_RNEW3__20261006_c39ac4bd.csv
20261006_162318;2026-10-06T19:38:23.161381+00:00;dividendos_RNEW4.csv;YAHOO_DIVIDENDOS;;RNEW4.SA;;SEM_EVENTOS;INALTERADO;1;642daec761ccb28fc097aa7f22cfeb4552f7859c3b919e315b4f51bc1ae66de3;49;data/raw/yahoo_dividendos/dividendos_RNEW4__20261006_642daec7.csv
20261006_162318;2026-10-06T19:38:23.571879+00:00;dividendos_ROMI3.csv;YAHOO_DIVIDENDOS;;ROMI3.SA;;COM_EVENTOS;INALTERADO;1;a75499ca31650000cacde1438fa0b1b25d2029c8a0ad6cbfa60dafbdbfc123d5;1838;data/raw/yahoo_dividendos/dividendos_ROMI3__20261006_a75499ca.csv
20261006_162318;2026-10-06T19:38:23.747286+00:00;dividendos_RPMG3.csv;YAHOO_DIVIDENDOS;;RPMG3.SA;;SEM_EVENTOS;INALTERADO;1;642daec761ccb28fc097aa7f22cfeb4552f7859c3b919e315b4f51bc1ae66de3;49;data/raw/yahoo_dividendos/dividendos_RPMG3__20261006_642daec7.csv
20261006_162318;2026-10-06T19:38:26.044794+00:00;dividendos_RSID3.csv;YAHOO_DIVIDENDOS;;RSID3.SA;;COM_EVENTOS;INALTERADO;1;f1f8601d64dc19ef6c1ea014b77902595b1e231bed40009aff2381896c965750;229;data/raw/yahoo_dividendos/dividendos_RSID3__20261006_f1f8601d.csv
20261006_162318;2026-10-06T19:38:27.569113+00:00;dividendos_RSUL4.csv;YAHOO_DIVIDENDOS;;RSUL4.SA;;COM_EVENTOS;INALTERADO;1;4190fdcacd1a56605417f024b383a0b03f6496506bd8bfd92068e366ee8291a3;228;data/raw/yahoo_dividendos/dividendos_RSUL4__20261006_4190fdca.csv
20261006_162318;2026-10-06T19:38:28.123282+00:00;dividendos_RVEE3.csv;YAHOO_DIVIDENDOS;;RVEE3.SA;;SEM_EVENTOS;INALTERADO;1;642daec761ccb28fc097aa7f22cfeb4552f7859c3b919e315b4f51bc1ae66de3;49;data/raw/yahoo_dividendos/dividendos_RVEE3__20261006_642daec7.csv
20261006_162318;2026-10-06T19:38:28.910320+00:00;dividendos_SAPR11.csv;YAHOO_DIVIDENDOS;;SAPR11.SA;;COM_EVENTOS;INALTERADO;1;5389ac19854e898ec1113e1ae4f0014690f4969180192b523dcf76ab411a0a64;806;data/raw/yahoo_dividendos/dividendos_SAPR11__20261006_5389ac19.csv
20261006_162318;2026-10-06T19:38:29.221339+00:00;dividendos_SAPR3.csv;YAHOO_DIVIDENDOS;;SAPR3.SA;;COM_EVENTOS;INALTERADO;1;2a6ccdc5b22fbf02d667acf01c1192b54d62e4aece343de21f9ffef5a5f7beb6;1378;data/raw/yahoo_dividendos/dividendos_SAPR3__20261006_2a6ccdc5.csv
20261006_162318;2026-10-06T19:38:29.617944+00:00;dividendos_SAPR4.csv;YAHOO_DIVIDENDOS;;SAPR4.SA;;COM_EVENTOS;INALTERADO;1;a6b3d6f90678bc8f58e71c355c813181fe270104840557a4ed2dd751fe27065d;1413;data/raw/yahoo_dividendos/dividendos_SAPR4__20261006_a6b3d6f9.csv
20261006_162318;2026-10-06T19:38:29.960138+00:00;dividendos_SAUD3.csv;YAHOO_DIVIDENDOS;;SAUD3.SA;;COM_EVENTOS;INALTERADO;1;27b2fa038ebeb91f5c9c8966d3f80dcbca1caa8a1cfee28195c782104699178d;3785;data/raw/yahoo_dividendos/dividendos_SAUD3__20261006_27b2fa03.csv
20261006_162318;2026-10-06T19:38:30.297927+00:00;dividendos_SBFG3.csv;YAHOO_DIVIDENDOS;;SBFG3.SA;;COM_EVENTOS;INALTERADO;1;636de9d96a986a33372040cf3094d7fc34a887c8ef8c1cf9d55eef1576066ffb;228;data/raw/yahoo_dividendos/dividendos_SBFG3__20261006_636de9d9.csv
20261006_162318;2026-10-06T19:38:30.701449+00:00;dividendos_SBSP3.csv;YAHOO_DIVIDENDOS;;SBSP3.SA;;COM_EVENTOS;INALTERADO;1;e142ec1309291efe57b1f93df0d93a0156c8ab6ae219c45505681afe060cc8a0;947;data/raw/yahoo_dividendos/dividendos_SBSP3__20261006_e142ec13.csv
20261006_162318;2026-10-06T19:38:31.577219+00:00;dividendos_SCAR3.csv;YAHOO_DIVIDENDOS;;SCAR3.SA;;COM_EVENTOS;INALTERADO;1;92b1779e5550197d7806b44cfcb182a400e0e65f835f135e68bef99abb5dbc7c;910;data/raw/yahoo_dividendos/dividendos_SCAR3__20261006_92b1779e.csv
20261006_162318;2026-10-06T19:38:33.149717+00:00;dividendos_SEER3.csv;YAHOO_DIVIDENDOS;;SEER3.SA;;COM_EVENTOS;INALTERADO;1;b5a953f4e19c8b9c73ddec64ba4d9a5ca6390a018cf2ba550325f893c1845c0f;802;data/raw/yahoo_dividendos/dividendos_SEER3__20261006_b5a953f4.csv
20261006_162318;2026-10-06T19:38:33.721080+00:00;dividendos_SEQL3.csv;YAHOO_DIVIDENDOS;;SEQL3.SA;;SEM_EVENTOS;INALTERADO;1;642daec761ccb28fc097aa7f22cfeb4552f7859c3b919e315b4f51bc1ae66de3;49;data/raw/yahoo_dividendos/dividendos_SEQL3__20261006_642daec7.csv
20261006_162318;2026-10-06T19:38:36.855987+00:00;dividendos_SHOW3.csv;YAHOO_DIVIDENDOS;;SHOW3.SA;;COM_EVENTOS;INALTERADO;1;078cc2edfe7ea71ff9bec3e3e61b1ad6ccec481b0d141e2bcd7910277d33e3aa;222;data/raw/yahoo_dividendos/dividendos_SHOW3__20261006_078cc2ed.csv
20261006_162318;2026-10-06T19:38:37.251823+00:00;dividendos_SHUL3.csv;YAHOO_DIVIDENDOS;;SHUL3.SA;;SEM_EVENTOS;INALTERADO;1;642daec761ccb28fc097aa7f22cfeb4552f7859c3b919e315b4f51bc1ae66de3;49;data/raw/yahoo_dividendos/dividendos_SHUL3__20261006_642daec7.csv
20261006_162318;2026-10-06T19:38:37.645857+00:00;dividendos_SHUL4.csv;YAHOO_DIVIDENDOS;;SHUL4.SA;;COM_EVENTOS;INALTERADO;1;4f5bf019a33f85d9e43816dbda081d84719c64af32cd235d988b8435994bcf28;1737;data/raw/yahoo_dividendos/dividendos_SHUL4__20261006_4f5bf019.csv
20261006_162318;2026-10-06T19:38:37.810178+00:00;dividendos_SIMH3.csv;YAHOO_DIVIDENDOS;;SIMH3.SA;;COM_EVENTOS;INALTERADO;1;718a3078efd70b0d720eb4d8630896ec969b14526cb61a8f7418f8954e8093a5;336;data/raw/yahoo_dividendos/dividendos_SIMH3__20261006_718a3078.csv
20261006_162318;2026-10-06T19:38:38.915169+00:00;dividendos_SLCE3.csv;YAHOO_DIVIDENDOS;;SLCE3.SA;;COM_EVENTOS;INALTERADO;1;3ce422af8bb274974b2e6a86ac43a3ec463463d785ec12b58fcf61d20983ed4c;801;data/raw/yahoo_dividendos/dividendos_SLCE3__20261006_3ce422af.csv
20261006_162318;2026-10-06T19:38:40.345916+00:00;dividendos_SMFT3.csv;YAHOO_DIVIDENDOS;;SMFT3.SA;;COM_EVENTOS;INALTERADO;1;acb3ef8e1f75e94c28b9c78ccdfd24534a5b867d22e919b5abca7a0551064669;443;data/raw/yahoo_dividendos/dividendos_SMFT3__20261006_acb3ef8e.csv
20261006_162318;2026-10-06T19:38:41.797712+00:00;dividendos_SMTO3.csv;YAHOO_DIVIDENDOS;;SMTO3.SA;;COM_EVENTOS;INALTERADO;1;c468af9b6b8da1b3c2c4c44fd614418c193eb1fda5d6d5dec3357a91a59c30b8;1016;data/raw/yahoo_dividendos/dividendos_SMTO3__20261006_c468af9b.csv
20261006_162318;2026-10-06T19:38:42.352997+00:00;dividendos_SNSY3.csv;YAHOO_DIVIDENDOS;;SNSY3.SA;;SEM_EVENTOS;INALTERADO;1;642daec761ccb28fc097aa7f22cfeb4552f7859c3b919e315b4f51bc1ae66de3;49;data/raw/yahoo_dividendos/dividendos_SNSY3__20261006_642daec7.csv
20261006_162318;2026-10-06T19:38:42.949841+00:00;dividendos_SNSY5.csv;YAHOO_DIVIDENDOS;;SNSY5.SA;;SEM_EVENTOS;INALTERADO;1;642daec761ccb28fc097aa7f22cfeb4552f7859c3b919e315b4f51bc1ae66de3;49;data/raw/yahoo_dividendos/dividendos_SNSY5__20261006_642daec7.csv
20261006_162318;2026-10-06T19:38:43.369015+00:00;dividendos_SNSY6.csv;YAHOO_DIVIDENDOS;;SNSY6.SA;;SEM_EVENTOS;INALTERADO;1;642daec761ccb28fc097aa7f22cfeb4552f7859c3b919e315b4f51bc1ae66de3;49;data/raw/yahoo_dividendos/dividendos_SNSY6__20261006_642daec7.csv
20261006_162318;2026-10-06T19:38:43.534153+00:00;dividendos_SOJA3.csv;YAHOO_DIVIDENDOS;;SOJA3.SA;;COM_EVENTOS;INALTERADO;1;3a97b35e08ed41b587bdab8b7faeb0895570979f419b954e3824526ac2f9c2c1;337;data/raw/yahoo_dividendos/dividendos_SOJA3__20261006_3a97b35e.csv
20261006_162318;2026-10-06T19:38:44.371037+00:00;dividendos_SOND3.csv;YAHOO_DIVIDENDOS;;SOND3.SA;;COM_EVENTOS;INALTERADO;1;bc3161e5f8457d36f9ebc41a578b3a4d7a536bcc04b51e2631bec3b140ca9527;873;data/raw/yahoo_dividendos/dividendos_SOND3__20261006_bc3161e5.csv
20261006_162318;2026-10-06T19:38:45.122087+00:00;dividendos_SOND5.csv;YAHOO_DIVIDENDOS;;SOND5.SA;;COM_EVENTOS;INALTERADO;1;40ce52d5bf47e5f6ed557a5d26f2a0e6b51710cce76e9cb2d82bfe2c6758334c;837;data/raw/yahoo_dividendos/dividendos_SOND5__20261006_40ce52d5.csv
20261006_162318;2026-10-06T19:38:45.518453+00:00;dividendos_SOND6.csv;YAHOO_DIVIDENDOS;;SOND6.SA;;COM_EVENTOS;INALTERADO;1;1315fd7fc5e1c1bcd3ba3ef326abe55e5efcf86bea11f3a690876a9eb51d5e46;837;data/raw/yahoo_dividendos/dividendos_SOND6__20261006_1315fd7f.csv
20261006_162318;2026-10-06T19:38:53.508133+00:00;dividendos_SUZB3.csv;YAHOO_DIVIDENDOS;;SUZB3.SA;;COM_EVENTOS;INALTERADO;1;6d622fa3d2bb92e69cb64442a5ef0d7622b1d2e40350014ffce76a4877334e20;823;data/raw/yahoo_dividendos/dividendos_SUZB3__20261006_6d622fa3.csv
20261006_162318;2026-10-06T19:38:55.012897+00:00;dividendos_SYNE3.csv;YAHOO_DIVIDENDOS;;SYNE3.SA;;COM_EVENTOS;INALTERADO;1;024aaaf767432340efe88d4f49add42187fcf938d1acc8ce606c0c1289f63d90;767;data/raw/yahoo_dividendos/dividendos_SYNE3__20261006_024aaaf7.csv
20261006_162318;2026-10-06T19:38:55.606993+00:00;dividendos_TAEE3.csv;YAHOO_DIVIDENDOS;;TAEE3.SA;;COM_EVENTOS;INALTERADO;1;fcd0bca6706633133fcc1fadae19320fccbfc1b8150f7e5f7f1606a8a6392400;2088;data/raw/yahoo_dividendos/dividendos_TAEE3__20261006_fcd0bca6.csv
20261006_162318;2026-10-06T19:38:55.698971+00:00;dividendos_TAEE11.csv;YAHOO_DIVIDENDOS;;TAEE11.SA;;COM_EVENTOS;INALTERADO;1;cc21ead6e2ff61604e5ac179722acc7b1036c423ed3d67243d7318133bb349a0;2316;data/raw/yahoo_dividendos/dividendos_TAEE11__20261006_cc21ead6.csv
20261006_162318;2026-10-06T19:38:56.260662+00:00;dividendos_TAEE4.csv;YAHOO_DIVIDENDOS;;TAEE4.SA;;COM_EVENTOS;INALTERADO;1;7d0cceeca9b9ef3fe0751eddc2b3b0156b82c637782ef84c6374ff08ae058738;1515;data/raw/yahoo_dividendos/dividendos_TAEE4__20261006_7d0cceec.csv
20261006_162318;2026-10-06T19:38:57.414293+00:00;dividendos_TASA3.csv;YAHOO_DIVIDENDOS;;TASA3.SA;;COM_EVENTOS;INALTERADO;1;2fa689facebb923d404686895b265847b711ea5643d4d14b53b8d92198f539c8;655;data/raw/yahoo_dividendos/dividendos_TASA3__20261006_2fa689fa.csv
20261006_162318;2026-10-06T19:38:58.040788+00:00;dividendos_TASA4.csv;YAHOO_DIVIDENDOS;;TASA4.SA;;COM_EVENTOS;INALTERADO;1;198aeb2b654d3b1af3ca66b31e385d8026991003835514c1283264b608e09a3b;569;data/raw/yahoo_dividendos/dividendos_TASA4__20261006_198aeb2b.csv
20261006_162318;2026-10-06T19:39:00.066951+00:00;dividendos_TCSA3.csv;YAHOO_DIVIDENDOS;;TCSA3.SA;;COM_EVENTOS;INALTERADO;1;25638dcadb22294bb112598af64ec5a4a9cadff0463f234e5cf884bd044dcafb;337;data/raw/yahoo_dividendos/dividendos_TCSA3__20261006_25638dca.csv
20261006_162318;2026-10-06T19:39:02.290952+00:00;dividendos_TECN3.csv;YAHOO_DIVIDENDOS;;TECN3.SA;;COM_EVENTOS;INALTERADO;1;716320c9f26b1484383bc4c1a501c3755276f56f0d9ddb86d58efeca09807f3f;473;data/raw/yahoo_dividendos/dividendos_TECN3__20261006_716320c9.csv
20261006_162318;2026-10-06T19:39:02.722399+00:00;dividendos_TEKA3.csv;YAHOO_DIVIDENDOS;;TEKA3.SA;;SEM_EVENTOS;INALTERADO;1;642daec761ccb28fc097aa7f22cfeb4552f7859c3b919e315b4f51bc1ae66de3;49;data/raw/yahoo_dividendos/dividendos_TEKA3__20261006_642daec7.csv
20261006_162318;2026-10-06T19:39:03.254056+00:00;dividendos_TEKA4.csv;YAHOO_DIVIDENDOS;;TEKA4.SA;;SEM_EVENTOS;INALTERADO;1;642daec761ccb28fc097aa7f22cfeb4552f7859c3b919e315b4f51bc1ae66de3;49;data/raw/yahoo_dividendos/dividendos_TEKA4__20261006_642daec7.csv
20261006_162318;2026-10-06T19:39:03.430977+00:00;dividendos_TELB3.csv;YAHOO_DIVIDENDOS;;TELB3.SA;;SEM_EVENTOS;INALTERADO;1;642daec761ccb28fc097aa7f22cfeb4552f7859c3b919e315b4f51bc1ae66de3;49;data/raw/yahoo_dividendos/dividendos_TELB3__20261006_642daec7.csv
20261006_162318;2026-10-06T19:39:04.029128+00:00;dividendos_TELB4.csv;YAHOO_DIVIDENDOS;;TELB4.SA;;SEM_EVENTOS;INALTERADO;1;642daec761ccb28fc097aa7f22cfeb4552f7859c3b919e315b4f51bc1ae66de3;49;data/raw/yahoo_dividendos/dividendos_TELB4__20261006_642daec7.csv
20261006_162318;2026-10-06T19:39:04.639259+00:00;dividendos_TEND3.csv;YAHOO_DIVIDENDOS;;TEND3.SA;;COM_EVENTOS;INALTERADO;1;cc69d33766dff8a71efd2b72417598d2543b321e46356bb951fcbb447243409b;517;data/raw/yahoo_dividendos/dividendos_TEND3__20261006_cc69d337.csv
20261006_162318;2026-10-06T19:39:07.585010+00:00;dividendos_TFCO4.csv;YAHOO_DIVIDENDOS;;TFCO4.SA;;COM_EVENTOS;INALTERADO;1;7c555f8f2189ed788415ec7314241feeee754f0a3ec36201e2a9b0c995e560a1;947;data/raw/yahoo_dividendos/dividendos_TFCO4__20261006_7c555f8f.csv
20261006_162318;2026-10-06T19:39:07.755665+00:00;dividendos_TGMA3.csv;YAHOO_DIVIDENDOS;;TGMA3.SA;;COM_EVENTOS;INALTERADO;1;d180e1c27e712193071aec64c35da5b42ee7d0182252ee6ab9f85a37431c4dae;1547;data/raw/yahoo_dividendos/dividendos_TGMA3__20261006_d180e1c2.csv
20261006_162318;2026-10-06T19:39:10.887348+00:00;dividendos_TIMS3.csv;YAHOO_DIVIDENDOS;;TIMS3.SA;;COM_EVENTOS;INALTERADO;1;10ec5779aebb2da835f7546f3be15ff98b561d610330bb48c7288cb67f1875ef;1700;data/raw/yahoo_dividendos/dividendos_TIMS3__20261006_10ec5779.csv
20261006_162318;2026-10-06T19:39:18.234038+00:00;dividendos_TOKY3.csv;YAHOO_DIVIDENDOS;;TOKY3.SA;;SEM_EVENTOS;INALTERADO;1;642daec761ccb28fc097aa7f22cfeb4552f7859c3b919e315b4f51bc1ae66de3;49;data/raw/yahoo_dividendos/dividendos_TOKY3__20261006_642daec7.csv
20261006_162318;2026-10-06T19:39:19.120479+00:00;dividendos_TOTS3.csv;YAHOO_DIVIDENDOS;;TOTS3.SA;;COM_EVENTOS;INALTERADO;1;cb8cfddb14c393019017f53627cb3ff8eea1d5170e8f5727376910995c7c4527;1754;data/raw/yahoo_dividendos/dividendos_TOTS3__20261006_cb8cfddb.csv
20261006_162318;2026-10-06T19:39:20.785611+00:00;dividendos_TPIS3.csv;YAHOO_DIVIDENDOS;;TPIS3.SA;;COM_EVENTOS;INALTERADO;1;cca56058d2bafb625ec94dd101506223b156f559e8e49a8666dbd4deed740615;689;data/raw/yahoo_dividendos/dividendos_TPIS3__20261006_cca56058.csv
20261006_162318;2026-10-06T19:39:21.464862+00:00;dividendos_TRIS3.csv;YAHOO_DIVIDENDOS;;TRIS3.SA;;COM_EVENTOS;INALTERADO;1;b44b05ee03bc737ba5d7584065feead2d34ee0d7c84e1c68f3ed215bf94f354c;695;data/raw/yahoo_dividendos/dividendos_TRIS3__20261006_b44b05ee.csv
20261006_162318;2026-10-06T19:39:24.494111+00:00;dividendos_TTEN3.csv;YAHOO_DIVIDENDOS;;TTEN3.SA;;COM_EVENTOS;INALTERADO;1;99067866154ac680183f1ae2d01682fa32ad6a755e44908eaeb7c46ed4fd109d;229;data/raw/yahoo_dividendos/dividendos_TTEN3__20261006_99067866.csv
20261006_162318;2026-10-06T19:39:25.265564+00:00;dividendos_TUPY3.csv;YAHOO_DIVIDENDOS;;TUPY3.SA;;COM_EVENTOS;INALTERADO;1;50d4c20b17381183c1bc0547b329d1a8c35ba2223a3c57882703975f8783333d;1184;data/raw/yahoo_dividendos/dividendos_TUPY3__20261006_50d4c20b.csv
20261006_162318;2026-10-06T19:39:25.824693+00:00;dividendos_TXRX3.csv;YAHOO_DIVIDENDOS;;TXRX3.SA;;SEM_EVENTOS;INALTERADO;1;642daec761ccb28fc097aa7f22cfeb4552f7859c3b919e315b4f51bc1ae66de3;49;data/raw/yahoo_dividendos/dividendos_TXRX3__20261006_642daec7.csv
20261006_162318;2026-10-06T19:39:26.385410+00:00;dividendos_TXRX4.csv;YAHOO_DIVIDENDOS;;TXRX4.SA;;SEM_EVENTOS;INALTERADO;1;642daec761ccb28fc097aa7f22cfeb4552f7859c3b919e315b4f51bc1ae66de3;49;data/raw/yahoo_dividendos/dividendos_TXRX4__20261006_642daec7.csv
20261006_162318;2026-10-06T19:39:27.102633+00:00;dividendos_UCAS3.csv;YAHOO_DIVIDENDOS;;UCAS3.SA;;COM_EVENTOS;INALTERADO;1;65cb3eff2c93a60b01e604b5a93253f7ddce8f34649380f3dea3ed7431f7e3e6;535;data/raw/yahoo_dividendos/dividendos_UCAS3__20261006_65cb3eff.csv
20261006_162318;2026-10-06T19:39:27.122700+00:00;dividendos_UGPA3.csv;YAHOO_DIVIDENDOS;;UGPA3.SA;;COM_EVENTOS;INALTERADO;1;9adf6dcd5d619c0f6264f2fdcf8c22402326f69866b2a256320dc4790faa1c94;1330;data/raw/yahoo_dividendos/dividendos_UGPA3__20261006_9adf6dcd.csv
20261006_162318;2026-10-06T19:39:27.754355+00:00;dividendos_UNIP3.csv;YAHOO_DIVIDENDOS;;UNIP3.SA;;COM_EVENTOS;INALTERADO;1;799953fca35741d7151385ba240b0ec6384e79430d69c806113f7a762e894bb9;1303;data/raw/yahoo_dividendos/dividendos_UNIP3__20261006_799953fc.csv
20261006_162318;2026-10-06T19:39:28.321727+00:00;dividendos_UNIP5.csv;YAHOO_DIVIDENDOS;;UNIP5.SA;;COM_EVENTOS;INALTERADO;1;1b4e02d4d80d837ae82c8c8eff7f5c442974849a179570c29a31770e051d95ef;1053;data/raw/yahoo_dividendos/dividendos_UNIP5__20261006_1b4e02d4.csv
20261006_162318;2026-10-06T19:39:28.936192+00:00;dividendos_UNIP6.csv;YAHOO_DIVIDENDOS;;UNIP6.SA;;COM_EVENTOS;INALTERADO;1;efaceaff37f541486768c48a26ca4ac99d93ef2748395aa23aa838d98e567130;1089;data/raw/yahoo_dividendos/dividendos_UNIP6__20261006_efaceaff.csv
20261006_162318;2026-10-06T19:39:29.573715+00:00;dividendos_USIM3.csv;YAHOO_DIVIDENDOS;;USIM3.SA;;COM_EVENTOS;INALTERADO;1;f9fc11d337e95daa35a8acc764b3375fc5d659206bf8935bdee2d96e1e1775c9;868;data/raw/yahoo_dividendos/dividendos_USIM3__20261006_f9fc11d3.csv
20261006_162318;2026-10-06T19:39:30.159423+00:00;dividendos_USIM6.csv;YAHOO_DIVIDENDOS;;USIM6.SA;;COM_EVENTOS;INALTERADO;1;d5badcef4e425807759afbefefea082098006706b18695697c8f3ded5565c9d4;660;data/raw/yahoo_dividendos/dividendos_USIM6__20261006_d5badcef.csv
20261006_162318;2026-10-06T19:39:30.162629+00:00;dividendos_USIM5.csv;YAHOO_DIVIDENDOS;;USIM5.SA;;COM_EVENTOS;INALTERADO;1;a8013547833949024c3bc8d144c93364259a3d197e5097d9b3ae7d0e2b9aa90a;907;data/raw/yahoo_dividendos/dividendos_USIM5__20261006_a8013547.csv
20261006_162318;2026-10-06T19:39:30.960138+00:00;dividendos_VALE3.csv;YAHOO_DIVIDENDOS;;VALE3.SA;;COM_EVENTOS;NOVA_VERSAO;3;212a610ab99346ddf6b3043b35e855fc0d9ea99ba4f028520b9a2bd6f48fb620;1441;data/raw/yahoo_dividendos/dividendos_VALE3__20261006_212a610a.csv
20261006_162318;2026-10-06T19:39:32.128233+00:00;dividendos_VAMO3.csv;YAHOO_DIVIDENDOS;;VAMO3.SA;;COM_EVENTOS;INALTERADO;1;b15e7eff83704053f2c9ac4397ec9aaf60cebb59b25d5bb72d95ed8f9d4f5418;264;data/raw/yahoo_dividendos/dividendos_VAMO3__20261006_b15e7eff.csv
20261006_162318;2026-10-06T19:39:32.730647+00:00;dividendos_VBBR3.csv;YAHOO_DIVIDENDOS;;VBBR3.SA;;COM_EVENTOS;INALTERADO;1;a826236a709608ee1c825be73707dce7e29db3f02e9db8c36af7eba5bb5720ae;913;data/raw/yahoo_dividendos/dividendos_VBBR3__20261006_a826236a.csv
20261006_162318;2026-10-06T19:39:35.826134+00:00;dividendos_VITT3.csv;YAHOO_DIVIDENDOS;;VITT3.SA;;COM_EVENTOS;INALTERADO;1;cefb32e5771ce6352f2bcac5a0b945f284c34ef9d1a36a9467d46eb8f3d68a39;517;data/raw/yahoo_dividendos/dividendos_VITT3__20261006_cefb32e5.csv
20261006_162318;2026-10-06T19:39:36.443818+00:00;dividendos_VIVA3.csv;YAHOO_DIVIDENDOS;;VIVA3.SA;;COM_EVENTOS;INALTERADO;1;4aa9fd3e5d82ecd6afc59cc177b4193dcf714dd84adf3550310727ba51805195;372;data/raw/yahoo_dividendos/dividendos_VIVA3__20261006_4aa9fd3e.csv
20261006_162318;2026-10-06T19:39:37.644192+00:00;dividendos_VIVR3.csv;YAHOO_DIVIDENDOS;;VIVR3.SA;;SEM_EVENTOS;INALTERADO;1;642daec761ccb28fc097aa7f22cfeb4552f7859c3b919e315b4f51bc1ae66de3;49;data/raw/yahoo_dividendos/dividendos_VIVR3__20261006_642daec7.csv
20261006_162318;2026-10-06T19:39:38.499739+00:00;dividendos_VIVT3.csv;YAHOO_DIVIDENDOS;;VIVT3.SA;;COM_EVENTOS;INALTERADO;1;da08a934b9ee06ef7e171c1e5cdb47df277d88f97b8e8106cf4d06a2a4fefc71;4249;data/raw/yahoo_dividendos/dividendos_VIVT3__20261006_da08a934.csv
20261006_162318;2026-10-06T19:39:39.339802+00:00;dividendos_VLID3.csv;YAHOO_DIVIDENDOS;;VLID3.SA;;COM_EVENTOS;INALTERADO;1;7b54500abf6fadf7ab3ec75be710db795165934b697367a555f4762fe5fc3b3c;2029;data/raw/yahoo_dividendos/dividendos_VLID3__20261006_7b54500a.csv
20261006_162318;2026-10-06T19:39:40.139485+00:00;dividendos_VSTE3.csv;YAHOO_DIVIDENDOS;;VSTE3.SA;;COM_EVENTOS;INALTERADO;1;698447dcf90549396e1f1c9d11c4bfccd48b15276497abc5e55c7cf0a0ad80a8;551;data/raw/yahoo_dividendos/dividendos_VSTE3__20261006_698447dc.csv
20261006_162318;2026-10-06T19:39:40.624163+00:00;dividendos_VTRU3.csv;YAHOO_DIVIDENDOS;;VTRU3.SA;;COM_EVENTOS;INALTERADO;1;d814f4286837b9a7a665fd23f116a3201db1bf114c29c070291a0545a9088868;121;data/raw/yahoo_dividendos/dividendos_VTRU3__20261006_d814f428.csv
20261006_162318;2026-10-06T19:39:41.216742+00:00;dividendos_VULC3.csv;YAHOO_DIVIDENDOS;;VULC3.SA;;COM_EVENTOS;INALTERADO;1;74b254cd1f9dfbd4001d85f5c7fa82ee28f80590601f68ee5e490ea4e30bbf34;1290;data/raw/yahoo_dividendos/dividendos_VULC3__20261006_74b254cd.csv
20261006_162318;2026-10-06T19:39:43.232581+00:00;dividendos_VVEO3.csv;YAHOO_DIVIDENDOS;;VVEO3.SA;;COM_EVENTOS;INALTERADO;1;dc562936afb9fc0e23f6aea6b58cc346368233a2b8470c14b51501f4793c75e3;193;data/raw/yahoo_dividendos/dividendos_VVEO3__20261006_dc562936.csv
20261006_162318;2026-10-06T19:39:43.646712+00:00;dividendos_WDCN3.csv;YAHOO_DIVIDENDOS;;WDCN3.SA;;COM_EVENTOS;INALTERADO;1;486b09bf33a60ee6dea68d328ed6df6bbf67aa775122eba36e95914575dca8b8;157;data/raw/yahoo_dividendos/dividendos_WDCN3__20261006_486b09bf.csv
20261006_162318;2026-10-06T19:39:44.021850+00:00;dividendos_WEGE3.csv;YAHOO_DIVIDENDOS;;WEGE3.SA;;COM_EVENTOS;INALTERADO;1;33d9f15922a57c155ca4f6b2ee2f1d778b63914656c8bc43e9f8fd2fd7f32759;3967;data/raw/yahoo_dividendos/dividendos_WEGE3__20261006_33d9f159.csv
20261006_162318;2026-10-06T19:39:44.207790+00:00;dividendos_WEST3.csv;YAHOO_DIVIDENDOS;;WEST3.SA;;COM_EVENTOS;INALTERADO;1;cbe06750ba5932a5aca178d0842c194d4fa2eba913c15f26551c61020e25f8ee;85;data/raw/yahoo_dividendos/dividendos_WEST3__20261006_cbe06750.csv
20261006_162318;2026-10-06T19:39:44.775671+00:00;dividendos_WHRL3.csv;YAHOO_DIVIDENDOS;;WHRL3.SA;;COM_EVENTOS;INALTERADO;1;15d6d9d2cb0a970bbf1df82350bd6f0996a80d9a7c1a4aead6e4b15ff2017411;1200;data/raw/yahoo_dividendos/dividendos_WHRL3__20261006_15d6d9d2.csv
20261006_162318;2026-10-06T19:39:45.059099+00:00;dividendos_WHRL4.csv;YAHOO_DIVIDENDOS;;WHRL4.SA;;COM_EVENTOS;INALTERADO;1;f6e155eea2132b0c1a5380f44f20bf5c22fdf4d2cbbed564449a6515efc6144a;996;data/raw/yahoo_dividendos/dividendos_WHRL4__20261006_f6e155ee.csv
20261006_162318;2026-10-06T19:39:45.229494+00:00;dividendos_WLMM3.csv;YAHOO_DIVIDENDOS;;WLMM3.SA;;COM_EVENTOS;INALTERADO;1;de2ea8cdf8c1ac4d4032c9319d3db34613887c4e482ea9e80c1c06b6e58a7aaf;1003;data/raw/yahoo_dividendos/dividendos_WLMM3__20261006_de2ea8cd.csv
20261006_162318;2026-10-06T19:39:45.864153+00:00;dividendos_WLMM4.csv;YAHOO_DIVIDENDOS;;WLMM4.SA;;COM_EVENTOS;INALTERADO;1;4583d5e6335e66e47a323de09a1f5f2d2e6b88a31bbd4b7a7212d826e08280c4;1360;data/raw/yahoo_dividendos/dividendos_WLMM4__20261006_4583d5e6.csv
20261006_162318;2026-10-06T19:39:46.566982+00:00;dividendos_YDUQ3.csv;YAHOO_DIVIDENDOS;;YDUQ3.SA;;COM_EVENTOS;INALTERADO;1;2cdd73fefeecb973710ec897b7ddbe41156976a4b63bf26285656635ee0134cc;803;data/raw/yahoo_dividendos/dividendos_YDUQ3__20261006_2cdd73fe.csv
20261006_162318;2026-10-06T19:50:35.812316+00:00;dividendos_AALR3.csv;YAHOO_DIVIDENDOS;;AALR3.SA;;COM_EVENTOS;INALTERADO;1;9ad0dcbe12f7837b7fdaf1a7d233b671dccb404a94d27bc71c10cbcef2e17078;121;data/raw/yahoo_dividendos/dividendos_AALR3__20261006_9ad0dcbe.csv
20261006_162318;2026-10-06T19:50:35.942198+00:00;dividendos_ABEV3.csv;YAHOO_DIVIDENDOS;;ABEV3.SA;;COM_EVENTOS;INALTERADO;1;0d928b78a4aed2b65dba75662a1deec45a3b60b0fa9257babd8afbc4027563fd;1891;data/raw/yahoo_dividendos/dividendos_ABEV3__20261006_0d928b78.csv
20261006_162318;2026-10-06T19:50:40.367030+00:00;dividendos_AERI3.csv;YAHOO_DIVIDENDOS;;AERI3.SA;;COM_EVENTOS;INALTERADO;1;b0a80b13af9a65b7934b21db3cf704b1083baead854e776068fc5e7f37833c6d;84;data/raw/yahoo_dividendos/dividendos_AERI3__20261006_b0a80b13.csv
20261006_162318;2026-10-06T19:50:41.923157+00:00;dividendos_AFLT3.csv;YAHOO_DIVIDENDOS;;AFLT3.SA;;COM_EVENTOS;INALTERADO;1;1ebe220851d894e35befa4378dce6224e9debcf9d4a9674374c969496ffb7a18;1091;data/raw/yahoo_dividendos/dividendos_AFLT3__20261006_1ebe2208.csv
20261006_162318;2026-10-06T19:50:44.246702+00:00;dividendos_AGXY3.csv;YAHOO_DIVIDENDOS;;AGXY3.SA;;COM_EVENTOS;INALTERADO;1;b8e83c2fdbabb939bed5e3d807d8132347990ce36e38260415a77916a489d693;120;data/raw/yahoo_dividendos/dividendos_AGXY3__20261006_b8e83c2f.csv
20261006_162318;2026-10-06T19:50:44.587240+00:00;dividendos_AGRO3.csv;YAHOO_DIVIDENDOS;;AGRO3.SA;;COM_EVENTOS;INALTERADO;1;a1c412066306fe8b4ee9b1b6721b9fd225b213e0d4c61750ed781acc692eb415;586;data/raw/yahoo_dividendos/dividendos_AGRO3__20261006_a1c41206.csv
20261006_162318;2026-10-06T19:50:44.999277+00:00;dividendos_AHEB3.csv;YAHOO_DIVIDENDOS;;AHEB3.SA;;SEM_EVENTOS;INALTERADO;1;642daec761ccb28fc097aa7f22cfeb4552f7859c3b919e315b4f51bc1ae66de3;49;data/raw/yahoo_dividendos/dividendos_AHEB3__20261006_642daec7.csv
20261006_162318;2026-10-06T19:50:45.351505+00:00;dividendos_AHEB5.csv;YAHOO_DIVIDENDOS;;AHEB5.SA;;SEM_EVENTOS;INALTERADO;1;642daec761ccb28fc097aa7f22cfeb4552f7859c3b919e315b4f51bc1ae66de3;49;data/raw/yahoo_dividendos/dividendos_AHEB5__20261006_642daec7.csv
20261006_162318;2026-10-06T19:50:45.835336+00:00;dividendos_AHEB6.csv;YAHOO_DIVIDENDOS;;AHEB6.SA;;SEM_EVENTOS;INALTERADO;1;642daec761ccb28fc097aa7f22cfeb4552f7859c3b919e315b4f51bc1ae66de3;49;data/raw/yahoo_dividendos/dividendos_AHEB6__20261006_642daec7.csv
20261006_162318;2026-10-06T19:50:46.032977+00:00;dividendos_ALLD3.csv;YAHOO_DIVIDENDOS;;ALLD3.SA;;COM_EVENTOS;INALTERADO;2;2d01983a6d0f54f23be274d8c6fa50e2368807426ef7d004d514589d1109db6e;444;data/raw/yahoo_dividendos/dividendos_ALLD3__20261006_2d01983a.csv
20261006_162318;2026-10-06T19:50:46.845914+00:00;dividendos_ALOS3.csv;YAHOO_DIVIDENDOS;;ALOS3.SA;;COM_EVENTOS;INALTERADO;1;f4c0821b2584c1ebfb2f3a740b75d2bd2c89305462b74f118fd3199d8a9a7bb9;1386;data/raw/yahoo_dividendos/dividendos_ALOS3__20261006_f4c0821b.csv
20261006_162318;2026-10-06T19:50:47.751099+00:00;dividendos_ALPA3.csv;YAHOO_DIVIDENDOS;;ALPA3.SA;;COM_EVENTOS;INALTERADO;1;f4dbdd6a072fec629f2cc0740b640b8120b594f3d88e875503fa136d6e2daa7d;1840;data/raw/yahoo_dividendos/dividendos_ALPA3__20261006_f4dbdd6a.csv
20261006_162318;2026-10-06T19:50:48.538797+00:00;dividendos_ALPK3.csv;YAHOO_DIVIDENDOS;;ALPK3.SA;;COM_EVENTOS;INALTERADO;1;24d8645f0a6f06561837291f3874a9a54d03796a2bc484efed1d41eba3edc968;85;data/raw/yahoo_dividendos/dividendos_ALPK3__20261006_24d8645f.csv
20261006_162318;2026-10-06T19:50:48.547604+00:00;dividendos_ALPA4.csv;YAHOO_DIVIDENDOS;;ALPA4.SA;;COM_EVENTOS;INALTERADO;1;e9c4c18b3fb0e03aff91b0130f4d3a48cbb4c0caee05db9d262dd86f7fb7847d;1587;data/raw/yahoo_dividendos/dividendos_ALPA4__20261006_e9c4c18b.csv
20261006_162318;2026-10-06T19:50:50.871713+00:00;dividendos_ALUP3.csv;YAHOO_DIVIDENDOS;;ALUP3.SA;;COM_EVENTOS;INALTERADO;1;a39e9bfc11c933979fa4330c2fe2310c514c851b6202c16f5820325e1b10440b;873;data/raw/yahoo_dividendos/dividendos_ALUP3__20261006_a39e9bfc.csv
20261006_162318;2026-10-06T19:50:51.141318+00:00;dividendos_ALUP11.csv;YAHOO_DIVIDENDOS;;ALUP11.SA;;COM_EVENTOS;INALTERADO;1;6f49824864f73e298cf22c837cfc8484b15c8e43060ce3696160d98351f76b2c;1076;data/raw/yahoo_dividendos/dividendos_ALUP11__20261006_6f498248.csv
20261006_162318;2026-10-06T19:50:51.604171+00:00;dividendos_ALUP4.csv;YAHOO_DIVIDENDOS;;ALUP4.SA;;COM_EVENTOS;INALTERADO;1;0f620d96d67aa45654c104690d4cfd1ddc3c28ecf1911bac204f5be4c6a7ee0a;873;data/raw/yahoo_dividendos/dividendos_ALUP4__20261006_0f620d96.csv
20261006_162318;2026-10-06T19:50:51.968385+00:00;dividendos_AMAR3.csv;YAHOO_DIVIDENDOS;;AMAR3.SA;;COM_EVENTOS;INALTERADO;1;c1b1e05fd6f9658e36259e88401a7c7987aaa4ce2e5f07cad3b9aee595265d35;515;data/raw/yahoo_dividendos/dividendos_AMAR3__20261006_c1b1e05f.csv
20261006_162318;2026-10-06T19:50:52.287597+00:00;dividendos_AMBP3.csv;YAHOO_DIVIDENDOS;;AMBP3.SA;;COM_EVENTOS;INALTERADO;1;c911662effaf6e57b0fbbe2d7d92dd41196c9c56ecf74ec604053be6ec954a79;157;data/raw/yahoo_dividendos/dividendos_AMBP3__20261006_c911662e.csv
20261006_162318;2026-10-06T19:50:54.567818+00:00;dividendos_AMER3.csv;YAHOO_DIVIDENDOS;;AMER3.SA;;COM_EVENTOS;INALTERADO;1;58dcf37a1e5e7abd9d595c98ca65f9170cf7086de6ede84756215a4fd8949941;303;data/raw/yahoo_dividendos/dividendos_AMER3__20261006_58dcf37a.csv
20261006_162318;2026-10-06T19:50:56.044663+00:00;dividendos_AMOB3.csv;YAHOO_DIVIDENDOS;;AMOB3.SA;;SEM_EVENTOS;INALTERADO;1;642daec761ccb28fc097aa7f22cfeb4552f7859c3b919e315b4f51bc1ae66de3;49;data/raw/yahoo_dividendos/dividendos_AMOB3__20261006_642daec7.csv
20261006_162318;2026-10-06T19:50:57.020368+00:00;dividendos_ANIM3.csv;YAHOO_DIVIDENDOS;;ANIM3.SA;;COM_EVENTOS;INALTERADO;1;d039dfaf62a5524d4e63ced33856a1fdf08f2ca2c7b6d54d76175ca30c17d360;365;data/raw/yahoo_dividendos/dividendos_ANIM3__20261006_d039dfaf.csv
20261006_162318;2026-10-06T19:50:58.395960+00:00;dividendos_ARML3.csv;YAHOO_DIVIDENDOS;;ARML3.SA;;COM_EVENTOS;INALTERADO;1;26f949e3e7b91c5bf16be0c3dbf344e4d97ba8d7128dea8413dfc9c6976bedb5;624;data/raw/yahoo_dividendos/dividendos_ARML3__20261006_26f949e3.csv
20261006_162318;2026-10-06T19:51:00.322344+00:00;dividendos_ATED3.csv;YAHOO_DIVIDENDOS;;ATED3.SA;;SEM_EVENTOS;INALTERADO;1;642daec761ccb28fc097aa7f22cfeb4552f7859c3b919e315b4f51bc1ae66de3;49;data/raw/yahoo_dividendos/dividendos_ATED3__20261006_642daec7.csv
20261006_162318;2026-10-06T19:51:00.414178+00:00;dividendos_ASAI3.csv;YAHOO_DIVIDENDOS;;ASAI3.SA;;COM_EVENTOS;INALTERADO;1;03b3566f3be9f0e66f20482d828d485f547f30d0c143fd8eb56e3817d6219065;336;data/raw/yahoo_dividendos/dividendos_ASAI3__20261006_03b3566f.csv
20261006_162318;2026-10-06T19:51:03.075152+00:00;dividendos_AUAU3.csv;YAHOO_DIVIDENDOS;;AUAU3.SA;;COM_EVENTOS;INALTERADO;1;aa7da9449bbd766f63e5e6c1677286eac16b4f3c1dcf51c42dc0f4c120ec148a;85;data/raw/yahoo_dividendos/dividendos_AUAU3__20261006_aa7da944.csv
20261006_162318;2026-10-06T19:51:03.103876+00:00;dividendos_AURE3.csv;YAHOO_DIVIDENDOS;;AURE3.SA;;COM_EVENTOS;INALTERADO;1;ae4391fe9786a48aa5950f64a24f33bb7da3698ec32bec834e062ee38a7c7e65;209;data/raw/yahoo_dividendos/dividendos_AURE3__20261006_ae4391fe.csv
20261006_162318;2026-10-06T19:51:03.864695+00:00;dividendos_AVLL3.csv;YAHOO_DIVIDENDOS;;AVLL3.SA;;SEM_EVENTOS;INALTERADO;1;642daec761ccb28fc097aa7f22cfeb4552f7859c3b919e315b4f51bc1ae66de3;49;data/raw/yahoo_dividendos/dividendos_AVLL3__20261006_642daec7.csv
20261006_162318;2026-10-06T19:51:04.879783+00:00;dividendos_AXIA3.csv;YAHOO_DIVIDENDOS;;AXIA3.SA;;COM_EVENTOS;INALTERADO;1;8dd498af18003ba44f5d283a5eca1e38df011d00f84c15f6e15801b3ec0e550f;696;data/raw/yahoo_dividendos/dividendos_AXIA3__20261006_8dd498af.csv
20261006_162318;2026-10-06T19:51:06.917820+00:00;dividendos_AXIA7.csv;YAHOO_DIVIDENDOS;;AXIA7.SA;;SEM_EVENTOS;INALTERADO;1;642daec761ccb28fc097aa7f22cfeb4552f7859c3b919e315b4f51bc1ae66de3;49;data/raw/yahoo_dividendos/dividendos_AXIA7__20261006_642daec7.csv
20261006_162318;2026-10-06T19:51:07.414567+00:00;dividendos_AZEV3.csv;YAHOO_DIVIDENDOS;;AZEV3.SA;;COM_EVENTOS;INALTERADO;1;348a98296208660730b42904c2de1d13a792de7ece6182a5c828af83cb6ab6c1;157;data/raw/yahoo_dividendos/dividendos_AZEV3__20261006_348a9829.csv
20261006_162318;2026-10-06T19:51:07.765441+00:00;dividendos_AZEV4.csv;YAHOO_DIVIDENDOS;;AZEV4.SA;;COM_EVENTOS;INALTERADO;1;a23efe61aea02ea3e716e79fcc8be109d10c829d8876bdfb7892737a4490169b;157;data/raw/yahoo_dividendos/dividendos_AZEV4__20261006_a23efe61.csv
20261006_162318;2026-10-06T19:51:08.137406+00:00;dividendos_AZTE3.csv;YAHOO_DIVIDENDOS;;AZTE3.SA;;SEM_EVENTOS;INALTERADO;1;642daec761ccb28fc097aa7f22cfeb4552f7859c3b919e315b4f51bc1ae66de3;49;data/raw/yahoo_dividendos/dividendos_AZTE3__20261006_642daec7.csv
20261006_162318;2026-10-06T19:51:08.328949+00:00;dividendos_AZUL3.csv;YAHOO_DIVIDENDOS;;AZUL3.SA;;SEM_EVENTOS;INALTERADO;1;642daec761ccb28fc097aa7f22cfeb4552f7859c3b919e315b4f51bc1ae66de3;49;data/raw/yahoo_dividendos/dividendos_AZUL3__20261006_642daec7.csv
20261006_162318;2026-10-06T19:51:08.922790+00:00;dividendos_AZUL97.csv;YAHOO_DIVIDENDOS;;AZUL97.SA;;SEM_EVENTOS;INALTERADO;1;642daec761ccb28fc097aa7f22cfeb4552f7859c3b919e315b4f51bc1ae66de3;49;data/raw/yahoo_dividendos/dividendos_AZUL97__20261006_642daec7.csv
20261006_162318;2026-10-06T19:51:09.688073+00:00;dividendos_AZUL98.csv;YAHOO_DIVIDENDOS;;AZUL98.SA;;SEM_EVENTOS;INALTERADO;1;642daec761ccb28fc097aa7f22cfeb4552f7859c3b919e315b4f51bc1ae66de3;49;data/raw/yahoo_dividendos/dividendos_AZUL98__20261006_642daec7.csv
20261006_162318;2026-10-06T19:51:10.335003+00:00;dividendos_AZUL99.csv;YAHOO_DIVIDENDOS;;AZUL99.SA;;SEM_EVENTOS;INALTERADO;1;642daec761ccb28fc097aa7f22cfeb4552f7859c3b919e315b4f51bc1ae66de3;49;data/raw/yahoo_dividendos/dividendos_AZUL99__20261006_642daec7.csv
20261006_162318;2026-10-06T19:51:10.492064+00:00;dividendos_AZZA3.csv;YAHOO_DIVIDENDOS;;AZZA3.SA;;COM_EVENTOS;INALTERADO;1;3ba62d7cc821ffbbc6aba439f55c34f98f62728ed0033624ba78fa5f45bb5830;1831;data/raw/yahoo_dividendos/dividendos_AZZA3__20261006_3ba62d7c.csv
20261006_162318;2026-10-06T19:51:11.266649+00:00;dividendos_BALM3.csv;YAHOO_DIVIDENDOS;;BALM3.SA;;COM_EVENTOS;INALTERADO;1;a736e873ac31ddb76e716c4704c24d9e98ea188ccb0f5bd22211132a818757e6;817;data/raw/yahoo_dividendos/dividendos_BALM3__20261006_a736e873.csv
20261006_162318;2026-10-06T19:51:12.216111+00:00;dividendos_BALM4.csv;YAHOO_DIVIDENDOS;;BALM4.SA;;COM_EVENTOS;INALTERADO;1;db887bdd4283de267f79a2b95333eb17c01c3c04aa69ea42fbf43b2ee25a50a2;781;data/raw/yahoo_dividendos/dividendos_BALM4__20261006_db887bdd.csv
20261006_162318;2026-10-06T19:51:13.120545+00:00;dividendos_BAUH4.csv;YAHOO_DIVIDENDOS;;BAUH4.SA;;COM_EVENTOS;INALTERADO;1;ad5b71844acc8a97d32f3fd2e5b7badf22f237eea2ea181af408a36e8fc8d647;464;data/raw/yahoo_dividendos/dividendos_BAUH4__20261006_ad5b7184.csv
20261006_162318;2026-10-06T19:51:14.060614+00:00;dividendos_BDLL3.csv;YAHOO_DIVIDENDOS;;BDLL3.SA;;COM_EVENTOS;INALTERADO;1;eae3339ebdac774085c07a65492a9fb9ab8d9f8f73c9cc82fc033531ef8b31af;214;data/raw/yahoo_dividendos/dividendos_BDLL3__20261006_eae3339e.csv
20261006_162318;2026-10-06T19:51:14.497528+00:00;dividendos_BDLL4.csv;YAHOO_DIVIDENDOS;;BDLL4.SA;;COM_EVENTOS;INALTERADO;1;a6295c0d72936cf23ce23d9277a05818e200a3e7f12a65096e4c081e3baa2f3b;213;data/raw/yahoo_dividendos/dividendos_BDLL4__20261006_a6295c0d.csv
20261006_162318;2026-10-06T19:51:15.136885+00:00;dividendos_BEEF3.csv;YAHOO_DIVIDENDOS;;BEEF3.SA;;COM_EVENTOS;INALTERADO;1;4da4bc4bac28994f230013524c043535ef1377ee60f1ec45bcc77efd022363ac;515;data/raw/yahoo_dividendos/dividendos_BEEF3__20261006_4da4bc4b.csv
20261006_162318;2026-10-06T19:51:16.856488+00:00;dividendos_BHIA3.csv;YAHOO_DIVIDENDOS;;BHIA3.SA;;COM_EVENTOS;INALTERADO;1;d976ba6b42602d22e15f9ae13ce779eb5332d192f0d28cd0e062c755a7535395;336;data/raw/yahoo_dividendos/dividendos_BHIA3__20261006_d976ba6b.csv
20261006_162318;2026-10-06T19:51:17.592404+00:00;dividendos_BIOM3.csv;YAHOO_DIVIDENDOS;;BIOM3.SA;;SEM_EVENTOS;INALTERADO;1;642daec761ccb28fc097aa7f22cfeb4552f7859c3b919e315b4f51bc1ae66de3;49;data/raw/yahoo_dividendos/dividendos_BIOM3__20261006_642daec7.csv
20261006_162318;2026-10-06T19:51:17.841986+00:00;dividendos_BIED3.csv;YAHOO_DIVIDENDOS;;BIED3.SA;;COM_EVENTOS;INALTERADO;1;154ca1989b046c54155114bfba6a6ce537e90c1f287ee7390acbeffc76d1aa38;300;data/raw/yahoo_dividendos/dividendos_BIED3__20261006_154ca198.csv
20261006_162318;2026-10-06T19:51:19.955506+00:00;dividendos_BLAU3.csv;YAHOO_DIVIDENDOS;;BLAU3.SA;;COM_EVENTOS;INALTERADO;1;ba823622552757409713ef267619a906ba88a5536089f8d69da18ee6eefcbe4d;840;data/raw/yahoo_dividendos/dividendos_BLAU3__20261006_ba823622.csv
20261006_162318;2026-10-06T19:51:20.030981+00:00;dividendos_BMKS3.csv;YAHOO_DIVIDENDOS;;BMKS3.SA;;COM_EVENTOS;INALTERADO;1;8d63e27ae690079fa2deecd8e1f02e4b591b39a68a0ab6443877ce457949b86d;725;data/raw/yahoo_dividendos/dividendos_BMKS3__20261006_8d63e27a.csv
20261006_162318;2026-10-06T19:51:20.754730+00:00;dividendos_BMOB3.csv;YAHOO_DIVIDENDOS;;BMOB3.SA;;COM_EVENTOS;INALTERADO;1;78a82f44b165b36802828652a7556ff32d96621ac01e52e3122a09fbcf4e2c50;373;data/raw/yahoo_dividendos/dividendos_BMOB3__20261006_78a82f44.csv
20261006_162318;2026-10-06T19:51:22.643329+00:00;dividendos_BOBR4.csv;YAHOO_DIVIDENDOS;;BOBR4.SA;;SEM_EVENTOS;INALTERADO;1;642daec761ccb28fc097aa7f22cfeb4552f7859c3b919e315b4f51bc1ae66de3;49;data/raw/yahoo_dividendos/dividendos_BOBR4__20261006_642daec7.csv
20261006_162318;2026-10-06T19:51:23.450343+00:00;dividendos_BRAV3.csv;YAHOO_DIVIDENDOS;;BRAV3.SA;;COM_EVENTOS;INALTERADO;1;54bad17b7173aeb975d01b2cedff694f66469851fc5bc00e1c48b2ffab238e40;121;data/raw/yahoo_dividendos/dividendos_BRAV3__20261006_54bad17b.csv
20261006_162318;2026-10-06T19:51:26.181582+00:00;dividendos_BRKM3.csv;YAHOO_DIVIDENDOS;;BRKM3.SA;;COM_EVENTOS;INALTERADO;1;2a4ab5f02b9459ae86d7a9e6b984a08a9f98f70bfcd495cad259de1e69b0286b;479;data/raw/yahoo_dividendos/dividendos_BRKM3__20261006_2a4ab5f0.csv
20261006_162318;2026-10-06T19:51:27.328547+00:00;dividendos_BRKM6.csv;YAHOO_DIVIDENDOS;;BRKM6.SA;;COM_EVENTOS;INALTERADO;1;4dc993dc99308b62b759d8e02e6b646233ab3c24cff9b52615042c8050ec8aa3;371;data/raw/yahoo_dividendos/dividendos_BRKM6__20261006_4dc993dc.csv
20261006_162318;2026-10-06T19:51:27.330122+00:00;dividendos_BRKM5.csv;YAHOO_DIVIDENDOS;;BRKM5.SA;;COM_EVENTOS;INALTERADO;1;fb2987d72bbc257d7c4f46698d9eb5dcffed3612a5c5aafd065485ecce638d6d;620;data/raw/yahoo_dividendos/dividendos_BRKM5__20261006_fb2987d7.csv
20261006_162318;2026-10-06T19:51:29.721032+00:00;dividendos_BRST3.csv;YAHOO_DIVIDENDOS;;BRST3.SA;;COM_EVENTOS;INALTERADO;1;26071b8e4bc26d0105acf56a75c07fdf6b86b84f3ebf255fb8883f28f105f82b;85;data/raw/yahoo_dividendos/dividendos_BRST3__20261006_26071b8e.csv
20261006_162318;2026-10-06T19:51:34.743612+00:00;dividendos_CALI3.csv;YAHOO_DIVIDENDOS;;CALI3.SA;;COM_EVENTOS;INALTERADO;1;5425b019235571e891ab8ff70f42ed9561450b3b6a25165378f7ec9661b1d39d;406;data/raw/yahoo_dividendos/dividendos_CALI3__20261006_5425b019.csv
20261006_162318;2026-10-06T19:51:35.586851+00:00;dividendos_CAMB3.csv;YAHOO_DIVIDENDOS;;CAMB3.SA;;COM_EVENTOS;INALTERADO;1;be3ddc8ffc2a6c8df63c7ba6fd4358a40894462ba33ed998c029ef363fb460ec;826;data/raw/yahoo_dividendos/dividendos_CAMB3__20261006_be3ddc8f.csv
20261006_162318;2026-10-06T19:51:37.108649+00:00;dividendos_CAML3.csv;YAHOO_DIVIDENDOS;;CAML3.SA;;COM_EVENTOS;INALTERADO;1;d918f8651b9b7a40c37ce39d0f2ef31e27b2484a8e7e8787f4ec4ea13481a564;1375;data/raw/yahoo_dividendos/dividendos_CAML3__20261006_d918f865.csv
20261006_162318;2026-10-06T19:51:37.744259+00:00;dividendos_CASH3.csv;YAHOO_DIVIDENDOS;;CASH3.SA;;COM_EVENTOS;INALTERADO;1;72d0a4d1f74dca7c63e4cbec6f021c3293d794da66be573cadbceaf26feb12c2;85;data/raw/yahoo_dividendos/dividendos_CASH3__20261006_72d0a4d1.csv
20261006_162318;2026-10-06T19:51:38.636798+00:00;dividendos_CASN3.csv;YAHOO_DIVIDENDOS;;CASN3.SA;;SEM_EVENTOS;INALTERADO;1;642daec761ccb28fc097aa7f22cfeb4552f7859c3b919e315b4f51bc1ae66de3;49;data/raw/yahoo_dividendos/dividendos_CASN3__20261006_642daec7.csv
20261006_162318;2026-10-06T19:51:39.611761+00:00;dividendos_CBAV3.csv;YAHOO_DIVIDENDOS;;CBAV3.SA;;COM_EVENTOS;INALTERADO;1;57f2c0d6bfdbf74b891f8531743d0f8dced0b26a77de44441c3637c3f86dd93c;193;data/raw/yahoo_dividendos/dividendos_CBAV3__20261006_57f2c0d6.csv
20261006_162318;2026-10-06T19:51:40.809436+00:00;dividendos_CBEE3.csv;YAHOO_DIVIDENDOS;;CBEE3.SA;;COM_EVENTOS;INALTERADO;1;283be4b0515f87e405d9e69d9f6b6e54134d340cf47b98fd265c470b78a78801;516;data/raw/yahoo_dividendos/dividendos_CBEE3__20261006_283be4b0.csv
20261006_162318;2026-10-06T19:51:45.885091+00:00;dividendos_CCTY3.csv;YAHOO_DIVIDENDOS;;CCTY3.SA;;SEM_EVENTOS;INALTERADO;1;642daec761ccb28fc097aa7f22cfeb4552f7859c3b919e315b4f51bc1ae66de3;49;data/raw/yahoo_dividendos/dividendos_CCTY3__20261006_642daec7.csv
20261006_162318;2026-10-06T19:51:46.729844+00:00;dividendos_CEAB3.csv;YAHOO_DIVIDENDOS;;CEAB3.SA;;COM_EVENTOS;INALTERADO;1;292103de134056d3f2e34db3d37a7e8283b916cc11841dfbc52b7c9d572d1e90;191;data/raw/yahoo_dividendos/dividendos_CEAB3__20261006_292103de.csv
20261006_162318;2026-10-06T19:51:47.024836+00:00;dividendos_CEBR3.csv;YAHOO_DIVIDENDOS;;CEBR3.SA;;COM_EVENTOS;INALTERADO;1;862b5aa062c01ecd9c12ac1832b276d5dac6032a98a0d28e0ebf3ce6a43cba4c;652;data/raw/yahoo_dividendos/dividendos_CEBR3__20261006_862b5aa0.csv
20261006_162318;2026-10-06T19:51:47.513281+00:00;dividendos_CEBR5.csv;YAHOO_DIVIDENDOS;;CEBR5.SA;;COM_EVENTOS;INALTERADO;1;0051730f3276195fc2d260c9776800e96be262864d21864496d55523d78b3a63;653;data/raw/yahoo_dividendos/dividendos_CEBR5__20261006_0051730f.csv
20261006_162318;2026-10-06T19:51:47.847380+00:00;dividendos_CEBR6.csv;YAHOO_DIVIDENDOS;;CEBR6.SA;;COM_EVENTOS;INALTERADO;1;64e2b39d165cd3768c9fa6aae57ed6b0b2936a8de3a78d9ddb86f5f2b3307311;657;data/raw/yahoo_dividendos/dividendos_CEBR6__20261006_64e2b39d.csv
20261006_162318;2026-10-06T19:51:48.307141+00:00;dividendos_CEDO3.csv;YAHOO_DIVIDENDOS;;CEDO3.SA;;COM_EVENTOS;INALTERADO;1;27c611b76745117f20b312149019ad4012e135044dbbed344964afd7c5aa8447;458;data/raw/yahoo_dividendos/dividendos_CEDO3__20261006_27c611b7.csv
20261006_162318;2026-10-06T19:51:48.497215+00:00;dividendos_CEDO4.csv;YAHOO_DIVIDENDOS;;CEDO4.SA;;COM_EVENTOS;INALTERADO;1;6609f9da24e66d7d95d03725aec70557ff038f0e136bfbb8cec2a40aadb11130;211;data/raw/yahoo_dividendos/dividendos_CEDO4__20261006_6609f9da.csv
20261006_162318;2026-10-06T19:51:49.117883+00:00;dividendos_CEEB5.csv;YAHOO_DIVIDENDOS;;CEEB5.SA;;COM_EVENTOS;INALTERADO;1;4d05236b3c0308b314503079a19f5bb109f1705c02ed1ed5499f691fb6dd308f;2130;data/raw/yahoo_dividendos/dividendos_CEEB5__20261006_4d05236b.csv
20261006_162318;2026-10-06T19:51:49.302127+00:00;dividendos_CEEB3.csv;YAHOO_DIVIDENDOS;;CEEB3.SA;;COM_EVENTOS;INALTERADO;1;40f5ac68ca3213db96121803c70ee2ad1a5d579b3ae029e18f4afcd5c781c67e;2350;data/raw/yahoo_dividendos/dividendos_CEEB3__20261006_40f5ac68.csv
20261006_162318;2026-10-06T19:51:49.846669+00:00;dividendos_CEED3.csv;YAHOO_DIVIDENDOS;;CEED3.SA;;SEM_EVENTOS;INALTERADO;1;642daec761ccb28fc097aa7f22cfeb4552f7859c3b919e315b4f51bc1ae66de3;49;data/raw/yahoo_dividendos/dividendos_CEED3__20261006_642daec7.csv
20261006_162318;2026-10-06T19:51:49.869431+00:00;dividendos_CEED4.csv;YAHOO_DIVIDENDOS;;CEED4.SA;;SEM_EVENTOS;INALTERADO;1;642daec761ccb28fc097aa7f22cfeb4552f7859c3b919e315b4f51bc1ae66de3;49;data/raw/yahoo_dividendos/dividendos_CEED4__20261006_642daec7.csv
20261006_162318;2026-10-06T19:51:50.699098+00:00;dividendos_CEGR3.csv;YAHOO_DIVIDENDOS;;CEGR3.SA;;COM_EVENTOS;INALTERADO;1;3cd18895d4c12cbeea8b9d72f2f1d084eb38b064b397ec388ec7d1456dc453d2;1362;data/raw/yahoo_dividendos/dividendos_CEGR3__20261006_3cd18895.csv
20261006_162318;2026-10-06T19:51:58.512236+00:00;dividendos_CGAS3.csv;YAHOO_DIVIDENDOS;;CGAS3.SA;;COM_EVENTOS;INALTERADO;1;d3c7be53c50e671fcf449afa8ebf4b6e589092bce4049c3272d06a988f384a39;1734;data/raw/yahoo_dividendos/dividendos_CGAS3__20261006_d3c7be53.csv
20261006_162318;2026-10-06T19:51:59.313893+00:00;dividendos_CGRA3.csv;YAHOO_DIVIDENDOS;;CGRA3.SA;;COM_EVENTOS;INALTERADO;1;acaabea2d486b55dc14f388216d1423b6a7b53636535928f485d0c4bf086363a;1196;data/raw/yahoo_dividendos/dividendos_CGRA3__20261006_acaabea2.csv
20261006_162318;2026-10-06T19:51:59.379702+00:00;dividendos_CGAS5.csv;YAHOO_DIVIDENDOS;;CGAS5.SA;;COM_EVENTOS;INALTERADO;1;6ce443c777878ae70a6231f9fda366cf23d8cee4a361501d53391a350eb5416b;1702;data/raw/yahoo_dividendos/dividendos_CGAS5__20261006_6ce443c7.csv
20261006_162318;2026-10-06T19:52:00.189463+00:00;dividendos_CGRA4.csv;YAHOO_DIVIDENDOS;;CGRA4.SA;;COM_EVENTOS;INALTERADO;1;2be978721479e591acb9b6923ac1955483fa9897ccc20cbee35fe41e11f48f31;1164;data/raw/yahoo_dividendos/dividendos_CGRA4__20261006_2be97872.csv
20261006_162318;2026-10-06T19:52:03.085435+00:00;dividendos_CLSC3.csv;YAHOO_DIVIDENDOS;;CLSC3.SA;;COM_EVENTOS;INALTERADO;1;04f258c516d2dec55961e728a1799f2161b87165ecacb071f72c406d44ea3337;1554;data/raw/yahoo_dividendos/dividendos_CLSC3__20261006_04f258c5.csv
20261006_162318;2026-10-06T19:52:03.853303+00:00;dividendos_CLSC4.csv;YAHOO_DIVIDENDOS;;CLSC4.SA;;COM_EVENTOS;INALTERADO;1;c19364c490c9035b61b29f0af6a9f70eb8034dada0e2d50f0973018851128c55;1303;data/raw/yahoo_dividendos/dividendos_CLSC4__20261006_c19364c4.csv
20261006_162318;2026-10-06T19:52:07.132494+00:00;dividendos_CMIG3.csv;YAHOO_DIVIDENDOS;;CMIG3.SA;;COM_EVENTOS;INALTERADO;1;65a27b0adefd09bf5092abcbabe1386a2c4707f5deeb92700cd44ee9098d3ad9;2050;data/raw/yahoo_dividendos/dividendos_CMIG3__20261006_65a27b0a.csv
20261006_162318;2026-10-06T19:52:07.827458+00:00;dividendos_CMIG4.csv;YAHOO_DIVIDENDOS;;CMIG4.SA;;COM_EVENTOS;INALTERADO;1;8e8ba82eda34a21b4b8fae6e89fb9fb71e8f7321e389804e1a3d168fcb189fff;1946;data/raw/yahoo_dividendos/dividendos_CMIG4__20261006_8e8ba82e.csv
20261006_162318;2026-10-06T19:52:07.930859+00:00;dividendos_CMIN3.csv;YAHOO_DIVIDENDOS;;CMIN3.SA;;COM_EVENTOS;INALTERADO;1;af6fb8b50215a0cfd0b446b5d3e019754301dd27934c9938de0ee94c23600d99;659;data/raw/yahoo_dividendos/dividendos_CMIN3__20261006_af6fb8b5.csv
20261006_162318;2026-10-06T19:52:09.941245+00:00;dividendos_COCE3.csv;YAHOO_DIVIDENDOS;;COCE3.SA;;COM_EVENTOS;INALTERADO;1;7e615e4d84e9765c05b7b856e580317874fb3d94d9f4b8f75acd07608067186d;800;data/raw/yahoo_dividendos/dividendos_COCE3__20261006_7e615e4d.csv
20261006_162318;2026-10-06T19:52:10.767436+00:00;dividendos_COCE5.csv;YAHOO_DIVIDENDOS;;COCE5.SA;;COM_EVENTOS;INALTERADO;1;ea661685f9685876ca0977554e1172e2138bd0ebc500cb12067ba874162287f0;765;data/raw/yahoo_dividendos/dividendos_COCE5__20261006_ea661685.csv
20261006_162318;2026-10-06T19:52:11.665051+00:00;dividendos_COGN3.csv;YAHOO_DIVIDENDOS;;COGN3.SA;;COM_EVENTOS;INALTERADO;1;b33523ff0f5156edfb10963c7b73dd391c4a28343c750cb1200a897eefdd99d4;1129;data/raw/yahoo_dividendos/dividendos_COGN3__20261006_b33523ff.csv
20261006_162318;2026-10-06T19:52:12.992400+00:00;dividendos_CPFE3.csv;YAHOO_DIVIDENDOS;;CPFE3.SA;;COM_EVENTOS;INALTERADO;1;a7e1ee78d313d209a239b80f9734fad3e183cfecfdd4a161eba8ba9ed5afbe1b;983;data/raw/yahoo_dividendos/dividendos_CPFE3__20261006_a7e1ee78.csv
20261006_162318;2026-10-06T19:52:14.702870+00:00;dividendos_CPLE3.csv;YAHOO_DIVIDENDOS;;CPLE3.SA;;COM_EVENTOS;INALTERADO;1;fa5f062ec977ed6e163e10cedf0e6ab405b7d53da4e0a39f0c93b61eb9ac7a95;1335;data/raw/yahoo_dividendos/dividendos_CPLE3__20261006_fa5f062e.csv
20261006_162318;2026-10-06T19:52:19.455602+00:00;dividendos_CRPG3.csv;YAHOO_DIVIDENDOS;;CRPG3.SA;;COM_EVENTOS;INALTERADO;1;37968e99c0c5a747389dee380bd326d4250b77e4ecb0e9881e016e7faa7de5c4;889;data/raw/yahoo_dividendos/dividendos_CRPG3__20261006_37968e99.csv
20261006_162318;2026-10-06T19:52:20.349932+00:00;dividendos_CRPG6.csv;YAHOO_DIVIDENDOS;;CRPG6.SA;;COM_EVENTOS;INALTERADO;1;83e828c71d46710a4b29c47ea59622540d3a77ea04791a91fa98d755dcbdfeef;855;data/raw/yahoo_dividendos/dividendos_CRPG6__20261006_83e828c7.csv
20261006_162318;2026-10-06T19:52:20.352906+00:00;dividendos_CRPG5.csv;YAHOO_DIVIDENDOS;;CRPG5.SA;;COM_EVENTOS;INALTERADO;1;bfacd51b4541fd5664cf648aace602b01103364a14ea0942ada53a76e1c3d3e5;886;data/raw/yahoo_dividendos/dividendos_CRPG5__20261006_bfacd51b.csv
20261006_162318;2026-10-06T19:52:21.313842+00:00;dividendos_CSAN3.csv;YAHOO_DIVIDENDOS;;CSAN3.SA;;COM_EVENTOS;INALTERADO;1;5804723db0c801befbf9d4057ae9ab27ab562e533a1e8dd02832c2e71c0aa6be;839;data/raw/yahoo_dividendos/dividendos_CSAN3__20261006_5804723d.csv
20261006_162318;2026-10-06T19:52:22.333438+00:00;dividendos_CSED3.csv;YAHOO_DIVIDENDOS;;CSED3.SA;;COM_EVENTOS;INALTERADO;1;28a377f2806439df290bd97e3f3efca9b4c2d01ae94ec4cbd29a525f8edc6275;334;data/raw/yahoo_dividendos/dividendos_CSED3__20261006_28a377f2.csv
20261006_162318;2026-10-06T19:52:22.656194+00:00;dividendos_CSMG3.csv;YAHOO_DIVIDENDOS;;CSMG3.SA;;COM_EVENTOS;INALTERADO;1;048513d9545a2511e971c0b5195bf7b2719ac6caf3e6f1d163557e20d65757c0;2488;data/raw/yahoo_dividendos/dividendos_CSMG3__20261006_048513d9.csv
20261006_162318;2026-10-06T19:52:23.153565+00:00;dividendos_CSNA3.csv;YAHOO_DIVIDENDOS;;CSNA3.SA;;COM_EVENTOS;INALTERADO;1;3e1e48a70f69abdc5dbad88f6226d3ae3db1f3a30d96a5866d3d0d982923622a;1046;data/raw/yahoo_dividendos/dividendos_CSNA3__20261006_3e1e48a7.csv
20261006_162318;2026-10-06T19:52:25.248683+00:00;dividendos_CSUD3.csv;YAHOO_DIVIDENDOS;;CSUD3.SA;;COM_EVENTOS;INALTERADO;1;c2e386c2c4b2136bcbdf951bec89e7eadf7d8180a95bf33e26465f7b4e88bbd7;1769;data/raw/yahoo_dividendos/dividendos_CSUD3__20261006_c2e386c2.csv
20261006_162318;2026-10-06T19:52:26.135413+00:00;dividendos_CTAX3.csv;YAHOO_DIVIDENDOS;;CTAX3.SA;;COM_EVENTOS;INALTERADO;1;e9afed3ca38dc0c0c45936e03fb38fbc72035c45ae0334f58ad4493459cce9a0;413;data/raw/yahoo_dividendos/dividendos_CTAX3__20261006_e9afed3c.csv
20261006_162318;2026-10-06T19:52:27.746047+00:00;dividendos_CTKA3.csv;YAHOO_DIVIDENDOS;;CTKA3.SA;;COM_EVENTOS;INALTERADO;1;62e303f9f84bb8356a52f12913d3d3ad30143d3a88c5844194fd26f171205733;157;data/raw/yahoo_dividendos/dividendos_CTKA3__20261006_62e303f9.csv
20261006_162318;2026-10-06T19:52:28.470930+00:00;dividendos_CTKA4.csv;YAHOO_DIVIDENDOS;;CTKA4.SA;;COM_EVENTOS;INALTERADO;1;1a83371865fdb77e78d33aff33ebdc75db5b5bb0abce25bcb25c8e01efcb8841;119;data/raw/yahoo_dividendos/dividendos_CTKA4__20261006_1a833718.csv
20261006_162318;2026-10-06T19:52:29.246011+00:00;dividendos_CTNM4.csv;YAHOO_DIVIDENDOS;;CTNM4.SA;;COM_EVENTOS;INALTERADO;1;9364b050f49b383463d1c4a7126f5908be4c9e157bc7fc9ee212143530348b01;85;data/raw/yahoo_dividendos/dividendos_CTNM4__20261006_9364b050.csv
20261006_162318;2026-10-06T19:52:30.218516+00:00;dividendos_CTSA3.csv;YAHOO_DIVIDENDOS;;CTSA3.SA;;COM_EVENTOS;INALTERADO;1;a41472f20131aaa6baae68c430ad9d8f406e8ca4a5af2869edcc2c9e57bb419b;804;data/raw/yahoo_dividendos/dividendos_CTSA3__20261006_a41472f2.csv
20261006_162318;2026-10-06T19:52:30.972609+00:00;dividendos_CTSA4.csv;YAHOO_DIVIDENDOS;;CTSA4.SA;;COM_EVENTOS;INALTERADO;1;f8fd59b6bc6ab27c94516221d1e1e371b66461c8ff32a9040ec292f5eb9f500b;588;data/raw/yahoo_dividendos/dividendos_CTSA4__20261006_f8fd59b6.csv
20261006_162318;2026-10-06T19:52:31.574468+00:00;dividendos_CURY3.csv;YAHOO_DIVIDENDOS;;CURY3.SA;;COM_EVENTOS;INALTERADO;1;2ba8c2ef4f593098bd124af2c8b4e69be1ceeff1be422bc729acd3b51730e9a7;693;data/raw/yahoo_dividendos/dividendos_CURY3__20261006_2ba8c2ef.csv
20261006_162318;2026-10-06T19:52:31.852810+00:00;dividendos_CVCB3.csv;YAHOO_DIVIDENDOS;;CVCB3.SA;;COM_EVENTOS;INALTERADO;1;4e60b6596140864ad977348bb7cf1d7a0db2074e8bc9c66780a45bb718812485;516;data/raw/yahoo_dividendos/dividendos_CVCB3__20261006_4e60b659.csv
20261006_162318;2026-10-06T19:52:32.437090+00:00;dividendos_CYRE4.csv;YAHOO_DIVIDENDOS;;CYRE4.SA;;SEM_EVENTOS;INALTERADO;1;642daec761ccb28fc097aa7f22cfeb4552f7859c3b919e315b4f51bc1ae66de3;49;data/raw/yahoo_dividendos/dividendos_CYRE4__20261006_642daec7.csv
20261006_162318;2026-10-06T19:52:32.440306+00:00;dividendos_CYRE3.csv;YAHOO_DIVIDENDOS;;CYRE3.SA;;COM_EVENTOS;INALTERADO;1;782a19624f206adc7777d0bacbb5e5a76541d22c6ce004ce824bdb5b33943268;803;data/raw/yahoo_dividendos/dividendos_CYRE3__20261006_782a1962.csv
20261006_162318;2026-10-06T19:52:33.125428+00:00;dividendos_DASA3.csv;YAHOO_DIVIDENDOS;;DASA3.SA;;COM_EVENTOS;INALTERADO;1;4f739ce5ff9ab4e7bac14d28bc22f5f47188b1f91d915ff3c837bc6f7ca292ce;625;data/raw/yahoo_dividendos/dividendos_DASA3__20261006_4f739ce5.csv
20261006_162318;2026-10-06T19:52:33.176207+00:00;dividendos_DESK3.csv;YAHOO_DIVIDENDOS;;DESK3.SA;;COM_EVENTOS;INALTERADO;1;007554c6ca778febfc1d414d24ab9845c07f3aa889ef0098311dad553fecb686;301;data/raw/yahoo_dividendos/dividendos_DESK3__20261006_007554c6.csv
20261006_162318;2026-10-06T19:52:33.711040+00:00;dividendos_DEXP4.csv;YAHOO_DIVIDENDOS;;DEXP4.SA;;COM_EVENTOS;INALTERADO;1;b110e10733a370161edd5519c86716a182507f8b2fb102a1526b391c5cff05ef;337;data/raw/yahoo_dividendos/dividendos_DEXP4__20261006_b110e107.csv
20261006_162318;2026-10-06T19:52:33.917038+00:00;dividendos_DEXP3.csv;YAHOO_DIVIDENDOS;;DEXP3.SA;;COM_EVENTOS;INALTERADO;1;104e15113aee4658d5b2507aa2767d96c151d0aa752b43c8da599a1c732d7bd1;408;data/raw/yahoo_dividendos/dividendos_DEXP3__20261006_104e1511.csv
20261006_162318;2026-10-06T19:52:35.665236+00:00;dividendos_DMVF3.csv;YAHOO_DIVIDENDOS;;DMVF3.SA;;SEM_EVENTOS;INALTERADO;1;642daec761ccb28fc097aa7f22cfeb4552f7859c3b919e315b4f51bc1ae66de3;49;data/raw/yahoo_dividendos/dividendos_DMVF3__20261006_642daec7.csv
20261006_162318;2026-10-06T19:52:35.868296+00:00;dividendos_DIRR3.csv;YAHOO_DIVIDENDOS;;DIRR3.SA;;COM_EVENTOS;INALTERADO;1;38e13e83b5a577f40a7308d300c3dc2f4f24bb4e3971728a00dec397f5992f42;835;data/raw/yahoo_dividendos/dividendos_DIRR3__20261006_38e13e83.csv
20261006_162318;2026-10-06T19:52:37.693534+00:00;dividendos_DOHL4.csv;YAHOO_DIVIDENDOS;;DOHL4.SA;;COM_EVENTOS;INALTERADO;1;a41338522b606341eb5c86b00d3d9307d2da6a9ecb302abefd02acfa7ff53205;593;data/raw/yahoo_dividendos/dividendos_DOHL4__20261006_a4133852.csv
20261006_162318;2026-10-06T19:52:37.853263+00:00;dividendos_DOHL3.csv;YAHOO_DIVIDENDOS;;DOHL3.SA;;COM_EVENTOS;INALTERADO;1;42571061ee4151cc2eff43872c2788299bc7f13dfc6230de9cf152c9d7c0f996;684;data/raw/yahoo_dividendos/dividendos_DOHL3__20261006_42571061.csv
20261006_162318;2026-10-06T19:52:38.363485+00:00;dividendos_DOTZ3.csv;YAHOO_DIVIDENDOS;;DOTZ3.SA;;SEM_EVENTOS;INALTERADO;1;642daec761ccb28fc097aa7f22cfeb4552f7859c3b919e315b4f51bc1ae66de3;49;data/raw/yahoo_dividendos/dividendos_DOTZ3__20261006_642daec7.csv
20261006_162318;2026-10-06T19:52:38.968338+00:00;dividendos_DTCY3.csv;YAHOO_DIVIDENDOS;;DTCY3.SA;;SEM_EVENTOS;INALTERADO;1;642daec761ccb28fc097aa7f22cfeb4552f7859c3b919e315b4f51bc1ae66de3;49;data/raw/yahoo_dividendos/dividendos_DTCY3__20261006_642daec7.csv
20261006_162318;2026-10-06T19:52:41.325020+00:00;dividendos_DXCO3.csv;YAHOO_DIVIDENDOS;;DXCO3.SA;;COM_EVENTOS;INALTERADO;1;ac38d6b79ef42bdc1d90f8f33e81482407663842f9207f64443131c7f419fd6e;1124;data/raw/yahoo_dividendos/dividendos_DXCO3__20261006_ac38d6b7.csv
20261006_162318;2026-10-06T19:52:43.974150+00:00;dividendos_EALT3.csv;YAHOO_DIVIDENDOS;;EALT3.SA;;COM_EVENTOS;INALTERADO;1;2076c8cce7689da3ee1f63f64b9a21faaa13076e623cda6ab4df15c8047aff7c;729;data/raw/yahoo_dividendos/dividendos_EALT3__20261006_2076c8cc.csv
20261006_162318;2026-10-06T19:52:44.241477+00:00;dividendos_EALT4.csv;YAHOO_DIVIDENDOS;;EALT4.SA;;COM_EVENTOS;INALTERADO;1;0375ab9d6d66424fd701dc26e61465580706b1813f9d5de0d803bd67adb87843;767;data/raw/yahoo_dividendos/dividendos_EALT4__20261006_0375ab9d.csv
20261006_162318;2026-10-06T19:52:46.733261+00:00;dividendos_ECOM3.csv;YAHOO_DIVIDENDOS;;ECOM3.SA;;COM_EVENTOS;INALTERADO;1;456360f2d108c134f62f7be5f0e25bc5fb4600a66ca2bcff18beec0d4b36962f;85;data/raw/yahoo_dividendos/dividendos_ECOM3__20261006_456360f2.csv
20261006_162318;2026-10-06T19:52:47.741941+00:00;dividendos_ECOR3.csv;YAHOO_DIVIDENDOS;;ECOR3.SA;;COM_EVENTOS;INALTERADO;1;42e3214f5b9b552bad54c611cadebd1f8a68ff971e7090f1831c646a0f3d5256;801;data/raw/yahoo_dividendos/dividendos_ECOR3__20261006_42e3214f.csv
20261006_162318;2026-10-06T19:52:48.848745+00:00;dividendos_EGGY3.csv;YAHOO_DIVIDENDOS;;EGGY3.SA;;SEM_EVENTOS;INALTERADO;1;642daec761ccb28fc097aa7f22cfeb4552f7859c3b919e315b4f51bc1ae66de3;49;data/raw/yahoo_dividendos/dividendos_EGGY3__20261006_642daec7.csv
20261006_162318;2026-10-06T19:52:49.739742+00:00;dividendos_EKTR3.csv;YAHOO_DIVIDENDOS;;EKTR3.SA;;COM_EVENTOS;INALTERADO;1;a1e526656b3b6e49d6f77b6402289f3360baec6314830d1e3a6f98484046191a;2165;data/raw/yahoo_dividendos/dividendos_EKTR3__20261006_a1e52665.csv
20261006_162318;2026-10-06T19:52:50.070685+00:00;dividendos_EGIE3.csv;YAHOO_DIVIDENDOS;;EGIE3.SA;;COM_EVENTOS;INALTERADO;1;20585436bb9492eb8ebf985785a48ae7565f5dc5a444ae6036a1dc2c6fe63201;2024;data/raw/yahoo_dividendos/dividendos_EGIE3__20261006_20585436.csv
20261006_162318;2026-10-06T19:52:50.457993+00:00;dividendos_EKTR4.csv;YAHOO_DIVIDENDOS;;EKTR4.SA;;COM_EVENTOS;INALTERADO;1;afd1173470b4011d91b742da71e095906806b5e993b63bacfc604b9ea1468e69;2024;data/raw/yahoo_dividendos/dividendos_EKTR4__20261006_afd11734.csv
20261006_162318;2026-10-06T19:52:56.384812+00:00;dividendos_EMAE3.csv;YAHOO_DIVIDENDOS;;EMAE3.SA;;COM_EVENTOS;INALTERADO;1;3498f25b4fab892277a76112e272eff10495ea28fe2eff98f1326c28f47e04c8;583;data/raw/yahoo_dividendos/dividendos_EMAE3__20261006_3498f25b.csv
20261006_162318;2026-10-06T19:52:57.523685+00:00;dividendos_EMAE4.csv;YAHOO_DIVIDENDOS;;EMAE4.SA;;COM_EVENTOS;INALTERADO;1;1a4b4082c95cc974166b350ae68ac7f023d9e882152ca6267d2929a5085567cc;831;data/raw/yahoo_dividendos/dividendos_EMAE4__20261006_1a4b4082.csv
20261006_162318;2026-10-06T19:52:57.600092+00:00;dividendos_EMBJ3.csv;YAHOO_DIVIDENDOS;;EMBJ3.SA;;COM_EVENTOS;INALTERADO;1;6e591f3c626038f67f9f2e828bbb101cf551c8d1bcfdf0737fcc143ad5966592;1652;data/raw/yahoo_dividendos/dividendos_EMBJ3__20261006_6e591f3c.csv
20261006_162318;2026-10-06T19:52:59.872222+00:00;dividendos_ENEV3.csv;YAHOO_DIVIDENDOS;;ENEV3.SA;;COM_EVENTOS;INALTERADO;1;d447af79c1b1e030c9f74f5354d935346de1a772a49eaa516b2009225db583ee;85;data/raw/yahoo_dividendos/dividendos_ENEV3__20261006_d447af79.csv
20261006_162318;2026-10-06T19:53:00.915446+00:00;dividendos_ENGI11.csv;YAHOO_DIVIDENDOS;;ENGI11.SA;;COM_EVENTOS;INALTERADO;1;ae3dcc8b96af9c09ac25ba96f2f02359105cc33f30f3c61ce17fd275e86e3120;1395;data/raw/yahoo_dividendos/dividendos_ENGI11__20261006_ae3dcc8b.csv
20261006_162318;2026-10-06T19:53:01.237356+00:00;dividendos_ENGI3.csv;YAHOO_DIVIDENDOS;;ENGI3.SA;;COM_EVENTOS;INALTERADO;1;d559642bae426239dd31a30292ec5608a681eabb4eed8585a40e66c221eb483b;1478;data/raw/yahoo_dividendos/dividendos_ENGI3__20261006_d559642b.csv
20261006_162318;2026-10-06T19:53:01.724054+00:00;dividendos_ENGI4.csv;YAHOO_DIVIDENDOS;;ENGI4.SA;;COM_EVENTOS;INALTERADO;1;e4c5dc06c96c1f4b529381882cce49a9fbe94b12f7d216852403764f7fd0d18c;1395;data/raw/yahoo_dividendos/dividendos_ENGI4__20261006_e4c5dc06.csv
20261006_162318;2026-10-06T19:53:01.838777+00:00;dividendos_ENJU3.csv;YAHOO_DIVIDENDOS;;ENJU3.SA;;COM_EVENTOS;INALTERADO;1;1f7a768e07694b77ab600c02758fd886960482556596ac4ced64ce95087d2e87;85;data/raw/yahoo_dividendos/dividendos_ENJU3__20261006_1f7a768e.csv
20261006_162318;2026-10-06T19:53:02.435944+00:00;dividendos_ENMT3.csv;YAHOO_DIVIDENDOS;;ENMT3.SA;;COM_EVENTOS;INALTERADO;1;9dae9f4c4706e3ea63952d9df99e63e6551b32a79bc11b67c7d4f9dd9aaa4c36;1076;data/raw/yahoo_dividendos/dividendos_ENMT3__20261006_9dae9f4c.csv
20261006_162318;2026-10-06T19:53:02.741133+00:00;dividendos_ENMT4.csv;YAHOO_DIVIDENDOS;;ENMT4.SA;;COM_EVENTOS;INALTERADO;1;36a7ebcd820dc37bcaa9a624a23a0f7f05a5a629597425733503c3155956b44e;1186;data/raw/yahoo_dividendos/dividendos_ENMT4__20261006_36a7ebcd.csv
20261006_162318;2026-10-06T19:53:03.130464+00:00;dividendos_EPAR3.csv;YAHOO_DIVIDENDOS;;EPAR3.SA;;COM_EVENTOS;INALTERADO;1;ef94c10c46ec48333c4dec2834531555a333b1f04561e6fda66b45418ba70a69;369;data/raw/yahoo_dividendos/dividendos_EPAR3__20261006_ef94c10c.csv
20261006_162318;2026-10-06T19:53:03.557192+00:00;dividendos_EQPA3.csv;YAHOO_DIVIDENDOS;;EQPA3.SA;;COM_EVENTOS;INALTERADO;1;eabd2932e21393f50e3f70190097044e13f5ec0342f9c7dafcccadaf3b2dc38b;821;data/raw/yahoo_dividendos/dividendos_EQPA3__20261006_eabd2932.csv
20261006_162318;2026-10-06T19:53:03.807956+00:00;dividendos_EQPA5.csv;YAHOO_DIVIDENDOS;;EQPA5.SA;;COM_EVENTOS;INALTERADO;1;cac184fd486fd4ea5c496053acc47f78fab6ae1520ef2c2ab846899703679052;785;data/raw/yahoo_dividendos/dividendos_EQPA5__20261006_cac184fd.csv
20261006_162318;2026-10-06T19:53:04.186899+00:00;dividendos_EQPA6.csv;YAHOO_DIVIDENDOS;;EQPA6.SA;;COM_EVENTOS;INALTERADO;1;aa9ff4fc713d03b69e1907524bc687d174bf279045da599ac2b43da1854c2558;785;data/raw/yahoo_dividendos/dividendos_EQPA6__20261006_aa9ff4fc.csv
20261006_162318;2026-10-06T19:53:04.568531+00:00;dividendos_EQPA7.csv;YAHOO_DIVIDENDOS;;EQPA7.SA;;COM_EVENTOS;INALTERADO;1;4f5a2aabe41eda4825fcdd03ac67c925be2820f189f1a4050128d480d5742424;785;data/raw/yahoo_dividendos/dividendos_EQPA7__20261006_4f5a2aab.csv
20261006_162318;2026-10-06T19:53:04.960857+00:00;dividendos_EQTL3.csv;YAHOO_DIVIDENDOS;;EQTL3.SA;;COM_EVENTOS;INALTERADO;1;31b9ae76ae07fa7886f893608becfc4233980c2a721e959b094dfe0321d968aa;1051;data/raw/yahoo_dividendos/dividendos_EQTL3__20261006_31b9ae76.csv
20261006_162318;2026-10-06T19:53:05.200464+00:00;dividendos_ESPA3.csv;YAHOO_DIVIDENDOS;;ESPA3.SA;;COM_EVENTOS;INALTERADO;1;b66d5d6e211d48908b0283746db6fc9eb7422d81b120893627c66c6c484d066c;229;data/raw/yahoo_dividendos/dividendos_ESPA3__20261006_b66d5d6e.csv
20261006_162318;2026-10-06T19:53:05.923560+00:00;dividendos_ESTR3.csv;YAHOO_DIVIDENDOS;;ESTR3.SA;;SEM_EVENTOS;INALTERADO;1;642daec761ccb28fc097aa7f22cfeb4552f7859c3b919e315b4f51bc1ae66de3;49;data/raw/yahoo_dividendos/dividendos_ESTR3__20261006_642daec7.csv
20261006_162318;2026-10-06T19:53:06.949583+00:00;dividendos_ESTR4.csv;YAHOO_DIVIDENDOS;;ESTR4.SA;;SEM_EVENTOS;INALTERADO;1;642daec761ccb28fc097aa7f22cfeb4552f7859c3b919e315b4f51bc1ae66de3;49;data/raw/yahoo_dividendos/dividendos_ESTR4__20261006_642daec7.csv
20261006_162318;2026-10-06T19:53:07.278925+00:00;dividendos_ETER3.csv;YAHOO_DIVIDENDOS;;ETER3.SA;;COM_EVENTOS;INALTERADO;1;fef65d54898727922c59282a568fddf32b60c356b178b3c17079f96db57b9737;1847;data/raw/yahoo_dividendos/dividendos_ETER3__20261006_fef65d54.csv
20261006_162318;2026-10-06T19:53:07.604520+00:00;dividendos_EUCA3.csv;YAHOO_DIVIDENDOS;;EUCA3.SA;;COM_EVENTOS;INALTERADO;1;dbadb5fde02f379c3794692617b2a9fa19cc3cd8fe5535c88a4277ca44cbd7fd;656;data/raw/yahoo_dividendos/dividendos_EUCA3__20261006_dbadb5fd.csv
20261006_162318;2026-10-06T19:53:08.189949+00:00;dividendos_EUCA4.csv;YAHOO_DIVIDENDOS;;EUCA4.SA;;COM_EVENTOS;INALTERADO;1;453d1c0e86917ddbfc8f84e53cff73f28c5ad4cd29e08bd487f7cd7b5b4fa8ef;659;data/raw/yahoo_dividendos/dividendos_EUCA4__20261006_453d1c0e.csv
20261006_162318;2026-10-06T19:53:08.320946+00:00;dividendos_EVEN3.csv;YAHOO_DIVIDENDOS;;EVEN3.SA;;COM_EVENTOS;INALTERADO;1;2b82427cbd509631afab5a73ea2e68bc1b14568d7214a10aaeb7be2dbf88478a;761;data/raw/yahoo_dividendos/dividendos_EVEN3__20261006_2b82427c.csv
20261006_162318;2026-10-06T19:53:09.191411+00:00;dividendos_EZTC3.csv;YAHOO_DIVIDENDOS;;EZTC3.SA;;COM_EVENTOS;INALTERADO;1;79ad72d4cefd0e803ac0410b258cabf7062dd37b83ef59f3c234463cafe50de1;1235;data/raw/yahoo_dividendos/dividendos_EZTC3__20261006_79ad72d4.csv
20261006_162318;2026-10-06T19:53:10.654480+00:00;dividendos_FESA3.csv;YAHOO_DIVIDENDOS;;FESA3.SA;;COM_EVENTOS;INALTERADO;1;f23e2b668d8f01ea95cb265b4440327864dc39b5df6ab6690b0d590b7c35d91d;2022;data/raw/yahoo_dividendos/dividendos_FESA3__20261006_f23e2b66.csv
20261006_162318;2026-10-06T19:53:11.680302+00:00;dividendos_FESA4.csv;YAHOO_DIVIDENDOS;;FESA4.SA;;COM_EVENTOS;INALTERADO;1;3eeaf04eb0a7da8918761cb5ceb8a4a7409bf44025d8d7c3b4aac7b0d7ccfece;1953;data/raw/yahoo_dividendos/dividendos_FESA4__20261006_3eeaf04e.csv
20261006_162318;2026-10-06T19:53:13.545673+00:00;dividendos_FHER3.csv;YAHOO_DIVIDENDOS;;FHER3.SA;;COM_EVENTOS;INALTERADO;1;f4a2d80a2f960f4f7f7b5927ad6310af36f8bd98eb007e40a7b85c8e5b76f1cb;113;data/raw/yahoo_dividendos/dividendos_FHER3__20261006_f4a2d80a.csv
20261006_162318;2026-10-06T19:53:14.131807+00:00;dividendos_FICT3.csv;YAHOO_DIVIDENDOS;;FICT3.SA;;SEM_EVENTOS;INALTERADO;1;642daec761ccb28fc097aa7f22cfeb4552f7859c3b919e315b4f51bc1ae66de3;49;data/raw/yahoo_dividendos/dividendos_FICT3__20261006_642daec7.csv
20261006_162318;2026-10-06T19:53:14.835996+00:00;dividendos_FIEI3.csv;YAHOO_DIVIDENDOS;;FIEI3.SA;;COM_EVENTOS;INALTERADO;1;3fcd288bb13e3908f1f57c4120c07e131b69bf72cde1cf30f88f2059804d99c4;246;data/raw/yahoo_dividendos/dividendos_FIEI3__20261006_3fcd288b.csv
20261006_162318;2026-10-06T19:53:15.538478+00:00;dividendos_FIGE3.csv;YAHOO_DIVIDENDOS;;FIGE3.SA;;COM_EVENTOS;INALTERADO;1;4d28e3073fe5295dd1084e530297c4b74305033d68dc53296c0c73d6dafce359;754;data/raw/yahoo_dividendos/dividendos_FIGE3__20261006_4d28e307.csv
20261006_162318;2026-10-06T19:53:16.225864+00:00;dividendos_FIQE3.csv;YAHOO_DIVIDENDOS;;FIQE3.SA;;COM_EVENTOS;INALTERADO;1;2f0eca758e0f6e861ceb2d8fa64cc9c22be30e4dc4f20af8f442fd7d105554aa;479;data/raw/yahoo_dividendos/dividendos_FIQE3__20261006_2f0eca75.csv
20261006_162318;2026-10-06T19:53:18.532335+00:00;dividendos_FRAS3.csv;YAHOO_DIVIDENDOS;;FRAS3.SA;;COM_EVENTOS;INALTERADO;1;5d34a2fa310819b5579acd4c504003d74f4834b0dc6191e4945b25c1c7326bef;1809;data/raw/yahoo_dividendos/dividendos_FRAS3__20261006_5d34a2fa.csv
20261006_162318;2026-10-06T19:53:18.853490+00:00;dividendos_FLRY3.csv;YAHOO_DIVIDENDOS;;FLRY3.SA;;COM_EVENTOS;INALTERADO;1;82fb83d6925a8033c760ce88f8170ac128acfaf5d54cd4a26a687843a5666135;1522;data/raw/yahoo_dividendos/dividendos_FLRY3__20261006_82fb83d6.csv
20261006_162318;2026-10-06T19:53:19.718841+00:00;dividendos_FRIO3.csv;YAHOO_DIVIDENDOS;;FRIO3.SA;;COM_EVENTOS;INALTERADO;1;794e12bdc370a7fd6fbd7530a5456fbea0dc707149dd76cf0d41efba6f76e21d;194;data/raw/yahoo_dividendos/dividendos_FRIO3__20261006_794e12bd.csv
20261006_162318;2026-10-06T19:53:21.876348+00:00;dividendos_GEPA3.csv;YAHOO_DIVIDENDOS;;GEPA3.SA;;COM_EVENTOS;INALTERADO;1;4216a72216b5bae29ad85081d2c1e932f257bdd159b61a0abba6ed123febe043;1529;data/raw/yahoo_dividendos/dividendos_GEPA3__20261006_4216a722.csv
20261006_162318;2026-10-06T19:53:22.867163+00:00;dividendos_GEPA4.csv;YAHOO_DIVIDENDOS;;GEPA4.SA;;COM_EVENTOS;INALTERADO;1;489337ef6a72931e49f9e89b34d3b21d108599a465fa152407bf8d0eaa1e2f9d;1564;data/raw/yahoo_dividendos/dividendos_GEPA4__20261006_489337ef.csv
20261006_162318;2026-10-06T19:53:25.101047+00:00;dividendos_GGBR3.csv;YAHOO_DIVIDENDOS;;GGBR3.SA;;COM_EVENTOS;INALTERADO;1;d4768f394746b5d5f0cb35f69b2cc2900a7a19a8ac69ca38c7ae8372ab109e67;2372;data/raw/yahoo_dividendos/dividendos_GGBR3__20261006_d4768f39.csv
20261006_162318;2026-10-06T19:53:25.284880+00:00;dividendos_GFSA3.csv;YAHOO_DIVIDENDOS;;GFSA3.SA;;COM_EVENTOS;INALTERADO;1;7681852d98d4c8763b2e26e5e67856b558fb9e3e14ff979b0b5b1b5ab60be8b2;305;data/raw/yahoo_dividendos/dividendos_GFSA3__20261006_7681852d.csv
20261006_162318;2026-10-06T19:53:25.867477+00:00;dividendos_GGPS3.csv;YAHOO_DIVIDENDOS;;GGPS3.SA;;COM_EVENTOS;INALTERADO;1;a9f1c3f847b89e0d7a375413add6f661824182ddf8660d66a3f9c32088a0694c;228;data/raw/yahoo_dividendos/dividendos_GGPS3__20261006_a9f1c3f8.csv
20261006_162318;2026-10-06T19:53:25.868935+00:00;dividendos_GGBR4.csv;YAHOO_DIVIDENDOS;;GGBR4.SA;;COM_EVENTOS;INALTERADO;1;b4959e22eeb431c7fded6bb64526b90392d721e133ddb100143007f2583f3d84;3380;data/raw/yahoo_dividendos/dividendos_GGBR4__20261006_b4959e22.csv
20261006_162318;2026-10-06T19:53:26.615237+00:00;dividendos_GMAT3.csv;YAHOO_DIVIDENDOS;;GMAT3.SA;;COM_EVENTOS;INALTERADO;1;3d76760bbf11466687cd11d36d307a48429672cba20ab8896ab318fc664dab54;337;data/raw/yahoo_dividendos/dividendos_GMAT3__20261006_3d76760b.csv
20261006_162318;2026-10-06T19:53:28.035922+00:00;dividendos_GOAU3.csv;YAHOO_DIVIDENDOS;;GOAU3.SA;;COM_EVENTOS;INALTERADO;1;40fb07eda8e975a86019551f022780157cea8d3a1c6f875271b4a99f66eca5c9;2284;data/raw/yahoo_dividendos/dividendos_GOAU3__20261006_40fb07ed.csv
20261006_162318;2026-10-06T19:53:28.817250+00:00;dividendos_GOAU4.csv;YAHOO_DIVIDENDOS;;GOAU4.SA;;COM_EVENTOS;INALTERADO;1;5aada177b2acb57338988e6275a191c6b1ab3436d7ff536a725363aebfba6d1f;3291;data/raw/yahoo_dividendos/dividendos_GOAU4__20261006_5aada177.csv
20261006_162318;2026-10-06T19:53:29.419499+00:00;dividendos_GPAR3.csv;YAHOO_DIVIDENDOS;;GPAR3.SA;;COM_EVENTOS;INALTERADO;1;07499817aa547fb65ab4943ebc370b1b992b73c2a91b7e6bbb4bf313af079a4b;230;data/raw/yahoo_dividendos/dividendos_GPAR3__20261006_07499817.csv
20261006_162318;2026-10-06T19:53:31.555568+00:00;dividendos_GSHP3.csv;YAHOO_DIVIDENDOS;;GSHP3.SA;;COM_EVENTOS;INALTERADO;1;ea3ca38734e1d6a9b8bc8c44a76de94edc1c32103f121b544e6789fee0e4f598;86;data/raw/yahoo_dividendos/dividendos_GSHP3__20261006_ea3ca387.csv
20261006_162318;2026-10-06T19:53:31.630040+00:00;dividendos_GRND3.csv;YAHOO_DIVIDENDOS;;GRND3.SA;;COM_EVENTOS;INALTERADO;1;8dc637b5add019deabf592c2fc9524d672f60522a27d6d4c60f253e97ed847f7;2643;data/raw/yahoo_dividendos/dividendos_GRND3__20261006_8dc637b5.csv
20261006_162318;2026-10-06T19:53:33.946385+00:00;dividendos_HAGA3.csv;YAHOO_DIVIDENDOS;;HAGA3.SA;;SEM_EVENTOS;INALTERADO;1;642daec761ccb28fc097aa7f22cfeb4552f7859c3b919e315b4f51bc1ae66de3;49;data/raw/yahoo_dividendos/dividendos_HAGA3__20261006_642daec7.csv
20261006_162318;2026-10-06T19:53:33.946802+00:00;dividendos_HAGA4.csv;YAHOO_DIVIDENDOS;;HAGA4.SA;;SEM_EVENTOS;INALTERADO;1;642daec761ccb28fc097aa7f22cfeb4552f7859c3b919e315b4f51bc1ae66de3;49;data/raw/yahoo_dividendos/dividendos_HAGA4__20261006_642daec7.csv
20261006_162318;2026-10-06T19:53:34.739141+00:00;dividendos_HAPV3.csv;YAHOO_DIVIDENDOS;;HAPV3.SA;;COM_EVENTOS;INALTERADO;1;46dca6d98a9d5bf7c38a2ad54ba755448b966e8610265123d0291baf1311cec2;442;data/raw/yahoo_dividendos/dividendos_HAPV3__20261006_46dca6d9.csv
20261006_162318;2026-10-06T19:53:34.865631+00:00;dividendos_HBOR3.csv;YAHOO_DIVIDENDOS;;HBOR3.SA;;COM_EVENTOS;INALTERADO;1;fbd9b67a37fb762f64196984566f80273c8925c4c05c888c2c7bac8d33b6e001;585;data/raw/yahoo_dividendos/dividendos_HBOR3__20261006_fbd9b67a.csv
20261006_162318;2026-10-06T19:53:35.446906+00:00;dividendos_HBSA3.csv;YAHOO_DIVIDENDOS;;HBSA3.SA;;SEM_EVENTOS;INALTERADO;1;642daec761ccb28fc097aa7f22cfeb4552f7859c3b919e315b4f51bc1ae66de3;49;data/raw/yahoo_dividendos/dividendos_HBSA3__20261006_642daec7.csv
20261006_162318;2026-10-06T19:53:35.470463+00:00;dividendos_HBRE3.csv;YAHOO_DIVIDENDOS;;HBRE3.SA;;COM_EVENTOS;INALTERADO;1;eccaa8c762a232934f47fad7ac644e7ea0ee24de4bcc0e7ae10f9fe726c1bc06;85;data/raw/yahoo_dividendos/dividendos_HBRE3__20261006_eccaa8c7.csv
20261006_162318;2026-10-06T19:53:35.979425+00:00;dividendos_HETA3.csv;YAHOO_DIVIDENDOS;;HETA3.SA;;SEM_EVENTOS;INALTERADO;1;642daec761ccb28fc097aa7f22cfeb4552f7859c3b919e315b4f51bc1ae66de3;49;data/raw/yahoo_dividendos/dividendos_HETA3__20261006_642daec7.csv
20261006_162318;2026-10-06T19:53:36.112286+00:00;dividendos_HBTS5.csv;YAHOO_DIVIDENDOS;;HBTS5.SA;;COM_EVENTOS;INALTERADO;1;d310c8104648734ff63403bc153ae70e04f6c33695ae3f417c06818428be1c07;582;data/raw/yahoo_dividendos/dividendos_HBTS5__20261006_d310c810.csv
20261006_162318;2026-10-06T19:53:36.785236+00:00;dividendos_HETA4.csv;YAHOO_DIVIDENDOS;;HETA4.SA;;SEM_EVENTOS;INALTERADO;1;642daec761ccb28fc097aa7f22cfeb4552f7859c3b919e315b4f51bc1ae66de3;49;data/raw/yahoo_dividendos/dividendos_HETA4__20261006_642daec7.csv
20261006_162318;2026-10-06T19:53:37.580516+00:00;dividendos_HOOT4.csv;YAHOO_DIVIDENDOS;;HOOT4.SA;;SEM_EVENTOS;INALTERADO;1;642daec761ccb28fc097aa7f22cfeb4552f7859c3b919e315b4f51bc1ae66de3;49;data/raw/yahoo_dividendos/dividendos_HOOT4__20261006_642daec7.csv
20261006_162318;2026-10-06T19:53:38.264136+00:00;dividendos_HYPE3.csv;YAHOO_DIVIDENDOS;;HYPE3.SA;;COM_EVENTOS;INALTERADO;1;b21091557ec184c58086726bbb56726976edf7f6481f7c74dc4bfafc41b998f8;1768;data/raw/yahoo_dividendos/dividendos_HYPE3__20261006_b2109155.csv
20261006_162318;2026-10-06T19:53:41.308678+00:00;dividendos_IFCM3.csv;YAHOO_DIVIDENDOS;;IFCM3.SA;;SEM_EVENTOS;INALTERADO;1;642daec761ccb28fc097aa7f22cfeb4552f7859c3b919e315b4f51bc1ae66de3;49;data/raw/yahoo_dividendos/dividendos_IFCM3__20261006_642daec7.csv
20261006_162318;2026-10-06T19:53:42.862102+00:00;dividendos_IGTI11.csv;YAHOO_DIVIDENDOS;;IGTI11.SA;;COM_EVENTOS;INALTERADO;1;8430de9dbaa9beb0de65c05ffb9d7e1ba37e372a4225b8edc55b3fda2d7fb266;425;data/raw/yahoo_dividendos/dividendos_IGTI11__20261006_8430de9d.csv
20261006_162318;2026-10-06T19:53:43.403227+00:00;dividendos_IGTI4.csv;YAHOO_DIVIDENDOS;;IGTI4.SA;;COM_EVENTOS;INALTERADO;1;174dd428bcc35ee9e523dc6c847d42a0da4ba047f8d8ee27e1255f799cf61da6;337;data/raw/yahoo_dividendos/dividendos_IGTI4__20261006_174dd428.csv
20261006_162318;2026-10-06T19:53:43.748282+00:00;dividendos_IGTI3.csv;YAHOO_DIVIDENDOS;;IGTI3.SA;;COM_EVENTOS;INALTERADO;1;0d0cb46979264ceea6bdc1a5d5e8fb25e6c64366ceee4051e31a84ba5b814fb3;799;data/raw/yahoo_dividendos/dividendos_IGTI3__20261006_0d0cb469.csv
20261006_162318;2026-10-06T19:53:50.906824+00:00;dividendos_INEP3.csv;YAHOO_DIVIDENDOS;;INEP3.SA;;COM_EVENTOS;INALTERADO;1;0cd3bdbec7371e1c763c3a8ee53da92bd4c303c227849b0dfef3c26283fe5274;85;data/raw/yahoo_dividendos/dividendos_INEP3__20261006_0cd3bdbe.csv
20261006_162318;2026-10-06T19:53:50.976390+00:00;dividendos_INEP4.csv;YAHOO_DIVIDENDOS;;INEP4.SA;;COM_EVENTOS;INALTERADO;1;7c9375412d6d99f5ae4c44501102ebd98d759d2c98ffc818e3d92437f5ca8c91;85;data/raw/yahoo_dividendos/dividendos_INEP4__20261006_7c937541.csv
20261006_162318;2026-10-06T19:53:51.735284+00:00;dividendos_INTB3.csv;YAHOO_DIVIDENDOS;;INTB3.SA;;COM_EVENTOS;INALTERADO;1;36386387f7c8ab1f3d3bcb500480b8ec127114e8b0107bb696aeda8741a5f693;660;data/raw/yahoo_dividendos/dividendos_INTB3__20261006_36386387.csv
20261006_162318;2026-10-06T19:53:52.563323+00:00;dividendos_ISAE3.csv;YAHOO_DIVIDENDOS;;ISAE3.SA;;COM_EVENTOS;INALTERADO;1;5d718b3c44bab2ac26e84caa4164aedc115c2dee9e9e6fe75968c1d472b8ff87;2458;data/raw/yahoo_dividendos/dividendos_ISAE3__20261006_5d718b3c.csv
20261006_162318;2026-10-06T19:53:53.353341+00:00;dividendos_ISAE4.csv;YAHOO_DIVIDENDOS;;ISAE4.SA;;COM_EVENTOS;INALTERADO;1;d751631dc2ecc43ba446543a6063f788f3c3386861ec504271618789f67f8961;2386;data/raw/yahoo_dividendos/dividendos_ISAE4__20261006_d751631d.csv
20261006_162318;2026-10-06T19:53:54.067896+00:00;dividendos_ITSA3.csv;YAHOO_DIVIDENDOS;;ITSA3.SA;;COM_EVENTOS;INALTERADO;1;e066a5cdcf4695614579e18a9e7f4281d8d2f47577a22c8a1917c0c6327e01df;5204;data/raw/yahoo_dividendos/dividendos_ITSA3__20261006_e066a5cd.csv
20261006_162318;2026-10-06T19:53:54.747145+00:00;dividendos_JALL3.csv;YAHOO_DIVIDENDOS;;JALL3.SA;;COM_EVENTOS;INALTERADO;1;ff6f0b07ded9ca263503dd37d2f7f543c3fe7ead4014ee7f361892834ae3c18e;265;data/raw/yahoo_dividendos/dividendos_JALL3__20261006_ff6f0b07.csv
20261006_162318;2026-10-06T19:53:54.798735+00:00;dividendos_ITSA4.csv;YAHOO_DIVIDENDOS;;ITSA4.SA;;COM_EVENTOS;INALTERADO;1;61e069e7428fd40bb22f4e71b7d0cc94ebd0ccd4b7d0431e57bee96a948e292e;5132;data/raw/yahoo_dividendos/dividendos_ITSA4__20261006_61e069e7.csv
20261006_162318;2026-10-06T19:53:55.616361+00:00;dividendos_JFEN3.csv;YAHOO_DIVIDENDOS;;JFEN3.SA;;COM_EVENTOS;INALTERADO;1;a04f93d58f0da16867700be5049f1af445136e9caf78c6dc1dac950a18a7c27f;196;data/raw/yahoo_dividendos/dividendos_JFEN3__20261006_a04f93d5.csv
20261006_162318;2026-10-06T19:53:56.319638+00:00;dividendos_JHSF3.csv;YAHOO_DIVIDENDOS;;JHSF3.SA;;COM_EVENTOS;INALTERADO;1;265cdf6246b71615b97762e69f35749989ceb3263ce688867b1a64e8e96f51fb;2281;data/raw/yahoo_dividendos/dividendos_JHSF3__20261006_265cdf62.csv
20261006_162318;2026-10-06T19:53:56.843285+00:00;dividendos_JOPA3.csv;YAHOO_DIVIDENDOS;;JOPA3.SA;;COM_EVENTOS;INALTERADO;1;c90ba93313c8f2844fb37cfe6e919e8aca45a1f9f4b879b03ef01cf0bfbc63c7;757;data/raw/yahoo_dividendos/dividendos_JOPA3__20261006_c90ba933.csv
20261006_162318;2026-10-06T19:53:57.074191+00:00;dividendos_JOPA4.csv;YAHOO_DIVIDENDOS;;JOPA4.SA;;COM_EVENTOS;INALTERADO;1;ef5d8706042f31f31a93f86a453f036203e3ffa5d344451db2e79330424c1ddc;864;data/raw/yahoo_dividendos/dividendos_JOPA4__20261006_ef5d8706.csv
20261006_162318;2026-10-06T19:53:58.634742+00:00;dividendos_JSLG3.csv;YAHOO_DIVIDENDOS;;JSLG3.SA;;COM_EVENTOS;INALTERADO;1;1acbee895ad1265652964ef5b12c8bc0b1eb7f21db882924f43a30d1ae4587bd;334;data/raw/yahoo_dividendos/dividendos_JSLG3__20261006_1acbee89.csv
20261006_162318;2026-10-06T19:53:59.526855+00:00;dividendos_KEPL3.csv;YAHOO_DIVIDENDOS;;KEPL3.SA;;COM_EVENTOS;INALTERADO;1;12497b975abd24a6329bb2fc52ce77c0be37c5f47e03f3cea5475aad02a045ff;1014;data/raw/yahoo_dividendos/dividendos_KEPL3__20261006_12497b97.csv
20261006_162318;2026-10-06T19:53:59.616775+00:00;dividendos_KLBN11.csv;YAHOO_DIVIDENDOS;;KLBN11.SA;;COM_EVENTOS;INALTERADO;1;87f742a12ee040251c76be89b2184acd0a69bcd7139e513807aea529fb485003;1830;data/raw/yahoo_dividendos/dividendos_KLBN11__20261006_87f742a1.csv
20261006_162318;2026-10-06T19:54:00.309418+00:00;dividendos_KLBN3.csv;YAHOO_DIVIDENDOS;;KLBN3.SA;;COM_EVENTOS;INALTERADO;1;698f4531436a99e661e5c7a24d572b42e483006857dbc905d8271c1b0ebc1837;2055;data/raw/yahoo_dividendos/dividendos_KLBN3__20261006_698f4531.csv
20261006_162318;2026-10-06T19:54:00.355158+00:00;dividendos_KLBN4.csv;YAHOO_DIVIDENDOS;;KLBN4.SA;;COM_EVENTOS;INALTERADO;1;2d8d8c0d08a9b29573ddb49a30714f2926b7726de9924c749758c3391e126140;2128;data/raw/yahoo_dividendos/dividendos_KLBN4__20261006_2d8d8c0d.csv
20261006_162318;2026-10-06T19:54:05.189714+00:00;dividendos_LAND3.csv;YAHOO_DIVIDENDOS;;LAND3.SA;;COM_EVENTOS;INALTERADO;1;e04ec5c45edf488d228660c945fd379614a69fbd66968403c7c3b60652c588d3;193;data/raw/yahoo_dividendos/dividendos_LAND3__20261006_e04ec5c4.csv
20261006_162318;2026-10-06T19:54:05.451913+00:00;dividendos_LAVV3.csv;YAHOO_DIVIDENDOS;;LAVV3.SA;;COM_EVENTOS;INALTERADO;1;7137fb6427b4b5fd7bedd8ee5f066cb639c4b8ca1ce171a7a8024a8f73aff890;766;data/raw/yahoo_dividendos/dividendos_LAVV3__20261006_7137fb64.csv
20261006_162318;2026-10-06T19:54:06.633024+00:00;dividendos_LEVE3.csv;YAHOO_DIVIDENDOS;;LEVE3.SA;;COM_EVENTOS;INALTERADO;1;20a1b0484c2fa336d96d2e1dec554e675e8cd6762515f13743c13c2ae9773d3c;1662;data/raw/yahoo_dividendos/dividendos_LEVE3__20261006_20a1b048.csv
20261006_162318;2026-10-06T19:54:10.594677+00:00;dividendos_LIGT3.csv;YAHOO_DIVIDENDOS;;LIGT3.SA;;COM_EVENTOS;INALTERADO;1;5c2e201fe6786751dfb0ea64493a6be2beaa5c3a1341a2908fbf437d91565acd;696;data/raw/yahoo_dividendos/dividendos_LIGT3__20261006_5c2e201f.csv
20261006_162318;2026-10-06T19:54:12.891404+00:00;dividendos_LJQQ3.csv;YAHOO_DIVIDENDOS;;LJQQ3.SA;;COM_EVENTOS;INALTERADO;1;5312397517600e4820839484e9b031014062481d6a3886633645675f3b04ac34;228;data/raw/yahoo_dividendos/dividendos_LJQQ3__20261006_53123975.csv
20261006_162318;2026-10-06T19:54:15.519622+00:00;dividendos_LOGG3.csv;YAHOO_DIVIDENDOS;;LOGG3.SA;;COM_EVENTOS;INALTERADO;1;33d86e4b0200e68bfe49e5ecb49820be476c7d98e371f0285643949b7517bc7e;552;data/raw/yahoo_dividendos/dividendos_LOGG3__20261006_33d86e4b.csv
20261006_162318;2026-10-06T19:54:15.702326+00:00;dividendos_LOGN3.csv;YAHOO_DIVIDENDOS;;LOGN3.SA;;COM_EVENTOS;INALTERADO;1;77490de8e9860e4c2c96c636524d437bb937bcbf1f29ef0ac427b629541f9c0b;120;data/raw/yahoo_dividendos/dividendos_LOGN3__20261006_77490de8.csv
20261006_162318;2026-10-06T19:54:16.346727+00:00;dividendos_LPSB3.csv;YAHOO_DIVIDENDOS;;LPSB3.SA;;COM_EVENTOS;INALTERADO;1;7570210839f5dc0fd3910329413c0cd16efc978d0c3c987106137db0340e9fb5;478;data/raw/yahoo_dividendos/dividendos_LPSB3__20261006_75702108.csv
20261006_162318;2026-10-06T19:54:16.692578+00:00;dividendos_LREN3.csv;YAHOO_DIVIDENDOS;;LREN3.SA;;COM_EVENTOS;INALTERADO;1;4432a3a51dca8e88fd3a04db6f51693a89ab8147b42d50c674cab4c4245fc5e4;2884;data/raw/yahoo_dividendos/dividendos_LREN3__20261006_4432a3a5.csv
20261006_162318;2026-10-06T19:54:17.011682+00:00;dividendos_LUPA3.csv;YAHOO_DIVIDENDOS;;LUPA3.SA;;SEM_EVENTOS;INALTERADO;1;642daec761ccb28fc097aa7f22cfeb4552f7859c3b919e315b4f51bc1ae66de3;49;data/raw/yahoo_dividendos/dividendos_LUPA3__20261006_642daec7.csv
20261006_162318;2026-10-06T19:54:18.071340+00:00;dividendos_LUXM4.csv;YAHOO_DIVIDENDOS;;LUXM4.SA;;COM_EVENTOS;INALTERADO;1;9fbc83d60c31b168967bc24d15d5fd8e0b9f9ec7d0cd6af00244ac4f35dd5465;765;data/raw/yahoo_dividendos/dividendos_LUXM4__20261006_9fbc83d6.csv
20261006_162318;2026-10-06T19:54:18.960277+00:00;dividendos_LWSA3.csv;YAHOO_DIVIDENDOS;;LWSA3.SA;;COM_EVENTOS;INALTERADO;1;f22629d4657678f02c441df38e60cd9c21a3ad3ef767858d9a647d536ef3ec11;265;data/raw/yahoo_dividendos/dividendos_LWSA3__20261006_f22629d4.csv
20261006_162318;2026-10-06T19:54:19.598848+00:00;dividendos_MAPT3.csv;YAHOO_DIVIDENDOS;;MAPT3.SA;;SEM_EVENTOS;INALTERADO;1;642daec761ccb28fc097aa7f22cfeb4552f7859c3b919e315b4f51bc1ae66de3;49;data/raw/yahoo_dividendos/dividendos_MAPT3__20261006_642daec7.csv
20261006_162318;2026-10-06T19:54:20.284716+00:00;dividendos_MAPT4.csv;YAHOO_DIVIDENDOS;;MAPT4.SA;;SEM_EVENTOS;INALTERADO;1;642daec761ccb28fc097aa7f22cfeb4552f7859c3b919e315b4f51bc1ae66de3;49;data/raw/yahoo_dividendos/dividendos_MAPT4__20261006_642daec7.csv
20261006_162318;2026-10-06T19:54:20.430051+00:00;dividendos_MATD3.csv;YAHOO_DIVIDENDOS;;MATD3.SA;;COM_EVENTOS;INALTERADO;1;cf37d9e8b9bd5454a2b0aef3aa997699fc8cbe90ded4342ba30314fc06100f92;229;data/raw/yahoo_dividendos/dividendos_MATD3__20261006_cf37d9e8.csv
20261006_162318;2026-10-06T19:54:21.345293+00:00;dividendos_MBRF3.csv;YAHOO_DIVIDENDOS;;MBRF3.SA;;COM_EVENTOS;INALTERADO;1;a9e3a44b61d6c60861290ead410989ab5359d4a38b346168a9bcd346ebc153b5;445;data/raw/yahoo_dividendos/dividendos_MBRF3__20261006_a9e3a44b.csv
20261006_162318;2026-10-06T19:54:22.208709+00:00;dividendos_MDIA3.csv;YAHOO_DIVIDENDOS;;MDIA3.SA;;COM_EVENTOS;INALTERADO;1;f5a4face838461c3c0140e5189ffc7fb3edd033cac2bec88f4d880bd0e824818;1913;data/raw/yahoo_dividendos/dividendos_MDIA3__20261006_f5a4face.csv
20261006_162318;2026-10-06T19:54:22.264809+00:00;dividendos_MDNE3.csv;YAHOO_DIVIDENDOS;;MDNE3.SA;;COM_EVENTOS;INALTERADO;1;8f013dde620562edd1585b53894bf76ff6c78145b333c3c48db473f2d9208eaf;193;data/raw/yahoo_dividendos/dividendos_MDNE3__20261006_8f013dde.csv
20261006_162318;2026-10-06T19:54:22.784552+00:00;dividendos_MEAL3.csv;YAHOO_DIVIDENDOS;;MEAL3.SA;;COM_EVENTOS;INALTERADO;1;9cbaeda868e6bf8971f383abafd933717c435cfd67a51a4732e93c45b8694a95;193;data/raw/yahoo_dividendos/dividendos_MEAL3__20261006_9cbaeda8.csv
20261006_162318;2026-10-06T19:54:23.375447+00:00;dividendos_MELK3.csv;YAHOO_DIVIDENDOS;;MELK3.SA;;COM_EVENTOS;INALTERADO;1;36d1dff0a19343ebbf4fd885822dfb1387c612a43d9cda7d813d8f41ceac72df;660;data/raw/yahoo_dividendos/dividendos_MELK3__20261006_36d1dff0.csv
20261006_162318;2026-10-06T19:54:26.101826+00:00;dividendos_MGEL4.csv;YAHOO_DIVIDENDOS;;MGEL4.SA;;COM_EVENTOS;INALTERADO;1;a80d53b7a6bb01acc760c35fd664fab0c9cba3659295b05ce95bdf78598ea4b8;85;data/raw/yahoo_dividendos/dividendos_MGEL4__20261006_a80d53b7.csv
20261006_162318;2026-10-06T19:54:27.124358+00:00;dividendos_MGLU3.csv;YAHOO_DIVIDENDOS;;MGLU3.SA;;COM_EVENTOS;INALTERADO;1;ac1c1d2d557e534a4b058ef53bbdf16778f7e670de031de051ef1bef52cf3fb9;660;data/raw/yahoo_dividendos/dividendos_MGLU3__20261006_ac1c1d2d.csv
20261006_162318;2026-10-06T19:54:27.640142+00:00;dividendos_MILS3.csv;YAHOO_DIVIDENDOS;;MILS3.SA;;COM_EVENTOS;INALTERADO;1;302ac106d742b8d35675e7f59555fb8830a7d147fe48910d1973df5d26e5e63c;1196;data/raw/yahoo_dividendos/dividendos_MILS3__20261006_302ac106.csv
20261006_162318;2026-10-06T19:54:27.687551+00:00;dividendos_MLAS3.csv;YAHOO_DIVIDENDOS;;MLAS3.SA;;COM_EVENTOS;INALTERADO;1;7bbbb24c627c2ec6c46e9c0138bfe167aab15372d6b16a12d1143667ac919644;120;data/raw/yahoo_dividendos/dividendos_MLAS3__20261006_7bbbb24c.csv
20261006_162318;2026-10-06T19:54:28.399671+00:00;dividendos_MMAQ3.csv;YAHOO_DIVIDENDOS;;MMAQ3.SA;;COM_EVENTOS;INALTERADO;1;e5ff4adbd928b9912fdc0d1b0a388d549ba38b0eb323fd0b61a7bdff8f2d2a51;947;data/raw/yahoo_dividendos/dividendos_MMAQ3__20261006_e5ff4adb.csv
20261006_162318;2026-10-06T19:54:28.907841+00:00;dividendos_MMAQ4.csv;YAHOO_DIVIDENDOS;;MMAQ4.SA;;COM_EVENTOS;INALTERADO;1;f3881907fec64cf212d9750e1f962b56c13df88a12916374fd35b4cf679b7005;734;data/raw/yahoo_dividendos/dividendos_MMAQ4__20261006_f3881907.csv
20261006_162318;2026-10-06T19:54:29.672078+00:00;dividendos_MNDL3.csv;YAHOO_DIVIDENDOS;;MNDL3.SA;;COM_EVENTOS;INALTERADO;1;de87609fb6b90874b42944c2fbd55831e07eab813200bb5f2f99f9d7387211bf;228;data/raw/yahoo_dividendos/dividendos_MNDL3__20261006_de87609f.csv
20261006_162318;2026-10-06T19:54:30.781683+00:00;dividendos_MNPR3.csv;YAHOO_DIVIDENDOS;;MNPR3.SA;;COM_EVENTOS;INALTERADO;1;694b8642f7fdb6a58c80416c4afbd903a7523a1254408b9cd141435dd7701c5c;85;data/raw/yahoo_dividendos/dividendos_MNPR3__20261006_694b8642.csv
20261006_162318;2026-10-06T19:54:31.848311+00:00;dividendos_MOTV3.csv;YAHOO_DIVIDENDOS;;MOTV3.SA;;COM_EVENTOS;INALTERADO;1;21e926501fc4df70940df052de4ea049f08107f1a05dc3202a96bc7c16902ae4;1422;data/raw/yahoo_dividendos/dividendos_MOTV3__20261006_21e92650.csv
20261006_162318;2026-10-06T19:54:32.669560+00:00;dividendos_MOVI3.csv;YAHOO_DIVIDENDOS;;MOVI3.SA;;COM_EVENTOS;INALTERADO;1;827735bfaf5b1f2fd8df1fd941117ec3f0c8181639e31fc79eed5436f7c0c268;911;data/raw/yahoo_dividendos/dividendos_MOVI3__20261006_827735bf.csv
20261006_162318;2026-10-06T19:54:36.432372+00:00;dividendos_MRVE3.csv;YAHOO_DIVIDENDOS;;MRVE3.SA;;COM_EVENTOS;INALTERADO;1;39898c1260c7fa8860fcfe8173a502e081706bba3756bed46986f6a950db547d;897;data/raw/yahoo_dividendos/dividendos_MRVE3__20261006_39898c12.csv
20261006_162318;2026-10-06T19:54:37.099985+00:00;dividendos_MSPA3.csv;YAHOO_DIVIDENDOS;;MSPA3.SA;;COM_EVENTOS;INALTERADO;1;123030c76c59f7a03454fd43acfee79f6d5ba811b8aa06320cf8dcdcf51d3e92;314;data/raw/yahoo_dividendos/dividendos_MSPA3__20261006_123030c7.csv
20261006_162318;2026-10-06T19:54:37.652378+00:00;dividendos_MSPA4.csv;YAHOO_DIVIDENDOS;;MSPA4.SA;;COM_EVENTOS;INALTERADO;1;ba35015259ed6dc1ed793910db7078ff0b3fbff300f22a731d2180ee0f1e79f5;316;data/raw/yahoo_dividendos/dividendos_MSPA4__20261006_ba350152.csv
20261006_162318;2026-10-06T19:54:39.191346+00:00;dividendos_MTRE3.csv;YAHOO_DIVIDENDOS;;MTRE3.SA;;COM_EVENTOS;INALTERADO;1;e3fcba3ed00c32b37ef8b1b78aa91c3f16481085a91d5571ab79efb9f9b1aa6b;1370;data/raw/yahoo_dividendos/dividendos_MTRE3__20261006_e3fcba3e.csv
20261006_162318;2026-10-06T19:54:39.917609+00:00;dividendos_MTSA3.csv;YAHOO_DIVIDENDOS;;MTSA3.SA;;COM_EVENTOS;INALTERADO;1;1b9df9daef28ab6e736486af9bc5e213083680e90c2d87728dc5e06e39092189;1376;data/raw/yahoo_dividendos/dividendos_MTSA3__20261006_1b9df9da.csv
20261006_162318;2026-10-06T19:54:39.925986+00:00;dividendos_MTSA4.csv;YAHOO_DIVIDENDOS;;MTSA4.SA;;COM_EVENTOS;INALTERADO;1;9d50f92377ed34ada1be021f14ee2616ba530585a5aa33e938bc0b480c5836b3;1274;data/raw/yahoo_dividendos/dividendos_MTSA4__20261006_9d50f923.csv
20261006_162318;2026-10-06T19:54:40.609343+00:00;dividendos_MWET3.csv;YAHOO_DIVIDENDOS;;MWET3.SA;;SEM_EVENTOS;INALTERADO;1;642daec761ccb28fc097aa7f22cfeb4552f7859c3b919e315b4f51bc1ae66de3;49;data/raw/yahoo_dividendos/dividendos_MWET3__20261006_642daec7.csv
20261006_162318;2026-10-06T19:54:40.860304+00:00;dividendos_MULT3.csv;YAHOO_DIVIDENDOS;;MULT3.SA;;COM_EVENTOS;INALTERADO;1;761c217fe9fc17f18eef54d2c1f24105b5ae635f397e702810db09a59ec04fc3;1663;data/raw/yahoo_dividendos/dividendos_MULT3__20261006_761c217f.csv
20261006_162318;2026-10-06T19:54:41.297850+00:00;dividendos_MWET4.csv;YAHOO_DIVIDENDOS;;MWET4.SA;;SEM_EVENTOS;INALTERADO;1;642daec761ccb28fc097aa7f22cfeb4552f7859c3b919e315b4f51bc1ae66de3;49;data/raw/yahoo_dividendos/dividendos_MWET4__20261006_642daec7.csv
20261006_162318;2026-10-06T19:54:41.636456+00:00;dividendos_MYPK3.csv;YAHOO_DIVIDENDOS;;MYPK3.SA;;COM_EVENTOS;INALTERADO;1;0f8969da05f2df5a4aee15fce314bc6036d417438573fc96e6a7bce244818a32;1052;data/raw/yahoo_dividendos/dividendos_MYPK3__20261006_0f8969da.csv
20261006_162318;2026-10-06T19:54:43.567237+00:00;dividendos_NATU3.csv;YAHOO_DIVIDENDOS;;NATU3.SA;;COM_EVENTOS;INALTERADO;1;c32c4584d8f4be0c566d3cf956d7e03b96dc8799fa2cddec9925038556e63c03;910;data/raw/yahoo_dividendos/dividendos_NATU3__20261006_c32c4584.csv
20261006_162318;2026-10-06T19:54:45.723492+00:00;dividendos_NEXP3.csv;YAHOO_DIVIDENDOS;;NEXP3.SA;;COM_EVENTOS;INALTERADO;1;8b60f36ec1ca5b6d29707b94fe7ffbd53a710f9b51df368a5269b6c9e400c801;306;data/raw/yahoo_dividendos/dividendos_NEXP3__20261006_8b60f36e.csv
20261006_162318;2026-10-06T19:54:47.805709+00:00;dividendos_NORD3.csv;YAHOO_DIVIDENDOS;;NORD3.SA;;SEM_EVENTOS;INALTERADO;1;642daec761ccb28fc097aa7f22cfeb4552f7859c3b919e315b4f51bc1ae66de3;49;data/raw/yahoo_dividendos/dividendos_NORD3__20261006_642daec7.csv
20261006_162318;2026-10-06T19:54:48.557206+00:00;dividendos_NUTR3.csv;YAHOO_DIVIDENDOS;;NUTR3.SA;;SEM_EVENTOS;INALTERADO;1;642daec761ccb28fc097aa7f22cfeb4552f7859c3b919e315b4f51bc1ae66de3;49;data/raw/yahoo_dividendos/dividendos_NUTR3__20261006_642daec7.csv
20261006_162318;2026-10-06T19:54:49.052732+00:00;dividendos_ODER4.csv;YAHOO_DIVIDENDOS;;ODER4.SA;;SEM_EVENTOS;INALTERADO;1;642daec761ccb28fc097aa7f22cfeb4552f7859c3b919e315b4f51bc1ae66de3;49;data/raw/yahoo_dividendos/dividendos_ODER4__20261006_642daec7.csv
20261006_162318;2026-10-06T19:54:50.202657+00:00;dividendos_OFSA3.csv;YAHOO_DIVIDENDOS;;OFSA3.SA;;COM_EVENTOS;INALTERADO;1;329a5456451850055a452d95da2dac34dade39a2f2d241097c4946e079a03664;834;data/raw/yahoo_dividendos/dividendos_OFSA3__20261006_329a5456.csv
20261006_162318;2026-10-06T19:54:52.405133+00:00;dividendos_OIBR3.csv;YAHOO_DIVIDENDOS;;OIBR3.SA;;COM_EVENTOS;INALTERADO;1;1044e1907f842ae50da50b2bc7af21de7853d59e5a20170daa141314ebdcb799;304;data/raw/yahoo_dividendos/dividendos_OIBR3__20261006_1044e190.csv
20261006_162318;2026-10-06T19:54:52.696688+00:00;dividendos_OIBR4.csv;YAHOO_DIVIDENDOS;;OIBR4.SA;;COM_EVENTOS;INALTERADO;1;f2304c4a26baa73302c2898ea6861a6640799f66def801c09d05ab8d54b46ff8;870;data/raw/yahoo_dividendos/dividendos_OIBR4__20261006_f2304c4a.csv
20261006_162318;2026-10-06T19:54:53.456406+00:00;dividendos_ONCO3.csv;YAHOO_DIVIDENDOS;;ONCO3.SA;;SEM_EVENTOS;INALTERADO;1;642daec761ccb28fc097aa7f22cfeb4552f7859c3b919e315b4f51bc1ae66de3;49;data/raw/yahoo_dividendos/dividendos_ONCO3__20261006_642daec7.csv
20261006_162318;2026-10-06T19:54:54.104201+00:00;dividendos_OPCT3.csv;YAHOO_DIVIDENDOS;;OPCT3.SA;;COM_EVENTOS;INALTERADO;1;d6fbc4a132650354afc0f213e46f5cf27bd339ebc3545bd5583219a2b993227f;85;data/raw/yahoo_dividendos/dividendos_OPCT3__20261006_d6fbc4a1.csv
20261006_162318;2026-10-06T19:54:54.312919+00:00;dividendos_ORVR3.csv;YAHOO_DIVIDENDOS;;ORVR3.SA;;SEM_EVENTOS;INALTERADO;1;642daec761ccb28fc097aa7f22cfeb4552f7859c3b919e315b4f51bc1ae66de3;49;data/raw/yahoo_dividendos/dividendos_ORVR3__20261006_642daec7.csv
20261006_162318;2026-10-06T19:54:55.084909+00:00;dividendos_OSXB3.csv;YAHOO_DIVIDENDOS;;OSXB3.SA;;SEM_EVENTOS;INALTERADO;1;642daec761ccb28fc097aa7f22cfeb4552f7859c3b919e315b4f51bc1ae66de3;49;data/raw/yahoo_dividendos/dividendos_OSXB3__20261006_642daec7.csv
20261006_162318;2026-10-06T19:54:55.602783+00:00;dividendos_PASS3.csv;YAHOO_DIVIDENDOS;;PASS3.SA;;SEM_EVENTOS;INALTERADO;1;642daec761ccb28fc097aa7f22cfeb4552f7859c3b919e315b4f51bc1ae66de3;49;data/raw/yahoo_dividendos/dividendos_PASS3__20261006_642daec7.csv
20261006_162318;2026-10-06T19:54:56.551019+00:00;dividendos_PATI4.csv;YAHOO_DIVIDENDOS;;PATI4.SA;;COM_EVENTOS;INALTERADO;1;d8688233dbc35f8faf041e5d26e8878deb436bed104406579340e321388cd0cf;768;data/raw/yahoo_dividendos/dividendos_PATI4__20261006_d8688233.csv
20261006_162318;2026-10-06T19:54:56.551525+00:00;dividendos_PATI3.csv;YAHOO_DIVIDENDOS;;PATI3.SA;;COM_EVENTOS;INALTERADO;1;986357be26bf871f513dcc83e54a694b5040694e792ac9a08eb4edc42b61c960;801;data/raw/yahoo_dividendos/dividendos_PATI3__20261006_986357be.csv
20261006_162318;2026-10-06T19:54:57.449398+00:00;dividendos_PCAR3.csv;YAHOO_DIVIDENDOS;;PCAR3.SA;;COM_EVENTOS;INALTERADO;1;2ffcafa1aa3d1869bad2f1a0594dcec7ad21f369c961f92cefbd3219bb6d4afd;1450;data/raw/yahoo_dividendos/dividendos_PCAR3__20261006_2ffcafa1.csv
20261006_162318;2026-10-06T19:54:58.887026+00:00;dividendos_PDGR3.csv;YAHOO_DIVIDENDOS;;PDGR3.SA;;COM_EVENTOS;INALTERADO;1;f3de7492ef4b5d6a85f64c90c0b2176f0ebf262f9c0664f393cd9b88ba459e0b;232;data/raw/yahoo_dividendos/dividendos_PDGR3__20261006_f3de7492.csv
20261006_162318;2026-10-06T19:54:59.506080+00:00;dividendos_PEAB3.csv;YAHOO_DIVIDENDOS;;PEAB3.SA;;COM_EVENTOS;INALTERADO;1;bf5cce60f0204f6bb7efed069a25928818ed0405a3dd2b197cb140de451a57c6;1105;data/raw/yahoo_dividendos/dividendos_PEAB3__20261006_bf5cce60.csv
20261006_162318;2026-10-06T19:54:59.666800+00:00;dividendos_PDTC3.csv;YAHOO_DIVIDENDOS;;PDTC3.SA;;COM_EVENTOS;INALTERADO;1;479584c829608c275343adaeff96c6f81abdab5552c92889010ea1ea09be6f0c;85;data/raw/yahoo_dividendos/dividendos_PDTC3__20261006_479584c8.csv
20261006_162318;2026-10-06T19:55:00.284680+00:00;dividendos_PEAB4.csv;YAHOO_DIVIDENDOS;;PEAB4.SA;;COM_EVENTOS;INALTERADO;1;db3f54d7c155dd503f2ed9118dbc061fec39430d74b408ae6ef6d32b2d14fc0d;976;data/raw/yahoo_dividendos/dividendos_PEAB4__20261006_db3f54d7.csv
20261006_162318;2026-10-06T19:55:00.419213+00:00;dividendos_PETR3.csv;YAHOO_DIVIDENDOS;;PETR3.SA;;COM_EVENTOS;INALTERADO;1;400229a00084ea37a3ed0cf9a228ff09a3ea17ffaffd995b0411dd19174e97e7;1794;data/raw/yahoo_dividendos/dividendos_PETR3__20261006_400229a0.csv
20261006_162318;2026-10-06T19:55:01.198586+00:00;dividendos_PETR4.csv;YAHOO_DIVIDENDOS;;PETR4.SA;;COM_EVENTOS;INALTERADO;1;65a940e2a3990b3a9d7171bbe0d2ac853311d49a77225cd15ed04cc2a11b0acd;2173;data/raw/yahoo_dividendos/dividendos_PETR4__20261006_65a940e2.csv
20261006_162318;2026-10-06T19:55:01.983688+00:00;dividendos_PFRM3.csv;YAHOO_DIVIDENDOS;;PFRM3.SA;;COM_EVENTOS;INALTERADO;1;3e8b7607920f66817493565ad32cd6cc7dab7c9a8727c3c51e835884c2641cc0;587;data/raw/yahoo_dividendos/dividendos_PFRM3__20261006_3e8b7607.csv
20261006_162318;2026-10-06T19:55:02.441569+00:00;dividendos_PGMN3.csv;YAHOO_DIVIDENDOS;;PGMN3.SA;;COM_EVENTOS;INALTERADO;1;e6c8b875a10bcd4b98c37e0f84485be6afa3066bd8c38f5f7faeef4328eab740;193;data/raw/yahoo_dividendos/dividendos_PGMN3__20261006_e6c8b875.csv
20261006_162318;2026-10-06T19:55:02.647157+00:00;dividendos_PLAS3.csv;YAHOO_DIVIDENDOS;;PLAS3.SA;;COM_EVENTOS;INALTERADO;1;bff65cc5a4a5e85c92678e38d06d48012e5e34e150851aaf22071f0fa51b4fa7;84;data/raw/yahoo_dividendos/dividendos_PLAS3__20261006_bff65cc5.csv
20261006_162318;2026-10-06T19:55:03.339965+00:00;dividendos_PLPL3.csv;YAHOO_DIVIDENDOS;;PLPL3.SA;;COM_EVENTOS;INALTERADO;1;f66125eeedb80db8c630a59eaf07d3f7cf7a89efbc9280afc992935feb16c054;264;data/raw/yahoo_dividendos/dividendos_PLPL3__20261006_f66125ee.csv
20261006_162318;2026-10-06T19:55:03.461365+00:00;dividendos_PMAM3.csv;YAHOO_DIVIDENDOS;;PMAM3.SA;;COM_EVENTOS;INALTERADO;1;903d6777ae88d3e76dc36d8ffbe60f19c46f76842123db94fb3886a8d0e3b7c7;121;data/raw/yahoo_dividendos/dividendos_PMAM3__20261006_903d6777.csv
20261006_162318;2026-10-06T19:55:06.783851+00:00;dividendos_PNVL3.csv;YAHOO_DIVIDENDOS;;PNVL3.SA;;COM_EVENTOS;INALTERADO;1;d5b165c1e39099f2b180ebc2b7a502b9fae068f31f962d27829e477d1dc3b6a4;1735;data/raw/yahoo_dividendos/dividendos_PNVL3__20261006_d5b165c1.csv
20261006_162318;2026-10-06T19:55:07.676177+00:00;dividendos_POMO3.csv;YAHOO_DIVIDENDOS;;POMO3.SA;;COM_EVENTOS;INALTERADO;1;c13064da2856c3aac82f057aaeabda55bd7c45d87082aae6722e6399541e2548;1869;data/raw/yahoo_dividendos/dividendos_POMO3__20261006_c13064da.csv
20261006_162318;2026-10-06T19:55:08.500999+00:00;dividendos_POMO4.csv;YAHOO_DIVIDENDOS;;POMO4.SA;;COM_EVENTOS;INALTERADO;1;594ca46aee642b5e75f3a78df0c470e6dcf2dcf74205276cc40a5a9993ab76cf;1756;data/raw/yahoo_dividendos/dividendos_POMO4__20261006_594ca46a.csv
20261006_162318;2026-10-06T19:55:09.235848+00:00;dividendos_POSI3.csv;YAHOO_DIVIDENDOS;;POSI3.SA;;COM_EVENTOS;INALTERADO;1;8cbc8591062b72a87f11abf3ef8d768596f62ffe987f393791c7d35a988a7a0f;622;data/raw/yahoo_dividendos/dividendos_POSI3__20261006_8cbc8591.csv
20261006_162318;2026-10-06T19:55:09.984018+00:00;dividendos_PRIO3.csv;YAHOO_DIVIDENDOS;;PRIO3.SA;;COM_EVENTOS;INALTERADO;1;1c033d1bbc1b7ee670e9cd03803e599aa2ce832a4fcea8c820d9c0dd358483eb;85;data/raw/yahoo_dividendos/dividendos_PRIO3__20261006_1c033d1b.csv
20261006_162318;2026-10-06T19:55:11.638539+00:00;dividendos_PRNR3.csv;YAHOO_DIVIDENDOS;;PRNR3.SA;;COM_EVENTOS;INALTERADO;1;8bbd368b004dc21491698975521557a2fc5ea10437a04acdfb181ac6ddf64200;229;data/raw/yahoo_dividendos/dividendos_PRNR3__20261006_8bbd368b.csv
20261006_162318;2026-10-06T19:55:14.365764+00:00;dividendos_PTBL3.csv;YAHOO_DIVIDENDOS;;PTBL3.SA;;COM_EVENTOS;INALTERADO;1;50fb8954ee7e73e235d94a5c3351d9e172205749937fbfd93f0ee28a040600f1;795;data/raw/yahoo_dividendos/dividendos_PTBL3__20261006_50fb8954.csv
20261006_162318;2026-10-06T19:55:18.858234+00:00;dividendos_QUAL3.csv;YAHOO_DIVIDENDOS;;QUAL3.SA;;COM_EVENTOS;INALTERADO;1;699b6bcfb290c298f590004d13b3343074ec9bdfd089d6407983ef711858047b;767;data/raw/yahoo_dividendos/dividendos_QUAL3__20261006_699b6bcf.csv
20261006_162318;2026-10-06T19:55:19.938554+00:00;dividendos_RADL3.csv;YAHOO_DIVIDENDOS;;RADL3.SA;;COM_EVENTOS;INALTERADO;1;60cfaa77547e36ea72c9b691a7e547fe9388a098996ec23443de2bb4136e0ac1;3028;data/raw/yahoo_dividendos/dividendos_RADL3__20261006_60cfaa77.csv
20261006_162318;2026-10-06T19:55:20.773518+00:00;dividendos_RAIL3.csv;YAHOO_DIVIDENDOS;;RAIL3.SA;;COM_EVENTOS;INALTERADO;1;2d5dac5a62a8b9cc86f60b9f5524e7db3a47c6eaefdc74f2ca2cdc7970325847;229;data/raw/yahoo_dividendos/dividendos_RAIL3__20261006_2d5dac5a.csv
20261006_162318;2026-10-06T19:55:20.986065+00:00;dividendos_RAIZ4.csv;YAHOO_DIVIDENDOS;;RAIZ4.SA;;COM_EVENTOS;INALTERADO;1;c2407b1e43f06253a5ac0ec3749b28c9cd03350055a24d3d381a6af1296be42f;406;data/raw/yahoo_dividendos/dividendos_RAIZ4__20261006_c2407b1e.csv
20261006_162318;2026-10-06T19:55:21.675874+00:00;dividendos_RANI3.csv;YAHOO_DIVIDENDOS;;RANI3.SA;;COM_EVENTOS;INALTERADO;1;640908f0804ef6cfa702f069f227210b51cc9ce5d89825e9e2546a210c0eab7e;1770;data/raw/yahoo_dividendos/dividendos_RANI3__20261006_640908f0.csv
20261006_162318;2026-10-06T19:55:22.656429+00:00;dividendos_RAPT3.csv;YAHOO_DIVIDENDOS;;RAPT3.SA;;COM_EVENTOS;INALTERADO;1;c365e030ef8bd6365482a7707b4eff1b8ef6172b45b4b297e048eeb45dd9ca81;1446;data/raw/yahoo_dividendos/dividendos_RAPT3__20261006_c365e030.csv
20261006_162318;2026-10-06T19:55:23.380594+00:00;dividendos_RCSL3.csv;YAHOO_DIVIDENDOS;;RCSL3.SA;;SEM_EVENTOS;INALTERADO;1;642daec761ccb28fc097aa7f22cfeb4552f7859c3b919e315b4f51bc1ae66de3;49;data/raw/yahoo_dividendos/dividendos_RCSL3__20261006_642daec7.csv
20261006_162318;2026-10-06T19:55:23.517107+00:00;dividendos_RAPT4.csv;YAHOO_DIVIDENDOS;;RAPT4.SA;;COM_EVENTOS;INALTERADO;1;5d9720fdaf848f4449436f4ea2274337ad9cf10ab8e1147b304d724881485536;1220;data/raw/yahoo_dividendos/dividendos_RAPT4__20261006_5d9720fd.csv
20261006_162318;2026-10-06T19:55:24.044725+00:00;dividendos_RCSL4.csv;YAHOO_DIVIDENDOS;;RCSL4.SA;;SEM_EVENTOS;INALTERADO;1;642daec761ccb28fc097aa7f22cfeb4552f7859c3b919e315b4f51bc1ae66de3;49;data/raw/yahoo_dividendos/dividendos_RCSL4__20261006_642daec7.csv
20261006_162318;2026-10-06T19:55:25.634133+00:00;dividendos_RDOR3.csv;YAHOO_DIVIDENDOS;;RDOR3.SA;;COM_EVENTOS;INALTERADO;1;1328bee2df0e1ad726f68e60166c7c8406c52fbed688cc2c7d95bf51e368140a;840;data/raw/yahoo_dividendos/dividendos_RDOR3__20261006_1328bee2.csv
20261006_162318;2026-10-06T19:55:26.139326+00:00;dividendos_RECV3.csv;YAHOO_DIVIDENDOS;;RECV3.SA;;COM_EVENTOS;INALTERADO;1;8b931fe201aa60113c3219ae7170762268c36c22a107a939793883c24e0f3788;444;data/raw/yahoo_dividendos/dividendos_RECV3__20261006_8b931fe2.csv
20261006_162318;2026-10-06T19:55:26.464550+00:00;dividendos_REDE3.csv;YAHOO_DIVIDENDOS;;REDE3.SA;;COM_EVENTOS;INALTERADO;1;0e058f9043a29b7a55b6ae62c1e2924d9dcf1fb532abf35035e766f0b49922cc;1016;data/raw/yahoo_dividendos/dividendos_REDE3__20261006_0e058f90.csv
20261006_162318;2026-10-06T19:55:28.122194+00:00;dividendos_RENT3.csv;YAHOO_DIVIDENDOS;;RENT3.SA;;COM_EVENTOS;INALTERADO;1;072ab6279e36fb76bfabab7bba62e0de4ba588f61305d2505b5e46ccdaf8d3eb;3200;data/raw/yahoo_dividendos/dividendos_RENT3__20261006_072ab627.csv
20261006_162318;2026-10-06T19:55:28.547522+00:00;dividendos_RENT4.csv;YAHOO_DIVIDENDOS;;RENT4.SA;;COM_EVENTOS;INALTERADO;1;75841a6baea456d59548f1cd619038b1b1c4f1e908c919e2dd63ff550b0a5c24;156;data/raw/yahoo_dividendos/dividendos_RENT4__20261006_75841a6b.csv
20261006_162318;2026-10-06T19:55:29.504113+00:00;dividendos_RIAA3.csv;YAHOO_DIVIDENDOS;;RIAA3.SA;;COM_EVENTOS;INALTERADO;1;44c5dafdaf11bb46de81042d3179846f96d9bafb21760a3ed4d9c0c69d95c161;1583;data/raw/yahoo_dividendos/dividendos_RIAA3__20261006_44c5dafd.csv
20261006_162318;2026-10-06T19:55:31.480951+00:00;dividendos_RNEW3.csv;YAHOO_DIVIDENDOS;;RNEW3.SA;;COM_EVENTOS;INALTERADO;1;c39ac4bd47aebbb21381df2f6a46866192150ca0d1da7f568f538444595684ee;84;data/raw/yahoo_dividendos/dividendos_RNEW3__20261006_c39ac4bd.csv
20261006_162318;2026-10-06T19:55:32.267407+00:00;dividendos_RNEW4.csv;YAHOO_DIVIDENDOS;;RNEW4.SA;;SEM_EVENTOS;INALTERADO;1;642daec761ccb28fc097aa7f22cfeb4552f7859c3b919e315b4f51bc1ae66de3;49;data/raw/yahoo_dividendos/dividendos_RNEW4__20261006_642daec7.csv
20261006_162318;2026-10-06T19:55:33.057297+00:00;dividendos_ROMI3.csv;YAHOO_DIVIDENDOS;;ROMI3.SA;;COM_EVENTOS;INALTERADO;1;a75499ca31650000cacde1438fa0b1b25d2029c8a0ad6cbfa60dafbdbfc123d5;1838;data/raw/yahoo_dividendos/dividendos_ROMI3__20261006_a75499ca.csv
20261006_162318;2026-10-06T19:55:33.841082+00:00;dividendos_RPMG3.csv;YAHOO_DIVIDENDOS;;RPMG3.SA;;SEM_EVENTOS;INALTERADO;1;642daec761ccb28fc097aa7f22cfeb4552f7859c3b919e315b4f51bc1ae66de3;49;data/raw/yahoo_dividendos/dividendos_RPMG3__20261006_642daec7.csv
20261006_162318;2026-10-06T19:55:35.597260+00:00;dividendos_RSID3.csv;YAHOO_DIVIDENDOS;;RSID3.SA;;COM_EVENTOS;INALTERADO;1;f1f8601d64dc19ef6c1ea014b77902595b1e231bed40009aff2381896c965750;229;data/raw/yahoo_dividendos/dividendos_RSID3__20261006_f1f8601d.csv
20261006_162318;2026-10-06T19:55:37.851974+00:00;dividendos_RSUL4.csv;YAHOO_DIVIDENDOS;;RSUL4.SA;;COM_EVENTOS;INALTERADO;1;4190fdcacd1a56605417f024b383a0b03f6496506bd8bfd92068e366ee8291a3;228;data/raw/yahoo_dividendos/dividendos_RSUL4__20261006_4190fdca.csv
20261006_162318;2026-10-06T19:55:38.502312+00:00;dividendos_RVEE3.csv;YAHOO_DIVIDENDOS;;RVEE3.SA;;SEM_EVENTOS;INALTERADO;1;642daec761ccb28fc097aa7f22cfeb4552f7859c3b919e315b4f51bc1ae66de3;49;data/raw/yahoo_dividendos/dividendos_RVEE3__20261006_642daec7.csv
20261006_162318;2026-10-06T19:55:39.270417+00:00;dividendos_SAPR3.csv;YAHOO_DIVIDENDOS;;SAPR3.SA;;COM_EVENTOS;INALTERADO;1;2a6ccdc5b22fbf02d667acf01c1192b54d62e4aece343de21f9ffef5a5f7beb6;1378;data/raw/yahoo_dividendos/dividendos_SAPR3__20261006_2a6ccdc5.csv
20261006_162318;2026-10-06T19:55:39.369851+00:00;dividendos_SAPR11.csv;YAHOO_DIVIDENDOS;;SAPR11.SA;;COM_EVENTOS;INALTERADO;1;5389ac19854e898ec1113e1ae4f0014690f4969180192b523dcf76ab411a0a64;806;data/raw/yahoo_dividendos/dividendos_SAPR11__20261006_5389ac19.csv
20261006_162318;2026-10-06T19:55:39.947445+00:00;dividendos_SAPR4.csv;YAHOO_DIVIDENDOS;;SAPR4.SA;;COM_EVENTOS;INALTERADO;1;a6b3d6f90678bc8f58e71c355c813181fe270104840557a4ed2dd751fe27065d;1413;data/raw/yahoo_dividendos/dividendos_SAPR4__20261006_a6b3d6f9.csv
20261006_162318;2026-10-06T19:55:40.279253+00:00;dividendos_SAUD3.csv;YAHOO_DIVIDENDOS;;SAUD3.SA;;COM_EVENTOS;INALTERADO;1;27b2fa038ebeb91f5c9c8966d3f80dcbca1caa8a1cfee28195c782104699178d;3785;data/raw/yahoo_dividendos/dividendos_SAUD3__20261006_27b2fa03.csv
20261006_162318;2026-10-06T19:55:40.572072+00:00;dividendos_SBFG3.csv;YAHOO_DIVIDENDOS;;SBFG3.SA;;COM_EVENTOS;INALTERADO;1;636de9d96a986a33372040cf3094d7fc34a887c8ef8c1cf9d55eef1576066ffb;228;data/raw/yahoo_dividendos/dividendos_SBFG3__20261006_636de9d9.csv
20261006_162318;2026-10-06T19:55:41.299115+00:00;dividendos_SBSP3.csv;YAHOO_DIVIDENDOS;;SBSP3.SA;;COM_EVENTOS;INALTERADO;1;e142ec1309291efe57b1f93df0d93a0156c8ab6ae219c45505681afe060cc8a0;947;data/raw/yahoo_dividendos/dividendos_SBSP3__20261006_e142ec13.csv
20261006_162318;2026-10-06T19:55:41.481709+00:00;dividendos_SCAR3.csv;YAHOO_DIVIDENDOS;;SCAR3.SA;;COM_EVENTOS;INALTERADO;1;92b1779e5550197d7806b44cfcb182a400e0e65f835f135e68bef99abb5dbc7c;910;data/raw/yahoo_dividendos/dividendos_SCAR3__20261006_92b1779e.csv
20261006_162318;2026-10-06T19:55:43.586754+00:00;dividendos_SEER3.csv;YAHOO_DIVIDENDOS;;SEER3.SA;;COM_EVENTOS;INALTERADO;1;b5a953f4e19c8b9c73ddec64ba4d9a5ca6390a018cf2ba550325f893c1845c0f;802;data/raw/yahoo_dividendos/dividendos_SEER3__20261006_b5a953f4.csv
20261006_162318;2026-10-06T19:55:44.446815+00:00;dividendos_SEQL3.csv;YAHOO_DIVIDENDOS;;SEQL3.SA;;SEM_EVENTOS;INALTERADO;1;642daec761ccb28fc097aa7f22cfeb4552f7859c3b919e315b4f51bc1ae66de3;49;data/raw/yahoo_dividendos/dividendos_SEQL3__20261006_642daec7.csv
20261006_162318;2026-10-06T19:55:48.031287+00:00;dividendos_SHOW3.csv;YAHOO_DIVIDENDOS;;SHOW3.SA;;COM_EVENTOS;INALTERADO;1;078cc2edfe7ea71ff9bec3e3e61b1ad6ccec481b0d141e2bcd7910277d33e3aa;222;data/raw/yahoo_dividendos/dividendos_SHOW3__20261006_078cc2ed.csv
20261006_162318;2026-10-06T19:55:48.688894+00:00;dividendos_SHUL3.csv;YAHOO_DIVIDENDOS;;SHUL3.SA;;SEM_EVENTOS;INALTERADO;1;642daec761ccb28fc097aa7f22cfeb4552f7859c3b919e315b4f51bc1ae66de3;49;data/raw/yahoo_dividendos/dividendos_SHUL3__20261006_642daec7.csv
20261006_162318;2026-10-06T19:55:49.477895+00:00;dividendos_SIMH3.csv;YAHOO_DIVIDENDOS;;SIMH3.SA;;COM_EVENTOS;INALTERADO;1;718a3078efd70b0d720eb4d8630896ec969b14526cb61a8f7418f8954e8093a5;336;data/raw/yahoo_dividendos/dividendos_SIMH3__20261006_718a3078.csv
20261006_162318;2026-10-06T19:55:49.669003+00:00;dividendos_SHUL4.csv;YAHOO_DIVIDENDOS;;SHUL4.SA;;COM_EVENTOS;INALTERADO;1;4f5bf019a33f85d9e43816dbda081d84719c64af32cd235d988b8435994bcf28;1737;data/raw/yahoo_dividendos/dividendos_SHUL4__20261006_4f5bf019.csv
20261006_162318;2026-10-06T19:55:50.591837+00:00;dividendos_SLCE3.csv;YAHOO_DIVIDENDOS;;SLCE3.SA;;COM_EVENTOS;INALTERADO;1;3ce422af8bb274974b2e6a86ac43a3ec463463d785ec12b58fcf61d20983ed4c;801;data/raw/yahoo_dividendos/dividendos_SLCE3__20261006_3ce422af.csv
20261006_162318;2026-10-06T19:55:52.881065+00:00;dividendos_SMFT3.csv;YAHOO_DIVIDENDOS;;SMFT3.SA;;COM_EVENTOS;INALTERADO;1;acb3ef8e1f75e94c28b9c78ccdfd24534a5b867d22e919b5abca7a0551064669;443;data/raw/yahoo_dividendos/dividendos_SMFT3__20261006_acb3ef8e.csv
20261006_162318;2026-10-06T19:55:54.759687+00:00;dividendos_SMTO3.csv;YAHOO_DIVIDENDOS;;SMTO3.SA;;COM_EVENTOS;INALTERADO;1;c468af9b6b8da1b3c2c4c44fd614418c193eb1fda5d6d5dec3357a91a59c30b8;1016;data/raw/yahoo_dividendos/dividendos_SMTO3__20261006_c468af9b.csv
20261006_162318;2026-10-06T19:55:55.347994+00:00;dividendos_SNSY3.csv;YAHOO_DIVIDENDOS;;SNSY3.SA;;SEM_EVENTOS;INALTERADO;1;642daec761ccb28fc097aa7f22cfeb4552f7859c3b919e315b4f51bc1ae66de3;49;data/raw/yahoo_dividendos/dividendos_SNSY3__20261006_642daec7.csv
20261006_162318;2026-10-06T19:55:56.033524+00:00;dividendos_SNSY5.csv;YAHOO_DIVIDENDOS;;SNSY5.SA;;SEM_EVENTOS;INALTERADO;1;642daec761ccb28fc097aa7f22cfeb4552f7859c3b919e315b4f51bc1ae66de3;49;data/raw/yahoo_dividendos/dividendos_SNSY5__20261006_642daec7.csv
20261006_162318;2026-10-06T19:55:56.703381+00:00;dividendos_SNSY6.csv;YAHOO_DIVIDENDOS;;SNSY6.SA;;SEM_EVENTOS;INALTERADO;1;642daec761ccb28fc097aa7f22cfeb4552f7859c3b919e315b4f51bc1ae66de3;49;data/raw/yahoo_dividendos/dividendos_SNSY6__20261006_642daec7.csv
20261006_162318;2026-10-06T19:55:57.008940+00:00;dividendos_SOJA3.csv;YAHOO_DIVIDENDOS;;SOJA3.SA;;COM_EVENTOS;INALTERADO;1;3a97b35e08ed41b587bdab8b7faeb0895570979f419b954e3824526ac2f9c2c1;337;data/raw/yahoo_dividendos/dividendos_SOJA3__20261006_3a97b35e.csv
20261006_162318;2026-10-06T19:55:58.134249+00:00;dividendos_SOND3.csv;YAHOO_DIVIDENDOS;;SOND3.SA;;COM_EVENTOS;INALTERADO;1;bc3161e5f8457d36f9ebc41a578b3a4d7a536bcc04b51e2631bec3b140ca9527;873;data/raw/yahoo_dividendos/dividendos_SOND3__20261006_bc3161e5.csv
20261006_162318;2026-10-06T19:55:58.892388+00:00;dividendos_SOND5.csv;YAHOO_DIVIDENDOS;;SOND5.SA;;COM_EVENTOS;INALTERADO;1;40ce52d5bf47e5f6ed557a5d26f2a0e6b51710cce76e9cb2d82bfe2c6758334c;837;data/raw/yahoo_dividendos/dividendos_SOND5__20261006_40ce52d5.csv
20261006_162318;2026-10-06T19:55:58.892868+00:00;dividendos_SOND6.csv;YAHOO_DIVIDENDOS;;SOND6.SA;;COM_EVENTOS;INALTERADO;1;1315fd7fc5e1c1bcd3ba3ef326abe55e5efcf86bea11f3a690876a9eb51d5e46;837;data/raw/yahoo_dividendos/dividendos_SOND6__20261006_1315fd7f.csv
20261006_162318;2026-10-06T19:56:06.452211+00:00;dividendos_SUZB3.csv;YAHOO_DIVIDENDOS;;SUZB3.SA;;COM_EVENTOS;INALTERADO;1;6d622fa3d2bb92e69cb64442a5ef0d7622b1d2e40350014ffce76a4877334e20;823;data/raw/yahoo_dividendos/dividendos_SUZB3__20261006_6d622fa3.csv
20261006_162318;2026-10-06T19:56:08.444433+00:00;dividendos_SYNE3.csv;YAHOO_DIVIDENDOS;;SYNE3.SA;;COM_EVENTOS;INALTERADO;1;024aaaf767432340efe88d4f49add42187fcf938d1acc8ce606c0c1289f63d90;767;data/raw/yahoo_dividendos/dividendos_SYNE3__20261006_024aaaf7.csv
20261006_162318;2026-10-06T19:56:09.140515+00:00;dividendos_TAEE11.csv;YAHOO_DIVIDENDOS;;TAEE11.SA;;COM_EVENTOS;INALTERADO;1;cc21ead6e2ff61604e5ac179722acc7b1036c423ed3d67243d7318133bb349a0;2316;data/raw/yahoo_dividendos/dividendos_TAEE11__20261006_cc21ead6.csv
20261006_162318;2026-10-06T19:56:09.289808+00:00;dividendos_TAEE3.csv;YAHOO_DIVIDENDOS;;TAEE3.SA;;COM_EVENTOS;INALTERADO;1;fcd0bca6706633133fcc1fadae19320fccbfc1b8150f7e5f7f1606a8a6392400;2088;data/raw/yahoo_dividendos/dividendos_TAEE3__20261006_fcd0bca6.csv
20261006_162318;2026-10-06T19:56:09.968290+00:00;dividendos_TAEE4.csv;YAHOO_DIVIDENDOS;;TAEE4.SA;;COM_EVENTOS;INALTERADO;1;7d0cceeca9b9ef3fe0751eddc2b3b0156b82c637782ef84c6374ff08ae058738;1515;data/raw/yahoo_dividendos/dividendos_TAEE4__20261006_7d0cceec.csv
20261006_162318;2026-10-06T19:56:11.676404+00:00;dividendos_TASA3.csv;YAHOO_DIVIDENDOS;;TASA3.SA;;COM_EVENTOS;INALTERADO;1;2fa689facebb923d404686895b265847b711ea5643d4d14b53b8d92198f539c8;655;data/raw/yahoo_dividendos/dividendos_TASA3__20261006_2fa689fa.csv
20261006_162318;2026-10-06T19:56:12.021854+00:00;dividendos_TASA4.csv;YAHOO_DIVIDENDOS;;TASA4.SA;;COM_EVENTOS;INALTERADO;1;198aeb2b654d3b1af3ca66b31e385d8026991003835514c1283264b608e09a3b;569;data/raw/yahoo_dividendos/dividendos_TASA4__20261006_198aeb2b.csv
20261006_162318;2026-10-06T19:56:14.380565+00:00;dividendos_TCSA3.csv;YAHOO_DIVIDENDOS;;TCSA3.SA;;COM_EVENTOS;INALTERADO;1;25638dcadb22294bb112598af64ec5a4a9cadff0463f234e5cf884bd044dcafb;337;data/raw/yahoo_dividendos/dividendos_TCSA3__20261006_25638dca.csv
20261006_162318;2026-10-06T19:56:16.658090+00:00;dividendos_TECN3.csv;YAHOO_DIVIDENDOS;;TECN3.SA;;COM_EVENTOS;INALTERADO;1;716320c9f26b1484383bc4c1a501c3755276f56f0d9ddb86d58efeca09807f3f;473;data/raw/yahoo_dividendos/dividendos_TECN3__20261006_716320c9.csv
20261006_162318;2026-10-06T19:56:17.237723+00:00;dividendos_TEKA4.csv;YAHOO_DIVIDENDOS;;TEKA4.SA;;SEM_EVENTOS;INALTERADO;1;642daec761ccb28fc097aa7f22cfeb4552f7859c3b919e315b4f51bc1ae66de3;49;data/raw/yahoo_dividendos/dividendos_TEKA4__20261006_642daec7.csv
20261006_162318;2026-10-06T19:56:17.399650+00:00;dividendos_TEKA3.csv;YAHOO_DIVIDENDOS;;TEKA3.SA;;SEM_EVENTOS;INALTERADO;1;642daec761ccb28fc097aa7f22cfeb4552f7859c3b919e315b4f51bc1ae66de3;49;data/raw/yahoo_dividendos/dividendos_TEKA3__20261006_642daec7.csv
20261006_162318;2026-10-06T19:56:17.927745+00:00;dividendos_TELB3.csv;YAHOO_DIVIDENDOS;;TELB3.SA;;SEM_EVENTOS;INALTERADO;1;642daec761ccb28fc097aa7f22cfeb4552f7859c3b919e315b4f51bc1ae66de3;49;data/raw/yahoo_dividendos/dividendos_TELB3__20261006_642daec7.csv
20261006_162318;2026-10-06T19:56:18.274969+00:00;dividendos_TELB4.csv;YAHOO_DIVIDENDOS;;TELB4.SA;;SEM_EVENTOS;INALTERADO;1;642daec761ccb28fc097aa7f22cfeb4552f7859c3b919e315b4f51bc1ae66de3;49;data/raw/yahoo_dividendos/dividendos_TELB4__20261006_642daec7.csv
20261006_162318;2026-10-06T19:56:19.828643+00:00;dividendos_TEND3.csv;YAHOO_DIVIDENDOS;;TEND3.SA;;COM_EVENTOS;INALTERADO;1;cc69d33766dff8a71efd2b72417598d2543b321e46356bb951fcbb447243409b;517;data/raw/yahoo_dividendos/dividendos_TEND3__20261006_cc69d337.csv
20261006_162318;2026-10-06T19:56:23.644510+00:00;dividendos_TFCO4.csv;YAHOO_DIVIDENDOS;;TFCO4.SA;;COM_EVENTOS;INALTERADO;1;7c555f8f2189ed788415ec7314241feeee754f0a3ec36201e2a9b0c995e560a1;947;data/raw/yahoo_dividendos/dividendos_TFCO4__20261006_7c555f8f.csv
20261006_162318;2026-10-06T19:56:24.376997+00:00;dividendos_TGMA3.csv;YAHOO_DIVIDENDOS;;TGMA3.SA;;COM_EVENTOS;INALTERADO;1;d180e1c27e712193071aec64c35da5b42ee7d0182252ee6ab9f85a37431c4dae;1547;data/raw/yahoo_dividendos/dividendos_TGMA3__20261006_d180e1c2.csv
20261006_162318;2026-10-06T19:56:27.714788+00:00;dividendos_TIMS3.csv;YAHOO_DIVIDENDOS;;TIMS3.SA;;COM_EVENTOS;INALTERADO;1;10ec5779aebb2da835f7546f3be15ff98b561d610330bb48c7288cb67f1875ef;1700;data/raw/yahoo_dividendos/dividendos_TIMS3__20261006_10ec5779.csv
20261006_162318;2026-10-06T19:56:35.608921+00:00;dividendos_TOKY3.csv;YAHOO_DIVIDENDOS;;TOKY3.SA;;SEM_EVENTOS;INALTERADO;1;642daec761ccb28fc097aa7f22cfeb4552f7859c3b919e315b4f51bc1ae66de3;49;data/raw/yahoo_dividendos/dividendos_TOKY3__20261006_642daec7.csv
20261006_162318;2026-10-06T19:56:36.851156+00:00;dividendos_TOTS3.csv;YAHOO_DIVIDENDOS;;TOTS3.SA;;COM_EVENTOS;INALTERADO;1;cb8cfddb14c393019017f53627cb3ff8eea1d5170e8f5727376910995c7c4527;1754;data/raw/yahoo_dividendos/dividendos_TOTS3__20261006_cb8cfddb.csv
20261006_162318;2026-10-06T19:56:38.599878+00:00;dividendos_TPIS3.csv;YAHOO_DIVIDENDOS;;TPIS3.SA;;COM_EVENTOS;INALTERADO;1;cca56058d2bafb625ec94dd101506223b156f559e8e49a8666dbd4deed740615;689;data/raw/yahoo_dividendos/dividendos_TPIS3__20261006_cca56058.csv
20261006_162318;2026-10-06T19:56:39.663168+00:00;dividendos_TRIS3.csv;YAHOO_DIVIDENDOS;;TRIS3.SA;;COM_EVENTOS;INALTERADO;1;b44b05ee03bc737ba5d7584065feead2d34ee0d7c84e1c68f3ed215bf94f354c;695;data/raw/yahoo_dividendos/dividendos_TRIS3__20261006_b44b05ee.csv
20261006_162318;2026-10-06T19:56:42.002731+00:00;dividendos_TTEN3.csv;YAHOO_DIVIDENDOS;;TTEN3.SA;;COM_EVENTOS;INALTERADO;1;99067866154ac680183f1ae2d01682fa32ad6a755e44908eaeb7c46ed4fd109d;229;data/raw/yahoo_dividendos/dividendos_TTEN3__20261006_99067866.csv
20261006_162318;2026-10-06T19:56:42.978241+00:00;dividendos_TUPY3.csv;YAHOO_DIVIDENDOS;;TUPY3.SA;;COM_EVENTOS;INALTERADO;1;50d4c20b17381183c1bc0547b329d1a8c35ba2223a3c57882703975f8783333d;1184;data/raw/yahoo_dividendos/dividendos_TUPY3__20261006_50d4c20b.csv
20261006_162318;2026-10-06T19:56:43.664622+00:00;dividendos_TXRX3.csv;YAHOO_DIVIDENDOS;;TXRX3.SA;;SEM_EVENTOS;INALTERADO;1;642daec761ccb28fc097aa7f22cfeb4552f7859c3b919e315b4f51bc1ae66de3;49;data/raw/yahoo_dividendos/dividendos_TXRX3__20261006_642daec7.csv
20261006_162318;2026-10-06T19:56:44.463965+00:00;dividendos_TXRX4.csv;YAHOO_DIVIDENDOS;;TXRX4.SA;;SEM_EVENTOS;INALTERADO;1;642daec761ccb28fc097aa7f22cfeb4552f7859c3b919e315b4f51bc1ae66de3;49;data/raw/yahoo_dividendos/dividendos_TXRX4__20261006_642daec7.csv
20261006_162318;2026-10-06T19:56:44.921538+00:00;dividendos_UCAS3.csv;YAHOO_DIVIDENDOS;;UCAS3.SA;;COM_EVENTOS;INALTERADO;1;65cb3eff2c93a60b01e604b5a93253f7ddce8f34649380f3dea3ed7431f7e3e6;535;data/raw/yahoo_dividendos/dividendos_UCAS3__20261006_65cb3eff.csv
20261006_162318;2026-10-06T19:56:45.256481+00:00;dividendos_UGPA3.csv;YAHOO_DIVIDENDOS;;UGPA3.SA;;COM_EVENTOS;INALTERADO;1;9adf6dcd5d619c0f6264f2fdcf8c22402326f69866b2a256320dc4790faa1c94;1330;data/raw/yahoo_dividendos/dividendos_UGPA3__20261006_9adf6dcd.csv
20261006_162318;2026-10-06T19:56:46.430017+00:00;dividendos_UNIP3.csv;YAHOO_DIVIDENDOS;;UNIP3.SA;;COM_EVENTOS;INALTERADO;1;799953fca35741d7151385ba240b0ec6384e79430d69c806113f7a762e894bb9;1303;data/raw/yahoo_dividendos/dividendos_UNIP3__20261006_799953fc.csv
20261006_162318;2026-10-06T19:56:47.371704+00:00;dividendos_UNIP6.csv;YAHOO_DIVIDENDOS;;UNIP6.SA;;COM_EVENTOS;INALTERADO;1;efaceaff37f541486768c48a26ca4ac99d93ef2748395aa23aa838d98e567130;1089;data/raw/yahoo_dividendos/dividendos_UNIP6__20261006_efaceaff.csv
20261006_162318;2026-10-06T19:56:47.513224+00:00;dividendos_UNIP5.csv;YAHOO_DIVIDENDOS;;UNIP5.SA;;COM_EVENTOS;INALTERADO;1;1b4e02d4d80d837ae82c8c8eff7f5c442974849a179570c29a31770e051d95ef;1053;data/raw/yahoo_dividendos/dividendos_UNIP5__20261006_1b4e02d4.csv
20261006_162318;2026-10-06T19:56:48.290117+00:00;dividendos_USIM3.csv;YAHOO_DIVIDENDOS;;USIM3.SA;;COM_EVENTOS;INALTERADO;1;f9fc11d337e95daa35a8acc764b3375fc5d659206bf8935bdee2d96e1e1775c9;868;data/raw/yahoo_dividendos/dividendos_USIM3__20261006_f9fc11d3.csv
20261006_162318;2026-10-06T19:56:49.070815+00:00;dividendos_USIM5.csv;YAHOO_DIVIDENDOS;;USIM5.SA;;COM_EVENTOS;INALTERADO;1;a8013547833949024c3bc8d144c93364259a3d197e5097d9b3ae7d0e2b9aa90a;907;data/raw/yahoo_dividendos/dividendos_USIM5__20261006_a8013547.csv
20261006_162318;2026-10-06T19:56:49.580287+00:00;dividendos_USIM6.csv;YAHOO_DIVIDENDOS;;USIM6.SA;;COM_EVENTOS;INALTERADO;1;d5badcef4e425807759afbefefea082098006706b18695697c8f3ded5565c9d4;660;data/raw/yahoo_dividendos/dividendos_USIM6__20261006_d5badcef.csv
20261006_162318;2026-10-06T19:56:50.498404+00:00;dividendos_VALE3.csv;YAHOO_DIVIDENDOS;;VALE3.SA;;COM_EVENTOS;NOVA_VERSAO;4;784472fe068a2df545ce643d310ddb4c1881a3cbed1601ed068287935298a18b;1441;data/raw/yahoo_dividendos/dividendos_VALE3__20261006_784472fe.csv
20261006_162318;2026-10-06T19:56:51.115159+00:00;dividendos_VAMO3.csv;YAHOO_DIVIDENDOS;;VAMO3.SA;;COM_EVENTOS;INALTERADO;1;b15e7eff83704053f2c9ac4397ec9aaf60cebb59b25d5bb72d95ed8f9d4f5418;264;data/raw/yahoo_dividendos/dividendos_VAMO3__20261006_b15e7eff.csv
20261006_162318;2026-10-06T19:56:51.854876+00:00;dividendos_VBBR3.csv;YAHOO_DIVIDENDOS;;VBBR3.SA;;COM_EVENTOS;INALTERADO;1;a826236a709608ee1c825be73707dce7e29db3f02e9db8c36af7eba5bb5720ae;913;data/raw/yahoo_dividendos/dividendos_VBBR3__20261006_a826236a.csv
20261006_162318;2026-10-06T19:56:55.517144+00:00;dividendos_VITT3.csv;YAHOO_DIVIDENDOS;;VITT3.SA;;COM_EVENTOS;INALTERADO;1;cefb32e5771ce6352f2bcac5a0b945f284c34ef9d1a36a9467d46eb8f3d68a39;517;data/raw/yahoo_dividendos/dividendos_VITT3__20261006_cefb32e5.csv
20261006_162318;2026-10-06T19:56:56.295087+00:00;dividendos_VIVA3.csv;YAHOO_DIVIDENDOS;;VIVA3.SA;;COM_EVENTOS;INALTERADO;1;4aa9fd3e5d82ecd6afc59cc177b4193dcf714dd84adf3550310727ba51805195;372;data/raw/yahoo_dividendos/dividendos_VIVA3__20261006_4aa9fd3e.csv
20261006_162318;2026-10-06T19:56:58.742405+00:00;dividendos_VIVR3.csv;YAHOO_DIVIDENDOS;;VIVR3.SA;;SEM_EVENTOS;INALTERADO;1;642daec761ccb28fc097aa7f22cfeb4552f7859c3b919e315b4f51bc1ae66de3;49;data/raw/yahoo_dividendos/dividendos_VIVR3__20261006_642daec7.csv
20261006_162318;2026-10-06T19:56:58.821967+00:00;dividendos_VIVT3.csv;YAHOO_DIVIDENDOS;;VIVT3.SA;;COM_EVENTOS;INALTERADO;1;da08a934b9ee06ef7e171c1e5cdb47df277d88f97b8e8106cf4d06a2a4fefc71;4249;data/raw/yahoo_dividendos/dividendos_VIVT3__20261006_da08a934.csv
20261006_162318;2026-10-06T19:56:59.626443+00:00;dividendos_VLID3.csv;YAHOO_DIVIDENDOS;;VLID3.SA;;COM_EVENTOS;INALTERADO;1;7b54500abf6fadf7ab3ec75be710db795165934b697367a555f4762fe5fc3b3c;2029;data/raw/yahoo_dividendos/dividendos_VLID3__20261006_7b54500a.csv
20261006_162318;2026-10-06T19:57:01.163197+00:00;dividendos_VSTE3.csv;YAHOO_DIVIDENDOS;;VSTE3.SA;;COM_EVENTOS;INALTERADO;1;698447dcf90549396e1f1c9d11c4bfccd48b15276497abc5e55c7cf0a0ad80a8;551;data/raw/yahoo_dividendos/dividendos_VSTE3__20261006_698447dc.csv
20261006_162318;2026-10-06T19:57:01.628953+00:00;dividendos_VTRU3.csv;YAHOO_DIVIDENDOS;;VTRU3.SA;;COM_EVENTOS;INALTERADO;1;d814f4286837b9a7a665fd23f116a3201db1bf114c29c070291a0545a9088868;121;data/raw/yahoo_dividendos/dividendos_VTRU3__20261006_d814f428.csv
20261006_162318;2026-10-06T19:57:02.079003+00:00;dividendos_VULC3.csv;YAHOO_DIVIDENDOS;;VULC3.SA;;COM_EVENTOS;INALTERADO;1;74b254cd1f9dfbd4001d85f5c7fa82ee28f80590601f68ee5e490ea4e30bbf34;1290;data/raw/yahoo_dividendos/dividendos_VULC3__20261006_74b254cd.csv
20261006_162318;2026-10-06T19:57:04.115065+00:00;dividendos_VVEO3.csv;YAHOO_DIVIDENDOS;;VVEO3.SA;;COM_EVENTOS;INALTERADO;1;dc562936afb9fc0e23f6aea6b58cc346368233a2b8470c14b51501f4793c75e3;193;data/raw/yahoo_dividendos/dividendos_VVEO3__20261006_dc562936.csv
20261006_162318;2026-10-06T19:57:04.722447+00:00;dividendos_WDCN3.csv;YAHOO_DIVIDENDOS;;WDCN3.SA;;COM_EVENTOS;INALTERADO;1;486b09bf33a60ee6dea68d328ed6df6bbf67aa775122eba36e95914575dca8b8;157;data/raw/yahoo_dividendos/dividendos_WDCN3__20261006_486b09bf.csv
20261006_162318;2026-10-06T19:57:05.229126+00:00;dividendos_WEGE3.csv;YAHOO_DIVIDENDOS;;WEGE3.SA;;COM_EVENTOS;INALTERADO;1;33d9f15922a57c155ca4f6b2ee2f1d778b63914656c8bc43e9f8fd2fd7f32759;3967;data/raw/yahoo_dividendos/dividendos_WEGE3__20261006_33d9f159.csv
20261006_162318;2026-10-06T19:57:05.289005+00:00;dividendos_WEST3.csv;YAHOO_DIVIDENDOS;;WEST3.SA;;COM_EVENTOS;INALTERADO;1;cbe06750ba5932a5aca178d0842c194d4fa2eba913c15f26551c61020e25f8ee;85;data/raw/yahoo_dividendos/dividendos_WEST3__20261006_cbe06750.csv
20261006_162318;2026-10-06T19:57:05.922573+00:00;dividendos_WHRL3.csv;YAHOO_DIVIDENDOS;;WHRL3.SA;;COM_EVENTOS;INALTERADO;1;15d6d9d2cb0a970bbf1df82350bd6f0996a80d9a7c1a4aead6e4b15ff2017411;1200;data/raw/yahoo_dividendos/dividendos_WHRL3__20261006_15d6d9d2.csv
20261006_162318;2026-10-06T19:57:06.100407+00:00;dividendos_WHRL4.csv;YAHOO_DIVIDENDOS;;WHRL4.SA;;COM_EVENTOS;INALTERADO;1;f6e155eea2132b0c1a5380f44f20bf5c22fdf4d2cbbed564449a6515efc6144a;996;data/raw/yahoo_dividendos/dividendos_WHRL4__20261006_f6e155ee.csv
20261006_162318;2026-10-06T19:57:06.495400+00:00;dividendos_WLMM3.csv;YAHOO_DIVIDENDOS;;WLMM3.SA;;COM_EVENTOS;INALTERADO;1;de2ea8cdf8c1ac4d4032c9319d3db34613887c4e482ea9e80c1c06b6e58a7aaf;1003;data/raw/yahoo_dividendos/dividendos_WLMM3__20261006_de2ea8cd.csv
20261006_162318;2026-10-06T19:57:07.211184+00:00;dividendos_WLMM4.csv;YAHOO_DIVIDENDOS;;WLMM4.SA;;COM_EVENTOS;INALTERADO;1;4583d5e6335e66e47a323de09a1f5f2d2e6b88a31bbd4b7a7212d826e08280c4;1360;data/raw/yahoo_dividendos/dividendos_WLMM4__20261006_4583d5e6.csv
20261006_162318;2026-10-06T19:57:07.963372+00:00;dividendos_YDUQ3.csv;YAHOO_DIVIDENDOS;;YDUQ3.SA;;COM_EVENTOS;INALTERADO;1;2cdd73fefeecb973710ec897b7ddbe41156976a4b63bf26285656635ee0134cc;803;data/raw/yahoo_dividendos/dividendos_YDUQ3__20261006_2cdd73fe.csv
20261006_162318;2026-10-06T20:49:49.270555+00:00;dividendos_ABEV3.csv;YAHOO_DIVIDENDOS;;ABEV3.SA;;COM_EVENTOS;INALTERADO;1;0d928b78a4aed2b65dba75662a1deec45a3b60b0fa9257babd8afbc4027563fd;1891;data/raw/yahoo_dividendos/dividendos_ABEV3__20261006_0d928b78.csv
20261006_162318;2026-10-06T20:49:49.294758+00:00;dividendos_AALR3.csv;YAHOO_DIVIDENDOS;;AALR3.SA;;COM_EVENTOS;INALTERADO;1;9ad0dcbe12f7837b7fdaf1a7d233b671dccb404a94d27bc71c10cbcef2e17078;121;data/raw/yahoo_dividendos/dividendos_AALR3__20261006_9ad0dcbe.csv
20261006_162318;2026-10-06T20:49:52.023507+00:00;dividendos_AERI3.csv;YAHOO_DIVIDENDOS;;AERI3.SA;;COM_EVENTOS;INALTERADO;1;b0a80b13af9a65b7934b21db3cf704b1083baead854e776068fc5e7f37833c6d;84;data/raw/yahoo_dividendos/dividendos_AERI3__20261006_b0a80b13.csv
20261006_162318;2026-10-06T20:49:53.291574+00:00;dividendos_AFLT3.csv;YAHOO_DIVIDENDOS;;AFLT3.SA;;COM_EVENTOS;INALTERADO;1;1ebe220851d894e35befa4378dce6224e9debcf9d4a9674374c969496ffb7a18;1091;data/raw/yahoo_dividendos/dividendos_AFLT3__20261006_1ebe2208.csv
20261006_162318;2026-10-06T20:49:54.989830+00:00;dividendos_AGXY3.csv;YAHOO_DIVIDENDOS;;AGXY3.SA;;COM_EVENTOS;INALTERADO;1;b8e83c2fdbabb939bed5e3d807d8132347990ce36e38260415a77916a489d693;120;data/raw/yahoo_dividendos/dividendos_AGXY3__20261006_b8e83c2f.csv
20261006_162318;2026-10-06T20:49:55.282229+00:00;dividendos_AGRO3.csv;YAHOO_DIVIDENDOS;;AGRO3.SA;;COM_EVENTOS;INALTERADO;1;a1c412066306fe8b4ee9b1b6721b9fd225b213e0d4c61750ed781acc692eb415;586;data/raw/yahoo_dividendos/dividendos_AGRO3__20261006_a1c41206.csv
20261006_162318;2026-10-06T20:49:55.757775+00:00;dividendos_AHEB5.csv;YAHOO_DIVIDENDOS;;AHEB5.SA;;SEM_EVENTOS;INALTERADO;1;642daec761ccb28fc097aa7f22cfeb4552f7859c3b919e315b4f51bc1ae66de3;49;data/raw/yahoo_dividendos/dividendos_AHEB5__20261006_642daec7.csv
20261006_162318;2026-10-06T20:49:55.780854+00:00;dividendos_AHEB3.csv;YAHOO_DIVIDENDOS;;AHEB3.SA;;SEM_EVENTOS;INALTERADO;1;642daec761ccb28fc097aa7f22cfeb4552f7859c3b919e315b4f51bc1ae66de3;49;data/raw/yahoo_dividendos/dividendos_AHEB3__20261006_642daec7.csv
20261006_162318;2026-10-06T20:49:56.245619+00:00;dividendos_AHEB6.csv;YAHOO_DIVIDENDOS;;AHEB6.SA;;SEM_EVENTOS;INALTERADO;1;642daec761ccb28fc097aa7f22cfeb4552f7859c3b919e315b4f51bc1ae66de3;49;data/raw/yahoo_dividendos/dividendos_AHEB6__20261006_642daec7.csv
20261006_162318;2026-10-06T20:49:56.416135+00:00;dividendos_ALLD3.csv;YAHOO_DIVIDENDOS;;ALLD3.SA;;COM_EVENTOS;INALTERADO;2;2d01983a6d0f54f23be274d8c6fa50e2368807426ef7d004d514589d1109db6e;444;data/raw/yahoo_dividendos/dividendos_ALLD3__20261006_2d01983a.csv
20261006_162318;2026-10-06T20:49:57.122491+00:00;dividendos_ALOS3.csv;YAHOO_DIVIDENDOS;;ALOS3.SA;;COM_EVENTOS;INALTERADO;1;f4c0821b2584c1ebfb2f3a740b75d2bd2c89305462b74f118fd3199d8a9a7bb9;1386;data/raw/yahoo_dividendos/dividendos_ALOS3__20261006_f4c0821b.csv
20261006_162318;2026-10-06T20:49:57.746716+00:00;dividendos_ALPA3.csv;YAHOO_DIVIDENDOS;;ALPA3.SA;;COM_EVENTOS;INALTERADO;1;f4dbdd6a072fec629f2cc0740b640b8120b594f3d88e875503fa136d6e2daa7d;1840;data/raw/yahoo_dividendos/dividendos_ALPA3__20261006_f4dbdd6a.csv
20261006_162318;2026-10-06T20:49:58.328656+00:00;dividendos_ALPK3.csv;YAHOO_DIVIDENDOS;;ALPK3.SA;;COM_EVENTOS;INALTERADO;1;24d8645f0a6f06561837291f3874a9a54d03796a2bc484efed1d41eba3edc968;85;data/raw/yahoo_dividendos/dividendos_ALPK3__20261006_24d8645f.csv
20261006_162318;2026-10-06T20:49:58.380451+00:00;dividendos_ALPA4.csv;YAHOO_DIVIDENDOS;;ALPA4.SA;;COM_EVENTOS;INALTERADO;1;e9c4c18b3fb0e03aff91b0130f4d3a48cbb4c0caee05db9d262dd86f7fb7847d;1587;data/raw/yahoo_dividendos/dividendos_ALPA4__20261006_e9c4c18b.csv
20261006_162318;2026-10-06T20:50:00.658285+00:00;dividendos_ALUP3.csv;YAHOO_DIVIDENDOS;;ALUP3.SA;;COM_EVENTOS;INALTERADO;1;a39e9bfc11c933979fa4330c2fe2310c514c851b6202c16f5820325e1b10440b;873;data/raw/yahoo_dividendos/dividendos_ALUP3__20261006_a39e9bfc.csv
20261006_162318;2026-10-06T20:50:00.666448+00:00;dividendos_ALUP11.csv;YAHOO_DIVIDENDOS;;ALUP11.SA;;COM_EVENTOS;INALTERADO;1;6f49824864f73e298cf22c837cfc8484b15c8e43060ce3696160d98351f76b2c;1076;data/raw/yahoo_dividendos/dividendos_ALUP11__20261006_6f498248.csv
20261006_162318;2026-10-06T20:50:01.270487+00:00;dividendos_ALUP4.csv;YAHOO_DIVIDENDOS;;ALUP4.SA;;COM_EVENTOS;INALTERADO;1;0f620d96d67aa45654c104690d4cfd1ddc3c28ecf1911bac204f5be4c6a7ee0a;873;data/raw/yahoo_dividendos/dividendos_ALUP4__20261006_0f620d96.csv
20261006_162318;2026-10-06T20:50:01.538058+00:00;dividendos_AMAR3.csv;YAHOO_DIVIDENDOS;;AMAR3.SA;;COM_EVENTOS;INALTERADO;1;c1b1e05fd6f9658e36259e88401a7c7987aaa4ce2e5f07cad3b9aee595265d35;515;data/raw/yahoo_dividendos/dividendos_AMAR3__20261006_c1b1e05f.csv
20261006_162318;2026-10-06T20:50:01.738579+00:00;dividendos_AMBP3.csv;YAHOO_DIVIDENDOS;;AMBP3.SA;;COM_EVENTOS;INALTERADO;1;c911662effaf6e57b0fbbe2d7d92dd41196c9c56ecf74ec604053be6ec954a79;157;data/raw/yahoo_dividendos/dividendos_AMBP3__20261006_c911662e.csv
20261006_162318;2026-10-06T20:50:04.586145+00:00;dividendos_AMER3.csv;YAHOO_DIVIDENDOS;;AMER3.SA;;COM_EVENTOS;INALTERADO;1;58dcf37a1e5e7abd9d595c98ca65f9170cf7086de6ede84756215a4fd8949941;303;data/raw/yahoo_dividendos/dividendos_AMER3__20261006_58dcf37a.csv
20261006_162318;2026-10-06T20:50:05.134959+00:00;dividendos_AMOB3.csv;YAHOO_DIVIDENDOS;;AMOB3.SA;;SEM_EVENTOS;INALTERADO;1;642daec761ccb28fc097aa7f22cfeb4552f7859c3b919e315b4f51bc1ae66de3;49;data/raw/yahoo_dividendos/dividendos_AMOB3__20261006_642daec7.csv
20261006_162318;2026-10-06T20:50:05.840797+00:00;dividendos_ANIM3.csv;YAHOO_DIVIDENDOS;;ANIM3.SA;;COM_EVENTOS;INALTERADO;1;d039dfaf62a5524d4e63ced33856a1fdf08f2ca2c7b6d54d76175ca30c17d360;365;data/raw/yahoo_dividendos/dividendos_ANIM3__20261006_d039dfaf.csv
20261006_162318;2026-10-06T20:50:08.105949+00:00;dividendos_ARML3.csv;YAHOO_DIVIDENDOS;;ARML3.SA;;COM_EVENTOS;INALTERADO;1;26f949e3e7b91c5bf16be0c3dbf344e4d97ba8d7128dea8413dfc9c6976bedb5;624;data/raw/yahoo_dividendos/dividendos_ARML3__20261006_26f949e3.csv
20261006_162318;2026-10-06T20:50:09.532195+00:00;dividendos_ATED3.csv;YAHOO_DIVIDENDOS;;ATED3.SA;;SEM_EVENTOS;INALTERADO;1;642daec761ccb28fc097aa7f22cfeb4552f7859c3b919e315b4f51bc1ae66de3;49;data/raw/yahoo_dividendos/dividendos_ATED3__20261006_642daec7.csv
20261006_162318;2026-10-06T20:50:10.103592+00:00;dividendos_ASAI3.csv;YAHOO_DIVIDENDOS;;ASAI3.SA;;COM_EVENTOS;INALTERADO;1;03b3566f3be9f0e66f20482d828d485f547f30d0c143fd8eb56e3817d6219065;336;data/raw/yahoo_dividendos/dividendos_ASAI3__20261006_03b3566f.csv
20261006_162318;2026-10-06T20:50:11.159662+00:00;dividendos_AUAU3.csv;YAHOO_DIVIDENDOS;;AUAU3.SA;;COM_EVENTOS;INALTERADO;1;aa7da9449bbd766f63e5e6c1677286eac16b4f3c1dcf51c42dc0f4c120ec148a;85;data/raw/yahoo_dividendos/dividendos_AUAU3__20261006_aa7da944.csv
20261006_162318;2026-10-06T20:50:11.751478+00:00;dividendos_AURE3.csv;YAHOO_DIVIDENDOS;;AURE3.SA;;COM_EVENTOS;INALTERADO;1;ae4391fe9786a48aa5950f64a24f33bb7da3698ec32bec834e062ee38a7c7e65;209;data/raw/yahoo_dividendos/dividendos_AURE3__20261006_ae4391fe.csv
20261006_162318;2026-10-06T20:50:12.295937+00:00;dividendos_AVLL3.csv;YAHOO_DIVIDENDOS;;AVLL3.SA;;SEM_EVENTOS;INALTERADO;1;642daec761ccb28fc097aa7f22cfeb4552f7859c3b919e315b4f51bc1ae66de3;49;data/raw/yahoo_dividendos/dividendos_AVLL3__20261006_642daec7.csv
20261006_162318;2026-10-06T20:50:13.206685+00:00;dividendos_AXIA3.csv;YAHOO_DIVIDENDOS;;AXIA3.SA;;COM_EVENTOS;INALTERADO;1;8dd498af18003ba44f5d283a5eca1e38df011d00f84c15f6e15801b3ec0e550f;696;data/raw/yahoo_dividendos/dividendos_AXIA3__20261006_8dd498af.csv
20261006_162318;2026-10-06T20:50:14.287532+00:00;dividendos_AXIA7.csv;YAHOO_DIVIDENDOS;;AXIA7.SA;;SEM_EVENTOS;INALTERADO;1;642daec761ccb28fc097aa7f22cfeb4552f7859c3b919e315b4f51bc1ae66de3;49;data/raw/yahoo_dividendos/dividendos_AXIA7__20261006_642daec7.csv
20261006_162318;2026-10-06T20:50:14.970647+00:00;dividendos_AZEV3.csv;YAHOO_DIVIDENDOS;;AZEV3.SA;;COM_EVENTOS;INALTERADO;1;348a98296208660730b42904c2de1d13a792de7ece6182a5c828af83cb6ab6c1;157;data/raw/yahoo_dividendos/dividendos_AZEV3__20261006_348a9829.csv
20261006_162318;2026-10-06T20:50:15.252342+00:00;dividendos_AZEV4.csv;YAHOO_DIVIDENDOS;;AZEV4.SA;;COM_EVENTOS;INALTERADO;1;a23efe61aea02ea3e716e79fcc8be109d10c829d8876bdfb7892737a4490169b;157;data/raw/yahoo_dividendos/dividendos_AZEV4__20261006_a23efe61.csv
20261006_162318;2026-10-06T20:50:15.386185+00:00;dividendos_AZTE3.csv;YAHOO_DIVIDENDOS;;AZTE3.SA;;SEM_EVENTOS;INALTERADO;1;642daec761ccb28fc097aa7f22cfeb4552f7859c3b919e315b4f51bc1ae66de3;49;data/raw/yahoo_dividendos/dividendos_AZTE3__20261006_642daec7.csv
20261006_162318;2026-10-06T20:50:15.652272+00:00;dividendos_AZUL3.csv;YAHOO_DIVIDENDOS;;AZUL3.SA;;SEM_EVENTOS;INALTERADO;1;642daec761ccb28fc097aa7f22cfeb4552f7859c3b919e315b4f51bc1ae66de3;49;data/raw/yahoo_dividendos/dividendos_AZUL3__20261006_642daec7.csv
20261006_162318;2026-10-06T20:50:16.186425+00:00;dividendos_AZUL97.csv;YAHOO_DIVIDENDOS;;AZUL97.SA;;SEM_EVENTOS;INALTERADO;1;642daec761ccb28fc097aa7f22cfeb4552f7859c3b919e315b4f51bc1ae66de3;49;data/raw/yahoo_dividendos/dividendos_AZUL97__20261006_642daec7.csv
20261006_162318;2026-10-06T20:50:16.701648+00:00;dividendos_AZUL98.csv;YAHOO_DIVIDENDOS;;AZUL98.SA;;SEM_EVENTOS;INALTERADO;1;642daec761ccb28fc097aa7f22cfeb4552f7859c3b919e315b4f51bc1ae66de3;49;data/raw/yahoo_dividendos/dividendos_AZUL98__20261006_642daec7.csv
20261006_162318;2026-10-06T20:50:16.888245+00:00;dividendos_AZUL99.csv;YAHOO_DIVIDENDOS;;AZUL99.SA;;SEM_EVENTOS;INALTERADO;1;642daec761ccb28fc097aa7f22cfeb4552f7859c3b919e315b4f51bc1ae66de3;49;data/raw/yahoo_dividendos/dividendos_AZUL99__20261006_642daec7.csv
20261006_162318;2026-10-06T20:50:17.528568+00:00;dividendos_AZZA3.csv;YAHOO_DIVIDENDOS;;AZZA3.SA;;COM_EVENTOS;INALTERADO;1;3ba62d7cc821ffbbc6aba439f55c34f98f62728ed0033624ba78fa5f45bb5830;1831;data/raw/yahoo_dividendos/dividendos_AZZA3__20261006_3ba62d7c.csv
20261006_162318;2026-10-06T20:50:18.251435+00:00;dividendos_BALM3.csv;YAHOO_DIVIDENDOS;;BALM3.SA;;COM_EVENTOS;INALTERADO;1;a736e873ac31ddb76e716c4704c24d9e98ea188ccb0f5bd22211132a818757e6;817;data/raw/yahoo_dividendos/dividendos_BALM3__20261006_a736e873.csv
20261006_162318;2026-10-06T20:50:18.678168+00:00;dividendos_BALM4.csv;YAHOO_DIVIDENDOS;;BALM4.SA;;COM_EVENTOS;INALTERADO;1;db887bdd4283de267f79a2b95333eb17c01c3c04aa69ea42fbf43b2ee25a50a2;781;data/raw/yahoo_dividendos/dividendos_BALM4__20261006_db887bdd.csv
20261006_162318;2026-10-06T20:50:18.869769+00:00;dividendos_BAUH4.csv;YAHOO_DIVIDENDOS;;BAUH4.SA;;COM_EVENTOS;INALTERADO;1;ad5b71844acc8a97d32f3fd2e5b7badf22f237eea2ea181af408a36e8fc8d647;464;data/raw/yahoo_dividendos/dividendos_BAUH4__20261006_ad5b7184.csv
20261006_162318;2026-10-06T20:50:19.858449+00:00;dividendos_BDLL3.csv;YAHOO_DIVIDENDOS;;BDLL3.SA;;COM_EVENTOS;INALTERADO;1;eae3339ebdac774085c07a65492a9fb9ab8d9f8f73c9cc82fc033531ef8b31af;214;data/raw/yahoo_dividendos/dividendos_BDLL3__20261006_eae3339e.csv
20261006_162318;2026-10-06T20:50:20.541964+00:00;dividendos_BDLL4.csv;YAHOO_DIVIDENDOS;;BDLL4.SA;;COM_EVENTOS;INALTERADO;1;a6295c0d72936cf23ce23d9277a05818e200a3e7f12a65096e4c081e3baa2f3b;213;data/raw/yahoo_dividendos/dividendos_BDLL4__20261006_a6295c0d.csv
20261006_162318;2026-10-06T20:50:20.587233+00:00;dividendos_BEEF3.csv;YAHOO_DIVIDENDOS;;BEEF3.SA;;COM_EVENTOS;INALTERADO;1;4da4bc4bac28994f230013524c043535ef1377ee60f1ec45bcc77efd022363ac;515;data/raw/yahoo_dividendos/dividendos_BEEF3__20261006_4da4bc4b.csv
20261006_162318;2026-10-06T20:50:22.379444+00:00;dividendos_BHIA3.csv;YAHOO_DIVIDENDOS;;BHIA3.SA;;COM_EVENTOS;INALTERADO;1;d976ba6b42602d22e15f9ae13ce779eb5332d192f0d28cd0e062c755a7535395;336;data/raw/yahoo_dividendos/dividendos_BHIA3__20261006_d976ba6b.csv
20261006_162318;2026-10-06T20:50:22.473657+00:00;dividendos_BIED3.csv;YAHOO_DIVIDENDOS;;BIED3.SA;;COM_EVENTOS;INALTERADO;1;154ca1989b046c54155114bfba6a6ce537e90c1f287ee7390acbeffc76d1aa38;300;data/raw/yahoo_dividendos/dividendos_BIED3__20261006_154ca198.csv
20261006_162318;2026-10-06T20:50:23.056856+00:00;dividendos_BIOM3.csv;YAHOO_DIVIDENDOS;;BIOM3.SA;;SEM_EVENTOS;INALTERADO;1;642daec761ccb28fc097aa7f22cfeb4552f7859c3b919e315b4f51bc1ae66de3;49;data/raw/yahoo_dividendos/dividendos_BIOM3__20261006_642daec7.csv
20261006_162318;2026-10-06T20:50:24.146409+00:00;dividendos_BLAU3.csv;YAHOO_DIVIDENDOS;;BLAU3.SA;;COM_EVENTOS;INALTERADO;1;ba823622552757409713ef267619a906ba88a5536089f8d69da18ee6eefcbe4d;840;data/raw/yahoo_dividendos/dividendos_BLAU3__20261006_ba823622.csv
20261006_162318;2026-10-06T20:50:24.726746+00:00;dividendos_BMOB3.csv;YAHOO_DIVIDENDOS;;BMOB3.SA;;COM_EVENTOS;INALTERADO;1;78a82f44b165b36802828652a7556ff32d96621ac01e52e3122a09fbcf4e2c50;373;data/raw/yahoo_dividendos/dividendos_BMOB3__20261006_78a82f44.csv
20261006_162318;2026-10-06T20:50:24.744145+00:00;dividendos_BMKS3.csv;YAHOO_DIVIDENDOS;;BMKS3.SA;;COM_EVENTOS;INALTERADO;1;8d63e27ae690079fa2deecd8e1f02e4b591b39a68a0ab6443877ce457949b86d;725;data/raw/yahoo_dividendos/dividendos_BMKS3__20261006_8d63e27a.csv
20261006_162318;2026-10-06T20:50:26.470398+00:00;dividendos_BOBR4.csv;YAHOO_DIVIDENDOS;;BOBR4.SA;;SEM_EVENTOS;INALTERADO;1;642daec761ccb28fc097aa7f22cfeb4552f7859c3b919e315b4f51bc1ae66de3;49;data/raw/yahoo_dividendos/dividendos_BOBR4__20261006_642daec7.csv
20261006_162318;2026-10-06T20:50:27.118973+00:00;dividendos_BRAV3.csv;YAHOO_DIVIDENDOS;;BRAV3.SA;;COM_EVENTOS;INALTERADO;1;54bad17b7173aeb975d01b2cedff694f66469851fc5bc00e1c48b2ffab238e40;121;data/raw/yahoo_dividendos/dividendos_BRAV3__20261006_54bad17b.csv
20261006_162318;2026-10-06T20:50:29.915643+00:00;dividendos_BRKM3.csv;YAHOO_DIVIDENDOS;;BRKM3.SA;;COM_EVENTOS;INALTERADO;1;2a4ab5f02b9459ae86d7a9e6b984a08a9f98f70bfcd495cad259de1e69b0286b;479;data/raw/yahoo_dividendos/dividendos_BRKM3__20261006_2a4ab5f0.csv
20261006_162318;2026-10-06T20:50:30.770944+00:00;dividendos_BRKM5.csv;YAHOO_DIVIDENDOS;;BRKM5.SA;;COM_EVENTOS;INALTERADO;1;fb2987d72bbc257d7c4f46698d9eb5dcffed3612a5c5aafd065485ecce638d6d;620;data/raw/yahoo_dividendos/dividendos_BRKM5__20261006_fb2987d7.csv
20261006_162318;2026-10-06T20:50:30.851389+00:00;dividendos_BRKM6.csv;YAHOO_DIVIDENDOS;;BRKM6.SA;;COM_EVENTOS;INALTERADO;1;4dc993dc99308b62b759d8e02e6b646233ab3c24cff9b52615042c8050ec8aa3;371;data/raw/yahoo_dividendos/dividendos_BRKM6__20261006_4dc993dc.csv
20261006_162318;2026-10-06T20:50:32.360009+00:00;dividendos_BRST3.csv;YAHOO_DIVIDENDOS;;BRST3.SA;;COM_EVENTOS;INALTERADO;1;26071b8e4bc26d0105acf56a75c07fdf6b86b84f3ebf255fb8883f28f105f82b;85;data/raw/yahoo_dividendos/dividendos_BRST3__20261006_26071b8e.csv
20261006_162318;2026-10-06T20:50:36.200845+00:00;dividendos_CALI3.csv;YAHOO_DIVIDENDOS;;CALI3.SA;;COM_EVENTOS;INALTERADO;1;5425b019235571e891ab8ff70f42ed9561450b3b6a25165378f7ec9661b1d39d;406;data/raw/yahoo_dividendos/dividendos_CALI3__20261006_5425b019.csv
20261006_162318;2026-10-06T20:50:36.906600+00:00;dividendos_CAMB3.csv;YAHOO_DIVIDENDOS;;CAMB3.SA;;COM_EVENTOS;INALTERADO;1;be3ddc8ffc2a6c8df63c7ba6fd4358a40894462ba33ed998c029ef363fb460ec;826;data/raw/yahoo_dividendos/dividendos_CAMB3__20261006_be3ddc8f.csv
20261006_162318;2026-10-06T20:50:37.947230+00:00;dividendos_CAML3.csv;YAHOO_DIVIDENDOS;;CAML3.SA;;COM_EVENTOS;INALTERADO;1;d918f8651b9b7a40c37ce39d0f2ef31e27b2484a8e7e8787f4ec4ea13481a564;1375;data/raw/yahoo_dividendos/dividendos_CAML3__20261006_d918f865.csv
20261006_162318;2026-10-06T20:50:38.598531+00:00;dividendos_CASH3.csv;YAHOO_DIVIDENDOS;;CASH3.SA;;COM_EVENTOS;INALTERADO;1;72d0a4d1f74dca7c63e4cbec6f021c3293d794da66be573cadbceaf26feb12c2;85;data/raw/yahoo_dividendos/dividendos_CASH3__20261006_72d0a4d1.csv
20261006_162318;2026-10-06T20:50:38.992743+00:00;dividendos_CASN3.csv;YAHOO_DIVIDENDOS;;CASN3.SA;;SEM_EVENTOS;INALTERADO;1;642daec761ccb28fc097aa7f22cfeb4552f7859c3b919e315b4f51bc1ae66de3;49;data/raw/yahoo_dividendos/dividendos_CASN3__20261006_642daec7.csv
20261006_162318;2026-10-06T20:50:40.032468+00:00;dividendos_CBAV3.csv;YAHOO_DIVIDENDOS;;CBAV3.SA;;COM_EVENTOS;INALTERADO;1;57f2c0d6bfdbf74b891f8531743d0f8dced0b26a77de44441c3637c3f86dd93c;193;data/raw/yahoo_dividendos/dividendos_CBAV3__20261006_57f2c0d6.csv
20261006_162318;2026-10-06T20:50:40.844793+00:00;dividendos_CBEE3.csv;YAHOO_DIVIDENDOS;;CBEE3.SA;;COM_EVENTOS;INALTERADO;1;283be4b0515f87e405d9e69d9f6b6e54134d340cf47b98fd265c470b78a78801;516;data/raw/yahoo_dividendos/dividendos_CBEE3__20261006_283be4b0.csv
20261006_162318;2026-10-06T20:50:45.721246+00:00;dividendos_CCTY3.csv;YAHOO_DIVIDENDOS;;CCTY3.SA;;SEM_EVENTOS;INALTERADO;1;642daec761ccb28fc097aa7f22cfeb4552f7859c3b919e315b4f51bc1ae66de3;49;data/raw/yahoo_dividendos/dividendos_CCTY3__20261006_642daec7.csv
20261006_162318;2026-10-06T20:50:46.006510+00:00;dividendos_CEAB3.csv;YAHOO_DIVIDENDOS;;CEAB3.SA;;COM_EVENTOS;INALTERADO;1;292103de134056d3f2e34db3d37a7e8283b916cc11841dfbc52b7c9d572d1e90;191;data/raw/yahoo_dividendos/dividendos_CEAB3__20261006_292103de.csv
20261006_162318;2026-10-06T20:50:46.344539+00:00;dividendos_CEBR3.csv;YAHOO_DIVIDENDOS;;CEBR3.SA;;COM_EVENTOS;INALTERADO;1;862b5aa062c01ecd9c12ac1832b276d5dac6032a98a0d28e0ebf3ce6a43cba4c;652;data/raw/yahoo_dividendos/dividendos_CEBR3__20261006_862b5aa0.csv
20261006_162318;2026-10-06T20:50:46.949033+00:00;dividendos_CEBR5.csv;YAHOO_DIVIDENDOS;;CEBR5.SA;;COM_EVENTOS;INALTERADO;1;0051730f3276195fc2d260c9776800e96be262864d21864496d55523d78b3a63;653;data/raw/yahoo_dividendos/dividendos_CEBR5__20261006_0051730f.csv
20261006_162318;2026-10-06T20:50:47.123840+00:00;dividendos_CEBR6.csv;YAHOO_DIVIDENDOS;;CEBR6.SA;;COM_EVENTOS;INALTERADO;1;64e2b39d165cd3768c9fa6aae57ed6b0b2936a8de3a78d9ddb86f5f2b3307311;657;data/raw/yahoo_dividendos/dividendos_CEBR6__20261006_64e2b39d.csv
20261006_162318;2026-10-06T20:50:47.485625+00:00;dividendos_CEDO3.csv;YAHOO_DIVIDENDOS;;CEDO3.SA;;COM_EVENTOS;INALTERADO;1;27c611b76745117f20b312149019ad4012e135044dbbed344964afd7c5aa8447;458;data/raw/yahoo_dividendos/dividendos_CEDO3__20261006_27c611b7.csv
20261006_162318;2026-10-06T20:50:47.669843+00:00;dividendos_CEDO4.csv;YAHOO_DIVIDENDOS;;CEDO4.SA;;COM_EVENTOS;INALTERADO;1;6609f9da24e66d7d95d03725aec70557ff038f0e136bfbb8cec2a40aadb11130;211;data/raw/yahoo_dividendos/dividendos_CEDO4__20261006_6609f9da.csv
20261006_162318;2026-10-06T20:50:48.219859+00:00;dividendos_CEEB3.csv;YAHOO_DIVIDENDOS;;CEEB3.SA;;COM_EVENTOS;INALTERADO;1;40f5ac68ca3213db96121803c70ee2ad1a5d579b3ae029e18f4afcd5c781c67e;2350;data/raw/yahoo_dividendos/dividendos_CEEB3__20261006_40f5ac68.csv
20261006_162318;2026-10-06T20:50:48.265749+00:00;dividendos_CEEB5.csv;YAHOO_DIVIDENDOS;;CEEB5.SA;;COM_EVENTOS;INALTERADO;1;4d05236b3c0308b314503079a19f5bb109f1705c02ed1ed5499f691fb6dd308f;2130;data/raw/yahoo_dividendos/dividendos_CEEB5__20261006_4d05236b.csv
20261006_162318;2026-10-06T20:50:48.942007+00:00;dividendos_CEED4.csv;YAHOO_DIVIDENDOS;;CEED4.SA;;SEM_EVENTOS;INALTERADO;1;642daec761ccb28fc097aa7f22cfeb4552f7859c3b919e315b4f51bc1ae66de3;49;data/raw/yahoo_dividendos/dividendos_CEED4__20261006_642daec7.csv
20261006_162318;2026-10-06T20:50:49.018176+00:00;dividendos_CEED3.csv;YAHOO_DIVIDENDOS;;CEED3.SA;;SEM_EVENTOS;INALTERADO;1;642daec761ccb28fc097aa7f22cfeb4552f7859c3b919e315b4f51bc1ae66de3;49;data/raw/yahoo_dividendos/dividendos_CEED3__20261006_642daec7.csv
20261006_162318;2026-10-06T20:50:49.594412+00:00;dividendos_CEGR3.csv;YAHOO_DIVIDENDOS;;CEGR3.SA;;COM_EVENTOS;INALTERADO;1;3cd18895d4c12cbeea8b9d72f2f1d084eb38b064b397ec388ec7d1456dc453d2;1362;data/raw/yahoo_dividendos/dividendos_CEGR3__20261006_3cd18895.csv
20261006_162318;2026-10-06T20:50:57.069538+00:00;dividendos_CGAS3.csv;YAHOO_DIVIDENDOS;;CGAS3.SA;;COM_EVENTOS;INALTERADO;1;d3c7be53c50e671fcf449afa8ebf4b6e589092bce4049c3272d06a988f384a39;1734;data/raw/yahoo_dividendos/dividendos_CGAS3__20261006_d3c7be53.csv
20261006_162318;2026-10-06T20:50:57.879355+00:00;dividendos_CGAS5.csv;YAHOO_DIVIDENDOS;;CGAS5.SA;;COM_EVENTOS;INALTERADO;1;6ce443c777878ae70a6231f9fda366cf23d8cee4a361501d53391a350eb5416b;1702;data/raw/yahoo_dividendos/dividendos_CGAS5__20261006_6ce443c7.csv
20261006_162318;2026-10-06T20:50:57.938326+00:00;dividendos_CGRA3.csv;YAHOO_DIVIDENDOS;;CGRA3.SA;;COM_EVENTOS;INALTERADO;1;acaabea2d486b55dc14f388216d1423b6a7b53636535928f485d0c4bf086363a;1196;data/raw/yahoo_dividendos/dividendos_CGRA3__20261006_acaabea2.csv
20261006_162318;2026-10-06T20:50:58.799656+00:00;dividendos_CGRA4.csv;YAHOO_DIVIDENDOS;;CGRA4.SA;;COM_EVENTOS;INALTERADO;1;2be978721479e591acb9b6923ac1955483fa9897ccc20cbee35fe41e11f48f31;1164;data/raw/yahoo_dividendos/dividendos_CGRA4__20261006_2be97872.csv
20261006_162318;2026-10-06T20:51:01.343619+00:00;dividendos_CLSC3.csv;YAHOO_DIVIDENDOS;;CLSC3.SA;;COM_EVENTOS;INALTERADO;1;04f258c516d2dec55961e728a1799f2161b87165ecacb071f72c406d44ea3337;1554;data/raw/yahoo_dividendos/dividendos_CLSC3__20261006_04f258c5.csv
20261006_162318;2026-10-06T20:51:01.912540+00:00;dividendos_CLSC4.csv;YAHOO_DIVIDENDOS;;CLSC4.SA;;COM_EVENTOS;INALTERADO;1;c19364c490c9035b61b29f0af6a9f70eb8034dada0e2d50f0973018851128c55;1303;data/raw/yahoo_dividendos/dividendos_CLSC4__20261006_c19364c4.csv
20261006_162318;2026-10-06T20:51:04.251155+00:00;dividendos_CMIG3.csv;YAHOO_DIVIDENDOS;;CMIG3.SA;;COM_EVENTOS;INALTERADO;1;65a27b0adefd09bf5092abcbabe1386a2c4707f5deeb92700cd44ee9098d3ad9;2050;data/raw/yahoo_dividendos/dividendos_CMIG3__20261006_65a27b0a.csv
20261006_162318;2026-10-06T20:51:04.964071+00:00;dividendos_CMIN3.csv;YAHOO_DIVIDENDOS;;CMIN3.SA;;COM_EVENTOS;INALTERADO;1;af6fb8b50215a0cfd0b446b5d3e019754301dd27934c9938de0ee94c23600d99;659;data/raw/yahoo_dividendos/dividendos_CMIN3__20261006_af6fb8b5.csv
20261006_162318;2026-10-06T20:51:05.052047+00:00;dividendos_CMIG4.csv;YAHOO_DIVIDENDOS;;CMIG4.SA;;COM_EVENTOS;INALTERADO;1;8e8ba82eda34a21b4b8fae6e89fb9fb71e8f7321e389804e1a3d168fcb189fff;1946;data/raw/yahoo_dividendos/dividendos_CMIG4__20261006_8e8ba82e.csv
20261006_162318;2026-10-06T20:51:06.841484+00:00;dividendos_COCE3.csv;YAHOO_DIVIDENDOS;;COCE3.SA;;COM_EVENTOS;INALTERADO;1;7e615e4d84e9765c05b7b856e580317874fb3d94d9f4b8f75acd07608067186d;800;data/raw/yahoo_dividendos/dividendos_COCE3__20261006_7e615e4d.csv
20261006_162318;2026-10-06T20:51:07.634107+00:00;dividendos_COCE5.csv;YAHOO_DIVIDENDOS;;COCE5.SA;;COM_EVENTOS;INALTERADO;1;ea661685f9685876ca0977554e1172e2138bd0ebc500cb12067ba874162287f0;765;data/raw/yahoo_dividendos/dividendos_COCE5__20261006_ea661685.csv
20261006_162318;2026-10-06T20:51:08.362537+00:00;dividendos_COGN3.csv;YAHOO_DIVIDENDOS;;COGN3.SA;;COM_EVENTOS;INALTERADO;1;b33523ff0f5156edfb10963c7b73dd391c4a28343c750cb1200a897eefdd99d4;1129;data/raw/yahoo_dividendos/dividendos_COGN3__20261006_b33523ff.csv
20261006_162318;2026-10-06T20:51:09.665452+00:00;dividendos_CPFE3.csv;YAHOO_DIVIDENDOS;;CPFE3.SA;;COM_EVENTOS;INALTERADO;1;a7e1ee78d313d209a239b80f9734fad3e183cfecfdd4a161eba8ba9ed5afbe1b;983;data/raw/yahoo_dividendos/dividendos_CPFE3__20261006_a7e1ee78.csv
20261006_162318;2026-10-06T20:51:10.315763+00:00;dividendos_CPLE3.csv;YAHOO_DIVIDENDOS;;CPLE3.SA;;COM_EVENTOS;INALTERADO;1;fa5f062ec977ed6e163e10cedf0e6ab405b7d53da4e0a39f0c93b61eb9ac7a95;1335;data/raw/yahoo_dividendos/dividendos_CPLE3__20261006_fa5f062e.csv
20261006_162318;2026-10-06T20:51:14.891374+00:00;dividendos_CRPG3.csv;YAHOO_DIVIDENDOS;;CRPG3.SA;;COM_EVENTOS;INALTERADO;1;37968e99c0c5a747389dee380bd326d4250b77e4ecb0e9881e016e7faa7de5c4;889;data/raw/yahoo_dividendos/dividendos_CRPG3__20261006_37968e99.csv
20261006_162318;2026-10-06T20:51:15.708357+00:00;dividendos_CRPG6.csv;YAHOO_DIVIDENDOS;;CRPG6.SA;;COM_EVENTOS;INALTERADO;1;83e828c71d46710a4b29c47ea59622540d3a77ea04791a91fa98d755dcbdfeef;855;data/raw/yahoo_dividendos/dividendos_CRPG6__20261006_83e828c7.csv
20261006_162318;2026-10-06T20:51:15.759422+00:00;dividendos_CRPG5.csv;YAHOO_DIVIDENDOS;;CRPG5.SA;;COM_EVENTOS;INALTERADO;1;bfacd51b4541fd5664cf648aace602b01103364a14ea0942ada53a76e1c3d3e5;886;data/raw/yahoo_dividendos/dividendos_CRPG5__20261006_bfacd51b.csv
20261006_162318;2026-10-06T20:51:16.385999+00:00;dividendos_CSAN3.csv;YAHOO_DIVIDENDOS;;CSAN3.SA;;COM_EVENTOS;INALTERADO;1;5804723db0c801befbf9d4057ae9ab27ab562e533a1e8dd02832c2e71c0aa6be;839;data/raw/yahoo_dividendos/dividendos_CSAN3__20261006_5804723d.csv
20261006_162318;2026-10-06T20:51:16.971273+00:00;dividendos_CSED3.csv;YAHOO_DIVIDENDOS;;CSED3.SA;;COM_EVENTOS;INALTERADO;1;28a377f2806439df290bd97e3f3efca9b4c2d01ae94ec4cbd29a525f8edc6275;334;data/raw/yahoo_dividendos/dividendos_CSED3__20261006_28a377f2.csv
20261006_162318;2026-10-06T20:51:17.483731+00:00;dividendos_CSMG3.csv;YAHOO_DIVIDENDOS;;CSMG3.SA;;COM_EVENTOS;INALTERADO;1;048513d9545a2511e971c0b5195bf7b2719ac6caf3e6f1d163557e20d65757c0;2488;data/raw/yahoo_dividendos/dividendos_CSMG3__20261006_048513d9.csv
20261006_162318;2026-10-06T20:51:17.612752+00:00;dividendos_CSNA3.csv;YAHOO_DIVIDENDOS;;CSNA3.SA;;COM_EVENTOS;INALTERADO;1;3e1e48a70f69abdc5dbad88f6226d3ae3db1f3a30d96a5866d3d0d982923622a;1046;data/raw/yahoo_dividendos/dividendos_CSNA3__20261006_3e1e48a7.csv
20261006_162318;2026-10-06T20:51:19.778408+00:00;dividendos_CSUD3.csv;YAHOO_DIVIDENDOS;;CSUD3.SA;;COM_EVENTOS;INALTERADO;1;c2e386c2c4b2136bcbdf951bec89e7eadf7d8180a95bf33e26465f7b4e88bbd7;1769;data/raw/yahoo_dividendos/dividendos_CSUD3__20261006_c2e386c2.csv
20261006_162318;2026-10-06T20:51:20.627372+00:00;dividendos_CTAX3.csv;YAHOO_DIVIDENDOS;;CTAX3.SA;;COM_EVENTOS;INALTERADO;1;e9afed3ca38dc0c0c45936e03fb38fbc72035c45ae0334f58ad4493459cce9a0;413;data/raw/yahoo_dividendos/dividendos_CTAX3__20261006_e9afed3c.csv
20261006_162318;2026-10-06T20:51:21.764730+00:00;dividendos_CTKA3.csv;YAHOO_DIVIDENDOS;;CTKA3.SA;;COM_EVENTOS;INALTERADO;1;62e303f9f84bb8356a52f12913d3d3ad30143d3a88c5844194fd26f171205733;157;data/raw/yahoo_dividendos/dividendos_CTKA3__20261006_62e303f9.csv
20261006_162318;2026-10-06T20:51:22.374160+00:00;dividendos_CTKA4.csv;YAHOO_DIVIDENDOS;;CTKA4.SA;;COM_EVENTOS;INALTERADO;1;1a83371865fdb77e78d33aff33ebdc75db5b5bb0abce25bcb25c8e01efcb8841;119;data/raw/yahoo_dividendos/dividendos_CTKA4__20261006_1a833718.csv
20261006_162318;2026-10-06T20:51:23.375358+00:00;dividendos_CTNM4.csv;YAHOO_DIVIDENDOS;;CTNM4.SA;;COM_EVENTOS;INALTERADO;1;9364b050f49b383463d1c4a7126f5908be4c9e157bc7fc9ee212143530348b01;85;data/raw/yahoo_dividendos/dividendos_CTNM4__20261006_9364b050.csv
20261006_162318;2026-10-06T20:51:24.151339+00:00;dividendos_CTSA3.csv;YAHOO_DIVIDENDOS;;CTSA3.SA;;COM_EVENTOS;INALTERADO;1;a41472f20131aaa6baae68c430ad9d8f406e8ca4a5af2869edcc2c9e57bb419b;804;data/raw/yahoo_dividendos/dividendos_CTSA3__20261006_a41472f2.csv
20261006_162318;2026-10-06T20:51:24.881847+00:00;dividendos_CURY3.csv;YAHOO_DIVIDENDOS;;CURY3.SA;;COM_EVENTOS;INALTERADO;1;2ba8c2ef4f593098bd124af2c8b4e69be1ceeff1be422bc729acd3b51730e9a7;693;data/raw/yahoo_dividendos/dividendos_CURY3__20261006_2ba8c2ef.csv
20261006_162318;2026-10-06T20:51:24.963340+00:00;dividendos_CTSA4.csv;YAHOO_DIVIDENDOS;;CTSA4.SA;;COM_EVENTOS;INALTERADO;1;f8fd59b6bc6ab27c94516221d1e1e371b66461c8ff32a9040ec292f5eb9f500b;588;data/raw/yahoo_dividendos/dividendos_CTSA4__20261006_f8fd59b6.csv
20261006_162318;2026-10-06T20:51:25.573594+00:00;dividendos_CVCB3.csv;YAHOO_DIVIDENDOS;;CVCB3.SA;;COM_EVENTOS;INALTERADO;1;4e60b6596140864ad977348bb7cf1d7a0db2074e8bc9c66780a45bb718812485;516;data/raw/yahoo_dividendos/dividendos_CVCB3__20261006_4e60b659.csv
20261006_162318;2026-10-06T20:51:25.902511+00:00;dividendos_CYRE3.csv;YAHOO_DIVIDENDOS;;CYRE3.SA;;COM_EVENTOS;INALTERADO;1;782a19624f206adc7777d0bacbb5e5a76541d22c6ce004ce824bdb5b33943268;803;data/raw/yahoo_dividendos/dividendos_CYRE3__20261006_782a1962.csv
20261006_162318;2026-10-06T20:51:26.000537+00:00;dividendos_CYRE4.csv;YAHOO_DIVIDENDOS;;CYRE4.SA;;SEM_EVENTOS;INALTERADO;1;642daec761ccb28fc097aa7f22cfeb4552f7859c3b919e315b4f51bc1ae66de3;49;data/raw/yahoo_dividendos/dividendos_CYRE4__20261006_642daec7.csv
20261006_162318;2026-10-06T20:51:26.575871+00:00;dividendos_DESK3.csv;YAHOO_DIVIDENDOS;;DESK3.SA;;COM_EVENTOS;INALTERADO;1;007554c6ca778febfc1d414d24ab9845c07f3aa889ef0098311dad553fecb686;301;data/raw/yahoo_dividendos/dividendos_DESK3__20261006_007554c6.csv
20261006_162318;2026-10-06T20:51:26.878545+00:00;dividendos_DASA3.csv;YAHOO_DIVIDENDOS;;DASA3.SA;;COM_EVENTOS;INALTERADO;1;4f739ce5ff9ab4e7bac14d28bc22f5f47188b1f91d915ff3c837bc6f7ca292ce;625;data/raw/yahoo_dividendos/dividendos_DASA3__20261006_4f739ce5.csv
20261006_162318;2026-10-06T20:51:27.440262+00:00;dividendos_DEXP3.csv;YAHOO_DIVIDENDOS;;DEXP3.SA;;COM_EVENTOS;INALTERADO;1;104e15113aee4658d5b2507aa2767d96c151d0aa752b43c8da599a1c732d7bd1;408;data/raw/yahoo_dividendos/dividendos_DEXP3__20261006_104e1511.csv
20261006_162318;2026-10-06T20:51:27.473673+00:00;dividendos_DEXP4.csv;YAHOO_DIVIDENDOS;;DEXP4.SA;;COM_EVENTOS;INALTERADO;1;b110e10733a370161edd5519c86716a182507f8b2fb102a1526b391c5cff05ef;337;data/raw/yahoo_dividendos/dividendos_DEXP4__20261006_b110e107.csv
20261006_162318;2026-10-06T20:51:29.674980+00:00;dividendos_DMVF3.csv;YAHOO_DIVIDENDOS;;DMVF3.SA;;SEM_EVENTOS;INALTERADO;1;642daec761ccb28fc097aa7f22cfeb4552f7859c3b919e315b4f51bc1ae66de3;49;data/raw/yahoo_dividendos/dividendos_DMVF3__20261006_642daec7.csv
20261006_162318;2026-10-06T20:51:29.724569+00:00;dividendos_DIRR3.csv;YAHOO_DIVIDENDOS;;DIRR3.SA;;COM_EVENTOS;INALTERADO;1;38e13e83b5a577f40a7308d300c3dc2f4f24bb4e3971728a00dec397f5992f42;835;data/raw/yahoo_dividendos/dividendos_DIRR3__20261006_38e13e83.csv
20261006_162318;2026-10-06T20:51:31.421396+00:00;dividendos_DOHL3.csv;YAHOO_DIVIDENDOS;;DOHL3.SA;;COM_EVENTOS;INALTERADO;1;42571061ee4151cc2eff43872c2788299bc7f13dfc6230de9cf152c9d7c0f996;684;data/raw/yahoo_dividendos/dividendos_DOHL3__20261006_42571061.csv
20261006_162318;2026-10-06T20:51:31.491240+00:00;dividendos_DOHL4.csv;YAHOO_DIVIDENDOS;;DOHL4.SA;;COM_EVENTOS;INALTERADO;1;a41338522b606341eb5c86b00d3d9307d2da6a9ecb302abefd02acfa7ff53205;593;data/raw/yahoo_dividendos/dividendos_DOHL4__20261006_a4133852.csv
20261006_162318;2026-10-06T20:51:32.062152+00:00;dividendos_DOTZ3.csv;YAHOO_DIVIDENDOS;;DOTZ3.SA;;SEM_EVENTOS;INALTERADO;1;642daec761ccb28fc097aa7f22cfeb4552f7859c3b919e315b4f51bc1ae66de3;49;data/raw/yahoo_dividendos/dividendos_DOTZ3__20261006_642daec7.csv
20261006_162318;2026-10-06T20:51:32.767278+00:00;dividendos_DTCY3.csv;YAHOO_DIVIDENDOS;;DTCY3.SA;;SEM_EVENTOS;INALTERADO;1;642daec761ccb28fc097aa7f22cfeb4552f7859c3b919e315b4f51bc1ae66de3;49;data/raw/yahoo_dividendos/dividendos_DTCY3__20261006_642daec7.csv
20261006_162318;2026-10-06T20:51:35.350556+00:00;dividendos_DXCO3.csv;YAHOO_DIVIDENDOS;;DXCO3.SA;;COM_EVENTOS;INALTERADO;1;ac38d6b79ef42bdc1d90f8f33e81482407663842f9207f64443131c7f419fd6e;1124;data/raw/yahoo_dividendos/dividendos_DXCO3__20261006_ac38d6b7.csv
20261006_162318;2026-10-06T20:51:36.920267+00:00;dividendos_EALT3.csv;YAHOO_DIVIDENDOS;;EALT3.SA;;COM_EVENTOS;INALTERADO;1;2076c8cce7689da3ee1f63f64b9a21faaa13076e623cda6ab4df15c8047aff7c;729;data/raw/yahoo_dividendos/dividendos_EALT3__20261006_2076c8cc.csv
20261006_162318;2026-10-06T20:51:38.175021+00:00;dividendos_EALT4.csv;YAHOO_DIVIDENDOS;;EALT4.SA;;COM_EVENTOS;INALTERADO;1;0375ab9d6d66424fd701dc26e61465580706b1813f9d5de0d803bd67adb87843;767;data/raw/yahoo_dividendos/dividendos_EALT4__20261006_0375ab9d.csv
20261006_162318;2026-10-06T20:51:40.308158+00:00;dividendos_ECOM3.csv;YAHOO_DIVIDENDOS;;ECOM3.SA;;COM_EVENTOS;INALTERADO;1;456360f2d108c134f62f7be5f0e25bc5fb4600a66ca2bcff18beec0d4b36962f;85;data/raw/yahoo_dividendos/dividendos_ECOM3__20261006_456360f2.csv
20261006_162318;2026-10-06T20:51:40.818171+00:00;dividendos_ECOR3.csv;YAHOO_DIVIDENDOS;;ECOR3.SA;;COM_EVENTOS;INALTERADO;1;42e3214f5b9b552bad54c611cadebd1f8a68ff971e7090f1831c646a0f3d5256;801;data/raw/yahoo_dividendos/dividendos_ECOR3__20261006_42e3214f.csv
20261006_162318;2026-10-06T20:51:42.196034+00:00;dividendos_EGGY3.csv;YAHOO_DIVIDENDOS;;EGGY3.SA;;SEM_EVENTOS;INALTERADO;1;642daec761ccb28fc097aa7f22cfeb4552f7859c3b919e315b4f51bc1ae66de3;49;data/raw/yahoo_dividendos/dividendos_EGGY3__20261006_642daec7.csv
20261006_162318;2026-10-06T20:51:42.811661+00:00;dividendos_EKTR3.csv;YAHOO_DIVIDENDOS;;EKTR3.SA;;COM_EVENTOS;INALTERADO;1;a1e526656b3b6e49d6f77b6402289f3360baec6314830d1e3a6f98484046191a;2165;data/raw/yahoo_dividendos/dividendos_EKTR3__20261006_a1e52665.csv
20261006_162318;2026-10-06T20:51:43.079552+00:00;dividendos_EGIE3.csv;YAHOO_DIVIDENDOS;;EGIE3.SA;;COM_EVENTOS;INALTERADO;1;20585436bb9492eb8ebf985785a48ae7565f5dc5a444ae6036a1dc2c6fe63201;2024;data/raw/yahoo_dividendos/dividendos_EGIE3__20261006_20585436.csv
20261006_162318;2026-10-06T20:51:43.636057+00:00;dividendos_EKTR4.csv;YAHOO_DIVIDENDOS;;EKTR4.SA;;COM_EVENTOS;INALTERADO;1;afd1173470b4011d91b742da71e095906806b5e993b63bacfc604b9ea1468e69;2024;data/raw/yahoo_dividendos/dividendos_EKTR4__20261006_afd11734.csv
20261006_162318;2026-10-06T20:51:49.054976+00:00;dividendos_EMAE3.csv;YAHOO_DIVIDENDOS;;EMAE3.SA;;COM_EVENTOS;INALTERADO;1;3498f25b4fab892277a76112e272eff10495ea28fe2eff98f1326c28f47e04c8;583;data/raw/yahoo_dividendos/dividendos_EMAE3__20261006_3498f25b.csv
20261006_162318;2026-10-06T20:51:49.625245+00:00;dividendos_EMAE4.csv;YAHOO_DIVIDENDOS;;EMAE4.SA;;COM_EVENTOS;INALTERADO;1;1a4b4082c95cc974166b350ae68ac7f023d9e882152ca6267d2929a5085567cc;831;data/raw/yahoo_dividendos/dividendos_EMAE4__20261006_1a4b4082.csv
20261006_162318;2026-10-06T20:51:49.815012+00:00;dividendos_EMBJ3.csv;YAHOO_DIVIDENDOS;;EMBJ3.SA;;COM_EVENTOS;INALTERADO;1;6e591f3c626038f67f9f2e828bbb101cf551c8d1bcfdf0737fcc143ad5966592;1652;data/raw/yahoo_dividendos/dividendos_EMBJ3__20261006_6e591f3c.csv
20261006_162318;2026-10-06T20:51:51.990513+00:00;dividendos_ENEV3.csv;YAHOO_DIVIDENDOS;;ENEV3.SA;;COM_EVENTOS;INALTERADO;1;d447af79c1b1e030c9f74f5354d935346de1a772a49eaa516b2009225db583ee;85;data/raw/yahoo_dividendos/dividendos_ENEV3__20261006_d447af79.csv
20261006_162318;2026-10-06T20:51:52.678527+00:00;dividendos_ENGI11.csv;YAHOO_DIVIDENDOS;;ENGI11.SA;;COM_EVENTOS;INALTERADO;1;ae3dcc8b96af9c09ac25ba96f2f02359105cc33f30f3c61ce17fd275e86e3120;1395;data/raw/yahoo_dividendos/dividendos_ENGI11__20261006_ae3dcc8b.csv
20261006_162318;2026-10-06T20:51:53.333685+00:00;dividendos_ENGI4.csv;YAHOO_DIVIDENDOS;;ENGI4.SA;;COM_EVENTOS;INALTERADO;1;e4c5dc06c96c1f4b529381882cce49a9fbe94b12f7d216852403764f7fd0d18c;1395;data/raw/yahoo_dividendos/dividendos_ENGI4__20261006_e4c5dc06.csv
20261006_162318;2026-10-06T20:51:53.595300+00:00;dividendos_ENGI3.csv;YAHOO_DIVIDENDOS;;ENGI3.SA;;COM_EVENTOS;INALTERADO;1;d559642bae426239dd31a30292ec5608a681eabb4eed8585a40e66c221eb483b;1478;data/raw/yahoo_dividendos/dividendos_ENGI3__20261006_d559642b.csv
20261006_162318;2026-10-06T20:51:53.805997+00:00;dividendos_ENJU3.csv;YAHOO_DIVIDENDOS;;ENJU3.SA;;COM_EVENTOS;INALTERADO;1;1f7a768e07694b77ab600c02758fd886960482556596ac4ced64ce95087d2e87;85;data/raw/yahoo_dividendos/dividendos_ENJU3__20261006_1f7a768e.csv
20261006_162318;2026-10-06T20:51:54.217222+00:00;dividendos_ENMT3.csv;YAHOO_DIVIDENDOS;;ENMT3.SA;;COM_EVENTOS;INALTERADO;1;9dae9f4c4706e3ea63952d9df99e63e6551b32a79bc11b67c7d4f9dd9aaa4c36;1076;data/raw/yahoo_dividendos/dividendos_ENMT3__20261006_9dae9f4c.csv
20261006_162318;2026-10-06T20:51:54.527607+00:00;dividendos_ENMT4.csv;YAHOO_DIVIDENDOS;;ENMT4.SA;;COM_EVENTOS;INALTERADO;1;36a7ebcd820dc37bcaa9a624a23a0f7f05a5a629597425733503c3155956b44e;1186;data/raw/yahoo_dividendos/dividendos_ENMT4__20261006_36a7ebcd.csv
20261006_162318;2026-10-06T20:51:55.148833+00:00;dividendos_EQPA3.csv;YAHOO_DIVIDENDOS;;EQPA3.SA;;COM_EVENTOS;INALTERADO;1;eabd2932e21393f50e3f70190097044e13f5ec0342f9c7dafcccadaf3b2dc38b;821;data/raw/yahoo_dividendos/dividendos_EQPA3__20261006_eabd2932.csv
20261006_162318;2026-10-06T20:51:55.183136+00:00;dividendos_EPAR3.csv;YAHOO_DIVIDENDOS;;EPAR3.SA;;COM_EVENTOS;INALTERADO;1;ef94c10c46ec48333c4dec2834531555a333b1f04561e6fda66b45418ba70a69;369;data/raw/yahoo_dividendos/dividendos_EPAR3__20261006_ef94c10c.csv
20261006_162318;2026-10-06T20:51:55.790478+00:00;dividendos_EQPA6.csv;YAHOO_DIVIDENDOS;;EQPA6.SA;;COM_EVENTOS;INALTERADO;1;aa9ff4fc713d03b69e1907524bc687d174bf279045da599ac2b43da1854c2558;785;data/raw/yahoo_dividendos/dividendos_EQPA6__20261006_aa9ff4fc.csv
20261006_162318;2026-10-06T20:51:55.889047+00:00;dividendos_EQPA5.csv;YAHOO_DIVIDENDOS;;EQPA5.SA;;COM_EVENTOS;INALTERADO;1;cac184fd486fd4ea5c496053acc47f78fab6ae1520ef2c2ab846899703679052;785;data/raw/yahoo_dividendos/dividendos_EQPA5__20261006_cac184fd.csv
20261006_162318;2026-10-06T20:51:56.538348+00:00;dividendos_EQTL3.csv;YAHOO_DIVIDENDOS;;EQTL3.SA;;COM_EVENTOS;INALTERADO;1;31b9ae76ae07fa7886f893608becfc4233980c2a721e959b094dfe0321d968aa;1051;data/raw/yahoo_dividendos/dividendos_EQTL3__20261006_31b9ae76.csv
20261006_162318;2026-10-06T20:51:56.843059+00:00;dividendos_EQPA7.csv;YAHOO_DIVIDENDOS;;EQPA7.SA;;COM_EVENTOS;INALTERADO;1;4f5a2aabe41eda4825fcdd03ac67c925be2820f189f1a4050128d480d5742424;785;data/raw/yahoo_dividendos/dividendos_EQPA7__20261006_4f5a2aab.csv
20261006_162318;2026-10-06T20:51:57.086526+00:00;dividendos_ESPA3.csv;YAHOO_DIVIDENDOS;;ESPA3.SA;;COM_EVENTOS;INALTERADO;1;b66d5d6e211d48908b0283746db6fc9eb7422d81b120893627c66c6c484d066c;229;data/raw/yahoo_dividendos/dividendos_ESPA3__20261006_b66d5d6e.csv
20261006_162318;2026-10-06T20:51:57.776903+00:00;dividendos_ESTR3.csv;YAHOO_DIVIDENDOS;;ESTR3.SA;;SEM_EVENTOS;INALTERADO;1;642daec761ccb28fc097aa7f22cfeb4552f7859c3b919e315b4f51bc1ae66de3;49;data/raw/yahoo_dividendos/dividendos_ESTR3__20261006_642daec7.csv
20261006_162318;2026-10-06T20:51:58.533819+00:00;dividendos_ESTR4.csv;YAHOO_DIVIDENDOS;;ESTR4.SA;;SEM_EVENTOS;INALTERADO;1;642daec761ccb28fc097aa7f22cfeb4552f7859c3b919e315b4f51bc1ae66de3;49;data/raw/yahoo_dividendos/dividendos_ESTR4__20261006_642daec7.csv
20261006_162318;2026-10-06T20:51:58.877195+00:00;dividendos_ETER3.csv;YAHOO_DIVIDENDOS;;ETER3.SA;;COM_EVENTOS;INALTERADO;1;fef65d54898727922c59282a568fddf32b60c356b178b3c17079f96db57b9737;1847;data/raw/yahoo_dividendos/dividendos_ETER3__20261006_fef65d54.csv
20261006_162318;2026-10-06T20:51:59.296653+00:00;dividendos_EUCA3.csv;YAHOO_DIVIDENDOS;;EUCA3.SA;;COM_EVENTOS;INALTERADO;1;dbadb5fde02f379c3794692617b2a9fa19cc3cd8fe5535c88a4277ca44cbd7fd;656;data/raw/yahoo_dividendos/dividendos_EUCA3__20261006_dbadb5fd.csv
20261006_162318;2026-10-06T20:51:59.736296+00:00;dividendos_EUCA4.csv;YAHOO_DIVIDENDOS;;EUCA4.SA;;COM_EVENTOS;INALTERADO;1;453d1c0e86917ddbfc8f84e53cff73f28c5ad4cd29e08bd487f7cd7b5b4fa8ef;659;data/raw/yahoo_dividendos/dividendos_EUCA4__20261006_453d1c0e.csv
20261006_162318;2026-10-06T20:52:00.040389+00:00;dividendos_EVEN3.csv;YAHOO_DIVIDENDOS;;EVEN3.SA;;COM_EVENTOS;INALTERADO;1;2b82427cbd509631afab5a73ea2e68bc1b14568d7214a10aaeb7be2dbf88478a;761;data/raw/yahoo_dividendos/dividendos_EVEN3__20261006_2b82427c.csv
20261006_162318;2026-10-06T20:52:00.378649+00:00;dividendos_EZTC3.csv;YAHOO_DIVIDENDOS;;EZTC3.SA;;COM_EVENTOS;INALTERADO;1;79ad72d4cefd0e803ac0410b258cabf7062dd37b83ef59f3c234463cafe50de1;1235;data/raw/yahoo_dividendos/dividendos_EZTC3__20261006_79ad72d4.csv
20261006_162318;2026-10-06T20:52:02.418371+00:00;dividendos_FESA3.csv;YAHOO_DIVIDENDOS;;FESA3.SA;;COM_EVENTOS;INALTERADO;1;f23e2b668d8f01ea95cb265b4440327864dc39b5df6ab6690b0d590b7c35d91d;2022;data/raw/yahoo_dividendos/dividendos_FESA3__20261006_f23e2b66.csv
20261006_162318;2026-10-06T20:52:02.992611+00:00;dividendos_FESA4.csv;YAHOO_DIVIDENDOS;;FESA4.SA;;COM_EVENTOS;INALTERADO;1;3eeaf04eb0a7da8918761cb5ceb8a4a7409bf44025d8d7c3b4aac7b0d7ccfece;1953;data/raw/yahoo_dividendos/dividendos_FESA4__20261006_3eeaf04e.csv
20261006_162318;2026-10-06T20:52:04.368146+00:00;dividendos_FHER3.csv;YAHOO_DIVIDENDOS;;FHER3.SA;;COM_EVENTOS;INALTERADO;1;f4a2d80a2f960f4f7f7b5927ad6310af36f8bd98eb007e40a7b85c8e5b76f1cb;113;data/raw/yahoo_dividendos/dividendos_FHER3__20261006_f4a2d80a.csv
20261006_162318;2026-10-06T20:52:04.925803+00:00;dividendos_FICT3.csv;YAHOO_DIVIDENDOS;;FICT3.SA;;SEM_EVENTOS;INALTERADO;1;642daec761ccb28fc097aa7f22cfeb4552f7859c3b919e315b4f51bc1ae66de3;49;data/raw/yahoo_dividendos/dividendos_FICT3__20261006_642daec7.csv
20261006_162318;2026-10-06T20:52:05.564960+00:00;dividendos_FIEI3.csv;YAHOO_DIVIDENDOS;;FIEI3.SA;;COM_EVENTOS;INALTERADO;1;3fcd288bb13e3908f1f57c4120c07e131b69bf72cde1cf30f88f2059804d99c4;246;data/raw/yahoo_dividendos/dividendos_FIEI3__20261006_3fcd288b.csv
20261006_162318;2026-10-06T20:52:06.122660+00:00;dividendos_FIGE3.csv;YAHOO_DIVIDENDOS;;FIGE3.SA;;COM_EVENTOS;INALTERADO;1;4d28e3073fe5295dd1084e530297c4b74305033d68dc53296c0c73d6dafce359;754;data/raw/yahoo_dividendos/dividendos_FIGE3__20261006_4d28e307.csv
20261006_162318;2026-10-06T20:52:06.780529+00:00;dividendos_FIQE3.csv;YAHOO_DIVIDENDOS;;FIQE3.SA;;COM_EVENTOS;INALTERADO;1;2f0eca758e0f6e861ceb2d8fa64cc9c22be30e4dc4f20af8f442fd7d105554aa;479;data/raw/yahoo_dividendos/dividendos_FIQE3__20261006_2f0eca75.csv
20261006_162318;2026-10-06T20:52:08.632083+00:00;dividendos_FLRY3.csv;YAHOO_DIVIDENDOS;;FLRY3.SA;;COM_EVENTOS;INALTERADO;1;82fb83d6925a8033c760ce88f8170ac128acfaf5d54cd4a26a687843a5666135;1522;data/raw/yahoo_dividendos/dividendos_FLRY3__20261006_82fb83d6.csv
20261006_162318;2026-10-06T20:52:08.895576+00:00;dividendos_FRAS3.csv;YAHOO_DIVIDENDOS;;FRAS3.SA;;COM_EVENTOS;INALTERADO;1;5d34a2fa310819b5579acd4c504003d74f4834b0dc6191e4945b25c1c7326bef;1809;data/raw/yahoo_dividendos/dividendos_FRAS3__20261006_5d34a2fa.csv
20261006_162318;2026-10-06T20:52:09.517637+00:00;dividendos_FRIO3.csv;YAHOO_DIVIDENDOS;;FRIO3.SA;;COM_EVENTOS;INALTERADO;1;794e12bdc370a7fd6fbd7530a5456fbea0dc707149dd76cf0d41efba6f76e21d;194;data/raw/yahoo_dividendos/dividendos_FRIO3__20261006_794e12bd.csv
20261006_162318;2026-10-06T20:52:12.091412+00:00;dividendos_GEPA3.csv;YAHOO_DIVIDENDOS;;GEPA3.SA;;COM_EVENTOS;INALTERADO;1;4216a72216b5bae29ad85081d2c1e932f257bdd159b61a0abba6ed123febe043;1529;data/raw/yahoo_dividendos/dividendos_GEPA3__20261006_4216a722.csv
20261006_162318;2026-10-06T20:52:12.671378+00:00;dividendos_GEPA4.csv;YAHOO_DIVIDENDOS;;GEPA4.SA;;COM_EVENTOS;INALTERADO;1;489337ef6a72931e49f9e89b34d3b21d108599a465fa152407bf8d0eaa1e2f9d;1564;data/raw/yahoo_dividendos/dividendos_GEPA4__20261006_489337ef.csv
20261006_162318;2026-10-06T20:52:13.992110+00:00;dividendos_GFSA3.csv;YAHOO_DIVIDENDOS;;GFSA3.SA;;COM_EVENTOS;INALTERADO;1;7681852d98d4c8763b2e26e5e67856b558fb9e3e14ff979b0b5b1b5ab60be8b2;305;data/raw/yahoo_dividendos/dividendos_GFSA3__20261006_7681852d.csv
20261006_162318;2026-10-06T20:52:14.955135+00:00;dividendos_GGBR3.csv;YAHOO_DIVIDENDOS;;GGBR3.SA;;COM_EVENTOS;INALTERADO;1;d4768f394746b5d5f0cb35f69b2cc2900a7a19a8ac69ca38c7ae8372ab109e67;2372;data/raw/yahoo_dividendos/dividendos_GGBR3__20261006_d4768f39.csv
20261006_162318;2026-10-06T20:52:14.957016+00:00;dividendos_GGBR4.csv;YAHOO_DIVIDENDOS;;GGBR4.SA;;COM_EVENTOS;INALTERADO;1;b4959e22eeb431c7fded6bb64526b90392d721e133ddb100143007f2583f3d84;3380;data/raw/yahoo_dividendos/dividendos_GGBR4__20261006_b4959e22.csv
20261006_162318;2026-10-06T20:52:15.629422+00:00;dividendos_GGPS3.csv;YAHOO_DIVIDENDOS;;GGPS3.SA;;COM_EVENTOS;INALTERADO;1;a9f1c3f847b89e0d7a375413add6f661824182ddf8660d66a3f9c32088a0694c;228;data/raw/yahoo_dividendos/dividendos_GGPS3__20261006_a9f1c3f8.csv
20261006_162318;2026-10-06T20:52:16.183121+00:00;dividendos_GMAT3.csv;YAHOO_DIVIDENDOS;;GMAT3.SA;;COM_EVENTOS;INALTERADO;1;3d76760bbf11466687cd11d36d307a48429672cba20ab8896ab318fc664dab54;337;data/raw/yahoo_dividendos/dividendos_GMAT3__20261006_3d76760b.csv
20261006_162318;2026-10-06T20:52:17.200606+00:00;dividendos_GOAU3.csv;YAHOO_DIVIDENDOS;;GOAU3.SA;;COM_EVENTOS;INALTERADO;1;40fb07eda8e975a86019551f022780157cea8d3a1c6f875271b4a99f66eca5c9;2284;data/raw/yahoo_dividendos/dividendos_GOAU3__20261006_40fb07ed.csv
20261006_162318;2026-10-06T20:52:18.339136+00:00;dividendos_GOAU4.csv;YAHOO_DIVIDENDOS;;GOAU4.SA;;COM_EVENTOS;INALTERADO;1;5aada177b2acb57338988e6275a191c6b1ab3436d7ff536a725363aebfba6d1f;3291;data/raw/yahoo_dividendos/dividendos_GOAU4__20261006_5aada177.csv
20261006_162318;2026-10-06T20:52:19.255008+00:00;dividendos_GPAR3.csv;YAHOO_DIVIDENDOS;;GPAR3.SA;;COM_EVENTOS;INALTERADO;1;07499817aa547fb65ab4943ebc370b1b992b73c2a91b7e6bbb4bf313af079a4b;230;data/raw/yahoo_dividendos/dividendos_GPAR3__20261006_07499817.csv
20261006_162318;2026-10-06T20:52:21.303284+00:00;dividendos_GRND3.csv;YAHOO_DIVIDENDOS;;GRND3.SA;;COM_EVENTOS;INALTERADO;1;8dc637b5add019deabf592c2fc9524d672f60522a27d6d4c60f253e97ed847f7;2643;data/raw/yahoo_dividendos/dividendos_GRND3__20261006_8dc637b5.csv
20261006_162318;2026-10-06T20:52:21.570238+00:00;dividendos_GSHP3.csv;YAHOO_DIVIDENDOS;;GSHP3.SA;;COM_EVENTOS;INALTERADO;1;ea3ca38734e1d6a9b8bc8c44a76de94edc1c32103f121b544e6789fee0e4f598;86;data/raw/yahoo_dividendos/dividendos_GSHP3__20261006_ea3ca387.csv
20261006_162318;2026-10-06T20:52:23.625799+00:00;dividendos_HAGA3.csv;YAHOO_DIVIDENDOS;;HAGA3.SA;;SEM_EVENTOS;INALTERADO;1;642daec761ccb28fc097aa7f22cfeb4552f7859c3b919e315b4f51bc1ae66de3;49;data/raw/yahoo_dividendos/dividendos_HAGA3__20261006_642daec7.csv
20261006_162318;2026-10-06T20:52:24.155091+00:00;dividendos_HAPV3.csv;YAHOO_DIVIDENDOS;;HAPV3.SA;;COM_EVENTOS;INALTERADO;1;46dca6d98a9d5bf7c38a2ad54ba755448b966e8610265123d0291baf1311cec2;442;data/raw/yahoo_dividendos/dividendos_HAPV3__20261006_46dca6d9.csv
20261006_162318;2026-10-06T20:52:24.292749+00:00;dividendos_HAGA4.csv;YAHOO_DIVIDENDOS;;HAGA4.SA;;SEM_EVENTOS;INALTERADO;1;642daec761ccb28fc097aa7f22cfeb4552f7859c3b919e315b4f51bc1ae66de3;49;data/raw/yahoo_dividendos/dividendos_HAGA4__20261006_642daec7.csv
20261006_162318;2026-10-06T20:52:24.739005+00:00;dividendos_HBRE3.csv;YAHOO_DIVIDENDOS;;HBRE3.SA;;COM_EVENTOS;INALTERADO;1;eccaa8c762a232934f47fad7ac644e7ea0ee24de4bcc0e7ae10f9fe726c1bc06;85;data/raw/yahoo_dividendos/dividendos_HBRE3__20261006_eccaa8c7.csv
20261006_162318;2026-10-06T20:52:24.767851+00:00;dividendos_HBOR3.csv;YAHOO_DIVIDENDOS;;HBOR3.SA;;COM_EVENTOS;INALTERADO;1;fbd9b67a37fb762f64196984566f80273c8925c4c05c888c2c7bac8d33b6e001;585;data/raw/yahoo_dividendos/dividendos_HBOR3__20261006_fbd9b67a.csv
20261006_162318;2026-10-06T20:52:25.183949+00:00;dividendos_HBSA3.csv;YAHOO_DIVIDENDOS;;HBSA3.SA;;SEM_EVENTOS;INALTERADO;1;642daec761ccb28fc097aa7f22cfeb4552f7859c3b919e315b4f51bc1ae66de3;49;data/raw/yahoo_dividendos/dividendos_HBSA3__20261006_642daec7.csv
20261006_162318;2026-10-06T20:52:25.311098+00:00;dividendos_HBTS5.csv;YAHOO_DIVIDENDOS;;HBTS5.SA;;COM_EVENTOS;INALTERADO;1;d310c8104648734ff63403bc153ae70e04f6c33695ae3f417c06818428be1c07;582;data/raw/yahoo_dividendos/dividendos_HBTS5__20261006_d310c810.csv
20261006_162318;2026-10-06T20:52:25.576299+00:00;dividendos_HETA3.csv;YAHOO_DIVIDENDOS;;HETA3.SA;;SEM_EVENTOS;INALTERADO;1;642daec761ccb28fc097aa7f22cfeb4552f7859c3b919e315b4f51bc1ae66de3;49;data/raw/yahoo_dividendos/dividendos_HETA3__20261006_642daec7.csv
20261006_162318;2026-10-06T20:52:26.179239+00:00;dividendos_HETA4.csv;YAHOO_DIVIDENDOS;;HETA4.SA;;SEM_EVENTOS;INALTERADO;1;642daec761ccb28fc097aa7f22cfeb4552f7859c3b919e315b4f51bc1ae66de3;49;data/raw/yahoo_dividendos/dividendos_HETA4__20261006_642daec7.csv
20261006_162318;2026-10-06T20:52:26.700562+00:00;dividendos_HOOT4.csv;YAHOO_DIVIDENDOS;;HOOT4.SA;;SEM_EVENTOS;INALTERADO;1;642daec761ccb28fc097aa7f22cfeb4552f7859c3b919e315b4f51bc1ae66de3;49;data/raw/yahoo_dividendos/dividendos_HOOT4__20261006_642daec7.csv
20261006_162318;2026-10-06T20:52:27.627582+00:00;dividendos_HYPE3.csv;YAHOO_DIVIDENDOS;;HYPE3.SA;;COM_EVENTOS;INALTERADO;1;b21091557ec184c58086726bbb56726976edf7f6481f7c74dc4bfafc41b998f8;1768;data/raw/yahoo_dividendos/dividendos_HYPE3__20261006_b2109155.csv
20261006_162318;2026-10-06T20:52:29.736751+00:00;dividendos_IFCM3.csv;YAHOO_DIVIDENDOS;;IFCM3.SA;;SEM_EVENTOS;INALTERADO;1;642daec761ccb28fc097aa7f22cfeb4552f7859c3b919e315b4f51bc1ae66de3;49;data/raw/yahoo_dividendos/dividendos_IFCM3__20261006_642daec7.csv
20261006_162318;2026-10-06T20:52:31.647427+00:00;dividendos_IGTI11.csv;YAHOO_DIVIDENDOS;;IGTI11.SA;;COM_EVENTOS;INALTERADO;1;8430de9dbaa9beb0de65c05ffb9d7e1ba37e372a4225b8edc55b3fda2d7fb266;425;data/raw/yahoo_dividendos/dividendos_IGTI11__20261006_8430de9d.csv
20261006_162318;2026-10-06T20:52:32.174533+00:00;dividendos_IGTI4.csv;YAHOO_DIVIDENDOS;;IGTI4.SA;;COM_EVENTOS;INALTERADO;1;174dd428bcc35ee9e523dc6c847d42a0da4ba047f8d8ee27e1255f799cf61da6;337;data/raw/yahoo_dividendos/dividendos_IGTI4__20261006_174dd428.csv
20261006_162318;2026-10-06T20:52:32.357156+00:00;dividendos_IGTI3.csv;YAHOO_DIVIDENDOS;;IGTI3.SA;;COM_EVENTOS;INALTERADO;1;0d0cb46979264ceea6bdc1a5d5e8fb25e6c64366ceee4051e31a84ba5b814fb3;799;data/raw/yahoo_dividendos/dividendos_IGTI3__20261006_0d0cb469.csv
20261006_162318;2026-10-06T20:52:37.569467+00:00;dividendos_INEP3.csv;YAHOO_DIVIDENDOS;;INEP3.SA;;COM_EVENTOS;INALTERADO;1;0cd3bdbec7371e1c763c3a8ee53da92bd4c303c227849b0dfef3c26283fe5274;85;data/raw/yahoo_dividendos/dividendos_INEP3__20261006_0cd3bdbe.csv
20261006_162318;2026-10-06T20:52:38.172613+00:00;dividendos_INEP4.csv;YAHOO_DIVIDENDOS;;INEP4.SA;;COM_EVENTOS;INALTERADO;1;7c9375412d6d99f5ae4c44501102ebd98d759d2c98ffc818e3d92437f5ca8c91;85;data/raw/yahoo_dividendos/dividendos_INEP4__20261006_7c937541.csv
20261006_162318;2026-10-06T20:52:38.806617+00:00;dividendos_INTB3.csv;YAHOO_DIVIDENDOS;;INTB3.SA;;COM_EVENTOS;INALTERADO;1;36386387f7c8ab1f3d3bcb500480b8ec127114e8b0107bb696aeda8741a5f693;660;data/raw/yahoo_dividendos/dividendos_INTB3__20261006_36386387.csv
20261006_162318;2026-10-06T20:52:39.614151+00:00;dividendos_ISAE4.csv;YAHOO_DIVIDENDOS;;ISAE4.SA;;COM_EVENTOS;INALTERADO;1;d751631dc2ecc43ba446543a6063f788f3c3386861ec504271618789f67f8961;2386;data/raw/yahoo_dividendos/dividendos_ISAE4__20261006_d751631d.csv
20261006_162318;2026-10-06T20:52:39.617449+00:00;dividendos_ISAE3.csv;YAHOO_DIVIDENDOS;;ISAE3.SA;;COM_EVENTOS;INALTERADO;1;5d718b3c44bab2ac26e84caa4164aedc115c2dee9e9e6fe75968c1d472b8ff87;2458;data/raw/yahoo_dividendos/dividendos_ISAE3__20261006_5d718b3c.csv
20261006_162318;2026-10-06T20:52:40.761018+00:00;dividendos_ITSA3.csv;YAHOO_DIVIDENDOS;;ITSA3.SA;;COM_EVENTOS;INALTERADO;1;e066a5cdcf4695614579e18a9e7f4281d8d2f47577a22c8a1917c0c6327e01df;5204;data/raw/yahoo_dividendos/dividendos_ITSA3__20261006_e066a5cd.csv
20261006_162318;2026-10-06T20:52:41.551984+00:00;dividendos_JALL3.csv;YAHOO_DIVIDENDOS;;JALL3.SA;;COM_EVENTOS;INALTERADO;1;ff6f0b07ded9ca263503dd37d2f7f543c3fe7ead4014ee7f361892834ae3c18e;265;data/raw/yahoo_dividendos/dividendos_JALL3__20261006_ff6f0b07.csv
20261006_162318;2026-10-06T20:52:41.635803+00:00;dividendos_ITSA4.csv;YAHOO_DIVIDENDOS;;ITSA4.SA;;COM_EVENTOS;INALTERADO;1;61e069e7428fd40bb22f4e71b7d0cc94ebd0ccd4b7d0431e57bee96a948e292e;5132;data/raw/yahoo_dividendos/dividendos_ITSA4__20261006_61e069e7.csv
20261006_162318;2026-10-06T20:52:42.674513+00:00;dividendos_JFEN3.csv;YAHOO_DIVIDENDOS;;JFEN3.SA;;COM_EVENTOS;INALTERADO;1;a04f93d58f0da16867700be5049f1af445136e9caf78c6dc1dac950a18a7c27f;196;data/raw/yahoo_dividendos/dividendos_JFEN3__20261006_a04f93d5.csv
20261006_162318;2026-10-06T20:52:43.331910+00:00;dividendos_JOPA3.csv;YAHOO_DIVIDENDOS;;JOPA3.SA;;COM_EVENTOS;INALTERADO;1;c90ba93313c8f2844fb37cfe6e919e8aca45a1f9f4b879b03ef01cf0bfbc63c7;757;data/raw/yahoo_dividendos/dividendos_JOPA3__20261006_c90ba933.csv
20261006_162318;2026-10-06T20:52:43.488272+00:00;dividendos_JHSF3.csv;YAHOO_DIVIDENDOS;;JHSF3.SA;;COM_EVENTOS;INALTERADO;1;265cdf6246b71615b97762e69f35749989ceb3263ce688867b1a64e8e96f51fb;2281;data/raw/yahoo_dividendos/dividendos_JHSF3__20261006_265cdf62.csv
20261006_162318;2026-10-06T20:52:44.248886+00:00;dividendos_JOPA4.csv;YAHOO_DIVIDENDOS;;JOPA4.SA;;COM_EVENTOS;INALTERADO;1;ef5d8706042f31f31a93f86a453f036203e3ffa5d344451db2e79330424c1ddc;864;data/raw/yahoo_dividendos/dividendos_JOPA4__20261006_ef5d8706.csv
20261006_162318;2026-10-06T20:52:45.274224+00:00;dividendos_JSLG3.csv;YAHOO_DIVIDENDOS;;JSLG3.SA;;COM_EVENTOS;INALTERADO;1;1acbee895ad1265652964ef5b12c8bc0b1eb7f21db882924f43a30d1ae4587bd;334;data/raw/yahoo_dividendos/dividendos_JSLG3__20261006_1acbee89.csv
20261006_162318;2026-10-06T20:52:45.855134+00:00;dividendos_KLBN11.csv;YAHOO_DIVIDENDOS;;KLBN11.SA;;COM_EVENTOS;INALTERADO;1;87f742a12ee040251c76be89b2184acd0a69bcd7139e513807aea529fb485003;1830;data/raw/yahoo_dividendos/dividendos_KLBN11__20261006_87f742a1.csv
20261006_162318;2026-10-06T20:52:46.129674+00:00;dividendos_KEPL3.csv;YAHOO_DIVIDENDOS;;KEPL3.SA;;COM_EVENTOS;INALTERADO;1;12497b975abd24a6329bb2fc52ce77c0be37c5f47e03f3cea5475aad02a045ff;1014;data/raw/yahoo_dividendos/dividendos_KEPL3__20261006_12497b97.csv
20261006_162318;2026-10-06T20:52:46.799637+00:00;dividendos_KLBN3.csv;YAHOO_DIVIDENDOS;;KLBN3.SA;;COM_EVENTOS;INALTERADO;1;698f4531436a99e661e5c7a24d572b42e483006857dbc905d8271c1b0ebc1837;2055;data/raw/yahoo_dividendos/dividendos_KLBN3__20261006_698f4531.csv
20261006_162318;2026-10-06T20:52:46.984092+00:00;dividendos_KLBN4.csv;YAHOO_DIVIDENDOS;;KLBN4.SA;;COM_EVENTOS;INALTERADO;1;2d8d8c0d08a9b29573ddb49a30714f2926b7726de9924c749758c3391e126140;2128;data/raw/yahoo_dividendos/dividendos_KLBN4__20261006_2d8d8c0d.csv
20261006_162318;2026-10-06T20:52:50.808663+00:00;dividendos_LAND3.csv;YAHOO_DIVIDENDOS;;LAND3.SA;;COM_EVENTOS;INALTERADO;1;e04ec5c45edf488d228660c945fd379614a69fbd66968403c7c3b60652c588d3;193;data/raw/yahoo_dividendos/dividendos_LAND3__20261006_e04ec5c4.csv
20261006_162318;2026-10-06T20:52:51.087179+00:00;dividendos_LAVV3.csv;YAHOO_DIVIDENDOS;;LAVV3.SA;;COM_EVENTOS;INALTERADO;1;7137fb6427b4b5fd7bedd8ee5f066cb639c4b8ca1ce171a7a8024a8f73aff890;766;data/raw/yahoo_dividendos/dividendos_LAVV3__20261006_7137fb64.csv
20261006_162318;2026-10-06T20:52:52.231063+00:00;dividendos_LEVE3.csv;YAHOO_DIVIDENDOS;;LEVE3.SA;;COM_EVENTOS;INALTERADO;1;20a1b0484c2fa336d96d2e1dec554e675e8cd6762515f13743c13c2ae9773d3c;1662;data/raw/yahoo_dividendos/dividendos_LEVE3__20261006_20a1b048.csv
20261006_162318;2026-10-06T20:52:55.281739+00:00;dividendos_LIGT3.csv;YAHOO_DIVIDENDOS;;LIGT3.SA;;COM_EVENTOS;INALTERADO;1;5c2e201fe6786751dfb0ea64493a6be2beaa5c3a1341a2908fbf437d91565acd;696;data/raw/yahoo_dividendos/dividendos_LIGT3__20261006_5c2e201f.csv
20261006_162318;2026-10-06T20:52:58.266283+00:00;dividendos_LJQQ3.csv;YAHOO_DIVIDENDOS;;LJQQ3.SA;;COM_EVENTOS;INALTERADO;1;5312397517600e4820839484e9b031014062481d6a3886633645675f3b04ac34;228;data/raw/yahoo_dividendos/dividendos_LJQQ3__20261006_53123975.csv
20261006_162318;2026-10-06T20:52:59.990162+00:00;dividendos_LOGG3.csv;YAHOO_DIVIDENDOS;;LOGG3.SA;;COM_EVENTOS;INALTERADO;1;33d86e4b0200e68bfe49e5ecb49820be476c7d98e371f0285643949b7517bc7e;552;data/raw/yahoo_dividendos/dividendos_LOGG3__20261006_33d86e4b.csv
20261006_162318;2026-10-06T20:53:00.466142+00:00;dividendos_LOGN3.csv;YAHOO_DIVIDENDOS;;LOGN3.SA;;COM_EVENTOS;INALTERADO;1;77490de8e9860e4c2c96c636524d437bb937bcbf1f29ef0ac427b629541f9c0b;120;data/raw/yahoo_dividendos/dividendos_LOGN3__20261006_77490de8.csv
20261006_162318;2026-10-06T20:53:00.726895+00:00;dividendos_LPSB3.csv;YAHOO_DIVIDENDOS;;LPSB3.SA;;COM_EVENTOS;INALTERADO;1;7570210839f5dc0fd3910329413c0cd16efc978d0c3c987106137db0340e9fb5;478;data/raw/yahoo_dividendos/dividendos_LPSB3__20261006_75702108.csv
20261006_162318;2026-10-06T20:53:01.371739+00:00;dividendos_LREN3.csv;YAHOO_DIVIDENDOS;;LREN3.SA;;COM_EVENTOS;INALTERADO;1;4432a3a51dca8e88fd3a04db6f51693a89ab8147b42d50c674cab4c4245fc5e4;2884;data/raw/yahoo_dividendos/dividendos_LREN3__20261006_4432a3a5.csv
20261006_162318;2026-10-06T20:53:01.439882+00:00;dividendos_LUPA3.csv;YAHOO_DIVIDENDOS;;LUPA3.SA;;SEM_EVENTOS;INALTERADO;1;642daec761ccb28fc097aa7f22cfeb4552f7859c3b919e315b4f51bc1ae66de3;49;data/raw/yahoo_dividendos/dividendos_LUPA3__20261006_642daec7.csv
20261006_162318;2026-10-06T20:53:01.965500+00:00;dividendos_LUXM4.csv;YAHOO_DIVIDENDOS;;LUXM4.SA;;COM_EVENTOS;INALTERADO;1;9fbc83d60c31b168967bc24d15d5fd8e0b9f9ec7d0cd6af00244ac4f35dd5465;765;data/raw/yahoo_dividendos/dividendos_LUXM4__20261006_9fbc83d6.csv
20261006_162318;2026-10-06T20:53:02.511251+00:00;dividendos_LWSA3.csv;YAHOO_DIVIDENDOS;;LWSA3.SA;;COM_EVENTOS;INALTERADO;1;f22629d4657678f02c441df38e60cd9c21a3ad3ef767858d9a647d536ef3ec11;265;data/raw/yahoo_dividendos/dividendos_LWSA3__20261006_f22629d4.csv
20261006_162318;2026-10-06T20:53:03.212707+00:00;dividendos_MAPT3.csv;YAHOO_DIVIDENDOS;;MAPT3.SA;;SEM_EVENTOS;INALTERADO;1;642daec761ccb28fc097aa7f22cfeb4552f7859c3b919e315b4f51bc1ae66de3;49;data/raw/yahoo_dividendos/dividendos_MAPT3__20261006_642daec7.csv
20261006_162318;2026-10-06T20:53:03.717933+00:00;dividendos_MAPT4.csv;YAHOO_DIVIDENDOS;;MAPT4.SA;;SEM_EVENTOS;INALTERADO;1;642daec761ccb28fc097aa7f22cfeb4552f7859c3b919e315b4f51bc1ae66de3;49;data/raw/yahoo_dividendos/dividendos_MAPT4__20261006_642daec7.csv
20261006_162318;2026-10-06T20:53:04.351365+00:00;dividendos_MATD3.csv;YAHOO_DIVIDENDOS;;MATD3.SA;;COM_EVENTOS;INALTERADO;1;cf37d9e8b9bd5454a2b0aef3aa997699fc8cbe90ded4342ba30314fc06100f92;229;data/raw/yahoo_dividendos/dividendos_MATD3__20261006_cf37d9e8.csv
20261006_162318;2026-10-06T20:53:05.111687+00:00;dividendos_MBRF3.csv;YAHOO_DIVIDENDOS;;MBRF3.SA;;COM_EVENTOS;INALTERADO;1;a9e3a44b61d6c60861290ead410989ab5359d4a38b346168a9bcd346ebc153b5;445;data/raw/yahoo_dividendos/dividendos_MBRF3__20261006_a9e3a44b.csv
20261006_162318;2026-10-06T20:53:05.682858+00:00;dividendos_MDNE3.csv;YAHOO_DIVIDENDOS;;MDNE3.SA;;COM_EVENTOS;INALTERADO;1;8f013dde620562edd1585b53894bf76ff6c78145b333c3c48db473f2d9208eaf;193;data/raw/yahoo_dividendos/dividendos_MDNE3__20261006_8f013dde.csv
20261006_162318;2026-10-06T20:53:05.772760+00:00;dividendos_MDIA3.csv;YAHOO_DIVIDENDOS;;MDIA3.SA;;COM_EVENTOS;INALTERADO;1;f5a4face838461c3c0140e5189ffc7fb3edd033cac2bec88f4d880bd0e824818;1913;data/raw/yahoo_dividendos/dividendos_MDIA3__20261006_f5a4face.csv
20261006_162318;2026-10-06T20:53:06.335301+00:00;dividendos_MEAL3.csv;YAHOO_DIVIDENDOS;;MEAL3.SA;;COM_EVENTOS;INALTERADO;1;9cbaeda868e6bf8971f383abafd933717c435cfd67a51a4732e93c45b8694a95;193;data/raw/yahoo_dividendos/dividendos_MEAL3__20261006_9cbaeda8.csv
20261006_162318;2026-10-06T20:53:06.870581+00:00;dividendos_MELK3.csv;YAHOO_DIVIDENDOS;;MELK3.SA;;COM_EVENTOS;INALTERADO;1;36d1dff0a19343ebbf4fd885822dfb1387c612a43d9cda7d813d8f41ceac72df;660;data/raw/yahoo_dividendos/dividendos_MELK3__20261006_36d1dff0.csv
20261006_162318;2026-10-06T20:53:08.714419+00:00;dividendos_MGEL4.csv;YAHOO_DIVIDENDOS;;MGEL4.SA;;COM_EVENTOS;INALTERADO;1;a80d53b7a6bb01acc760c35fd664fab0c9cba3659295b05ce95bdf78598ea4b8;85;data/raw/yahoo_dividendos/dividendos_MGEL4__20261006_a80d53b7.csv
20261006_162318;2026-10-06T20:53:09.588557+00:00;dividendos_MGLU3.csv;YAHOO_DIVIDENDOS;;MGLU3.SA;;COM_EVENTOS;INALTERADO;1;ac1c1d2d557e534a4b058ef53bbdf16778f7e670de031de051ef1bef52cf3fb9;660;data/raw/yahoo_dividendos/dividendos_MGLU3__20261006_ac1c1d2d.csv
20261006_162318;2026-10-06T20:53:09.870552+00:00;dividendos_MILS3.csv;YAHOO_DIVIDENDOS;;MILS3.SA;;COM_EVENTOS;INALTERADO;1;302ac106d742b8d35675e7f59555fb8830a7d147fe48910d1973df5d26e5e63c;1196;data/raw/yahoo_dividendos/dividendos_MILS3__20261006_302ac106.csv
20261006_162318;2026-10-06T20:53:10.127534+00:00;dividendos_MLAS3.csv;YAHOO_DIVIDENDOS;;MLAS3.SA;;COM_EVENTOS;INALTERADO;1;7bbbb24c627c2ec6c46e9c0138bfe167aab15372d6b16a12d1143667ac919644;120;data/raw/yahoo_dividendos/dividendos_MLAS3__20261006_7bbbb24c.csv
20261006_162318;2026-10-06T20:53:10.497142+00:00;dividendos_MMAQ3.csv;YAHOO_DIVIDENDOS;;MMAQ3.SA;;COM_EVENTOS;INALTERADO;1;e5ff4adbd928b9912fdc0d1b0a388d549ba38b0eb323fd0b61a7bdff8f2d2a51;947;data/raw/yahoo_dividendos/dividendos_MMAQ3__20261006_e5ff4adb.csv
20261006_162318;2026-10-06T20:53:10.643077+00:00;dividendos_MMAQ4.csv;YAHOO_DIVIDENDOS;;MMAQ4.SA;;COM_EVENTOS;INALTERADO;1;f3881907fec64cf212d9750e1f962b56c13df88a12916374fd35b4cf679b7005;734;data/raw/yahoo_dividendos/dividendos_MMAQ4__20261006_f3881907.csv
20261006_162318;2026-10-06T20:53:11.629227+00:00;dividendos_MNDL3.csv;YAHOO_DIVIDENDOS;;MNDL3.SA;;COM_EVENTOS;INALTERADO;1;de87609fb6b90874b42944c2fbd55831e07eab813200bb5f2f99f9d7387211bf;228;data/raw/yahoo_dividendos/dividendos_MNDL3__20261006_de87609f.csv
20261006_162318;2026-10-06T20:53:12.483933+00:00;dividendos_MNPR3.csv;YAHOO_DIVIDENDOS;;MNPR3.SA;;COM_EVENTOS;INALTERADO;1;694b8642f7fdb6a58c80416c4afbd903a7523a1254408b9cd141435dd7701c5c;85;data/raw/yahoo_dividendos/dividendos_MNPR3__20261006_694b8642.csv
20261006_162318;2026-10-06T20:53:13.426742+00:00;dividendos_MOTV3.csv;YAHOO_DIVIDENDOS;;MOTV3.SA;;COM_EVENTOS;INALTERADO;1;21e926501fc4df70940df052de4ea049f08107f1a05dc3202a96bc7c16902ae4;1422;data/raw/yahoo_dividendos/dividendos_MOTV3__20261006_21e92650.csv
20261006_162318;2026-10-06T20:53:14.110165+00:00;dividendos_MOVI3.csv;YAHOO_DIVIDENDOS;;MOVI3.SA;;COM_EVENTOS;INALTERADO;1;827735bfaf5b1f2fd8df1fd941117ec3f0c8181639e31fc79eed5436f7c0c268;911;data/raw/yahoo_dividendos/dividendos_MOVI3__20261006_827735bf.csv
20261006_162318;2026-10-06T20:53:17.749021+00:00;dividendos_MSPA3.csv;YAHOO_DIVIDENDOS;;MSPA3.SA;;COM_EVENTOS;INALTERADO;1;123030c76c59f7a03454fd43acfee79f6d5ba811b8aa06320cf8dcdcf51d3e92;314;data/raw/yahoo_dividendos/dividendos_MSPA3__20261006_123030c7.csv
20261006_162318;2026-10-06T20:53:18.013281+00:00;dividendos_MRVE3.csv;YAHOO_DIVIDENDOS;;MRVE3.SA;;COM_EVENTOS;INALTERADO;1;39898c1260c7fa8860fcfe8173a502e081706bba3756bed46986f6a950db547d;897;data/raw/yahoo_dividendos/dividendos_MRVE3__20261006_39898c12.csv
20261006_162318;2026-10-06T20:53:18.260362+00:00;dividendos_MSPA4.csv;YAHOO_DIVIDENDOS;;MSPA4.SA;;COM_EVENTOS;INALTERADO;1;ba35015259ed6dc1ed793910db7078ff0b3fbff300f22a731d2180ee0f1e79f5;316;data/raw/yahoo_dividendos/dividendos_MSPA4__20261006_ba350152.csv
20261006_162318;2026-10-06T20:53:19.856164+00:00;dividendos_MTRE3.csv;YAHOO_DIVIDENDOS;;MTRE3.SA;;COM_EVENTOS;INALTERADO;1;e3fcba3ed00c32b37ef8b1b78aa91c3f16481085a91d5571ab79efb9f9b1aa6b;1370;data/raw/yahoo_dividendos/dividendos_MTRE3__20261006_e3fcba3e.csv
20261006_162318;2026-10-06T20:53:20.194790+00:00;dividendos_MTSA3.csv;YAHOO_DIVIDENDOS;;MTSA3.SA;;COM_EVENTOS;INALTERADO;1;1b9df9daef28ab6e736486af9bc5e213083680e90c2d87728dc5e06e39092189;1376;data/raw/yahoo_dividendos/dividendos_MTSA3__20261006_1b9df9da.csv
20261006_162318;2026-10-06T20:53:20.563740+00:00;dividendos_MTSA4.csv;YAHOO_DIVIDENDOS;;MTSA4.SA;;COM_EVENTOS;INALTERADO;1;9d50f92377ed34ada1be021f14ee2616ba530585a5aa33e938bc0b480c5836b3;1274;data/raw/yahoo_dividendos/dividendos_MTSA4__20261006_9d50f923.csv
20261006_162318;2026-10-06T20:53:20.912517+00:00;dividendos_MULT3.csv;YAHOO_DIVIDENDOS;;MULT3.SA;;COM_EVENTOS;INALTERADO;1;761c217fe9fc17f18eef54d2c1f24105b5ae635f397e702810db09a59ec04fc3;1663;data/raw/yahoo_dividendos/dividendos_MULT3__20261006_761c217f.csv
20261006_162318;2026-10-06T20:53:21.035998+00:00;dividendos_MWET3.csv;YAHOO_DIVIDENDOS;;MWET3.SA;;SEM_EVENTOS;INALTERADO;1;642daec761ccb28fc097aa7f22cfeb4552f7859c3b919e315b4f51bc1ae66de3;49;data/raw/yahoo_dividendos/dividendos_MWET3__20261006_642daec7.csv
20261006_162318;2026-10-06T20:53:21.606961+00:00;dividendos_MWET4.csv;YAHOO_DIVIDENDOS;;MWET4.SA;;SEM_EVENTOS;INALTERADO;1;642daec761ccb28fc097aa7f22cfeb4552f7859c3b919e315b4f51bc1ae66de3;49;data/raw/yahoo_dividendos/dividendos_MWET4__20261006_642daec7.csv
20261006_162318;2026-10-06T20:53:21.898418+00:00;dividendos_MYPK3.csv;YAHOO_DIVIDENDOS;;MYPK3.SA;;COM_EVENTOS;INALTERADO;1;0f8969da05f2df5a4aee15fce314bc6036d417438573fc96e6a7bce244818a32;1052;data/raw/yahoo_dividendos/dividendos_MYPK3__20261006_0f8969da.csv
20261006_162318;2026-10-06T20:53:23.565461+00:00;dividendos_NATU3.csv;YAHOO_DIVIDENDOS;;NATU3.SA;;COM_EVENTOS;INALTERADO;1;c32c4584d8f4be0c566d3cf956d7e03b96dc8799fa2cddec9925038556e63c03;910;data/raw/yahoo_dividendos/dividendos_NATU3__20261006_c32c4584.csv
20261006_162318;2026-10-06T20:53:25.403962+00:00;dividendos_NEXP3.csv;YAHOO_DIVIDENDOS;;NEXP3.SA;;COM_EVENTOS;INALTERADO;1;8b60f36ec1ca5b6d29707b94fe7ffbd53a710f9b51df368a5269b6c9e400c801;306;data/raw/yahoo_dividendos/dividendos_NEXP3__20261006_8b60f36e.csv
20261006_162318;2026-10-06T20:53:27.358899+00:00;dividendos_NORD3.csv;YAHOO_DIVIDENDOS;;NORD3.SA;;SEM_EVENTOS;INALTERADO;1;642daec761ccb28fc097aa7f22cfeb4552f7859c3b919e315b4f51bc1ae66de3;49;data/raw/yahoo_dividendos/dividendos_NORD3__20261006_642daec7.csv
20261006_162318;2026-10-06T20:53:28.237449+00:00;dividendos_NUTR3.csv;YAHOO_DIVIDENDOS;;NUTR3.SA;;SEM_EVENTOS;INALTERADO;1;642daec761ccb28fc097aa7f22cfeb4552f7859c3b919e315b4f51bc1ae66de3;49;data/raw/yahoo_dividendos/dividendos_NUTR3__20261006_642daec7.csv
20261006_162318;2026-10-06T20:53:28.723113+00:00;dividendos_ODER4.csv;YAHOO_DIVIDENDOS;;ODER4.SA;;SEM_EVENTOS;INALTERADO;1;642daec761ccb28fc097aa7f22cfeb4552f7859c3b919e315b4f51bc1ae66de3;49;data/raw/yahoo_dividendos/dividendos_ODER4__20261006_642daec7.csv
20261006_162318;2026-10-06T20:53:29.328127+00:00;dividendos_OFSA3.csv;YAHOO_DIVIDENDOS;;OFSA3.SA;;COM_EVENTOS;INALTERADO;1;329a5456451850055a452d95da2dac34dade39a2f2d241097c4946e079a03664;834;data/raw/yahoo_dividendos/dividendos_OFSA3__20261006_329a5456.csv
20261006_162318;2026-10-06T20:53:31.290363+00:00;dividendos_OIBR3.csv;YAHOO_DIVIDENDOS;;OIBR3.SA;;COM_EVENTOS;INALTERADO;1;1044e1907f842ae50da50b2bc7af21de7853d59e5a20170daa141314ebdcb799;304;data/raw/yahoo_dividendos/dividendos_OIBR3__20261006_1044e190.csv
20261006_162318;2026-10-06T20:53:31.894556+00:00;dividendos_OIBR4.csv;YAHOO_DIVIDENDOS;;OIBR4.SA;;COM_EVENTOS;INALTERADO;1;f2304c4a26baa73302c2898ea6861a6640799f66def801c09d05ab8d54b46ff8;870;data/raw/yahoo_dividendos/dividendos_OIBR4__20261006_f2304c4a.csv
20261006_162318;2026-10-06T20:53:32.470982+00:00;dividendos_ONCO3.csv;YAHOO_DIVIDENDOS;;ONCO3.SA;;SEM_EVENTOS;INALTERADO;1;642daec761ccb28fc097aa7f22cfeb4552f7859c3b919e315b4f51bc1ae66de3;49;data/raw/yahoo_dividendos/dividendos_ONCO3__20261006_642daec7.csv
20261006_162318;2026-10-06T20:53:33.037393+00:00;dividendos_OPCT3.csv;YAHOO_DIVIDENDOS;;OPCT3.SA;;COM_EVENTOS;INALTERADO;1;d6fbc4a132650354afc0f213e46f5cf27bd339ebc3545bd5583219a2b993227f;85;data/raw/yahoo_dividendos/dividendos_OPCT3__20261006_d6fbc4a1.csv
20261006_162318;2026-10-06T20:53:33.115495+00:00;dividendos_ORVR3.csv;YAHOO_DIVIDENDOS;;ORVR3.SA;;SEM_EVENTOS;INALTERADO;1;642daec761ccb28fc097aa7f22cfeb4552f7859c3b919e315b4f51bc1ae66de3;49;data/raw/yahoo_dividendos/dividendos_ORVR3__20261006_642daec7.csv
20261006_162318;2026-10-06T20:53:33.955111+00:00;dividendos_OSXB3.csv;YAHOO_DIVIDENDOS;;OSXB3.SA;;SEM_EVENTOS;INALTERADO;1;642daec761ccb28fc097aa7f22cfeb4552f7859c3b919e315b4f51bc1ae66de3;49;data/raw/yahoo_dividendos/dividendos_OSXB3__20261006_642daec7.csv
20261006_162318;2026-10-06T20:53:34.842784+00:00;dividendos_PATI3.csv;YAHOO_DIVIDENDOS;;PATI3.SA;;COM_EVENTOS;INALTERADO;1;986357be26bf871f513dcc83e54a694b5040694e792ac9a08eb4edc42b61c960;801;data/raw/yahoo_dividendos/dividendos_PATI3__20261006_986357be.csv
20261006_162318;2026-10-06T20:53:34.956510+00:00;dividendos_PASS3.csv;YAHOO_DIVIDENDOS;;PASS3.SA;;SEM_EVENTOS;INALTERADO;1;642daec761ccb28fc097aa7f22cfeb4552f7859c3b919e315b4f51bc1ae66de3;49;data/raw/yahoo_dividendos/dividendos_PASS3__20261006_642daec7.csv
20261006_162318;2026-10-06T20:53:35.431373+00:00;dividendos_PATI4.csv;YAHOO_DIVIDENDOS;;PATI4.SA;;COM_EVENTOS;INALTERADO;1;d8688233dbc35f8faf041e5d26e8878deb436bed104406579340e321388cd0cf;768;data/raw/yahoo_dividendos/dividendos_PATI4__20261006_d8688233.csv
20261006_162318;2026-10-06T20:53:35.712799+00:00;dividendos_PCAR3.csv;YAHOO_DIVIDENDOS;;PCAR3.SA;;COM_EVENTOS;INALTERADO;1;2ffcafa1aa3d1869bad2f1a0594dcec7ad21f369c961f92cefbd3219bb6d4afd;1450;data/raw/yahoo_dividendos/dividendos_PCAR3__20261006_2ffcafa1.csv
20261006_162318;2026-10-06T20:53:37.596333+00:00;dividendos_PDGR3.csv;YAHOO_DIVIDENDOS;;PDGR3.SA;;COM_EVENTOS;INALTERADO;1;f3de7492ef4b5d6a85f64c90c0b2176f0ebf262f9c0664f393cd9b88ba459e0b;232;data/raw/yahoo_dividendos/dividendos_PDGR3__20261006_f3de7492.csv
20261006_162318;2026-10-06T20:53:38.249568+00:00;dividendos_PDTC3.csv;YAHOO_DIVIDENDOS;;PDTC3.SA;;COM_EVENTOS;INALTERADO;1;479584c829608c275343adaeff96c6f81abdab5552c92889010ea1ea09be6f0c;85;data/raw/yahoo_dividendos/dividendos_PDTC3__20261006_479584c8.csv
20261006_162318;2026-10-06T20:53:38.321317+00:00;dividendos_PEAB3.csv;YAHOO_DIVIDENDOS;;PEAB3.SA;;COM_EVENTOS;INALTERADO;1;bf5cce60f0204f6bb7efed069a25928818ed0405a3dd2b197cb140de451a57c6;1105;data/raw/yahoo_dividendos/dividendos_PEAB3__20261006_bf5cce60.csv
20261006_162318;2026-10-06T20:53:38.843834+00:00;dividendos_PEAB4.csv;YAHOO_DIVIDENDOS;;PEAB4.SA;;COM_EVENTOS;INALTERADO;1;db3f54d7c155dd503f2ed9118dbc061fec39430d74b408ae6ef6d32b2d14fc0d;976;data/raw/yahoo_dividendos/dividendos_PEAB4__20261006_db3f54d7.csv
20261006_162318;2026-10-06T20:53:39.201950+00:00;dividendos_PETR3.csv;YAHOO_DIVIDENDOS;;PETR3.SA;;COM_EVENTOS;INALTERADO;1;400229a00084ea37a3ed0cf9a228ff09a3ea17ffaffd995b0411dd19174e97e7;1794;data/raw/yahoo_dividendos/dividendos_PETR3__20261006_400229a0.csv
20261006_162318;2026-10-06T20:53:39.623610+00:00;dividendos_PETR4.csv;YAHOO_DIVIDENDOS;;PETR4.SA;;COM_EVENTOS;INALTERADO;1;65a940e2a3990b3a9d7171bbe0d2ac853311d49a77225cd15ed04cc2a11b0acd;2173;data/raw/yahoo_dividendos/dividendos_PETR4__20261006_65a940e2.csv
20261006_162318;2026-10-06T20:53:40.567837+00:00;dividendos_PFRM3.csv;YAHOO_DIVIDENDOS;;PFRM3.SA;;COM_EVENTOS;INALTERADO;1;3e8b7607920f66817493565ad32cd6cc7dab7c9a8727c3c51e835884c2641cc0;587;data/raw/yahoo_dividendos/dividendos_PFRM3__20261006_3e8b7607.csv
20261006_162318;2026-10-06T20:53:41.290966+00:00;dividendos_PLAS3.csv;YAHOO_DIVIDENDOS;;PLAS3.SA;;COM_EVENTOS;INALTERADO;1;bff65cc5a4a5e85c92678e38d06d48012e5e34e150851aaf22071f0fa51b4fa7;84;data/raw/yahoo_dividendos/dividendos_PLAS3__20261006_bff65cc5.csv
20261006_162318;2026-10-06T20:53:41.424914+00:00;dividendos_PGMN3.csv;YAHOO_DIVIDENDOS;;PGMN3.SA;;COM_EVENTOS;INALTERADO;1;e6c8b875a10bcd4b98c37e0f84485be6afa3066bd8c38f5f7faeef4328eab740;193;data/raw/yahoo_dividendos/dividendos_PGMN3__20261006_e6c8b875.csv
20261006_162318;2026-10-06T20:53:41.831604+00:00;dividendos_PLPL3.csv;YAHOO_DIVIDENDOS;;PLPL3.SA;;COM_EVENTOS;INALTERADO;1;f66125eeedb80db8c630a59eaf07d3f7cf7a89efbc9280afc992935feb16c054;264;data/raw/yahoo_dividendos/dividendos_PLPL3__20261006_f66125ee.csv
20261006_162318;2026-10-06T20:53:42.452205+00:00;dividendos_PMAM3.csv;YAHOO_DIVIDENDOS;;PMAM3.SA;;COM_EVENTOS;INALTERADO;1;903d6777ae88d3e76dc36d8ffbe60f19c46f76842123db94fb3886a8d0e3b7c7;121;data/raw/yahoo_dividendos/dividendos_PMAM3__20261006_903d6777.csv
20261006_162318;2026-10-06T20:53:44.854228+00:00;dividendos_PNVL3.csv;YAHOO_DIVIDENDOS;;PNVL3.SA;;COM_EVENTOS;INALTERADO;1;d5b165c1e39099f2b180ebc2b7a502b9fae068f31f962d27829e477d1dc3b6a4;1735;data/raw/yahoo_dividendos/dividendos_PNVL3__20261006_d5b165c1.csv
20261006_162318;2026-10-06T20:53:46.387522+00:00;dividendos_POMO3.csv;YAHOO_DIVIDENDOS;;POMO3.SA;;COM_EVENTOS;INALTERADO;1;c13064da2856c3aac82f057aaeabda55bd7c45d87082aae6722e6399541e2548;1869;data/raw/yahoo_dividendos/dividendos_POMO3__20261006_c13064da.csv
20261006_162318;2026-10-06T20:53:47.458541+00:00;dividendos_POMO4.csv;YAHOO_DIVIDENDOS;;POMO4.SA;;COM_EVENTOS;INALTERADO;1;594ca46aee642b5e75f3a78df0c470e6dcf2dcf74205276cc40a5a9993ab76cf;1756;data/raw/yahoo_dividendos/dividendos_POMO4__20261006_594ca46a.csv
20261006_162318;2026-10-06T20:53:48.274661+00:00;dividendos_POSI3.csv;YAHOO_DIVIDENDOS;;POSI3.SA;;COM_EVENTOS;INALTERADO;1;8cbc8591062b72a87f11abf3ef8d768596f62ffe987f393791c7d35a988a7a0f;622;data/raw/yahoo_dividendos/dividendos_POSI3__20261006_8cbc8591.csv
20261006_162318;2026-10-06T20:53:49.078756+00:00;dividendos_PRIO3.csv;YAHOO_DIVIDENDOS;;PRIO3.SA;;COM_EVENTOS;INALTERADO;1;1c033d1bbc1b7ee670e9cd03803e599aa2ce832a4fcea8c820d9c0dd358483eb;85;data/raw/yahoo_dividendos/dividendos_PRIO3__20261006_1c033d1b.csv
20261006_162318;2026-10-06T20:53:49.885186+00:00;dividendos_PRNR3.csv;YAHOO_DIVIDENDOS;;PRNR3.SA;;COM_EVENTOS;INALTERADO;1;8bbd368b004dc21491698975521557a2fc5ea10437a04acdfb181ac6ddf64200;229;data/raw/yahoo_dividendos/dividendos_PRNR3__20261006_8bbd368b.csv
20261006_162318;2026-10-06T20:53:51.618504+00:00;dividendos_PTBL3.csv;YAHOO_DIVIDENDOS;;PTBL3.SA;;COM_EVENTOS;INALTERADO;1;50fb8954ee7e73e235d94a5c3351d9e172205749937fbfd93f0ee28a040600f1;795;data/raw/yahoo_dividendos/dividendos_PTBL3__20261006_50fb8954.csv
20261006_162318;2026-10-06T20:53:56.676208+00:00;dividendos_QUAL3.csv;YAHOO_DIVIDENDOS;;QUAL3.SA;;COM_EVENTOS;INALTERADO;1;699b6bcfb290c298f590004d13b3343074ec9bdfd089d6407983ef711858047b;767;data/raw/yahoo_dividendos/dividendos_QUAL3__20261006_699b6bcf.csv
20261006_162318;2026-10-06T20:53:56.999707+00:00;dividendos_RADL3.csv;YAHOO_DIVIDENDOS;;RADL3.SA;;COM_EVENTOS;INALTERADO;1;60cfaa77547e36ea72c9b691a7e547fe9388a098996ec23443de2bb4136e0ac1;3028;data/raw/yahoo_dividendos/dividendos_RADL3__20261006_60cfaa77.csv
20261006_162318;2026-10-06T20:53:57.714541+00:00;dividendos_RAIL3.csv;YAHOO_DIVIDENDOS;;RAIL3.SA;;COM_EVENTOS;INALTERADO;1;2d5dac5a62a8b9cc86f60b9f5524e7db3a47c6eaefdc74f2ca2cdc7970325847;229;data/raw/yahoo_dividendos/dividendos_RAIL3__20261006_2d5dac5a.csv
20261006_162318;2026-10-06T20:53:58.379712+00:00;dividendos_RAIZ4.csv;YAHOO_DIVIDENDOS;;RAIZ4.SA;;COM_EVENTOS;INALTERADO;1;c2407b1e43f06253a5ac0ec3749b28c9cd03350055a24d3d381a6af1296be42f;406;data/raw/yahoo_dividendos/dividendos_RAIZ4__20261006_c2407b1e.csv
20261006_162318;2026-10-06T20:53:59.075358+00:00;dividendos_RANI3.csv;YAHOO_DIVIDENDOS;;RANI3.SA;;COM_EVENTOS;INALTERADO;1;640908f0804ef6cfa702f069f227210b51cc9ce5d89825e9e2546a210c0eab7e;1770;data/raw/yahoo_dividendos/dividendos_RANI3__20261006_640908f0.csv
20261006_162318;2026-10-06T20:54:00.250691+00:00;dividendos_RAPT3.csv;YAHOO_DIVIDENDOS;;RAPT3.SA;;COM_EVENTOS;INALTERADO;1;c365e030ef8bd6365482a7707b4eff1b8ef6172b45b4b297e048eeb45dd9ca81;1446;data/raw/yahoo_dividendos/dividendos_RAPT3__20261006_c365e030.csv
20261006_162318;2026-10-06T20:54:00.761945+00:00;dividendos_RAPT4.csv;YAHOO_DIVIDENDOS;;RAPT4.SA;;COM_EVENTOS;INALTERADO;1;5d9720fdaf848f4449436f4ea2274337ad9cf10ab8e1147b304d724881485536;1220;data/raw/yahoo_dividendos/dividendos_RAPT4__20261006_5d9720fd.csv
20261006_162318;2026-10-06T20:54:01.155580+00:00;dividendos_RCSL3.csv;YAHOO_DIVIDENDOS;;RCSL3.SA;;SEM_EVENTOS;INALTERADO;1;642daec761ccb28fc097aa7f22cfeb4552f7859c3b919e315b4f51bc1ae66de3;49;data/raw/yahoo_dividendos/dividendos_RCSL3__20261006_642daec7.csv
20261006_162318;2026-10-06T20:54:01.760764+00:00;dividendos_RCSL4.csv;YAHOO_DIVIDENDOS;;RCSL4.SA;;SEM_EVENTOS;INALTERADO;1;642daec761ccb28fc097aa7f22cfeb4552f7859c3b919e315b4f51bc1ae66de3;49;data/raw/yahoo_dividendos/dividendos_RCSL4__20261006_642daec7.csv
20261006_162318;2026-10-06T20:54:02.838813+00:00;dividendos_RDOR3.csv;YAHOO_DIVIDENDOS;;RDOR3.SA;;COM_EVENTOS;INALTERADO;1;1328bee2df0e1ad726f68e60166c7c8406c52fbed688cc2c7d95bf51e368140a;840;data/raw/yahoo_dividendos/dividendos_RDOR3__20261006_1328bee2.csv
20261006_162318;2026-10-06T20:54:03.277622+00:00;dividendos_RECV3.csv;YAHOO_DIVIDENDOS;;RECV3.SA;;COM_EVENTOS;INALTERADO;1;8b931fe201aa60113c3219ae7170762268c36c22a107a939793883c24e0f3788;444;data/raw/yahoo_dividendos/dividendos_RECV3__20261006_8b931fe2.csv
20261006_162318;2026-10-06T20:54:03.523910+00:00;dividendos_REDE3.csv;YAHOO_DIVIDENDOS;;REDE3.SA;;COM_EVENTOS;INALTERADO;1;0e058f9043a29b7a55b6ae62c1e2924d9dcf1fb532abf35035e766f0b49922cc;1016;data/raw/yahoo_dividendos/dividendos_REDE3__20261006_0e058f90.csv
20261006_162318;2026-10-06T20:54:05.467002+00:00;dividendos_RENT4.csv;YAHOO_DIVIDENDOS;;RENT4.SA;;COM_EVENTOS;INALTERADO;1;75841a6baea456d59548f1cd619038b1b1c4f1e908c919e2dd63ff550b0a5c24;156;data/raw/yahoo_dividendos/dividendos_RENT4__20261006_75841a6b.csv
20261006_162318;2026-10-06T20:54:05.829526+00:00;dividendos_RENT3.csv;YAHOO_DIVIDENDOS;;RENT3.SA;;COM_EVENTOS;INALTERADO;1;072ab6279e36fb76bfabab7bba62e0de4ba588f61305d2505b5e46ccdaf8d3eb;3200;data/raw/yahoo_dividendos/dividendos_RENT3__20261006_072ab627.csv
20261006_162318;2026-10-06T20:54:06.641746+00:00;dividendos_RIAA3.csv;YAHOO_DIVIDENDOS;;RIAA3.SA;;COM_EVENTOS;INALTERADO;1;44c5dafdaf11bb46de81042d3179846f96d9bafb21760a3ed4d9c0c69d95c161;1583;data/raw/yahoo_dividendos/dividendos_RIAA3__20261006_44c5dafd.csv
20261006_162318;2026-10-06T20:54:08.880866+00:00;dividendos_RNEW3.csv;YAHOO_DIVIDENDOS;;RNEW3.SA;;COM_EVENTOS;INALTERADO;1;c39ac4bd47aebbb21381df2f6a46866192150ca0d1da7f568f538444595684ee;84;data/raw/yahoo_dividendos/dividendos_RNEW3__20261006_c39ac4bd.csv
20261006_162318;2026-10-06T20:54:09.495065+00:00;dividendos_RNEW4.csv;YAHOO_DIVIDENDOS;;RNEW4.SA;;SEM_EVENTOS;INALTERADO;1;642daec761ccb28fc097aa7f22cfeb4552f7859c3b919e315b4f51bc1ae66de3;49;data/raw/yahoo_dividendos/dividendos_RNEW4__20261006_642daec7.csv
20261006_162318;2026-10-06T20:54:09.772469+00:00;dividendos_ROMI3.csv;YAHOO_DIVIDENDOS;;ROMI3.SA;;COM_EVENTOS;INALTERADO;1;a75499ca31650000cacde1438fa0b1b25d2029c8a0ad6cbfa60dafbdbfc123d5;1838;data/raw/yahoo_dividendos/dividendos_ROMI3__20261006_a75499ca.csv
20261006_162318;2026-10-06T20:54:10.357221+00:00;dividendos_RPMG3.csv;YAHOO_DIVIDENDOS;;RPMG3.SA;;SEM_EVENTOS;INALTERADO;1;642daec761ccb28fc097aa7f22cfeb4552f7859c3b919e315b4f51bc1ae66de3;49;data/raw/yahoo_dividendos/dividendos_RPMG3__20261006_642daec7.csv
20261006_162318;2026-10-06T20:54:11.943024+00:00;dividendos_RSID3.csv;YAHOO_DIVIDENDOS;;RSID3.SA;;COM_EVENTOS;INALTERADO;1;f1f8601d64dc19ef6c1ea014b77902595b1e231bed40009aff2381896c965750;229;data/raw/yahoo_dividendos/dividendos_RSID3__20261006_f1f8601d.csv
20261006_162318;2026-10-06T20:54:13.379665+00:00;dividendos_RSUL4.csv;YAHOO_DIVIDENDOS;;RSUL4.SA;;COM_EVENTOS;INALTERADO;1;4190fdcacd1a56605417f024b383a0b03f6496506bd8bfd92068e366ee8291a3;228;data/raw/yahoo_dividendos/dividendos_RSUL4__20261006_4190fdca.csv
20261006_162318;2026-10-06T20:54:13.971129+00:00;dividendos_RVEE3.csv;YAHOO_DIVIDENDOS;;RVEE3.SA;;SEM_EVENTOS;INALTERADO;1;642daec761ccb28fc097aa7f22cfeb4552f7859c3b919e315b4f51bc1ae66de3;49;data/raw/yahoo_dividendos/dividendos_RVEE3__20261006_642daec7.csv
20261006_162318;2026-10-06T20:54:14.907533+00:00;dividendos_SAPR11.csv;YAHOO_DIVIDENDOS;;SAPR11.SA;;COM_EVENTOS;INALTERADO;1;5389ac19854e898ec1113e1ae4f0014690f4969180192b523dcf76ab411a0a64;806;data/raw/yahoo_dividendos/dividendos_SAPR11__20261006_5389ac19.csv
20261006_162318;2026-10-06T20:54:15.501152+00:00;dividendos_SAPR3.csv;YAHOO_DIVIDENDOS;;SAPR3.SA;;COM_EVENTOS;INALTERADO;1;2a6ccdc5b22fbf02d667acf01c1192b54d62e4aece343de21f9ffef5a5f7beb6;1378;data/raw/yahoo_dividendos/dividendos_SAPR3__20261006_2a6ccdc5.csv
20261006_162318;2026-10-06T20:54:15.693947+00:00;dividendos_SAPR4.csv;YAHOO_DIVIDENDOS;;SAPR4.SA;;COM_EVENTOS;INALTERADO;1;a6b3d6f90678bc8f58e71c355c813181fe270104840557a4ed2dd751fe27065d;1413;data/raw/yahoo_dividendos/dividendos_SAPR4__20261006_a6b3d6f9.csv
20261006_162318;2026-10-06T20:54:16.172327+00:00;dividendos_SBFG3.csv;YAHOO_DIVIDENDOS;;SBFG3.SA;;COM_EVENTOS;INALTERADO;1;636de9d96a986a33372040cf3094d7fc34a887c8ef8c1cf9d55eef1576066ffb;228;data/raw/yahoo_dividendos/dividendos_SBFG3__20261006_636de9d9.csv
20261006_162318;2026-10-06T20:54:16.356306+00:00;dividendos_SAUD3.csv;YAHOO_DIVIDENDOS;;SAUD3.SA;;COM_EVENTOS;INALTERADO;1;27b2fa038ebeb91f5c9c8966d3f80dcbca1caa8a1cfee28195c782104699178d;3785;data/raw/yahoo_dividendos/dividendos_SAUD3__20261006_27b2fa03.csv
20261006_162318;2026-10-06T20:54:16.845810+00:00;dividendos_SBSP3.csv;YAHOO_DIVIDENDOS;;SBSP3.SA;;COM_EVENTOS;INALTERADO;1;e142ec1309291efe57b1f93df0d93a0156c8ab6ae219c45505681afe060cc8a0;947;data/raw/yahoo_dividendos/dividendos_SBSP3__20261006_e142ec13.csv
20261006_162318;2026-10-06T20:54:17.143725+00:00;dividendos_SCAR3.csv;YAHOO_DIVIDENDOS;;SCAR3.SA;;COM_EVENTOS;INALTERADO;1;92b1779e5550197d7806b44cfcb182a400e0e65f835f135e68bef99abb5dbc7c;910;data/raw/yahoo_dividendos/dividendos_SCAR3__20261006_92b1779e.csv
20261006_162318;2026-10-06T20:54:19.036946+00:00;dividendos_SEER3.csv;YAHOO_DIVIDENDOS;;SEER3.SA;;COM_EVENTOS;INALTERADO;1;b5a953f4e19c8b9c73ddec64ba4d9a5ca6390a018cf2ba550325f893c1845c0f;802;data/raw/yahoo_dividendos/dividendos_SEER3__20261006_b5a953f4.csv
20261006_162318;2026-10-06T20:54:19.480911+00:00;dividendos_SEQL3.csv;YAHOO_DIVIDENDOS;;SEQL3.SA;;SEM_EVENTOS;INALTERADO;1;642daec761ccb28fc097aa7f22cfeb4552f7859c3b919e315b4f51bc1ae66de3;49;data/raw/yahoo_dividendos/dividendos_SEQL3__20261006_642daec7.csv
20261006_162318;2026-10-06T20:54:22.883117+00:00;dividendos_SHOW3.csv;YAHOO_DIVIDENDOS;;SHOW3.SA;;COM_EVENTOS;INALTERADO;1;078cc2edfe7ea71ff9bec3e3e61b1ad6ccec481b0d141e2bcd7910277d33e3aa;222;data/raw/yahoo_dividendos/dividendos_SHOW3__20261006_078cc2ed.csv
20261006_162318;2026-10-06T20:54:22.906928+00:00;dividendos_SHUL3.csv;YAHOO_DIVIDENDOS;;SHUL3.SA;;SEM_EVENTOS;INALTERADO;1;642daec761ccb28fc097aa7f22cfeb4552f7859c3b919e315b4f51bc1ae66de3;49;data/raw/yahoo_dividendos/dividendos_SHUL3__20261006_642daec7.csv
20261006_162318;2026-10-06T20:54:23.609926+00:00;dividendos_SIMH3.csv;YAHOO_DIVIDENDOS;;SIMH3.SA;;COM_EVENTOS;INALTERADO;1;718a3078efd70b0d720eb4d8630896ec969b14526cb61a8f7418f8954e8093a5;336;data/raw/yahoo_dividendos/dividendos_SIMH3__20261006_718a3078.csv
20261006_162318;2026-10-06T20:54:23.795966+00:00;dividendos_SHUL4.csv;YAHOO_DIVIDENDOS;;SHUL4.SA;;COM_EVENTOS;INALTERADO;1;4f5bf019a33f85d9e43816dbda081d84719c64af32cd235d988b8435994bcf28;1737;data/raw/yahoo_dividendos/dividendos_SHUL4__20261006_4f5bf019.csv
20261006_162318;2026-10-06T20:54:24.804882+00:00;dividendos_SLCE3.csv;YAHOO_DIVIDENDOS;;SLCE3.SA;;COM_EVENTOS;INALTERADO;1;3ce422af8bb274974b2e6a86ac43a3ec463463d785ec12b58fcf61d20983ed4c;801;data/raw/yahoo_dividendos/dividendos_SLCE3__20261006_3ce422af.csv
20261006_162318;2026-10-06T20:54:26.853976+00:00;dividendos_SMFT3.csv;YAHOO_DIVIDENDOS;;SMFT3.SA;;COM_EVENTOS;INALTERADO;1;acb3ef8e1f75e94c28b9c78ccdfd24534a5b867d22e919b5abca7a0551064669;443;data/raw/yahoo_dividendos/dividendos_SMFT3__20261006_acb3ef8e.csv
20261006_162318;2026-10-06T20:54:28.092798+00:00;dividendos_SMTO3.csv;YAHOO_DIVIDENDOS;;SMTO3.SA;;COM_EVENTOS;INALTERADO;1;c468af9b6b8da1b3c2c4c44fd614418c193eb1fda5d6d5dec3357a91a59c30b8;1016;data/raw/yahoo_dividendos/dividendos_SMTO3__20261006_c468af9b.csv
20261006_162318;2026-10-06T20:54:28.661603+00:00;dividendos_SNSY3.csv;YAHOO_DIVIDENDOS;;SNSY3.SA;;SEM_EVENTOS;INALTERADO;1;642daec761ccb28fc097aa7f22cfeb4552f7859c3b919e315b4f51bc1ae66de3;49;data/raw/yahoo_dividendos/dividendos_SNSY3__20261006_642daec7.csv
20261006_162318;2026-10-06T20:54:29.517610+00:00;dividendos_SNSY5.csv;YAHOO_DIVIDENDOS;;SNSY5.SA;;SEM_EVENTOS;INALTERADO;1;642daec761ccb28fc097aa7f22cfeb4552f7859c3b919e315b4f51bc1ae66de3;49;data/raw/yahoo_dividendos/dividendos_SNSY5__20261006_642daec7.csv
20261006_162318;2026-10-06T20:54:29.571018+00:00;dividendos_SNSY6.csv;YAHOO_DIVIDENDOS;;SNSY6.SA;;SEM_EVENTOS;INALTERADO;1;642daec761ccb28fc097aa7f22cfeb4552f7859c3b919e315b4f51bc1ae66de3;49;data/raw/yahoo_dividendos/dividendos_SNSY6__20261006_642daec7.csv
20261006_162318;2026-10-06T20:54:30.140306+00:00;dividendos_SOJA3.csv;YAHOO_DIVIDENDOS;;SOJA3.SA;;COM_EVENTOS;INALTERADO;1;3a97b35e08ed41b587bdab8b7faeb0895570979f419b954e3824526ac2f9c2c1;337;data/raw/yahoo_dividendos/dividendos_SOJA3__20261006_3a97b35e.csv
20261006_162318;2026-10-06T20:54:31.582283+00:00;dividendos_SOND3.csv;YAHOO_DIVIDENDOS;;SOND3.SA;;COM_EVENTOS;INALTERADO;1;bc3161e5f8457d36f9ebc41a578b3a4d7a536bcc04b51e2631bec3b140ca9527;873;data/raw/yahoo_dividendos/dividendos_SOND3__20261006_bc3161e5.csv
20261006_162318;2026-10-06T20:54:32.117837+00:00;dividendos_SOND5.csv;YAHOO_DIVIDENDOS;;SOND5.SA;;COM_EVENTOS;INALTERADO;1;40ce52d5bf47e5f6ed557a5d26f2a0e6b51710cce76e9cb2d82bfe2c6758334c;837;data/raw/yahoo_dividendos/dividendos_SOND5__20261006_40ce52d5.csv
20261006_162318;2026-10-06T20:54:32.189530+00:00;dividendos_SOND6.csv;YAHOO_DIVIDENDOS;;SOND6.SA;;COM_EVENTOS;INALTERADO;1;1315fd7fc5e1c1bcd3ba3ef326abe55e5efcf86bea11f3a690876a9eb51d5e46;837;data/raw/yahoo_dividendos/dividendos_SOND6__20261006_1315fd7f.csv
20261006_162318;2026-10-06T20:54:38.253570+00:00;dividendos_SUZB3.csv;YAHOO_DIVIDENDOS;;SUZB3.SA;;COM_EVENTOS;INALTERADO;1;6d622fa3d2bb92e69cb64442a5ef0d7622b1d2e40350014ffce76a4877334e20;823;data/raw/yahoo_dividendos/dividendos_SUZB3__20261006_6d622fa3.csv
20261006_162318;2026-10-06T20:54:39.514568+00:00;dividendos_SYNE3.csv;YAHOO_DIVIDENDOS;;SYNE3.SA;;COM_EVENTOS;INALTERADO;1;024aaaf767432340efe88d4f49add42187fcf938d1acc8ce606c0c1289f63d90;767;data/raw/yahoo_dividendos/dividendos_SYNE3__20261006_024aaaf7.csv
20261006_162318;2026-10-06T20:54:39.980554+00:00;dividendos_TAEE11.csv;YAHOO_DIVIDENDOS;;TAEE11.SA;;COM_EVENTOS;INALTERADO;1;cc21ead6e2ff61604e5ac179722acc7b1036c423ed3d67243d7318133bb349a0;2316;data/raw/yahoo_dividendos/dividendos_TAEE11__20261006_cc21ead6.csv
20261006_162318;2026-10-06T20:54:40.162678+00:00;dividendos_TAEE3.csv;YAHOO_DIVIDENDOS;;TAEE3.SA;;COM_EVENTOS;INALTERADO;1;fcd0bca6706633133fcc1fadae19320fccbfc1b8150f7e5f7f1606a8a6392400;2088;data/raw/yahoo_dividendos/dividendos_TAEE3__20261006_fcd0bca6.csv
20261006_162318;2026-10-06T20:54:40.719936+00:00;dividendos_TAEE4.csv;YAHOO_DIVIDENDOS;;TAEE4.SA;;COM_EVENTOS;INALTERADO;1;7d0cceeca9b9ef3fe0751eddc2b3b0156b82c637782ef84c6374ff08ae058738;1515;data/raw/yahoo_dividendos/dividendos_TAEE4__20261006_7d0cceec.csv
20261006_162318;2026-10-06T20:54:42.065895+00:00;dividendos_TASA3.csv;YAHOO_DIVIDENDOS;;TASA3.SA;;COM_EVENTOS;INALTERADO;1;2fa689facebb923d404686895b265847b711ea5643d4d14b53b8d92198f539c8;655;data/raw/yahoo_dividendos/dividendos_TASA3__20261006_2fa689fa.csv
20261006_162318;2026-10-06T20:54:42.654778+00:00;dividendos_TASA4.csv;YAHOO_DIVIDENDOS;;TASA4.SA;;COM_EVENTOS;INALTERADO;1;198aeb2b654d3b1af3ca66b31e385d8026991003835514c1283264b608e09a3b;569;data/raw/yahoo_dividendos/dividendos_TASA4__20261006_198aeb2b.csv
20261006_162318;2026-10-06T20:54:45.109503+00:00;dividendos_TCSA3.csv;YAHOO_DIVIDENDOS;;TCSA3.SA;;COM_EVENTOS;INALTERADO;1;25638dcadb22294bb112598af64ec5a4a9cadff0463f234e5cf884bd044dcafb;337;data/raw/yahoo_dividendos/dividendos_TCSA3__20261006_25638dca.csv
20261006_162318;2026-10-06T20:54:47.090650+00:00;dividendos_TEKA3.csv;YAHOO_DIVIDENDOS;;TEKA3.SA;;SEM_EVENTOS;INALTERADO;1;642daec761ccb28fc097aa7f22cfeb4552f7859c3b919e315b4f51bc1ae66de3;49;data/raw/yahoo_dividendos/dividendos_TEKA3__20261006_642daec7.csv
20261006_162318;2026-10-06T20:54:47.115815+00:00;dividendos_TECN3.csv;YAHOO_DIVIDENDOS;;TECN3.SA;;COM_EVENTOS;INALTERADO;1;716320c9f26b1484383bc4c1a501c3755276f56f0d9ddb86d58efeca09807f3f;473;data/raw/yahoo_dividendos/dividendos_TECN3__20261006_716320c9.csv
20261006_162318;2026-10-06T20:54:47.688181+00:00;dividendos_TEKA4.csv;YAHOO_DIVIDENDOS;;TEKA4.SA;;SEM_EVENTOS;INALTERADO;1;642daec761ccb28fc097aa7f22cfeb4552f7859c3b919e315b4f51bc1ae66de3;49;data/raw/yahoo_dividendos/dividendos_TEKA4__20261006_642daec7.csv
20261006_162318;2026-10-06T20:54:48.193654+00:00;dividendos_TELB3.csv;YAHOO_DIVIDENDOS;;TELB3.SA;;SEM_EVENTOS;INALTERADO;1;642daec761ccb28fc097aa7f22cfeb4552f7859c3b919e315b4f51bc1ae66de3;49;data/raw/yahoo_dividendos/dividendos_TELB3__20261006_642daec7.csv
20261006_162318;2026-10-06T20:54:48.480229+00:00;dividendos_TELB4.csv;YAHOO_DIVIDENDOS;;TELB4.SA;;SEM_EVENTOS;INALTERADO;1;642daec761ccb28fc097aa7f22cfeb4552f7859c3b919e315b4f51bc1ae66de3;49;data/raw/yahoo_dividendos/dividendos_TELB4__20261006_642daec7.csv
20261006_162318;2026-10-06T20:54:49.294753+00:00;dividendos_TEND3.csv;YAHOO_DIVIDENDOS;;TEND3.SA;;COM_EVENTOS;INALTERADO;1;cc69d33766dff8a71efd2b72417598d2543b321e46356bb951fcbb447243409b;517;data/raw/yahoo_dividendos/dividendos_TEND3__20261006_cc69d337.csv
20261006_162318;2026-10-06T20:54:52.457007+00:00;dividendos_TFCO4.csv;YAHOO_DIVIDENDOS;;TFCO4.SA;;COM_EVENTOS;INALTERADO;1;7c555f8f2189ed788415ec7314241feeee754f0a3ec36201e2a9b0c995e560a1;947;data/raw/yahoo_dividendos/dividendos_TFCO4__20261006_7c555f8f.csv
20261006_162318;2026-10-06T20:54:53.320175+00:00;dividendos_TGMA3.csv;YAHOO_DIVIDENDOS;;TGMA3.SA;;COM_EVENTOS;INALTERADO;1;d180e1c27e712193071aec64c35da5b42ee7d0182252ee6ab9f85a37431c4dae;1547;data/raw/yahoo_dividendos/dividendos_TGMA3__20261006_d180e1c2.csv
20261006_162318;2026-10-06T20:54:55.995200+00:00;dividendos_TIMS3.csv;YAHOO_DIVIDENDOS;;TIMS3.SA;;COM_EVENTOS;INALTERADO;1;10ec5779aebb2da835f7546f3be15ff98b561d610330bb48c7288cb67f1875ef;1700;data/raw/yahoo_dividendos/dividendos_TIMS3__20261006_10ec5779.csv
20261006_162318;2026-10-06T20:55:03.873828+00:00;dividendos_TOKY3.csv;YAHOO_DIVIDENDOS;;TOKY3.SA;;SEM_EVENTOS;INALTERADO;1;642daec761ccb28fc097aa7f22cfeb4552f7859c3b919e315b4f51bc1ae66de3;49;data/raw/yahoo_dividendos/dividendos_TOKY3__20261006_642daec7.csv
20261006_162318;2026-10-06T20:55:04.877455+00:00;dividendos_TOTS3.csv;YAHOO_DIVIDENDOS;;TOTS3.SA;;COM_EVENTOS;INALTERADO;1;cb8cfddb14c393019017f53627cb3ff8eea1d5170e8f5727376910995c7c4527;1754;data/raw/yahoo_dividendos/dividendos_TOTS3__20261006_cb8cfddb.csv
20261006_162318;2026-10-06T20:55:06.292097+00:00;dividendos_TPIS3.csv;YAHOO_DIVIDENDOS;;TPIS3.SA;;COM_EVENTOS;INALTERADO;1;cca56058d2bafb625ec94dd101506223b156f559e8e49a8666dbd4deed740615;689;data/raw/yahoo_dividendos/dividendos_TPIS3__20261006_cca56058.csv
20261006_162318;2026-10-06T20:55:07.117401+00:00;dividendos_TRIS3.csv;YAHOO_DIVIDENDOS;;TRIS3.SA;;COM_EVENTOS;INALTERADO;1;b44b05ee03bc737ba5d7584065feead2d34ee0d7c84e1c68f3ed215bf94f354c;695;data/raw/yahoo_dividendos/dividendos_TRIS3__20261006_b44b05ee.csv
20261006_162318;2026-10-06T20:55:08.852520+00:00;dividendos_TTEN3.csv;YAHOO_DIVIDENDOS;;TTEN3.SA;;COM_EVENTOS;INALTERADO;1;99067866154ac680183f1ae2d01682fa32ad6a755e44908eaeb7c46ed4fd109d;229;data/raw/yahoo_dividendos/dividendos_TTEN3__20261006_99067866.csv
20261006_162318;2026-10-06T20:55:09.870252+00:00;dividendos_TUPY3.csv;YAHOO_DIVIDENDOS;;TUPY3.SA;;COM_EVENTOS;INALTERADO;1;50d4c20b17381183c1bc0547b329d1a8c35ba2223a3c57882703975f8783333d;1184;data/raw/yahoo_dividendos/dividendos_TUPY3__20261006_50d4c20b.csv
20261006_162318;2026-10-06T20:55:10.444741+00:00;dividendos_TXRX3.csv;YAHOO_DIVIDENDOS;;TXRX3.SA;;SEM_EVENTOS;INALTERADO;1;642daec761ccb28fc097aa7f22cfeb4552f7859c3b919e315b4f51bc1ae66de3;49;data/raw/yahoo_dividendos/dividendos_TXRX3__20261006_642daec7.csv
20261006_162318;2026-10-06T20:55:11.133011+00:00;dividendos_TXRX4.csv;YAHOO_DIVIDENDOS;;TXRX4.SA;;SEM_EVENTOS;INALTERADO;1;642daec761ccb28fc097aa7f22cfeb4552f7859c3b919e315b4f51bc1ae66de3;49;data/raw/yahoo_dividendos/dividendos_TXRX4__20261006_642daec7.csv
20261006_162318;2026-10-06T20:55:11.340890+00:00;dividendos_UCAS3.csv;YAHOO_DIVIDENDOS;;UCAS3.SA;;COM_EVENTOS;INALTERADO;1;65cb3eff2c93a60b01e604b5a93253f7ddce8f34649380f3dea3ed7431f7e3e6;535;data/raw/yahoo_dividendos/dividendos_UCAS3__20261006_65cb3eff.csv
20261006_162318;2026-10-06T20:55:12.017937+00:00;dividendos_UGPA3.csv;YAHOO_DIVIDENDOS;;UGPA3.SA;;COM_EVENTOS;INALTERADO;1;9adf6dcd5d619c0f6264f2fdcf8c22402326f69866b2a256320dc4790faa1c94;1330;data/raw/yahoo_dividendos/dividendos_UGPA3__20261006_9adf6dcd.csv
20261006_162318;2026-10-06T20:55:12.758695+00:00;dividendos_UNIP3.csv;YAHOO_DIVIDENDOS;;UNIP3.SA;;COM_EVENTOS;INALTERADO;1;799953fca35741d7151385ba240b0ec6384e79430d69c806113f7a762e894bb9;1303;data/raw/yahoo_dividendos/dividendos_UNIP3__20261006_799953fc.csv
20261006_162318;2026-10-06T20:55:13.441874+00:00;dividendos_UNIP5.csv;YAHOO_DIVIDENDOS;;UNIP5.SA;;COM_EVENTOS;INALTERADO;1;1b4e02d4d80d837ae82c8c8eff7f5c442974849a179570c29a31770e051d95ef;1053;data/raw/yahoo_dividendos/dividendos_UNIP5__20261006_1b4e02d4.csv
20261006_162318;2026-10-06T20:55:13.538498+00:00;dividendos_UNIP6.csv;YAHOO_DIVIDENDOS;;UNIP6.SA;;COM_EVENTOS;INALTERADO;1;efaceaff37f541486768c48a26ca4ac99d93ef2748395aa23aa838d98e567130;1089;data/raw/yahoo_dividendos/dividendos_UNIP6__20261006_efaceaff.csv
20261006_162318;2026-10-06T20:55:14.446465+00:00;dividendos_USIM3.csv;YAHOO_DIVIDENDOS;;USIM3.SA;;COM_EVENTOS;INALTERADO;1;f9fc11d337e95daa35a8acc764b3375fc5d659206bf8935bdee2d96e1e1775c9;868;data/raw/yahoo_dividendos/dividendos_USIM3__20261006_f9fc11d3.csv
20261006_162318;2026-10-06T20:55:15.402062+00:00;dividendos_USIM6.csv;YAHOO_DIVIDENDOS;;USIM6.SA;;COM_EVENTOS;INALTERADO;1;d5badcef4e425807759afbefefea082098006706b18695697c8f3ded5565c9d4;660;data/raw/yahoo_dividendos/dividendos_USIM6__20261006_d5badcef.csv
20261006_162318;2026-10-06T20:55:15.516055+00:00;dividendos_USIM5.csv;YAHOO_DIVIDENDOS;;USIM5.SA;;COM_EVENTOS;INALTERADO;1;a8013547833949024c3bc8d144c93364259a3d197e5097d9b3ae7d0e2b9aa90a;907;data/raw/yahoo_dividendos/dividendos_USIM5__20261006_a8013547.csv
20261006_162318;2026-10-06T20:55:16.382773+00:00;dividendos_VALE3.csv;YAHOO_DIVIDENDOS;;VALE3.SA;;COM_EVENTOS;NOVA_VERSAO;5;271a87d4b6dd3a6a0a9fbb5fe5be22ddfe40aa75641f20d480b5c29d0a620acd;1441;data/raw/yahoo_dividendos/dividendos_VALE3__20261006_271a87d4.csv
20261006_162318;2026-10-06T20:55:18.152142+00:00;dividendos_VAMO3.csv;YAHOO_DIVIDENDOS;;VAMO3.SA;;COM_EVENTOS;INALTERADO;1;b15e7eff83704053f2c9ac4397ec9aaf60cebb59b25d5bb72d95ed8f9d4f5418;264;data/raw/yahoo_dividendos/dividendos_VAMO3__20261006_b15e7eff.csv
20261006_162318;2026-10-06T20:55:18.719148+00:00;dividendos_VBBR3.csv;YAHOO_DIVIDENDOS;;VBBR3.SA;;COM_EVENTOS;INALTERADO;1;a826236a709608ee1c825be73707dce7e29db3f02e9db8c36af7eba5bb5720ae;913;data/raw/yahoo_dividendos/dividendos_VBBR3__20261006_a826236a.csv
20261006_162318;2026-10-06T20:55:22.228999+00:00;dividendos_VIVA3.csv;YAHOO_DIVIDENDOS;;VIVA3.SA;;COM_EVENTOS;INALTERADO;1;4aa9fd3e5d82ecd6afc59cc177b4193dcf714dd84adf3550310727ba51805195;372;data/raw/yahoo_dividendos/dividendos_VIVA3__20261006_4aa9fd3e.csv
20261006_162318;2026-10-06T20:55:22.420752+00:00;dividendos_VITT3.csv;YAHOO_DIVIDENDOS;;VITT3.SA;;COM_EVENTOS;INALTERADO;1;cefb32e5771ce6352f2bcac5a0b945f284c34ef9d1a36a9467d46eb8f3d68a39;517;data/raw/yahoo_dividendos/dividendos_VITT3__20261006_cefb32e5.csv
20261006_162318;2026-10-06T20:55:24.548616+00:00;dividendos_VIVR3.csv;YAHOO_DIVIDENDOS;;VIVR3.SA;;SEM_EVENTOS;INALTERADO;1;642daec761ccb28fc097aa7f22cfeb4552f7859c3b919e315b4f51bc1ae66de3;49;data/raw/yahoo_dividendos/dividendos_VIVR3__20261006_642daec7.csv
20261006_162318;2026-10-06T20:55:24.756076+00:00;dividendos_VIVT3.csv;YAHOO_DIVIDENDOS;;VIVT3.SA;;COM_EVENTOS;INALTERADO;1;da08a934b9ee06ef7e171c1e5cdb47df277d88f97b8e8106cf4d06a2a4fefc71;4249;data/raw/yahoo_dividendos/dividendos_VIVT3__20261006_da08a934.csv
20261006_162318;2026-10-06T20:55:25.659719+00:00;dividendos_VLID3.csv;YAHOO_DIVIDENDOS;;VLID3.SA;;COM_EVENTOS;INALTERADO;1;7b54500abf6fadf7ab3ec75be710db795165934b697367a555f4762fe5fc3b3c;2029;data/raw/yahoo_dividendos/dividendos_VLID3__20261006_7b54500a.csv
20261006_162318;2026-10-06T20:55:26.737799+00:00;dividendos_VSTE3.csv;YAHOO_DIVIDENDOS;;VSTE3.SA;;COM_EVENTOS;INALTERADO;1;698447dcf90549396e1f1c9d11c4bfccd48b15276497abc5e55c7cf0a0ad80a8;551;data/raw/yahoo_dividendos/dividendos_VSTE3__20261006_698447dc.csv
20261006_162318;2026-10-06T20:55:27.276822+00:00;dividendos_VTRU3.csv;YAHOO_DIVIDENDOS;;VTRU3.SA;;COM_EVENTOS;INALTERADO;1;d814f4286837b9a7a665fd23f116a3201db1bf114c29c070291a0545a9088868;121;data/raw/yahoo_dividendos/dividendos_VTRU3__20261006_d814f428.csv
20261006_162318;2026-10-06T20:55:28.038313+00:00;dividendos_VULC3.csv;YAHOO_DIVIDENDOS;;VULC3.SA;;COM_EVENTOS;INALTERADO;1;74b254cd1f9dfbd4001d85f5c7fa82ee28f80590601f68ee5e490ea4e30bbf34;1290;data/raw/yahoo_dividendos/dividendos_VULC3__20261006_74b254cd.csv
20261006_162318;2026-10-06T20:55:30.301365+00:00;dividendos_VVEO3.csv;YAHOO_DIVIDENDOS;;VVEO3.SA;;COM_EVENTOS;INALTERADO;1;dc562936afb9fc0e23f6aea6b58cc346368233a2b8470c14b51501f4793c75e3;193;data/raw/yahoo_dividendos/dividendos_VVEO3__20261006_dc562936.csv
20261006_162318;2026-10-06T20:55:30.544494+00:00;dividendos_WDCN3.csv;YAHOO_DIVIDENDOS;;WDCN3.SA;;COM_EVENTOS;INALTERADO;1;486b09bf33a60ee6dea68d328ed6df6bbf67aa775122eba36e95914575dca8b8;157;data/raw/yahoo_dividendos/dividendos_WDCN3__20261006_486b09bf.csv
20261006_162318;2026-10-06T20:55:31.044231+00:00;dividendos_WEST3.csv;YAHOO_DIVIDENDOS;;WEST3.SA;;COM_EVENTOS;INALTERADO;1;cbe06750ba5932a5aca178d0842c194d4fa2eba913c15f26551c61020e25f8ee;85;data/raw/yahoo_dividendos/dividendos_WEST3__20261006_cbe06750.csv
20261006_162318;2026-10-06T20:55:31.246138+00:00;dividendos_WEGE3.csv;YAHOO_DIVIDENDOS;;WEGE3.SA;;COM_EVENTOS;INALTERADO;1;33d9f15922a57c155ca4f6b2ee2f1d778b63914656c8bc43e9f8fd2fd7f32759;3967;data/raw/yahoo_dividendos/dividendos_WEGE3__20261006_33d9f159.csv
20261006_162318;2026-10-06T20:55:31.801569+00:00;dividendos_WHRL3.csv;YAHOO_DIVIDENDOS;;WHRL3.SA;;COM_EVENTOS;INALTERADO;1;15d6d9d2cb0a970bbf1df82350bd6f0996a80d9a7c1a4aead6e4b15ff2017411;1200;data/raw/yahoo_dividendos/dividendos_WHRL3__20261006_15d6d9d2.csv
20261006_162318;2026-10-06T20:55:31.987771+00:00;dividendos_WHRL4.csv;YAHOO_DIVIDENDOS;;WHRL4.SA;;COM_EVENTOS;INALTERADO;1;f6e155eea2132b0c1a5380f44f20bf5c22fdf4d2cbbed564449a6515efc6144a;996;data/raw/yahoo_dividendos/dividendos_WHRL4__20261006_f6e155ee.csv
20261006_162318;2026-10-06T20:55:32.236356+00:00;dividendos_WLMM3.csv;YAHOO_DIVIDENDOS;;WLMM3.SA;;COM_EVENTOS;INALTERADO;1;de2ea8cdf8c1ac4d4032c9319d3db34613887c4e482ea9e80c1c06b6e58a7aaf;1003;data/raw/yahoo_dividendos/dividendos_WLMM3__20261006_de2ea8cd.csv
20261006_162318;2026-10-06T20:55:32.818375+00:00;dividendos_WLMM4.csv;YAHOO_DIVIDENDOS;;WLMM4.SA;;COM_EVENTOS;INALTERADO;1;4583d5e6335e66e47a323de09a1f5f2d2e6b88a31bbd4b7a7212d826e08280c4;1360;data/raw/yahoo_dividendos/dividendos_WLMM4__20261006_4583d5e6.csv
20261006_162318;2026-10-06T20:55:33.849956+00:00;dividendos_YDUQ3.csv;YAHOO_DIVIDENDOS;;YDUQ3.SA;;COM_EVENTOS;INALTERADO;1;2cdd73fefeecb973710ec897b7ddbe41156976a4b63bf26285656635ee0134cc;803;data/raw/yahoo_dividendos/dividendos_YDUQ3__20261006_2cdd73fe.csv
